Date,Open,High,Low,Close,Volume,UnadjustedOpen,UnadjustedHigh,UnadjustedLow,UnadjustedClose,UnadjustedVolume,AdjustedOpen,AdjustedHigh,AdjustedLow,AdjustedClose,AdjustedVolume
2018-01-02,40.42,40.86,39.99,40.26,22152,40.42,40.86,39.99,40.26,22152,40.42,40.86,39.99,40.26,22152
2018-01-03,40.17,40.70,39.64,40.37,23194,40.17,40.70,39.64,40.37,23194,40.17,40.70,39.64,40.37,23194
2018-01-04,40.87,41.15,40.60,40.75,18568,40.87,41.15,40.60,40.75,18568,40.87,41.15,40.60,40.75,18568
2018-01-05,41.85,42.14,41.55,41.69,20181,41.85,42.14,41.55,41.69,20181,41.85,42.14,41.55,41.69,20181
2018-01-08,42.31,42.89,41.73,42.24,26464,42.31,42.89,41.73,42.24,26464,42.31,42.89,41.73,42.24,26464
2018-01-09,41.81,42.61,41.02,41.74,20631,41.81,42.61,41.02,41.74,20631,41.81,42.61,41.02,41.74,20631
2018-01-10,41.80,42.55,41.06,41.85,22334,41.80,42.55,41.06,41.85,22334,41.80,42.55,41.06,41.85,22334
2018-01-11,43.22,43.76,42.68,43.17,22538,43.22,43.76,42.68,43.17,22538,43.22,43.76,42.68,43.17,22538
2018-01-12,42.27,42.63,41.91,42.17,33285,42.27,42.63,41.91,42.17,33285,42.27,42.63,41.91,42.17,33285
2018-01-15,41.27,42.04,40.50,41.28,34068,41.27,42.04,40.50,41.28,34068,41.27,42.04,40.50,41.28,34068
2018-01-16,40.92,41.41,40.44,41.02,30973,40.92,41.41,40.44,41.02,30973,40.92,41.41,40.44,41.02,30973
2018-01-17,40.82,41.16,40.48,40.65,19410,40.82,41.16,40.48,40.65,19410,40.82,41.16,40.48,40.65,19410
2018-01-18,40.26,40.61,39.91,40.27,33527,40.26,40.61,39.91,40.27,33527,40.26,40.61,39.91,40.27,33527
2018-01-19,40.86,41.48,40.24,40.82,31561,40.86,41.48,40.24,40.82,31561,40.86,41.48,40.24,40.82,31561
2018-01-22,40.80,41.29,40.32,40.69,29037,40.80,41.29,40.32,40.69,29037,40.80,41.29,40.32,40.69,29037
2018-01-23,40.89,41.42,40.36,41.01,21068,40.89,41.42,40.36,41.01,21068,40.89,41.42,40.36,41.01,21068
2018-01-24,41.28,41.54,41.01,41.49,26454,41.28,41.54,41.01,41.49,26454,41.28,41.54,41.01,41.49,26454
2018-01-25,41.83,42.43,41.23,41.70,25673,41.83,42.43,41.23,41.70,25673,41.83,42.43,41.23,41.70,25673
2018-01-26,41.48,41.95,41.01,41.44,30233,41.48,41.95,41.01,41.44,30233,41.48,41.95,41.01,41.44,30233
2018-01-29,42.14,42.56,41.73,41.89,25550,42.14,42.56,41.73,41.89,25550,42.14,42.56,41.73,41.89,25550
2018-01-30,40.92,41.09,40.75,40.76,28987,40.92,41.09,40.75,40.76,28987,40.92,41.09,40.75,40.76,28987
2018-01-31,42.97,43.28,42.66,42.93,30158,42.97,43.28,42.66,42.93,30158,42.97,43.28,42.66,42.93,30158
2018-02-01,43.55,43.82,43.28,43.53,34189,43.55,43.82,43.28,43.53,34189,43.55,43.82,43.28,43.53,34189
2018-02-02,42.38,42.79,41.97,42.31,27220,42.38,42.79,41.97,42.31,27220,42.38,42.79,41.97,42.31,27220
2018-02-05,42.46,43.10,41.82,42.62,29786,42.46,43.10,41.82,42.62,29786,42.46,43.10,41.82,42.62,29786
2018-02-06,42.69,43.19,42.19,42.65,25661,42.69,43.19,42.19,42.65,25661,42.69,43.19,42.19,42.65,25661
2018-02-07,43.18,43.65,42.71,42.94,21789,43.18,43.65,42.71,42.94,21789,43.18,43.65,42.71,42.94,21789
2018-02-08,43.18,43.63,42.72,43.35,26076,43.18,43.63,42.72,43.35,26076,43.18,43.63,42.72,43.35,26076
2018-02-09,41.96,42.61,41.32,42.12,19758,41.96,42.61,41.32,42.12,19758,41.96,42.61,41.32,42.12,19758
2018-02-12,43.57,43.74,43.40,43.54,27337,43.57,43.74,43.40,43.54,27337,43.57,43.74,43.40,43.54,27337
2018-02-13,43.20,43.59,42.82,43.23,26441,43.20,43.59,42.82,43.23,26441,43.20,43.59,42.82,43.23,26441
2018-02-14,44.36,44.48,44.24,44.30,34607,44.36,44.48,44.24,44.30,34607,44.36,44.48,44.24,44.30,34607
2018-02-15,44.62,45.19,44.06,44.54,29565,44.62,45.19,44.06,44.54,29565,44.62,45.19,44.06,44.54,29565
2018-02-16,43.19,43.55,42.82,42.91,20050,43.19,43.55,42.82,42.91,20050,43.19,43.55,42.82,42.91,20050
2018-02-19,42.49,42.99,41.98,42.36,20458,42.49,42.99,41.98,42.36,20458,42.49,42.99,41.98,42.36,20458
2018-02-20,42.75,43.34,42.16,42.86,24298,42.75,43.34,42.16,42.86,24298,42.75,43.34,42.16,42.86,24298
2018-02-21,41.80,42.18,41.41,41.93,25684,41.80,42.18,41.41,41.93,25684,41.80,42.18,41.41,41.93,25684
2018-02-22,43.41,43.74,43.07,43.47,31988,43.41,43.74,43.07,43.47,31988,43.41,43.74,43.07,43.47,31988
2018-02-23,43.72,44.34,43.10,43.82,30471,43.72,44.34,43.10,43.82,30471,43.72,44.34,43.10,43.82,30471
2018-02-26,44.27,45.02,43.53,44.28,21203,44.27,45.02,43.53,44.28,21203,44.27,45.02,43.53,44.28,21203
2018-02-27,44.84,45.25,44.42,44.79,22473,44.84,45.25,44.42,44.79,22473,44.84,45.25,44.42,44.79,22473
2018-02-28,44.89,45.25,44.52,44.54,28097,44.89,45.25,44.52,44.54,28097,44.89,45.25,44.52,44.54,28097
2018-03-01,44.38,44.77,44.00,44.56,28703,44.38,44.77,44.00,44.56,28703,44.38,44.77,44.00,44.56,28703
2018-03-02,44.31,44.79,43.83,44.27,32526,44.31,44.79,43.83,44.27,32526,44.31,44.79,43.83,44.27,32526
2018-03-05,45.52,45.80,45.25,45.79,20269,45.52,45.80,45.25,45.79,20269,45.52,45.80,45.25,45.79,20269
2018-03-06,45.86,46.35,45.38,45.93,26267,45.86,46.35,45.38,45.93,26267,45.86,46.35,45.38,45.93,26267
2018-03-07,46.76,47.59,45.94,46.79,34125,46.76,47.59,45.94,46.79,34125,46.76,47.59,45.94,46.79,34125
2018-03-08,46.01,46.36,45.66,46.14,22885,46.01,46.36,45.66,46.14,22885,46.01,46.36,45.66,46.14,22885
2018-03-09,46.66,47.22,46.09,46.40,29966,46.66,47.22,46.09,46.40,29966,46.66,47.22,46.09,46.40,29966
2018-03-12,48.08,48.43,47.73,48.01,20162,48.08,48.43,47.73,48.01,20162,48.08,48.43,47.73,48.01,20162
2018-03-13,48.94,49.26,48.61,48.73,29812,48.94,49.26,48.61,48.73,29812,48.94,49.26,48.61,48.73,29812
2018-03-14,47.97,48.52,47.42,48.03,31639,47.97,48.52,47.42,48.03,31639,47.97,48.52,47.42,48.03,31639
2018-03-15,47.16,47.49,46.83,47.12,32589,47.16,47.49,46.83,47.12,32589,47.16,47.49,46.83,47.12,32589
2018-03-16,47.08,47.74,46.43,47.08,22800,47.08,47.74,46.43,47.08,22800,47.08,47.74,46.43,47.08,22800
2018-03-19,47.49,47.89,47.10,47.53,19054,47.49,47.89,47.10,47.53,19054,47.49,47.89,47.10,47.53,19054
2018-03-20,46.72,47.08,46.35,46.77,18063,46.72,47.08,46.35,46.77,18063,46.72,47.08,46.35,46.77,18063
2018-03-21,48.59,48.77,48.40,48.58,18855,48.59,48.77,48.40,48.58,18855,48.59,48.77,48.40,48.58,18855
2018-03-22,48.54,49.05,48.04,48.37,17778,48.54,49.05,48.04,48.37,17778,48.54,49.05,48.04,48.37,17778
2018-03-23,48.41,49.06,47.75,48.46,30281,48.41,49.06,47.75,48.46,30281,48.41,49.06,47.75,48.46,30281
2018-03-26,49.12,49.69,48.56,48.85,28273,49.12,49.69,48.56,48.85,28273,49.12,49.69,48.56,48.85,28273
2018-03-27,49.24,49.75,48.72,48.90,30080,49.24,49.75,48.72,48.90,30080,49.24,49.75,48.72,48.90,30080
2018-03-28,48.69,49.22,48.16,48.47,22616,48.69,49.22,48.16,48.47,22616,48.69,49.22,48.16,48.47,22616
2018-03-29,49.11,49.61,48.61,49.17,34613,49.11,49.61,48.61,49.17,34613,49.11,49.61,48.61,49.17,34613
2018-03-30,49.12,49.69,48.54,48.98,27412,49.12,49.69,48.54,48.98,27412,49.12,49.69,48.54,48.98,27412
2018-04-02,48.47,48.88,48.06,48.70,26159,48.47,48.88,48.06,48.70,26159,48.47,48.88,48.06,48.70,26159
2018-04-03,49.91,50.45,49.38,49.64,22983,49.91,50.45,49.38,49.64,22983,49.91,50.45,49.38,49.64,22983
2018-04-04,50.82,51.10,50.53,50.70,29524,50.82,51.10,50.53,50.70,29524,50.82,51.10,50.53,50.70,29524
2018-04-05,51.19,51.76,50.62,50.93,25878,51.19,51.76,50.62,50.93,25878,51.19,51.76,50.62,50.93,25878
2018-04-06,52.65,53.48,51.81,52.44,32675,52.65,53.48,51.81,52.44,32675,52.65,53.48,51.81,52.44,32675
2018-04-09,51.56,52.26,50.87,51.56,34457,51.56,52.26,50.87,51.56,34457,51.56,52.26,50.87,51.56,34457
2018-04-10,50.22,50.93,49.51,50.18,23780,50.22,50.93,49.51,50.18,23780,50.22,50.93,49.51,50.18,23780
2018-04-11,50.24,50.65,49.83,50.42,22519,50.24,50.65,49.83,50.42,22519,50.24,50.65,49.83,50.42,22519
2018-04-12,50.43,50.86,50.01,50.31,33070,50.43,50.86,50.01,50.31,33070,50.43,50.86,50.01,50.31,33070
2018-04-13,50.13,50.78,49.48,50.32,19779,50.13,50.78,49.48,50.32,19779,50.13,50.78,49.48,50.32,19779
2018-04-16,50.57,50.97,50.17,50.34,21056,50.57,50.97,50.17,50.34,21056,50.57,50.97,50.17,50.34,21056
2018-04-17,49.91,50.66,49.17,50.03,34720,49.91,50.66,49.17,50.03,34720,49.91,50.66,49.17,50.03,34720
2018-04-18,49.87,50.53,49.20,49.62,18410,49.87,50.53,49.20,49.62,18410,49.87,50.53,49.20,49.62,18410
2018-04-19,49.48,50.21,48.75,49.44,24766,49.48,50.21,48.75,49.44,24766,49.48,50.21,48.75,49.44,24766
2018-04-20,50.76,51.58,49.95,50.68,20057,50.76,51.58,49.95,50.68,20057,50.76,51.58,49.95,50.68,20057
2018-04-23,50.22,50.65,49.79,49.88,26943,50.22,50.65,49.79,49.88,26943,50.22,50.65,49.79,49.88,26943
2018-04-24,50.69,51.52,49.87,50.49,31569,50.69,51.52,49.87,50.49,31569,50.69,51.52,49.87,50.49,31569
2018-04-25,51.02,51.61,50.42,50.78,18798,51.02,51.61,50.42,50.78,18798,51.02,51.61,50.42,50.78,18798
2018-04-26,51.80,52.51,51.08,51.62,18224,51.80,52.51,51.08,51.62,18224,51.80,52.51,51.08,51.62,18224
2018-04-27,51.68,51.90,51.46,51.81,27488,51.68,51.90,51.46,51.81,27488,51.68,51.90,51.46,51.81,27488
2018-04-30,50.39,50.72,50.07,50.25,32387,50.39,50.72,50.07,50.25,32387,50.39,50.72,50.07,50.25,32387
2018-05-01,51.57,51.90,51.23,51.24,31955,51.57,51.90,51.23,51.24,31955,51.57,51.90,51.23,51.24,31955
2018-05-02,51.63,52.48,50.77,51.55,32369,51.63,52.48,50.77,51.55,32369,51.63,52.48,50.77,51.55,32369
2018-05-03,49.67,50.13,49.20,49.63,27686,49.67,50.13,49.20,49.63,27686,49.67,50.13,49.20,49.63,27686
2018-05-04,48.33,48.83,47.83,48.11,19788,48.33,48.83,47.83,48.11,19788,48.33,48.83,47.83,48.11,19788
2018-05-07,47.87,48.54,47.21,47.99,19247,47.87,48.54,47.21,47.99,19247,47.87,48.54,47.21,47.99,19247
2018-05-08,47.75,48.49,47.00,47.53,31583,47.75,48.49,47.00,47.53,31583,47.75,48.49,47.00,47.53,31583
2018-05-09,49.71,50.31,49.12,49.73,20850,49.71,50.31,49.12,49.73,20850,49.71,50.31,49.12,49.73,20850
2018-05-10,49.46,49.86,49.05,49.46,28953,49.46,49.86,49.05,49.46,28953,49.46,49.86,49.05,49.46,28953
2018-05-11,49.21,49.84,48.59,49.04,25618,49.21,49.84,48.59,49.04,25618,49.21,49.84,48.59,49.04,25618
2018-05-14,50.26,50.87,49.66,49.91,33513,50.26,50.87,49.66,49.91,33513,50.26,50.87,49.66,49.91,33513
2018-05-15,51.07,51.88,50.25,51.05,26137,51.07,51.88,50.25,51.05,26137,51.07,51.88,50.25,51.05,26137
2018-05-16,51.28,51.86,50.70,51.54,31553,51.28,51.86,50.70,51.54,31553,51.28,51.86,50.70,51.54,31553
2018-05-17,52.70,53.27,52.14,52.62,21902,52.70,53.27,52.14,52.62,21902,52.70,53.27,52.14,52.62,21902
2018-05-18,54.39,54.92,53.87,54.14,23718,54.39,54.92,53.87,54.14,23718,54.39,54.92,53.87,54.14,23718
2018-05-21,55.47,55.95,55.00,55.13,19377,55.47,55.95,55.00,55.13,19377,55.47,55.95,55.00,55.13,19377
2018-05-22,56.67,57.43,55.91,56.33,31190,56.67,57.43,55.91,56.33,31190,56.67,57.43,55.91,56.33,31190
2018-05-23,55.00,55.61,54.38,54.72,23037,55.00,55.61,54.38,54.72,23037,55.00,55.61,54.38,54.72,23037
2018-05-24,54.00,54.49,53.50,53.99,27048,54.00,54.49,53.50,53.99,27048,54.00,54.49,53.50,53.99,27048
2018-05-25,54.95,55.43,54.47,54.92,27969,54.95,55.43,54.47,54.92,27969,54.95,55.43,54.47,54.92,27969
2018-05-28,55.46,55.89,55.03,55.27,17916,55.46,55.89,55.03,55.27,17916,55.46,55.89,55.03,55.27,17916
2018-05-29,55.31,55.66,54.96,55.20,21122,55.31,55.66,54.96,55.20,21122,55.31,55.66,54.96,55.20,21122
2018-05-30,55.97,56.67,55.28,56.08,29173,55.97,56.67,55.28,56.08,29173,55.97,56.67,55.28,56.08,29173
2018-05-31,56.05,56.48,55.63,55.93,34629,56.05,56.48,55.63,55.93,34629,56.05,56.48,55.63,55.93,34629
2018-06-01,56.22,56.83,55.61,56.50,27220,56.22,56.83,55.61,56.50,27220,56.22,56.83,55.61,56.50,27220
2018-06-04,58.02,58.76,57.28,58.05,29108,58.02,58.76,57.28,58.05,29108,58.02,58.76,57.28,58.05,29108
2018-06-05,58.33,59.45,57.21,58.26,17832,58.33,59.45,57.21,58.26,17832,58.33,59.45,57.21,58.26,17832
2018-06-06,56.88,57.25,56.50,56.75,29350,56.88,57.25,56.50,56.75,29350,56.88,57.25,56.50,56.75,29350
2018-06-07,57.58,58.26,56.90,57.69,25631,57.58,58.26,56.90,57.69,25631,57.58,58.26,56.90,57.69,25631
2018-06-08,57.01,57.43,56.58,57.10,34709,57.01,57.43,56.58,57.10,34709,57.01,57.43,56.58,57.10,34709
2018-06-11,55.92,56.46,55.39,55.95,18065,55.92,56.46,55.39,55.95,18065,55.92,56.46,55.39,55.95,18065
2018-06-12,55.63,56.35,54.91,55.43,26214,55.63,56.35,54.91,55.43,26214,55.63,56.35,54.91,55.43,26214
2018-06-13,55.45,56.24,54.67,55.42,26790,55.45,56.24,54.67,55.42,26790,55.45,56.24,54.67,55.42,26790
2018-06-14,55.54,56.18,54.90,55.27,22256,55.54,56.18,54.90,55.27,22256,55.54,56.18,54.90,55.27,22256
2018-06-15,56.63,57.24,56.02,56.63,26334,56.63,57.24,56.02,56.63,26334,56.63,57.24,56.02,56.63,26334
2018-06-18,57.50,58.06,56.94,57.32,23215,57.50,58.06,56.94,57.32,23215,57.50,58.06,56.94,57.32,23215
2018-06-19,59.25,59.80,58.69,59.06,24452,59.25,59.80,58.69,59.06,24452,59.25,59.80,58.69,59.06,24452
2018-06-20,59.39,59.93,58.86,59.34,21356,59.39,59.93,58.86,59.34,21356,59.39,59.93,58.86,59.34,21356
2018-06-21,59.71,60.43,58.98,59.58,17520,59.71,60.43,58.98,59.58,17520,59.71,60.43,58.98,59.58,17520
2018-06-22,60.42,61.08,59.76,60.55,19278,60.42,61.08,59.76,60.55,19278,60.42,61.08,59.76,60.55,19278
2018-06-25,60.56,61.02,60.10,60.14,33190,60.56,61.02,60.10,60.14,33190,60.56,61.02,60.10,60.14,33190
2018-06-26,59.91,60.78,59.03,60.18,32604,59.91,60.78,59.03,60.18,32604,59.91,60.78,59.03,60.18,32604
2018-06-27,61.20,62.01,60.39,61.09,26821,61.20,62.01,60.39,61.09,26821,61.20,62.01,60.39,61.09,26821
2018-06-28,59.98,60.56,59.40,59.56,25622,59.98,60.56,59.40,59.56,25622,59.98,60.56,59.40,59.56,25622
2018-06-29,59.98,60.28,59.67,59.90,30391,59.98,60.28,59.67,59.90,30391,59.98,60.28,59.67,59.90,30391
2018-07-02,59.48,60.14,58.82,59.60,30148,59.48,60.14,58.82,59.60,30148,59.48,60.14,58.82,59.60,30148
2018-07-03,59.50,60.16,58.84,59.41,26867,59.50,60.16,58.84,59.41,26867,59.50,60.16,58.84,59.41,26867
2018-07-04,59.82,60.49,59.16,60.00,24480,59.82,60.49,59.16,60.00,24480,59.82,60.49,59.16,60.00,24480
2018-07-05,60.09,60.72,59.46,60.20,26886,60.09,60.72,59.46,60.20,26886,60.09,60.72,59.46,60.20,26886
2018-07-06,60.50,61.15,59.86,60.60,30510,60.50,61.15,59.86,60.60,30510,60.50,61.15,59.86,60.60,30510
2018-07-09,59.08,60.06,58.09,59.04,27494,59.08,60.06,58.09,59.04,27494,59.08,60.06,58.09,59.04,27494
2018-07-10,58.87,59.16,58.59,58.69,32348,58.87,59.16,58.59,58.69,32348,58.87,59.16,58.59,58.69,32348
2018-07-11,59.85,60.53,59.16,59.83,23958,59.85,60.53,59.16,59.83,23958,59.85,60.53,59.16,59.83,23958
2018-07-12,58.09,59.22,56.96,58.08,27498,58.09,59.22,56.96,58.08,27498,58.09,59.22,56.96,58.08,27498
2018-07-13,55.72,56.51,54.92,55.41,25094,55.72,56.51,54.92,55.41,25094,55.72,56.51,54.92,55.41,25094
2018-07-16,55.96,56.33,55.59,55.84,21857,55.96,56.33,55.59,55.84,21857,55.96,56.33,55.59,55.84,21857
2018-07-17,57.15,58.04,56.27,57.07,22620,57.15,58.04,56.27,57.07,22620,57.15,58.04,56.27,57.07,22620
2018-07-18,56.96,57.70,56.22,56.52,27259,56.96,57.70,56.22,56.52,27259,56.96,57.70,56.22,56.52,27259
2018-07-19,58.00,58.71,57.28,58.01,21540,58.00,58.71,57.28,58.01,21540,58.00,58.71,57.28,58.01,21540
2018-07-20,58.61,59.20,58.03,58.27,27792,58.61,59.20,58.03,58.27,27792,58.61,59.20,58.03,58.27,27792
2018-07-23,57.70,58.22,57.18,57.68,17542,57.70,58.22,57.18,57.68,17542,57.70,58.22,57.18,57.68,17542
2018-07-24,57.33,57.89,56.77,57.65,17919,57.33,57.89,56.77,57.65,17919,57.33,57.89,56.77,57.65,17919
2018-07-25,58.58,59.09,58.07,58.41,25690,58.58,59.09,58.07,58.41,25690,58.58,59.09,58.07,58.41,25690
2018-07-26,57.78,58.33,57.24,57.53,32187,57.78,58.33,57.24,57.53,32187,57.78,58.33,57.24,57.53,32187
2018-07-27,58.19,58.50,57.88,58.12,29036,58.19,58.50,57.88,58.12,29036,58.19,58.50,57.88,58.12,29036
2018-07-30,58.38,59.27,57.49,58.31,33851,58.38,59.27,57.49,58.31,33851,58.38,59.27,57.49,58.31,33851
2018-07-31,58.28,58.96,57.60,57.61,18502,58.28,58.96,57.60,57.61,18502,58.28,58.96,57.60,57.61,18502
2018-08-01,57.74,58.28,57.21,57.64,33794,57.74,58.28,57.21,57.64,33794,57.74,58.28,57.21,57.64,33794
2018-08-02,56.12,56.74,55.49,56.09,23972,56.12,56.74,55.49,56.09,23972,56.12,56.74,55.49,56.09,23972
2018-08-03,56.76,57.57,55.96,57.02,30275,56.76,57.57,55.96,57.02,30275,56.76,57.57,55.96,57.02,30275
2018-08-06,56.77,57.06,56.49,56.50,28090,56.77,57.06,56.49,56.50,28090,56.77,57.06,56.49,56.50,28090
2018-08-07,56.14,56.80,55.48,56.07,30809,56.14,56.80,55.48,56.07,30809,56.14,56.80,55.48,56.07,30809
2018-08-08,57.15,57.79,56.52,57.35,29870,57.15,57.79,56.52,57.35,29870,57.15,57.79,56.52,57.35,29870
2018-08-09,57.08,57.50,56.65,57.43,20442,57.08,57.50,56.65,57.43,20442,57.08,57.50,56.65,57.43,20442
2018-08-10,57.16,57.93,56.39,56.90,29345,57.16,57.93,56.39,56.90,29345,57.16,57.93,56.39,56.90,29345
2018-08-13,56.28,56.84,55.73,56.52,23471,56.28,56.84,55.73,56.52,23471,56.28,56.84,55.73,56.52,23471
2018-08-14,57.16,57.68,56.64,57.05,29648,57.16,57.68,56.64,57.05,29648,57.16,57.68,56.64,57.05,29648
2018-08-15,58.25,58.95,57.55,58.12,28674,58.25,58.95,57.55,58.12,28674,58.25,58.95,57.55,58.12,28674
2018-08-16,60.69,61.29,60.08,60.47,29972,60.69,61.29,60.08,60.47,29972,60.69,61.29,60.08,60.47,29972
2018-08-17,59.47,60.01,58.93,59.37,28342,59.47,60.01,58.93,59.37,28342,59.47,60.01,58.93,59.37,28342
2018-08-20,59.58,60.47,58.70,59.37,25523,59.58,60.47,58.70,59.37,25523,59.58,60.47,58.70,59.37,25523
2018-08-21,61.00,62.06,59.94,60.83,19969,61.00,62.06,59.94,60.83,19969,61.00,62.06,59.94,60.83,19969
2018-08-22,61.35,62.09,60.62,61.37,24428,61.35,62.09,60.62,61.37,24428,61.35,62.09,60.62,61.37,24428
2018-08-23,61.85,62.41,61.28,61.73,24080,61.85,62.41,61.28,61.73,24080,61.85,62.41,61.28,61.73,24080
2018-08-24,61.82,62.17,61.47,62.02,28901,61.82,62.17,61.47,62.02,28901,61.82,62.17,61.47,62.02,28901
2018-08-27,62.28,62.71,61.85,62.48,33199,62.28,62.71,61.85,62.48,33199,62.28,62.71,61.85,62.48,33199
2018-08-28,62.87,63.51,62.22,63.17,28356,62.87,63.51,62.22,63.17,28356,62.87,63.51,62.22,63.17,28356
2018-08-29,62.43,63.21,61.66,62.60,17695,62.43,63.21,61.66,62.60,17695,62.43,63.21,61.66,62.60,17695
2018-08-30,63.47,63.90,63.04,63.31,25369,63.47,63.90,63.04,63.31,25369,63.47,63.90,63.04,63.31,25369
2018-08-31,62.28,63.00,61.56,61.99,23130,62.28,63.00,61.56,61.99,23130,62.28,63.00,61.56,61.99,23130
2018-09-03,61.39,62.24,60.54,60.84,26283,61.39,62.24,60.54,60.84,26283,61.39,62.24,60.54,60.84,26283
2018-09-04,59.99,60.39,59.60,59.85,18189,59.99,60.39,59.60,59.85,18189,59.99,60.39,59.60,59.85,18189
2018-09-05,60.68,61.32,60.05,60.30,21994,60.68,61.32,60.05,60.30,21994,60.68,61.32,60.05,60.30,21994
2018-09-06,60.11,61.08,59.13,60.32,26501,60.11,61.08,59.13,60.32,26501,60.11,61.08,59.13,60.32,26501
2018-09-07,60.29,60.64,59.94,60.25,34551,60.29,60.64,59.94,60.25,34551,60.29,60.64,59.94,60.25,34551
2018-09-10,60.35,61.08,59.62,60.50,27359,60.35,61.08,59.62,60.50,27359,60.35,61.08,59.62,60.50,27359
2018-09-11,59.77,60.23,59.30,59.48,23331,59.77,60.23,59.30,59.48,23331,59.77,60.23,59.30,59.48,23331
2018-09-12,59.14,59.90,58.38,59.17,18671,59.14,59.90,58.38,59.17,18671,59.14,59.90,58.38,59.17,18671
2018-09-13,59.58,60.15,59.01,59.71,29882,59.58,60.15,59.01,59.71,29882,59.58,60.15,59.01,59.71,29882
2018-09-14,60.19,60.88,59.50,60.06,24823,60.19,60.88,59.50,60.06,24823,60.19,60.88,59.50,60.06,24823
2018-09-17,60.60,61.07,60.12,60.63,34411,60.60,61.07,60.12,60.63,34411,60.60,61.07,60.12,60.63,34411
2018-09-18,60.67,61.81,59.54,60.58,34697,60.67,61.81,59.54,60.58,34697,60.67,61.81,59.54,60.58,34697
2018-09-19,60.27,61.15,59.40,60.11,33052,60.27,61.15,59.40,60.11,33052,60.27,61.15,59.40,60.11,33052
2018-09-20,60.29,60.96,59.61,59.99,19540,60.29,60.96,59.61,59.99,19540,60.29,60.96,59.61,59.99,19540
2018-09-21,60.01,60.29,59.72,60.03,32782,60.01,60.29,59.72,60.03,32782,60.01,60.29,59.72,60.03,32782
2018-09-24,61.34,61.97,60.70,61.44,23463,61.34,61.97,60.70,61.44,23463,61.34,61.97,60.70,61.44,23463
2018-09-25,61.11,61.91,60.31,60.87,22921,61.11,61.91,60.31,60.87,22921,61.11,61.91,60.31,60.87,22921
2018-09-26,61.80,62.52,61.09,61.78,30467,61.80,62.52,61.09,61.78,30467,61.80,62.52,61.09,61.78,30467
2018-09-27,60.60,61.20,59.99,60.35,29903,60.60,61.20,59.99,60.35,29903,60.60,61.20,59.99,60.35,29903
2018-09-28,60.25,60.76,59.73,60.35,30918,60.25,60.76,59.73,60.35,30918,60.25,60.76,59.73,60.35,30918
2018-10-01,60.86,61.84,59.88,60.86,27610,60.86,61.84,59.88,60.86,27610,60.86,61.84,59.88,60.86,27610
2018-10-02,59.95,61.00,58.89,59.67,28527,59.95,61.00,58.89,59.67,28527,59.95,61.00,58.89,59.67,28527
2018-10-03,59.41,60.24,58.58,59.03,20298,59.41,60.24,58.58,59.03,20298,59.41,60.24,58.58,59.03,20298
2018-10-04,58.73,59.36,58.11,58.81,26222,58.73,59.36,58.11,58.81,26222,58.73,59.36,58.11,58.81,26222
2018-10-05,57.61,58.33,56.89,57.92,32757,57.61,58.33,56.89,57.92,32757,57.61,58.33,56.89,57.92,32757
2018-10-08,59.68,60.15,59.22,59.43,27980,59.68,60.15,59.22,59.43,27980,59.68,60.15,59.22,59.43,27980
2018-10-09,59.66,60.23,59.08,59.29,21282,59.66,60.23,59.08,59.29,21282,59.66,60.23,59.08,59.29,21282
2018-10-10,58.08,58.80,57.36,58.08,22812,58.08,58.80,57.36,58.08,22812,58.08,58.80,57.36,58.08,22812
2018-10-11,57.27,57.98,56.57,57.01,32315,57.27,57.98,56.57,57.01,32315,57.27,57.98,56.57,57.01,32315
2018-10-12,57.01,57.64,56.39,56.84,23573,57.01,57.64,56.39,56.84,23573,57.01,57.64,56.39,56.84,23573
2018-10-15,56.60,57.29,55.91,56.51,24079,56.60,57.29,55.91,56.51,24079,56.60,57.29,55.91,56.51,24079
2018-10-16,55.36,56.20,54.53,55.31,31082,55.36,56.20,54.53,55.31,31082,55.36,56.20,54.53,55.31,31082
2018-10-17,53.61,54.25,52.96,53.66,17605,53.61,54.25,52.96,53.66,17605,53.61,54.25,52.96,53.66,17605
2018-10-18,53.44,54.05,52.83,53.22,20319,53.44,54.05,52.83,53.22,20319,53.44,54.05,52.83,53.22,20319
2018-10-19,53.26,53.69,52.83,53.10,26468,53.26,53.69,52.83,53.10,26468,53.26,53.69,52.83,53.10,26468
2018-10-22,53.32,53.79,52.85,53.34,26385,53.32,53.79,52.85,53.34,26385,53.32,53.79,52.85,53.34,26385
2018-10-23,51.99,52.58,51.39,51.85,27142,51.99,52.58,51.39,51.85,27142,51.99,52.58,51.39,51.85,27142
2018-10-24,52.03,52.30,51.77,51.83,33136,52.03,52.30,51.77,51.83,33136,52.03,52.30,51.77,51.83,33136
2018-10-25,50.98,51.56,50.40,50.84,23472,50.98,51.56,50.40,50.84,23472,50.98,51.56,50.40,50.84,23472
2018-10-26,51.34,51.72,50.96,51.48,33499,51.34,51.72,50.96,51.48,33499,51.34,51.72,50.96,51.48,33499
2018-10-29,49.06,49.57,48.55,49.15,34175,49.06,49.57,48.55,49.15,34175,49.06,49.57,48.55,49.15,34175
2018-10-30,48.45,48.97,47.93,48.57,18180,48.45,48.97,47.93,48.57,18180,48.45,48.97,47.93,48.57,18180
2018-10-31,50.23,50.79,49.66,50.23,32264,50.23,50.79,49.66,50.23,32264,50.23,50.79,49.66,50.23,32264
2018-11-01,49.40,49.73,49.07,49.22,26229,49.40,49.73,49.07,49.22,26229,49.40,49.73,49.07,49.22,26229
2018-11-02,49.55,50.26,48.84,49.52,28311,49.55,50.26,48.84,49.52,28311,49.55,50.26,48.84,49.52,28311
2018-11-05,50.09,50.38,49.81,50.35,26481,50.09,50.38,49.81,50.35,26481,50.09,50.38,49.81,50.35,26481
2018-11-06,50.78,51.30,50.25,50.41,23889,50.78,51.30,50.25,50.41,23889,50.78,51.30,50.25,50.41,23889
2018-11-07,50.08,50.76,49.39,50.02,18055,50.08,50.76,49.39,50.02,18055,50.08,50.76,49.39,50.02,18055
2018-11-08,49.96,50.45,49.48,49.66,24445,49.96,50.45,49.48,49.66,24445,49.96,50.45,49.48,49.66,24445
2018-11-09,49.39,49.83,48.95,49.50,32884,49.39,49.83,48.95,49.50,32884,49.39,49.83,48.95,49.50,32884
2018-11-12,49.47,50.09,48.84,49.64,27383,49.47,50.09,48.84,49.64,27383,49.47,50.09,48.84,49.64,27383
2018-11-13,50.04,50.32,49.76,50.04,34046,50.04,50.32,49.76,50.04,34046,50.04,50.32,49.76,50.04,34046
2018-11-14,50.88,51.53,50.23,50.97,34486,50.88,51.53,50.23,50.97,34486,50.88,51.53,50.23,50.97,34486
2018-11-15,52.20,53.04,51.35,51.99,32369,52.20,53.04,51.35,51.99,32369,52.20,53.04,51.35,51.99,32369
2018-11-16,52.67,53.03,52.31,52.67,24748,52.67,53.03,52.31,52.67,24748,52.67,53.03,52.31,52.67,24748
2018-11-19,51.41,52.39,50.43,51.32,31288,51.41,52.39,50.43,51.32,31288,51.41,52.39,50.43,51.32,31288
2018-11-20,50.26,50.65,49.87,50.36,23779,50.26,50.65,49.87,50.36,23779,50.26,50.65,49.87,50.36,23779
2018-11-21,49.94,50.38,49.50,50.01,24745,49.94,50.38,49.50,50.01,24745,49.94,50.38,49.50,50.01,24745
2018-11-22,51.18,51.73,50.63,51.02,24317,51.18,51.73,50.63,51.02,24317,51.18,51.73,50.63,51.02,24317
2018-11-23,52.22,52.86,51.57,52.17,17869,52.22,52.86,51.57,52.17,17869,52.22,52.86,51.57,52.17,17869
2018-11-26,52.44,53.14,51.75,52.27,20136,52.44,53.14,51.75,52.27,20136,52.44,53.14,51.75,52.27,20136
2018-11-27,53.67,53.91,53.44,53.46,30693,53.67,53.91,53.44,53.46,30693,53.67,53.91,53.44,53.46,30693
2018-11-28,53.75,54.73,52.77,53.87,22672,53.75,54.73,52.77,53.87,22672,53.75,54.73,52.77,53.87,22672
2018-11-29,53.32,53.87,52.76,53.43,22415,53.32,53.87,52.76,53.43,22415,53.32,53.87,52.76,53.43,22415
2018-11-30,54.21,54.98,53.44,54.08,21067,54.21,54.98,53.44,54.08,21067,54.21,54.98,53.44,54.08,21067
2018-12-03,53.19,53.83,52.55,53.17,17561,53.19,53.83,52.55,53.17,17561,53.19,53.83,52.55,53.17,17561
2018-12-04,52.31,52.84,51.78,52.39,21098,52.31,52.84,51.78,52.39,21098,52.31,52.84,51.78,52.39,21098
2018-12-05,50.69,51.05,50.32,50.75,29171,50.69,51.05,50.32,50.75,29171,50.69,51.05,50.32,50.75,29171
2018-12-06,52.59,53.29,51.89,52.39,21271,52.59,53.29,51.89,52.39,21271,52.59,53.29,51.89,52.39,21271
2018-12-07,52.57,53.14,52.00,52.63,29134,52.57,53.14,52.00,52.63,29134,52.57,53.14,52.00,52.63,29134
2018-12-10,53.79,54.26,53.32,53.65,29142,53.79,54.26,53.32,53.65,29142,53.79,54.26,53.32,53.65,29142
2018-12-11,54.06,54.51,53.60,54.01,18972,54.06,54.51,53.60,54.01,18972,54.06,54.51,53.60,54.01,18972
2018-12-12,54.02,54.66,53.39,54.19,33058,54.02,54.66,53.39,54.19,33058,54.02,54.66,53.39,54.19,33058
2018-12-13,55.07,55.56,54.58,54.72,21291,55.07,55.56,54.58,54.72,21291,55.07,55.56,54.58,54.72,21291
2018-12-14,53.10,53.79,52.41,53.12,24390,53.10,53.79,52.41,53.12,24390,53.10,53.79,52.41,53.12,24390
2018-12-17,53.04,53.67,52.40,53.29,26757,53.04,53.67,52.40,53.29,26757,53.04,53.67,52.40,53.29,26757
2018-12-18,52.45,53.19,51.70,52.64,34590,52.45,53.19,51.70,52.64,34590,52.45,53.19,51.70,52.64,34590
2018-12-19,52.48,52.79,52.18,52.47,30364,52.48,52.79,52.18,52.47,30364,52.48,52.79,52.18,52.47,30364
2018-12-20,52.07,52.41,51.74,52.00,28602,52.07,52.41,51.74,52.00,28602,52.07,52.41,51.74,52.00,28602
2018-12-21,50.89,51.25,50.52,50.98,26011,50.89,51.25,50.52,50.98,26011,50.89,51.25,50.52,50.98,26011
2018-12-24,50.62,51.21,50.02,50.35,25017,50.62,51.21,50.02,50.35,25017,50.62,51.21,50.02,50.35,25017
2018-12-25,51.52,52.10,50.95,51.55,22690,51.52,52.10,50.95,51.55,22690,51.52,52.10,50.95,51.55,22690
2018-12-26,51.51,52.31,50.72,51.58,31374,51.51,52.31,50.72,51.58,31374,51.51,52.31,50.72,51.58,31374
2018-12-27,51.67,51.97,51.37,51.76,31285,51.67,51.97,51.37,51.76,31285,51.67,51.97,51.37,51.76,31285
2018-12-28,51.63,52.32,50.94,51.53,18754,51.63,52.32,50.94,51.53,18754,51.63,52.32,50.94,51.53,18754
2018-12-31,50.30,50.76,49.84,50.45,26530,50.30,50.76,49.84,50.45,26530,50.30,50.76,49.84,50.45,26530
2019-01-01,50.00,50.76,49.25,49.64,20213,50.00,50.76,49.25,49.64,20213,50.00,50.76,49.25,49.64,20213
2019-01-02,50.76,51.38,50.14,50.64,32903,50.76,51.38,50.14,50.64,32903,50.76,51.38,50.14,50.64,32903
2019-01-03,49.34,50.06,48.63,49.66,33718,49.34,50.06,48.63,49.66,33718,49.34,50.06,48.63,49.66,33718
2019-01-04,49.60,50.33,48.87,49.46,29681,49.60,50.33,48.87,49.46,29681,49.60,50.33,48.87,49.46,29681
2019-01-07,49.01,49.29,48.74,48.99,25998,49.01,49.29,48.74,48.99,25998,49.01,49.29,48.74,48.99,25998
2019-01-08,47.89,48.61,47.17,47.65,31800,47.89,48.61,47.17,47.65,31800,47.89,48.61,47.17,47.65,31800
2019-01-09,46.52,47.05,45.99,46.81,19074,46.52,47.05,45.99,46.81,19074,46.52,47.05,45.99,46.81,19074
2019-01-10,47.62,47.94,47.30,47.63,26387,47.62,47.94,47.30,47.63,26387,47.62,47.94,47.30,47.63,26387
2019-01-11,47.98,48.17,47.79,47.89,28857,47.98,48.17,47.79,47.89,28857,47.98,48.17,47.79,47.89,28857
2019-01-14,47.20,47.34,47.07,47.19,28895,47.20,47.34,47.07,47.19,28895,47.20,47.34,47.07,47.19,28895
2019-01-15,46.86,47.52,46.20,47.11,31428,46.86,47.52,46.20,47.11,31428,46.86,47.52,46.20,47.11,31428
2019-01-16,45.39,46.22,44.56,45.57,18136,45.39,46.22,44.56,45.57,18136,45.39,46.22,44.56,45.57,18136
2019-01-17,46.28,46.74,45.82,46.44,28068,46.28,46.74,45.82,46.44,28068,46.28,46.74,45.82,46.44,28068
2019-01-18,45.46,45.83,45.09,45.14,19495,45.46,45.83,45.09,45.14,19495,45.46,45.83,45.09,45.14,19495
2019-01-21,44.45,44.78,44.12,44.19,22223,44.45,44.78,44.12,44.19,22223,44.45,44.78,44.12,44.19,22223
2019-01-22,45.10,45.75,44.46,45.23,22636,45.10,45.75,44.46,45.23,22636,45.10,45.75,44.46,45.23,22636
2019-01-23,44.80,45.35,44.25,44.94,30861,44.80,45.35,44.25,44.94,30861,44.80,45.35,44.25,44.94,30861
2019-01-24,45.62,46.41,44.84,45.92,25058,45.62,46.41,44.84,45.92,25058,45.62,46.41,44.84,45.92,25058
2019-01-25,45.81,46.38,45.25,45.64,20253,45.81,46.38,45.25,45.64,20253,45.81,46.38,45.25,45.64,20253
2019-01-28,46.34,46.65,46.02,46.10,33703,46.34,46.65,46.02,46.10,33703,46.34,46.65,46.02,46.10,33703
2019-01-29,46.18,46.62,45.73,46.35,25638,46.18,46.62,45.73,46.35,25638,46.18,46.62,45.73,46.35,25638
2019-01-30,45.53,46.16,44.90,45.46,23358,45.53,46.16,44.90,45.46,23358,45.53,46.16,44.90,45.46,23358
2019-01-31,45.58,46.13,45.03,45.42,30638,45.58,46.13,45.03,45.42,30638,45.58,46.13,45.03,45.42,30638
2019-02-01,45.87,46.08,45.66,46.01,28221,45.87,46.08,45.66,46.01,28221,45.87,46.08,45.66,46.01,28221
2019-02-04,46.49,47.29,45.70,46.31,18189,46.49,47.29,45.70,46.31,18189,46.49,47.29,45.70,46.31,18189
2019-02-05,48.41,48.93,47.88,48.34,19565,48.41,48.93,47.88,48.34,19565,48.41,48.93,47.88,48.34,19565
2019-02-06,48.91,49.23,48.58,48.77,28880,48.91,49.23,48.58,48.77,28880,48.91,49.23,48.58,48.77,28880
2019-02-07,50.78,51.60,49.97,50.68,28132,50.78,51.60,49.97,50.68,28132,50.78,51.60,49.97,50.68,28132
2019-02-08,50.15,50.67,49.63,50.04,28866,50.15,50.67,49.63,50.04,28866,50.15,50.67,49.63,50.04,28866
2019-02-11,49.25,49.70,48.79,49.09,17731,49.25,49.70,48.79,49.09,17731,49.25,49.70,48.79,49.09,17731
2019-02-12,49.60,50.62,48.58,49.74,33823,49.60,50.62,48.58,49.74,33823,49.60,50.62,48.58,49.74,33823
2019-02-13,50.43,50.85,50.00,50.43,23125,50.43,50.85,50.00,50.43,23125,50.43,50.85,50.00,50.43,23125
2019-02-14,51.31,51.97,50.64,51.00,20273,51.31,51.97,50.64,51.00,20273,51.31,51.97,50.64,51.00,20273
2019-02-15,51.01,51.61,50.40,51.29,23961,51.01,51.61,50.40,51.29,23961,51.01,51.61,50.40,51.29,23961
2019-02-18,52.55,52.99,52.12,52.48,23526,52.55,52.99,52.12,52.48,23526,52.55,52.99,52.12,52.48,23526
2019-02-19,52.77,53.36,52.17,52.78,18656,52.77,53.36,52.17,52.78,18656,52.77,53.36,52.17,52.78,18656
2019-02-20,51.17,51.98,50.35,50.99,20306,51.17,51.98,50.35,50.99,20306,51.17,51.98,50.35,50.99,20306
2019-02-21,50.28,50.90,49.66,50.01,29475,50.28,50.90,49.66,50.01,29475,50.28,50.90,49.66,50.01,29475
2019-02-22,50.64,51.27,50.02,50.62,19553,50.64,51.27,50.02,50.62,19553,50.64,51.27,50.02,50.62,19553
2019-02-25,50.14,50.55,49.73,49.95,17922,50.14,50.55,49.73,49.95,17922,50.14,50.55,49.73,49.95,17922
2019-02-26,49.95,50.30,49.61,49.70,18957,49.95,50.30,49.61,49.70,18957,49.95,50.30,49.61,49.70,18957
2019-02-27,50.31,50.97,49.66,50.49,25270,50.31,50.97,49.66,50.49,25270,50.31,50.97,49.66,50.49,25270
2019-02-28,49.62,50.39,48.85,49.85,33309,49.62,50.39,48.85,49.85,33309,49.62,50.39,48.85,49.85,33309
2019-03-01,49.43,49.97,48.90,49.41,20402,49.43,49.97,48.90,49.41,20402,49.43,49.97,48.90,49.41,20402
2019-03-04,48.14,48.62,47.65,48.07,32502,48.14,48.62,47.65,48.07,32502,48.14,48.62,47.65,48.07,32502
2019-03-05,48.18,48.75,47.61,48.15,20266,48.18,48.75,47.61,48.15,20266,48.18,48.75,47.61,48.15,20266
2019-03-06,47.25,47.87,46.63,47.52,29445,47.25,47.87,46.63,47.52,29445,47.25,47.87,46.63,47.52,29445
2019-03-07,46.12,46.57,45.67,45.97,18536,46.12,46.57,45.67,45.97,18536,46.12,46.57,45.67,45.97,18536
2019-03-08,44.80,44.99,44.61,44.86,33829,44.80,44.99,44.61,44.86,33829,44.80,44.99,44.61,44.86,33829
2019-03-11,45.06,45.21,44.90,44.99,21754,45.06,45.21,44.90,44.99,21754,45.06,45.21,44.90,44.99,21754
2019-03-12,44.86,45.26,44.46,44.94,30370,44.86,45.26,44.46,44.94,30370,44.86,45.26,44.46,44.94,30370
2019-03-13,44.67,45.29,44.06,44.71,24562,44.67,45.29,44.06,44.71,24562,44.67,45.29,44.06,44.71,24562
2019-03-14,42.85,43.15,42.55,42.97,19181,42.85,43.15,42.55,42.97,19181,42.85,43.15,42.55,42.97,19181
2019-03-15,43.12,43.33,42.92,43.20,22938,43.12,43.33,42.92,43.20,22938,43.12,43.33,42.92,43.20,22938
2019-03-18,42.67,43.32,42.03,42.53,28015,42.67,43.32,42.03,42.53,28015,42.67,43.32,42.03,42.53,28015
2019-03-19,43.04,43.70,42.38,42.97,26723,43.04,43.70,42.38,42.97,26723,43.04,43.70,42.38,42.97,26723
2019-03-20,42.12,42.67,41.56,42.22,34088,42.12,42.67,41.56,42.22,34088,42.12,42.67,41.56,42.22,34088
2019-03-21,40.71,41.14,40.28,40.56,21712,40.71,41.14,40.28,40.56,21712,40.71,41.14,40.28,40.56,21712
2019-03-22,40.93,41.23,40.62,40.64,21035,40.93,41.23,40.62,40.64,21035,40.93,41.23,40.62,40.64,21035
2019-03-25,40.02,40.68,39.35,40.03,33078,40.02,40.68,39.35,40.03,33078,40.02,40.68,39.35,40.03,33078
2019-03-26,39.19,39.72,38.65,39.19,34833,39.19,39.72,38.65,39.19,34833,39.19,39.72,38.65,39.19,34833
2019-03-27,39.27,39.69,38.85,39.45,27394,39.27,39.69,38.85,39.45,27394,39.27,39.69,38.85,39.45,27394
2019-03-28,41.23,42.12,40.35,41.05,20681,41.23,42.12,40.35,41.05,20681,41.23,42.12,40.35,41.05,20681
2019-03-29,41.30,41.73,40.86,41.14,29585,41.30,41.73,40.86,41.14,29585,41.30,41.73,40.86,41.14,29585
2019-04-01,40.57,41.14,40.00,40.66,17686,40.57,41.14,40.00,40.66,17686,40.57,41.14,40.00,40.66,17686
2019-04-02,40.81,41.50,40.12,40.59,30538,40.81,41.50,40.12,40.59,30538,40.81,41.50,40.12,40.59,30538
2019-04-03,39.82,40.08,39.56,39.81,22833,39.82,40.08,39.56,39.81,22833,39.82,40.08,39.56,39.81,22833
2019-04-04,39.51,39.76,39.26,39.44,20192,39.51,39.76,39.26,39.44,20192,39.51,39.76,39.26,39.44,20192
2019-04-05,41.28,41.81,40.75,41.17,17609,41.28,41.81,40.75,41.17,17609,41.28,41.81,40.75,41.17,17609
2019-04-08,39.85,40.49,39.22,40.06,19412,39.85,40.49,39.22,40.06,19412,39.85,40.49,39.22,40.06,19412
2019-04-09,41.09,41.58,40.59,41.05,33025,41.09,41.58,40.59,41.05,33025,41.09,41.58,40.59,41.05,33025
2019-04-10,41.87,42.46,41.29,41.87,23854,41.87,42.46,41.29,41.87,23854,41.87,42.46,41.29,41.87,23854
2019-04-11,41.57,42.32,40.82,41.58,33739,41.57,42.32,40.82,41.58,33739,41.57,42.32,40.82,41.58,33739
2019-04-12,40.81,41.13,40.50,40.91,19993,40.81,41.13,40.50,40.91,19993,40.81,41.13,40.50,40.91,19993
2019-04-15,40.36,40.73,40.00,40.62,26996,40.36,40.73,40.00,40.62,26996,40.36,40.73,40.00,40.62,26996
2019-04-16,39.83,40.09,39.57,39.88,28095,39.83,40.09,39.57,39.88,28095,39.83,40.09,39.57,39.88,28095
2019-04-17,40.77,41.29,40.26,40.67,33670,40.77,41.29,40.26,40.67,33670,40.77,41.29,40.26,40.67,33670
2019-04-18,40.62,41.06,40.17,40.41,23091,40.62,41.06,40.17,40.41,23091,40.62,41.06,40.17,40.41,23091
2019-04-19,40.67,41.28,40.06,40.82,27122,40.67,41.28,40.06,40.82,27122,40.67,41.28,40.06,40.82,27122
2019-04-22,40.45,40.93,39.97,40.60,32846,40.45,40.93,39.97,40.60,32846,40.45,40.93,39.97,40.60,32846
2019-04-23,39.44,39.80,39.08,39.24,18422,39.44,39.80,39.08,39.24,18422,39.44,39.80,39.08,39.24,18422
2019-04-24,38.87,39.32,38.41,38.81,24891,38.87,39.32,38.41,38.81,24891,38.87,39.32,38.41,38.81,24891
2019-04-25,37.90,38.29,37.52,37.78,32113,37.90,38.29,37.52,37.78,32113,37.90,38.29,37.52,37.78,32113
2019-04-26,37.12,37.49,36.76,37.06,24862,37.12,37.49,36.76,37.06,24862,37.12,37.49,36.76,37.06,24862
2019-04-29,37.07,37.53,36.61,37.08,28802,37.07,37.53,36.61,37.08,28802,37.07,37.53,36.61,37.08,28802
2019-04-30,38.14,38.78,37.49,38.22,32284,38.14,38.78,37.49,38.22,32284,38.14,38.78,37.49,38.22,32284
2019-05-01,38.50,39.09,37.92,38.34,24839,38.50,39.09,37.92,38.34,24839,38.50,39.09,37.92,38.34,24839
2019-05-02,38.47,38.90,38.04,38.51,25711,38.47,38.90,38.04,38.51,25711,38.47,38.90,38.04,38.51,25711
2019-05-03,38.22,38.58,37.86,38.19,29477,38.22,38.58,37.86,38.19,29477,38.22,38.58,37.86,38.19,29477
2019-05-06,39.04,39.36,38.72,38.75,23591,39.04,39.36,38.72,38.75,23591,39.04,39.36,38.72,38.75,23591
2019-05-07,39.32,39.93,38.71,39.32,23718,39.32,39.93,38.71,39.32,23718,39.32,39.93,38.71,39.32,23718
2019-05-08,39.16,39.78,38.54,39.18,25480,39.16,39.78,38.54,39.18,25480,39.16,39.78,38.54,39.18,25480
2019-05-09,39.39,39.96,38.81,39.30,26820,39.39,39.96,38.81,39.30,26820,39.39,39.96,38.81,39.30,26820
2019-05-10,39.91,40.36,39.45,39.82,18493,39.91,40.36,39.45,39.82,18493,39.91,40.36,39.45,39.82,18493
2019-05-13,40.05,40.50,39.59,39.83,24224,40.05,40.50,39.59,39.83,24224,40.05,40.50,39.59,39.83,24224
2019-05-14,40.77,41.16,40.38,40.69,23357,40.77,41.16,40.38,40.69,23357,40.77,41.16,40.38,40.69,23357
2019-05-15,40.88,41.47,40.29,40.70,21630,40.88,41.47,40.29,40.70,21630,40.88,41.47,40.29,40.70,21630
2019-05-16,39.84,40.25,39.43,39.76,23807,39.84,40.25,39.43,39.76,23807,39.84,40.25,39.43,39.76,23807
2019-05-17,39.18,39.66,38.69,39.30,30767,39.18,39.66,38.69,39.30,30767,39.18,39.66,38.69,39.30,30767
2019-05-20,39.33,39.69,38.96,39.20,31151,39.33,39.69,38.96,39.20,31151,39.33,39.69,38.96,39.20,31151
2019-05-21,37.67,37.98,37.36,37.68,26953,37.67,37.98,37.36,37.68,26953,37.67,37.98,37.36,37.68,26953
2019-05-22,38.67,39.21,38.12,38.27,19566,38.67,39.21,38.12,38.27,19566,38.67,39.21,38.12,38.27,19566
2019-05-23,39.40,39.98,38.82,39.33,21068,39.40,39.98,38.82,39.33,21068,39.40,39.98,38.82,39.33,21068
2019-05-24,39.12,39.64,38.60,39.11,32040,39.12,39.64,38.60,39.11,32040,39.12,39.64,38.60,39.11,32040
2019-05-27,38.77,39.48,38.05,38.67,22718,38.77,39.48,38.05,38.67,22718,38.77,39.48,38.05,38.67,22718
2019-05-28,38.12,38.68,37.57,38.07,22341,38.12,38.68,37.57,38.07,22341,38.12,38.68,37.57,38.07,22341
2019-05-29,38.25,38.55,37.95,38.46,22436,38.25,38.55,37.95,38.46,22436,38.25,38.55,37.95,38.46,22436
2019-05-30,37.46,37.76,37.17,37.44,34551,37.46,37.76,37.17,37.44,34551,37.46,37.76,37.17,37.44,34551
2019-05-31,36.98,37.28,36.68,36.75,29479,36.98,37.28,36.68,36.75,29479,36.98,37.28,36.68,36.75,29479
2019-06-03,36.32,36.78,35.85,36.40,25005,36.32,36.78,35.85,36.40,25005,36.32,36.78,35.85,36.40,25005
2019-06-04,35.52,35.73,35.31,35.69,34161,35.52,35.73,35.31,35.69,34161,35.52,35.73,35.31,35.69,34161
2019-06-05,35.44,35.90,34.98,35.39,21510,35.44,35.90,34.98,35.39,21510,35.44,35.90,34.98,35.39,21510
2019-06-06,36.03,36.43,35.63,35.95,18456,36.03,36.43,35.63,35.95,18456,36.03,36.43,35.63,35.95,18456
2019-06-07,35.58,35.96,35.20,35.50,19023,35.58,35.96,35.20,35.50,19023,35.58,35.96,35.20,35.50,19023
2019-06-10,36.11,36.28,35.94,36.10,26627,36.11,36.28,35.94,36.10,26627,36.11,36.28,35.94,36.10,26627
2019-06-11,36.38,36.70,36.05,36.10,26924,36.38,36.70,36.05,36.10,26924,36.38,36.70,36.05,36.10,26924
2019-06-12,36.26,36.74,35.79,36.15,31251,36.26,36.74,35.79,36.15,31251,36.26,36.74,35.79,36.15,31251
2019-06-13,37.34,37.73,36.95,37.21,32718,37.34,37.73,36.95,37.21,32718,37.34,37.73,36.95,37.21,32718
2019-06-14,36.51,36.88,36.14,36.69,33386,36.51,36.88,36.14,36.69,33386,36.51,36.88,36.14,36.69,33386
2019-06-17,37.05,37.69,36.41,36.86,32776,37.05,37.69,36.41,36.86,32776,37.05,37.69,36.41,36.86,32776
2019-06-18,37.23,37.64,36.82,37.29,33857,37.23,37.64,36.82,37.29,33857,37.23,37.64,36.82,37.29,33857
2019-06-19,36.19,36.51,35.87,36.24,33177,36.19,36.51,35.87,36.24,33177,36.19,36.51,35.87,36.24,33177
2019-06-20,35.79,36.23,35.36,35.77,27943,35.79,36.23,35.36,35.77,27943,35.79,36.23,35.36,35.77,27943
2019-06-21,35.13,35.63,34.63,35.20,21930,35.13,35.63,34.63,35.20,21930,35.13,35.63,34.63,35.20,21930
2019-06-24,36.22,36.56,35.88,36.12,20281,36.22,36.56,35.88,36.12,20281,36.22,36.56,35.88,36.12,20281
2019-06-25,36.06,36.58,35.54,35.77,29860,36.06,36.58,35.54,35.77,29860,36.06,36.58,35.54,35.77,29860
2019-06-26,36.36,36.63,36.08,36.47,21759,36.36,36.63,36.08,36.47,21759,36.36,36.63,36.08,36.47,21759
2019-06-27,37.25,37.62,36.88,37.18,19286,37.25,37.62,36.88,37.18,19286,37.25,37.62,36.88,37.18,19286
2019-06-28,36.58,37.04,36.12,36.45,17639,36.58,37.04,36.12,36.45,17639,36.58,37.04,36.12,36.45,17639
2019-07-01,36.38,36.94,35.82,36.39,24191,36.38,36.94,35.82,36.39,24191,36.38,36.94,35.82,36.39,24191
2019-07-02,36.50,37.01,35.99,36.43,18752,36.50,37.01,35.99,36.43,18752,36.50,37.01,35.99,36.43,18752
2019-07-03,35.97,36.24,35.70,35.83,21858,35.97,36.24,35.70,35.83,21858,35.97,36.24,35.70,35.83,21858
2019-07-04,36.23,36.63,35.83,36.55,21763,36.23,36.63,35.83,36.55,21763,36.23,36.63,35.83,36.55,21763
2019-07-05,37.09,37.51,36.67,37.10,29135,37.09,37.51,36.67,37.10,29135,37.09,37.51,36.67,37.10,29135
2019-07-08,37.30,37.91,36.69,37.40,18994,37.30,37.91,36.69,37.40,18994,37.30,37.91,36.69,37.40,18994
2019-07-09,37.19,37.74,36.64,37.16,24686,37.19,37.74,36.64,37.16,24686,37.19,37.74,36.64,37.16,24686
2019-07-10,36.38,36.67,36.10,36.51,33478,36.38,36.67,36.10,36.51,33478,36.38,36.67,36.10,36.51,33478
2019-07-11,35.99,36.62,35.35,36.03,34837,35.99,36.62,35.35,36.03,34837,35.99,36.62,35.35,36.03,34837
2019-07-12,34.77,35.21,34.32,34.70,34512,34.77,35.21,34.32,34.70,34512,34.77,35.21,34.32,34.70,34512
2019-07-15,35.69,36.04,35.34,35.87,28988,35.69,36.04,35.34,35.87,28988,35.69,36.04,35.34,35.87,28988
2019-07-16,36.41,37.12,35.71,36.41,31157,36.41,37.12,35.71,36.41,31157,36.41,37.12,35.71,36.41,31157
2019-07-17,36.23,36.76,35.69,36.16,34077,36.23,36.76,35.69,36.16,34077,36.23,36.76,35.69,36.16,34077
2019-07-18,36.34,36.60,36.07,36.47,18973,36.34,36.60,36.07,36.47,18973,36.34,36.60,36.07,36.47,18973
2019-07-19,36.97,37.46,36.48,36.84,24712,36.97,37.46,36.48,36.84,24712,36.97,37.46,36.48,36.84,24712
2019-07-22,37.21,37.64,36.78,37.11,26190,37.21,37.64,36.78,37.11,26190,37.21,37.64,36.78,37.11,26190
2019-07-23,37.65,37.92,37.39,37.39,17835,37.65,37.92,37.39,37.39,17835,37.65,37.92,37.39,37.39,17835
2019-07-24,36.50,37.12,35.89,36.61,28065,36.50,37.12,35.89,36.61,28065,36.50,37.12,35.89,36.61,28065
2019-07-25,36.89,37.48,36.29,36.66,20422,36.89,37.48,36.29,36.66,20422,36.89,37.48,36.29,36.66,20422
2019-07-26,37.63,38.09,37.17,37.71,25266,37.63,38.09,37.17,37.71,25266,37.63,38.09,37.17,37.71,25266
2019-07-29,37.75,37.88,37.63,37.83,21989,37.75,37.88,37.63,37.83,21989,37.75,37.88,37.63,37.83,21989
2019-07-30,36.85,37.35,36.34,36.81,34036,36.85,37.35,36.34,36.81,34036,36.85,37.35,36.34,36.81,34036
2019-07-31,36.00,36.30,35.70,35.97,26589,36.00,36.30,35.70,35.97,26589,36.00,36.30,35.70,35.97,26589
2019-08-01,35.67,36.05,35.30,35.74,29930,35.67,36.05,35.30,35.74,29930,35.67,36.05,35.30,35.74,29930
2019-08-02,34.60,34.94,34.26,34.70,25660,34.60,34.94,34.26,34.70,25660,34.60,34.94,34.26,34.70,25660
2019-08-05,33.35,33.98,32.73,33.39,23080,33.35,33.98,32.73,33.39,23080,33.35,33.98,32.73,33.39,23080
2019-08-06,33.65,33.90,33.40,33.42,32316,33.65,33.90,33.40,33.42,32316,33.65,33.90,33.40,33.42,32316
2019-08-07,32.98,33.61,32.34,32.84,31278,32.98,33.61,32.34,32.84,31278,32.98,33.61,32.34,32.84,31278
2019-08-08,33.27,33.67,32.87,33.17,17776,33.27,33.67,32.87,33.17,17776,33.27,33.67,32.87,33.17,17776
2019-08-09,33.63,34.09,33.18,33.70,20238,33.63,34.09,33.18,33.70,20238,33.63,34.09,33.18,33.70,20238
2019-08-12,34.40,34.83,33.98,34.34,21202,34.40,34.83,33.98,34.34,21202,34.40,34.83,33.98,34.34,21202
2019-08-13,33.50,33.85,33.15,33.71,21605,33.50,33.85,33.15,33.71,21605,33.50,33.85,33.15,33.71,21605
2019-08-14,32.66,32.85,32.47,32.82,28778,32.66,32.85,32.47,32.82,28778,32.66,32.85,32.47,32.82,28778
2019-08-15,32.85,33.16,32.54,33.02,32100,32.85,33.16,32.54,33.02,32100,32.85,33.16,32.54,33.02,32100
2019-08-16,33.52,33.84,33.20,33.67,31657,33.52,33.84,33.20,33.67,31657,33.52,33.84,33.20,33.67,31657
2019-08-19,34.52,34.79,34.25,34.33,18844,34.52,34.79,34.25,34.33,18844,34.52,34.79,34.25,34.33,18844
2019-08-20,35.46,35.84,35.09,35.47,27964,35.46,35.84,35.09,35.47,27964,35.46,35.84,35.09,35.47,27964
2019-08-21,35.42,35.94,34.90,35.38,17681,35.42,35.94,34.90,35.38,17681,35.42,35.94,34.90,35.38,17681
2019-08-22,35.91,36.32,35.49,35.77,29515,35.91,36.32,35.49,35.77,29515,35.91,36.32,35.49,35.77,29515
2019-08-23,35.29,35.69,34.88,35.31,19331,35.29,35.69,34.88,35.31,19331,35.29,35.69,34.88,35.31,19331
2019-08-26,35.16,35.59,34.74,35.25,28955,35.16,35.59,34.74,35.25,28955,35.16,35.59,34.74,35.25,28955
2019-08-27,34.40,34.93,33.88,34.33,33701,34.40,34.93,33.88,34.33,33701,34.40,34.93,33.88,34.33,33701
2019-08-28,34.46,34.84,34.07,34.39,30774,34.46,34.84,34.07,34.39,30774,34.46,34.84,34.07,34.39,30774
2019-08-29,34.35,34.85,33.85,34.35,26183,34.35,34.85,33.85,34.35,26183,34.35,34.85,33.85,34.35,26183
2019-08-30,34.87,35.21,34.53,34.91,22039,34.87,35.21,34.53,34.91,22039,34.87,35.21,34.53,34.91,22039
2019-09-02,35.33,35.77,34.89,35.22,33153,35.33,35.77,34.89,35.22,33153,35.33,35.77,34.89,35.22,33153
2019-09-03,35.70,35.93,35.47,35.51,18917,35.70,35.93,35.47,35.51,18917,35.70,35.93,35.47,35.51,18917
2019-09-04,36.66,37.06,36.26,36.51,28692,36.66,37.06,36.26,36.51,28692,36.66,37.06,36.26,36.51,28692
2019-09-05,36.26,36.37,36.16,36.17,25745,36.26,36.37,36.16,36.17,25745,36.26,36.37,36.16,36.17,25745
2019-09-06,35.36,35.69,35.03,35.26,19486,35.36,35.69,35.03,35.26,19486,35.36,35.69,35.03,35.26,19486
2019-09-09,35.39,35.95,34.83,35.34,22161,35.39,35.95,34.83,35.34,22161,35.39,35.95,34.83,35.34,22161
2019-09-10,35.52,35.59,35.45,35.54,33015,35.52,35.59,35.45,35.54,33015,35.52,35.59,35.45,35.54,33015
2019-09-11,34.68,35.06,34.31,34.39,32518,34.68,35.06,34.31,34.39,32518,34.68,35.06,34.31,34.39,32518
2019-09-12,33.86,34.09,33.62,33.83,34601,33.86,34.09,33.62,33.83,34601,33.86,34.09,33.62,33.83,34601
2019-09-13,33.48,33.73,33.23,33.62,23830,33.48,33.73,33.23,33.62,23830,33.48,33.73,33.23,33.62,23830
2019-09-16,33.82,34.41,33.23,33.86,30727,33.82,34.41,33.23,33.86,30727,33.82,34.41,33.23,33.86,30727
2019-09-17,34.14,34.45,33.84,34.11,34417,34.14,34.45,33.84,34.11,34417,34.14,34.45,33.84,34.11,34417
2019-09-18,33.95,34.20,33.69,34.02,26510,33.95,34.20,33.69,34.02,26510,33.95,34.20,33.69,34.02,26510
2019-09-19,34.09,34.51,33.67,34.20,25043,34.09,34.51,33.67,34.20,25043,34.09,34.51,33.67,34.20,25043
2019-09-20,33.26,33.68,32.83,33.44,32678,33.26,33.68,32.83,33.44,32678,33.26,33.68,32.83,33.44,32678
2019-09-23,33.23,33.40,33.05,33.33,33453,33.23,33.40,33.05,33.33,33453,33.23,33.40,33.05,33.33,33453
2019-09-24,33.97,34.31,33.63,34.02,32683,33.97,34.31,33.63,34.02,32683,33.97,34.31,33.63,34.02,32683
2019-09-25,33.37,33.91,32.83,33.26,30352,33.37,33.91,32.83,33.26,30352,33.37,33.91,32.83,33.26,30352
2019-09-26,35.08,35.36,34.80,34.99,21770,35.08,35.36,34.80,34.99,21770,35.08,35.36,34.80,34.99,21770
2019-09-27,35.51,35.90,35.13,35.28,25842,35.51,35.90,35.13,35.28,25842,35.51,35.90,35.13,35.28,25842
2019-09-30,35.94,36.21,35.66,35.72,25297,35.94,36.21,35.66,35.72,25297,35.94,36.21,35.66,35.72,25297
2019-10-01,35.43,35.75,35.10,35.32,28695,35.43,35.75,35.10,35.32,28695,35.43,35.75,35.10,35.32,28695
2019-10-02,35.24,35.59,34.89,35.23,28968,35.24,35.59,34.89,35.23,28968,35.24,35.59,34.89,35.23,28968
2019-10-03,34.23,34.64,33.82,34.31,18382,34.23,34.64,33.82,34.31,18382,34.23,34.64,33.82,34.31,18382
2019-10-04,34.89,35.58,34.20,34.81,22633,34.89,35.58,34.20,34.81,22633,34.89,35.58,34.20,34.81,22633
2019-10-07,34.92,35.23,34.61,34.93,27407,34.92,35.23,34.61,34.93,27407,34.92,35.23,34.61,34.93,27407
2019-10-08,35.03,35.50,34.56,35.03,23909,35.03,35.50,34.56,35.03,23909,35.03,35.50,34.56,35.03,23909
2019-10-09,34.24,34.70,33.78,34.30,26599,34.24,34.70,33.78,34.30,26599,34.24,34.70,33.78,34.30,26599
2019-10-10,35.19,35.59,34.79,34.98,25032,35.19,35.59,34.79,34.98,25032,35.19,35.59,34.79,34.98,25032
2019-10-11,34.75,35.27,34.24,34.69,19060,34.75,35.27,34.24,34.69,19060,34.75,35.27,34.24,34.69,19060
2019-10-14,34.31,34.75,33.88,34.31,29691,34.31,34.75,33.88,34.31,29691,34.31,34.75,33.88,34.31,29691
2019-10-15,34.82,35.35,34.30,34.93,22731,34.82,35.35,34.30,34.93,22731,34.82,35.35,34.30,34.93,22731
2019-10-16,35.51,35.90,35.13,35.35,21279,35.51,35.90,35.13,35.35,21279,35.51,35.90,35.13,35.35,21279
2019-10-17,34.72,35.13,34.31,34.71,20590,34.72,35.13,34.31,34.71,20590,34.72,35.13,34.31,34.71,20590
2019-10-18,35.48,35.79,35.17,35.34,22521,35.48,35.79,35.17,35.34,22521,35.48,35.79,35.17,35.34,22521
2019-10-21,35.48,35.80,35.16,35.45,23228,35.48,35.80,35.16,35.45,23228,35.48,35.80,35.16,35.45,23228
2019-10-22,35.07,35.42,34.72,34.74,34903,35.07,35.42,34.72,34.74,34903,35.07,35.42,34.72,34.74,34903
2019-10-23,34.48,34.98,33.97,34.37,25223,34.48,34.98,33.97,34.37,25223,34.48,34.98,33.97,34.37,25223
2019-10-24,34.63,34.92,34.34,34.55,28112,34.63,34.92,34.34,34.55,28112,34.63,34.92,34.34,34.55,28112
2019-10-25,35.55,35.88,35.22,35.27,30053,35.55,35.88,35.22,35.27,30053,35.55,35.88,35.22,35.27,30053
2019-10-28,35.23,35.91,34.56,35.19,19307,35.23,35.91,34.56,35.19,19307,35.23,35.91,34.56,35.19,19307
2019-10-29,35.77,36.38,35.16,35.92,24124,35.77,36.38,35.16,35.92,24124,35.77,36.38,35.16,35.92,24124
2019-10-30,36.30,36.61,35.98,36.42,20506,36.30,36.61,35.98,36.42,20506,36.30,36.61,35.98,36.42,20506
2019-10-31,36.17,36.68,35.67,36.13,33944,36.17,36.68,35.67,36.13,33944,36.17,36.68,35.67,36.13,33944
2019-11-01,35.80,36.08,35.51,35.66,19123,35.80,36.08,35.51,35.66,19123,35.80,36.08,35.51,35.66,19123
2019-11-04,36.45,36.98,35.91,36.28,20984,36.45,36.98,35.91,36.28,20984,36.45,36.98,35.91,36.28,20984
2019-11-05,36.28,36.65,35.91,36.09,28778,36.28,36.65,35.91,36.09,28778,36.28,36.65,35.91,36.09,28778
2019-11-06,35.99,36.42,35.55,35.91,29721,35.99,36.42,35.55,35.91,29721,35.99,36.42,35.55,35.91,29721
2019-11-07,35.49,35.98,35.00,35.44,24567,35.49,35.98,35.00,35.44,24567,35.49,35.98,35.00,35.44,24567
2019-11-08,36.61,37.01,36.21,36.56,33591,36.61,37.01,36.21,36.56,33591,36.61,37.01,36.21,36.56,33591
2019-11-11,35.76,36.05,35.47,35.87,24870,35.76,36.05,35.47,35.87,24870,35.76,36.05,35.47,35.87,24870
2019-11-12,36.56,37.04,36.08,36.53,26414,36.56,37.04,36.08,36.53,26414,36.56,37.04,36.08,36.53,26414
2019-11-13,35.75,36.04,35.46,36.03,33111,35.75,36.04,35.46,36.03,33111,35.75,36.04,35.46,36.03,33111
2019-11-14,35.42,35.83,35.02,35.28,23813,35.42,35.83,35.02,35.28,23813,35.42,35.83,35.02,35.28,23813
2019-11-15,36.93,37.27,36.58,36.98,19329,36.93,37.27,36.58,36.98,19329,36.93,37.27,36.58,36.98,19329
2019-11-18,36.87,37.25,36.48,36.98,21111,36.87,37.25,36.48,36.98,21111,36.87,37.25,36.48,36.98,21111
2019-11-19,36.81,37.04,36.59,36.68,19316,36.81,37.04,36.59,36.68,19316,36.81,37.04,36.59,36.68,19316
2019-11-20,36.92,37.12,36.73,36.74,34966,36.92,37.12,36.73,36.74,34966,36.92,37.12,36.73,36.74,34966
2019-11-21,36.57,36.92,36.22,36.48,25479,36.57,36.92,36.22,36.48,25479,36.57,36.92,36.22,36.48,25479
2019-11-22,35.68,36.30,35.05,35.72,26412,35.68,36.30,35.05,35.72,26412,35.68,36.30,35.05,35.72,26412
2019-11-25,35.32,35.96,34.69,35.45,32154,35.32,35.96,34.69,35.45,32154,35.32,35.96,34.69,35.45,32154
2019-11-26,34.39,34.83,33.95,34.40,31714,34.39,34.83,33.95,34.40,31714,34.39,34.83,33.95,34.40,31714
2019-11-27,34.16,34.51,33.81,34.09,33995,34.16,34.51,33.81,34.09,33995,34.16,34.51,33.81,34.09,33995
2019-11-28,35.26,35.80,34.73,35.06,19260,35.26,35.80,34.73,35.06,19260,35.26,35.80,34.73,35.06,19260
2019-11-29,34.62,35.00,34.25,34.82,21715,34.62,35.00,34.25,34.82,21715,34.62,35.00,34.25,34.82,21715
2019-12-02,35.09,35.53,34.65,35.05,31823,35.09,35.53,34.65,35.05,31823,35.09,35.53,34.65,35.05,31823
2019-12-03,35.86,36.31,35.41,35.80,31678,35.86,36.31,35.41,35.80,31678,35.86,36.31,35.41,35.80,31678
2019-12-04,36.69,37.03,36.36,36.46,18421,36.69,37.03,36.36,36.46,18421,36.69,37.03,36.36,36.46,18421
2019-12-05,35.82,36.07,35.58,35.85,20701,35.82,36.07,35.58,35.85,20701,35.82,36.07,35.58,35.85,20701
2019-12-06,35.63,36.04,35.22,35.75,33121,35.63,36.04,35.22,35.75,33121,35.63,36.04,35.22,35.75,33121
2019-12-09,35.57,35.97,35.18,35.43,21262,35.57,35.97,35.18,35.43,21262,35.57,35.97,35.18,35.43,21262
2019-12-10,36.72,37.25,36.18,36.60,33719,36.72,37.25,36.18,36.60,33719,36.72,37.25,36.18,36.60,33719
2019-12-11,36.65,36.85,36.46,36.53,23059,36.65,36.85,36.46,36.53,23059,36.65,36.85,36.46,36.53,23059
2019-12-12,37.26,37.80,36.72,37.22,30256,37.26,37.80,36.72,37.22,30256,37.26,37.80,36.72,37.22,30256
2019-12-13,37.32,37.84,36.79,37.22,27023,37.32,37.84,36.79,37.22,27023,37.32,37.84,36.79,37.22,27023
2019-12-16,38.01,38.32,37.70,37.99,27314,38.01,38.32,37.70,37.99,27314,38.01,38.32,37.70,37.99,27314
2019-12-17,37.15,37.42,36.89,37.27,28983,37.15,37.42,36.89,37.27,28983,37.15,37.42,36.89,37.27,28983
2019-12-18,36.97,37.26,36.67,36.97,29815,36.97,37.26,36.67,36.97,29815,36.97,37.26,36.67,36.97,29815
2019-12-19,37.27,37.51,37.03,37.11,33228,37.27,37.51,37.03,37.11,33228,37.27,37.51,37.03,37.11,33228
2019-12-20,37.46,37.80,37.12,37.30,28306,37.46,37.80,37.12,37.30,28306,37.46,37.80,37.12,37.30,28306
2019-12-23,37.31,37.74,36.89,37.37,29906,37.31,37.74,36.89,37.37,29906,37.31,37.74,36.89,37.37,29906
2019-12-24,37.71,38.22,37.19,37.55,23691,37.71,38.22,37.19,37.55,23691,37.71,38.22,37.19,37.55,23691
2019-12-25,37.86,38.13,37.59,37.65,27846,37.86,38.13,37.59,37.65,27846,37.86,38.13,37.59,37.65,27846
2019-12-26,38.39,38.91,37.88,38.40,32200,38.39,38.91,37.88,38.40,32200,38.39,38.91,37.88,38.40,32200
2019-12-27,37.46,37.78,37.14,37.51,25060,37.46,37.78,37.14,37.51,25060,37.46,37.78,37.14,37.51,25060
2019-12-30,36.10,36.42,35.79,36.37,33907,36.10,36.42,35.79,36.37,33907,36.10,36.42,35.79,36.37,33907
2019-12-31,36.20,36.85,35.56,36.16,18745,36.20,36.85,35.56,36.16,18745,36.20,36.85,35.56,36.16,18745
2020-01-01,36.57,36.93,36.21,36.65,20807,36.57,36.93,36.21,36.65,20807,36.57,36.93,36.21,36.65,20807
2020-01-02,36.95,37.35,36.54,36.91,23195,36.95,37.35,36.54,36.91,23195,36.95,37.35,36.54,36.91,23195
2020-01-03,37.91,38.31,37.51,37.94,28883,37.91,38.31,37.51,37.94,28883,37.91,38.31,37.51,37.94,28883
2020-01-06,38.61,39.18,38.04,38.35,25868,38.61,39.18,38.04,38.35,25868,38.61,39.18,38.04,38.35,25868
2020-01-07,38.93,39.52,38.33,38.90,27343,38.93,39.52,38.33,38.90,27343,38.93,39.52,38.33,38.90,27343
2020-01-08,38.31,38.51,38.10,38.25,29277,38.31,38.51,38.10,38.25,29277,38.31,38.51,38.10,38.25,29277
2020-01-09,38.88,39.15,38.61,38.77,30692,38.88,39.15,38.61,38.77,30692,38.88,39.15,38.61,38.77,30692
2020-01-10,38.34,38.83,37.85,38.24,27779,38.34,38.83,37.85,38.24,27779,38.34,38.83,37.85,38.24,27779
2020-01-13,36.72,37.05,36.40,36.62,33971,36.72,37.05,36.40,36.62,33971,36.72,37.05,36.40,36.62,33971
2020-01-14,36.79,37.13,36.44,36.66,30714,36.79,37.13,36.44,36.66,30714,36.79,37.13,36.44,36.66,30714
2020-01-15,36.56,37.01,36.10,36.43,30245,36.56,37.01,36.10,36.43,30245,36.56,37.01,36.10,36.43,30245
2020-01-16,37.42,37.84,36.99,37.53,23201,37.42,37.84,36.99,37.53,23201,37.42,37.84,36.99,37.53,23201
2020-01-17,38.53,39.06,38.00,38.50,25291,38.53,39.06,38.00,38.50,25291,38.53,39.06,38.00,38.50,25291
2020-01-20,38.46,38.83,38.08,38.37,25739,38.46,38.83,38.08,38.37,25739,38.46,38.83,38.08,38.37,25739
2020-01-21,39.20,39.71,38.69,38.91,24327,39.20,39.71,38.69,38.91,24327,39.20,39.71,38.69,38.91,24327
2020-01-22,39.12,39.51,38.73,39.08,24906,39.12,39.51,38.73,39.08,24906,39.12,39.51,38.73,39.08,24906
2020-01-23,38.04,38.46,37.62,38.11,31073,38.04,38.46,37.62,38.11,31073,38.04,38.46,37.62,38.11,31073
2020-01-24,38.04,38.35,37.74,38.07,34357,38.04,38.35,37.74,38.07,34357,38.04,38.35,37.74,38.07,34357
2020-01-27,38.89,39.51,38.27,38.79,26423,38.89,39.51,38.27,38.79,26423,38.89,39.51,38.27,38.79,26423
2020-01-28,38.23,38.65,37.80,38.22,28239,38.23,38.65,37.80,38.22,28239,38.23,38.65,37.80,38.22,28239
2020-01-29,37.46,37.90,37.02,37.54,24706,37.46,37.90,37.02,37.54,24706,37.46,37.90,37.02,37.54,24706
2020-01-30,37.63,37.95,37.30,37.66,27408,37.63,37.95,37.30,37.66,27408,37.63,37.95,37.30,37.66,27408
2020-01-31,37.33,37.74,36.92,37.16,29310,37.33,37.74,36.92,37.16,29310,37.33,37.74,36.92,37.16,29310
2020-02-03,36.57,37.01,36.14,36.57,17880,36.57,37.01,36.14,36.57,17880,36.57,37.01,36.14,36.57,17880
2020-02-04,36.80,37.30,36.31,36.95,24432,36.80,37.30,36.31,36.95,24432,36.80,37.30,36.31,36.95,24432
2020-02-05,37.37,37.71,37.03,37.58,21731,37.37,37.71,37.03,37.58,21731,37.37,37.71,37.03,37.58,21731
2020-02-06,38.11,38.50,37.72,38.18,34498,38.11,38.50,37.72,38.18,34498,38.11,38.50,37.72,38.18,34498
2020-02-07,37.14,37.70,36.57,37.27,18179,37.14,37.70,36.57,37.27,18179,37.14,37.70,36.57,37.27,18179
2020-02-10,38.10,38.33,37.88,38.14,27085,38.10,38.33,37.88,38.14,27085,38.10,38.33,37.88,38.14,27085
2020-02-11,37.97,38.37,37.57,37.95,21413,37.97,38.37,37.57,37.95,21413,37.97,38.37,37.57,37.95,21413
2020-02-12,36.33,37.06,35.60,36.52,24513,36.33,37.06,35.60,36.52,24513,36.33,37.06,35.60,36.52,24513
2020-02-13,37.49,37.78,37.20,37.49,26813,37.49,37.78,37.20,37.49,26813,37.49,37.78,37.20,37.49,26813
2020-02-14,37.79,38.21,37.37,37.80,34642,37.79,38.21,37.37,37.80,34642,37.79,38.21,37.37,37.80,34642
2020-02-17,37.29,37.71,36.87,37.02,22189,37.29,37.71,36.87,37.02,22189,37.29,37.71,36.87,37.02,22189
2020-02-18,36.52,36.93,36.11,36.38,28217,36.52,36.93,36.11,36.38,28217,36.52,36.93,36.11,36.38,28217
2020-02-19,37.23,37.56,36.90,37.19,22778,37.23,37.56,36.90,37.19,22778,37.23,37.56,36.90,37.19,22778
2020-02-20,37.25,37.76,36.75,37.37,24110,37.25,37.76,36.75,37.37,24110,37.25,37.76,36.75,37.37,24110
2020-02-21,35.83,35.97,35.68,35.84,17736,35.83,35.97,35.68,35.84,17736,35.83,35.97,35.68,35.84,17736
2020-02-24,35.28,35.71,34.85,35.41,26091,35.28,35.71,34.85,35.41,26091,35.28,35.71,34.85,35.41,26091
2020-02-25,34.46,34.69,34.23,34.54,25605,34.46,34.69,34.23,34.54,25605,34.46,34.69,34.23,34.54,25605
2020-02-26,33.77,34.18,33.36,33.86,19050,33.77,34.18,33.36,33.86,19050,33.77,34.18,33.36,33.86,19050
2020-02-27,33.37,33.82,32.92,33.20,21942,33.37,33.82,32.92,33.20,21942,33.37,33.82,32.92,33.20,21942
2020-02-28,33.10,33.56,32.64,33.21,22712,33.10,33.56,32.64,33.21,22712,33.10,33.56,32.64,33.21,22712
2020-03-02,33.19,33.44,32.95,33.32,28355,33.19,33.44,32.95,33.32,28355,33.19,33.44,32.95,33.32,28355
2020-03-03,33.60,34.11,33.09,33.56,33415,33.60,34.11,33.09,33.56,33415,33.60,34.11,33.09,33.56,33415
2020-03-04,32.66,32.80,32.52,32.57,21576,32.66,32.80,32.52,32.57,21576,32.66,32.80,32.52,32.57,21576
2020-03-05,32.33,32.91,31.74,32.35,34871,32.33,32.91,31.74,32.35,34871,32.33,32.91,31.74,32.35,34871
2020-03-06,31.34,31.71,30.97,31.32,25306,31.34,31.71,30.97,31.32,25306,31.34,31.71,30.97,31.32,25306
2020-03-09,31.06,31.42,30.71,30.81,18425,31.06,31.42,30.71,30.81,18425,31.06,31.42,30.71,30.81,18425
2020-03-10,30.69,31.25,30.13,30.58,32046,30.69,31.25,30.13,30.58,32046,30.69,31.25,30.13,30.58,32046
2020-03-11,30.47,31.07,29.88,30.33,31622,30.47,31.07,29.88,30.33,31622,30.47,31.07,29.88,30.33,31622
2020-03-12,31.00,31.27,30.73,31.04,34733,31.00,31.27,30.73,31.04,34733,31.00,31.27,30.73,31.04,34733
2020-03-13,32.61,32.94,32.28,32.56,33778,32.61,32.94,32.28,32.56,33778,32.61,32.94,32.28,32.56,33778
2020-03-16,32.27,32.78,31.77,32.36,21926,32.27,32.78,31.77,32.36,21926,32.27,32.78,31.77,32.36,21926
2020-03-17,32.94,33.46,32.41,32.57,18615,32.94,33.46,32.41,32.57,18615,32.94,33.46,32.41,32.57,18615
2020-03-18,32.38,32.80,31.95,32.24,24655,32.38,32.80,31.95,32.24,24655,32.38,32.80,31.95,32.24,24655
2020-03-19,32.66,32.98,32.35,32.47,27099,32.66,32.98,32.35,32.47,27099,32.66,32.98,32.35,32.47,27099
2020-03-20,32.12,32.65,31.59,32.13,23097,32.12,32.65,31.59,32.13,23097,32.12,32.65,31.59,32.13,23097
2020-03-23,32.36,32.77,31.96,32.43,28654,32.36,32.77,31.96,32.43,28654,32.36,32.77,31.96,32.43,28654
2020-03-24,31.58,32.10,31.06,31.43,24072,31.58,32.10,31.06,31.43,24072,31.58,32.10,31.06,31.43,24072
2020-03-25,30.63,30.83,30.42,30.48,29352,30.63,30.83,30.42,30.48,29352,30.63,30.83,30.42,30.48,29352
2020-03-26,30.09,30.56,29.62,29.96,29215,30.09,30.56,29.62,29.96,29215,30.09,30.56,29.62,29.96,29215
2020-03-27,29.45,29.81,29.10,29.54,33410,29.45,29.81,29.10,29.54,33410,29.45,29.81,29.10,29.54,33410
2020-03-30,28.78,29.03,28.53,28.83,21038,28.78,29.03,28.53,28.83,21038,28.78,29.03,28.53,28.83,21038
2020-03-31,28.67,28.85,28.50,28.61,28851,28.67,28.85,28.50,28.61,28851,28.67,28.85,28.50,28.61,28851
2020-04-01,28.92,29.16,28.69,28.94,20242,28.92,29.16,28.69,28.94,20242,28.92,29.16,28.69,28.94,20242
2020-04-02,28.77,29.13,28.41,28.58,22360,28.77,29.13,28.41,28.58,22360,28.77,29.13,28.41,28.58,22360
2020-04-03,27.99,28.41,27.58,27.98,22932,27.99,28.41,27.58,27.98,22932,27.99,28.41,27.58,27.98,22932
2020-04-06,28.33,28.46,28.20,28.46,23547,28.33,28.46,28.20,28.46,23547,28.33,28.46,28.20,28.46,23547
2020-04-07,28.12,28.35,27.90,27.98,34669,28.12,28.35,27.90,27.98,34669,28.12,28.35,27.90,27.98,34669
2020-04-08,27.96,28.23,27.69,27.99,31692,27.96,28.23,27.69,27.99,31692,27.96,28.23,27.69,27.99,31692
2020-04-09,28.05,28.48,27.62,27.97,19870,28.05,28.48,27.62,27.97,19870,28.05,28.48,27.62,27.97,19870
2020-04-10,28.59,28.93,28.25,28.43,33204,28.59,28.93,28.25,28.43,33204,28.59,28.93,28.25,28.43,33204
2020-04-13,28.24,28.72,27.77,28.35,33465,28.24,28.72,27.77,28.35,33465,28.24,28.72,27.77,28.35,33465
2020-04-14,28.81,29.12,28.50,28.77,27412,28.81,29.12,28.50,28.77,27412,28.81,29.12,28.50,28.77,27412
2020-04-15,28.99,29.39,28.58,28.93,31809,28.99,29.39,28.58,28.93,31809,28.99,29.39,28.58,28.93,31809
2020-04-16,29.42,29.58,29.25,29.31,21685,29.42,29.58,29.25,29.31,21685,29.42,29.58,29.25,29.31,21685
2020-04-17,29.48,29.77,29.20,29.50,34347,29.48,29.77,29.20,29.50,34347,29.48,29.77,29.20,29.50,34347
2020-04-20,28.67,28.95,28.38,28.58,23507,28.67,28.95,28.38,28.58,23507,28.67,28.95,28.38,28.58,23507
2020-04-21,28.75,29.11,28.39,28.82,34385,28.75,29.11,28.39,28.82,34385,28.75,29.11,28.39,28.82,34385
2020-04-22,29.71,30.00,29.42,29.65,27347,29.71,30.00,29.42,29.65,27347,29.71,30.00,29.42,29.65,27347
2020-04-23,30.43,30.70,30.16,30.51,27464,30.43,30.70,30.16,30.51,27464,30.43,30.70,30.16,30.51,27464
2020-04-24,30.94,31.27,30.62,30.97,28525,30.94,31.27,30.62,30.97,28525,30.94,31.27,30.62,30.97,28525
2020-04-27,30.02,30.39,29.65,30.16,24720,30.02,30.39,29.65,30.16,24720,30.02,30.39,29.65,30.16,24720
2020-04-28,30.26,30.77,29.75,30.30,33533,30.26,30.77,29.75,30.30,33533,30.26,30.77,29.75,30.30,33533
2020-04-29,31.15,31.47,30.84,31.13,26050,31.15,31.47,30.84,31.13,26050,31.15,31.47,30.84,31.13,26050
2020-04-30,32.12,32.31,31.92,31.94,21862,32.12,32.31,31.92,31.94,21862,32.12,32.31,31.92,31.94,21862
2020-05-01,31.87,32.31,31.44,31.83,26813,31.87,32.31,31.44,31.83,26813,31.87,32.31,31.44,31.83,26813
2020-05-04,31.86,32.13,31.60,31.79,29844,31.86,32.13,31.60,31.79,29844,31.86,32.13,31.60,31.79,29844
2020-05-05,31.07,31.15,30.99,31.06,24921,31.07,31.15,30.99,31.06,24921,31.07,31.15,30.99,31.06,24921
2020-05-06,31.26,31.46,31.06,31.19,26816,31.26,31.46,31.06,31.19,26816,31.26,31.46,31.06,31.19,26816
2020-05-07,31.86,32.48,31.25,31.87,26441,31.86,32.48,31.25,31.87,26441,31.86,32.48,31.25,31.87,26441
2020-05-08,32.63,32.99,32.28,32.84,33240,32.63,32.99,32.28,32.84,33240,32.63,32.99,32.28,32.84,33240
2020-05-11,33.55,33.79,33.31,33.37,34388,33.55,33.79,33.31,33.37,34388,33.55,33.79,33.31,33.37,34388
2020-05-12,32.50,33.02,31.99,32.60,30074,32.50,33.02,31.99,32.60,30074,32.50,33.02,31.99,32.60,30074
2020-05-13,33.63,33.88,33.38,33.57,32288,33.63,33.88,33.38,33.57,32288,33.63,33.88,33.38,33.57,32288
2020-05-14,33.67,34.11,33.23,33.65,28520,33.67,34.11,33.23,33.65,28520,33.67,34.11,33.23,33.65,28520
2020-05-15,34.00,34.42,33.59,33.90,30226,34.00,34.42,33.59,33.90,30226,34.00,34.42,33.59,33.90,30226
2020-05-18,34.86,35.22,34.50,34.93,28614,34.86,35.22,34.50,34.93,28614,34.86,35.22,34.50,34.93,28614
2020-05-19,35.66,35.94,35.37,35.59,34655,35.66,35.94,35.37,35.59,34655,35.66,35.94,35.37,35.59,34655
2020-05-20,34.61,34.89,34.33,34.42,32616,34.61,34.89,34.33,34.42,32616,34.61,34.89,34.33,34.42,32616
2020-05-21,34.89,35.28,34.50,34.72,31493,34.89,35.28,34.50,34.72,31493,34.89,35.28,34.50,34.72,31493
2020-05-22,34.37,34.93,33.81,34.29,27601,34.37,34.93,33.81,34.29,27601,34.37,34.93,33.81,34.29,27601
2020-05-25,34.78,35.28,34.29,34.78,26341,34.78,35.28,34.29,34.78,26341,34.78,35.28,34.29,34.78,26341
2020-05-26,34.82,35.11,34.52,34.77,30342,34.82,35.11,34.52,34.77,30342,34.82,35.11,34.52,34.77,30342
2020-05-27,33.89,34.32,33.47,34.03,19411,33.89,34.32,33.47,34.03,19411,33.89,34.32,33.47,34.03,19411
2020-05-28,34.67,35.15,34.18,34.48,33314,34.67,35.15,34.18,34.48,33314,34.67,35.15,34.18,34.48,33314
2020-05-29,35.11,35.76,34.47,34.90,24374,35.11,35.76,34.47,34.90,24374,35.11,35.76,34.47,34.90,24374
2020-06-01,34.73,35.12,34.34,34.61,22873,34.73,35.12,34.34,34.61,22873,34.73,35.12,34.34,34.61,22873
2020-06-02,34.27,34.60,33.93,34.36,20686,34.27,34.60,33.93,34.36,20686,34.27,34.60,33.93,34.36,20686
2020-06-03,34.04,34.39,33.69,34.12,21460,34.04,34.39,33.69,34.12,21460,34.04,34.39,33.69,34.12,21460
2020-06-04,34.64,34.90,34.38,34.51,21202,34.64,34.90,34.38,34.51,21202,34.64,34.90,34.38,34.51,21202
2020-06-05,34.04,34.52,33.57,33.84,19238,34.04,34.52,33.57,33.84,19238,34.04,34.52,33.57,33.84,19238
2020-06-08,33.25,33.80,32.70,33.26,30242,33.25,33.80,32.70,33.26,30242,33.25,33.80,32.70,33.26,30242
2020-06-09,33.93,34.43,33.43,34.04,18273,33.93,34.43,33.43,34.04,18273,33.93,34.43,33.43,34.04,18273
2020-06-10,34.50,34.80,34.20,34.27,29474,34.50,34.80,34.20,34.27,29474,34.50,34.80,34.20,34.27,29474
2020-06-11,34.44,34.85,34.04,34.54,26035,34.44,34.85,34.04,34.54,26035,34.44,34.85,34.04,34.54,26035
2020-06-12,34.68,34.88,34.48,34.73,24182,34.68,34.88,34.48,34.73,24182,34.68,34.88,34.48,34.73,24182
2020-06-15,34.93,35.24,34.61,34.84,34653,34.93,35.24,34.61,34.84,34653,34.93,35.24,34.61,34.84,34653
2020-06-16,34.95,35.16,34.74,35.07,29775,34.95,35.16,34.74,35.07,29775,34.95,35.16,34.74,35.07,29775
2020-06-17,33.81,34.14,33.48,33.81,22242,33.81,34.14,33.48,33.81,22242,33.81,34.14,33.48,33.81,22242
2020-06-18,34.48,34.69,34.27,34.52,32134,34.48,34.69,34.27,34.52,32134,34.48,34.69,34.27,34.52,32134
2020-06-19,34.38,34.82,33.93,34.55,29346,34.38,34.82,33.93,34.55,29346,34.38,34.82,33.93,34.55,29346
2020-06-22,34.67,34.94,34.41,34.83,34109,34.67,34.94,34.41,34.83,34109,34.67,34.94,34.41,34.83,34109
2020-06-23,35.14,35.39,34.90,35.28,23679,35.14,35.39,34.90,35.28,23679,35.14,35.39,34.90,35.28,23679
2020-06-24,34.77,35.30,34.24,34.82,27541,34.77,35.30,34.24,34.82,27541,34.77,35.30,34.24,34.82,27541
2020-06-25,34.52,34.83,34.20,34.42,26674,34.52,34.83,34.20,34.42,26674,34.52,34.83,34.20,34.42,26674
2020-06-26,35.23,35.55,34.90,35.16,32972,35.23,35.55,34.90,35.16,32972,35.23,35.55,34.90,35.16,32972
2020-06-29,34.72,34.99,34.44,34.46,19069,34.72,34.99,34.44,34.46,19069,34.72,34.99,34.44,34.46,19069
2020-06-30,34.20,34.41,33.99,34.07,22130,34.20,34.41,33.99,34.07,22130,34.20,34.41,33.99,34.07,22130
2020-07-01,35.55,36.05,35.06,35.63,31993,35.55,36.05,35.06,35.63,31993,35.55,36.05,35.06,35.63,31993
2020-07-02,36.12,36.79,35.45,36.07,32070,36.12,36.79,35.45,36.07,32070,36.12,36.79,35.45,36.07,32070
2020-07-03,35.31,35.52,35.10,35.48,20001,35.31,35.52,35.10,35.48,20001,35.31,35.52,35.10,35.48,20001
2020-07-06,35.44,35.95,34.94,35.43,19608,35.44,35.95,34.94,35.43,19608,35.44,35.95,34.94,35.43,19608
2020-07-07,36.23,36.53,35.93,36.31,24213,36.23,36.53,35.93,36.31,24213,36.23,36.53,35.93,36.31,24213
2020-07-08,36.24,36.57,35.91,36.01,30139,36.24,36.57,35.91,36.01,30139,36.24,36.57,35.91,36.01,30139
2020-07-09,35.71,36.11,35.31,35.80,22201,35.71,36.11,35.31,35.80,22201,35.71,36.11,35.31,35.80,22201
2020-07-10,37.11,37.48,36.74,36.96,18744,37.11,37.48,36.74,36.96,18744,37.11,37.48,36.74,36.96,18744
2020-07-13,37.09,37.69,36.49,37.09,34994,37.09,37.69,36.49,37.09,34994,37.09,37.69,36.49,37.09,34994
2020-07-14,36.81,37.11,36.51,36.63,21388,36.81,37.11,36.51,36.63,21388,36.81,37.11,36.51,36.63,21388
2020-07-15,36.31,36.75,35.87,36.33,26019,36.31,36.75,35.87,36.33,26019,36.31,36.75,35.87,36.33,26019
2020-07-16,36.45,37.09,35.81,36.54,23675,36.45,37.09,35.81,36.54,23675,36.45,37.09,35.81,36.54,23675
2020-07-17,37.03,37.55,36.52,37.08,29646,37.03,37.55,36.52,37.08,29646,37.03,37.55,36.52,37.08,29646
2020-07-20,37.93,38.27,37.59,37.93,23396,37.93,38.27,37.59,37.93,23396,37.93,38.27,37.59,37.93,23396
2020-07-21,38.00,38.49,37.51,38.04,34240,38.00,38.49,37.51,38.04,34240,38.00,38.49,37.51,38.04,34240
2020-07-22,37.29,37.81,36.78,37.36,31250,37.29,37.81,36.78,37.36,31250,37.29,37.81,36.78,37.36,31250
2020-07-23,37.45,37.70,37.20,37.52,27670,37.45,37.70,37.20,37.52,27670,37.45,37.70,37.20,37.52,27670
2020-07-24,37.52,37.97,37.06,37.47,19411,37.52,37.97,37.06,37.47,19411,37.52,37.97,37.06,37.47,19411
2020-07-27,37.80,38.09,37.50,37.97,18520,37.80,38.09,37.50,37.97,18520,37.80,38.09,37.50,37.97,18520
2020-07-28,38.24,38.65,37.83,38.30,26299,38.24,38.65,37.83,38.30,26299,38.24,38.65,37.83,38.30,26299
2020-07-29,38.98,39.37,38.60,38.69,28330,38.98,39.37,38.60,38.69,28330,38.98,39.37,38.60,38.69,28330
2020-07-30,39.51,40.05,38.96,39.33,33799,39.51,40.05,38.96,39.33,33799,39.51,40.05,38.96,39.33,33799
2020-07-31,39.88,40.65,39.12,39.89,28804,39.88,40.65,39.12,39.89,28804,39.88,40.65,39.12,39.89,28804
2020-08-03,39.98,40.60,39.36,39.81,33424,39.98,40.60,39.36,39.81,33424,39.98,40.60,39.36,39.81,33424
2020-08-04,40.63,41.14,40.12,40.44,28280,40.63,41.14,40.12,40.44,28280,40.63,41.14,40.12,40.44,28280
2020-08-05,40.53,40.91,40.15,40.24,27566,40.53,40.91,40.15,40.24,27566,40.53,40.91,40.15,40.24,27566
2020-08-06,40.13,40.43,39.84,39.95,33194,40.13,40.43,39.84,39.95,33194,40.13,40.43,39.84,39.95,33194
2020-08-07,41.20,41.43,40.97,41.09,26806,41.20,41.43,40.97,41.09,26806,41.20,41.43,40.97,41.09,26806
2020-08-10,41.73,42.33,41.14,41.79,29695,41.73,42.33,41.14,41.79,29695,41.73,42.33,41.14,41.79,29695
2020-08-11,42.40,42.68,42.12,42.26,26807,42.40,42.68,42.12,42.26,26807,42.40,42.68,42.12,42.26,26807
2020-08-12,42.18,42.62,41.73,42.23,23527,42.18,42.62,41.73,42.23,23527,42.18,42.62,41.73,42.23,23527
2020-08-13,42.70,43.09,42.31,42.82,21137,42.70,43.09,42.31,42.82,21137,42.70,43.09,42.31,42.82,21137
2020-08-14,42.88,43.15,42.61,42.63,19267,42.88,43.15,42.61,42.63,19267,42.88,43.15,42.61,42.63,19267
2020-08-17,41.61,42.11,41.12,41.64,29108,41.61,42.11,41.12,41.64,29108,41.61,42.11,41.12,41.64,29108
2020-08-18,42.26,42.76,41.77,42.40,25439,42.26,42.76,41.77,42.40,25439,42.26,42.76,41.77,42.40,25439
2020-08-19,43.47,43.73,43.21,43.33,34422,43.47,43.73,43.21,43.33,34422,43.47,43.73,43.21,43.33,34422
2020-08-20,45.03,45.20,44.85,44.96,34869,45.03,45.20,44.85,44.96,34869,45.03,45.20,44.85,44.96,34869
2020-08-21,44.57,45.24,43.89,44.84,20091,44.57,45.24,43.89,44.84,20091,44.57,45.24,43.89,44.84,20091
2020-08-24,43.84,44.12,43.55,43.84,32373,43.84,44.12,43.55,43.84,32373,43.84,44.12,43.55,43.84,32373
2020-08-25,43.53,44.29,42.77,43.63,18343,43.53,44.29,42.77,43.63,18343,43.53,44.29,42.77,43.63,18343
2020-08-26,43.09,43.68,42.50,43.15,21464,43.09,43.68,42.50,43.15,21464,43.09,43.68,42.50,43.15,21464
2020-08-27,43.93,44.46,43.40,43.98,26724,43.93,44.46,43.40,43.98,26724,43.93,44.46,43.40,43.98,26724
2020-08-28,43.61,44.01,43.21,43.72,22371,43.61,44.01,43.21,43.72,22371,43.61,44.01,43.21,43.72,22371
2020-08-31,44.38,44.79,43.96,44.12,29288,44.38,44.79,43.96,44.12,29288,44.38,44.79,43.96,44.12,29288
2020-09-01,44.08,44.85,43.30,44.30,25481,44.08,44.85,43.30,44.30,25481,44.08,44.85,43.30,44.30,25481
2020-09-02,42.51,43.11,41.91,42.61,34689,42.51,43.11,41.91,42.61,34689,42.51,43.11,41.91,42.61,34689
2020-09-03,42.84,43.30,42.37,42.69,34607,42.84,43.30,42.37,42.69,34607,42.84,43.30,42.37,42.69,34607
2020-09-04,42.26,42.82,41.69,42.14,25363,42.26,42.82,41.69,42.14,25363,42.26,42.82,41.69,42.14,25363
2020-09-07,42.62,43.32,41.92,42.46,19679,42.62,43.32,41.92,42.46,19679,42.62,43.32,41.92,42.46,19679
2020-09-08,43.55,43.88,43.22,43.56,34278,43.55,43.88,43.22,43.56,34278,43.55,43.88,43.22,43.56,34278
2020-09-09,43.76,44.31,43.20,43.69,24608,43.76,44.31,43.20,43.69,24608,43.76,44.31,43.20,43.69,24608
2020-09-10,44.07,44.49,43.65,43.82,33565,44.07,44.49,43.65,43.82,33565,44.07,44.49,43.65,43.82,33565
2020-09-11,44.29,45.27,43.31,44.12,27581,44.29,45.27,43.31,44.12,27581,44.29,45.27,43.31,44.12,27581
2020-09-14,43.86,44.40,43.31,43.74,20702,43.86,44.40,43.31,43.74,20702,43.86,44.40,43.31,43.74,20702
2020-09-15,43.62,44.13,43.10,43.65,23505,43.62,44.13,43.10,43.65,23505,43.62,44.13,43.10,43.65,23505
2020-09-16,44.33,44.80,43.86,44.34,20760,44.33,44.80,43.86,44.34,20760,44.33,44.80,43.86,44.34,20760
2020-09-17,43.80,44.50,43.10,43.83,24287,43.80,44.50,43.10,43.83,24287,43.80,44.50,43.10,43.83,24287
2020-09-18,44.20,44.63,43.77,44.17,21939,44.20,44.63,43.77,44.17,21939,44.20,44.63,43.77,44.17,21939
2020-09-21,43.87,44.70,43.04,44.07,22395,43.87,44.70,43.04,44.07,22395,43.87,44.70,43.04,44.07,22395
2020-09-22,42.61,42.97,42.24,42.86,19984,42.61,42.97,42.24,42.86,19984,42.61,42.97,42.24,42.86,19984
2020-09-23,43.17,43.61,42.73,43.17,29719,43.17,43.61,42.73,43.17,29719,43.17,43.61,42.73,43.17,29719
2020-09-24,44.73,45.18,44.28,44.42,25341,44.73,45.18,44.28,44.42,25341,44.73,45.18,44.28,44.42,25341
2020-09-25,44.59,45.04,44.13,44.52,32175,44.59,45.04,44.13,44.52,32175,44.59,45.04,44.13,44.52,32175
2020-09-28,45.41,45.64,45.17,45.49,26616,45.41,45.64,45.17,45.49,26616,45.41,45.64,45.17,45.49,26616
2020-09-29,45.24,45.92,44.55,45.35,21325,45.24,45.92,44.55,45.35,21325,45.24,45.92,44.55,45.35,21325
2020-09-30,45.02,45.76,44.29,45.03,27375,45.02,45.76,44.29,45.03,27375,45.02,45.76,44.29,45.03,27375
2020-10-01,45.68,46.16,45.21,45.90,30809,45.68,46.16,45.21,45.90,30809,45.68,46.16,45.21,45.90,30809
2020-10-02,46.16,46.77,45.54,46.06,23475,46.16,46.77,45.54,46.06,23475,46.16,46.77,45.54,46.06,23475
2020-10-05,45.44,45.78,45.10,45.49,28451,45.44,45.78,45.10,45.49,28451,45.44,45.78,45.10,45.49,28451
2020-10-06,46.33,46.95,45.72,46.23,29881,46.33,46.95,45.72,46.23,29881,46.33,46.95,45.72,46.23,29881
2020-10-07,46.61,47.40,45.83,46.75,24126,46.61,47.40,45.83,46.75,24126,46.61,47.40,45.83,46.75,24126
2020-10-08,47.37,47.99,46.76,47.35,17783,47.37,47.99,46.76,47.35,17783,47.37,47.99,46.76,47.35,17783
2020-10-09,47.20,47.82,46.58,47.27,24410,47.20,47.82,46.58,47.27,24410,47.20,47.82,46.58,47.27,24410
2020-10-12,45.64,46.08,45.20,45.91,26390,45.64,46.08,45.20,45.91,26390,45.64,46.08,45.20,45.91,26390
2020-10-13,45.66,46.20,45.13,45.65,31823,45.66,46.20,45.13,45.65,31823,45.66,46.20,45.13,45.65,31823
2020-10-14,45.61,46.22,45.00,45.34,21058,45.61,46.22,45.00,45.34,21058,45.61,46.22,45.00,45.34,21058
2020-10-15,45.99,46.76,45.22,45.87,28767,45.99,46.76,45.22,45.87,28767,45.99,46.76,45.22,45.87,28767
2020-10-16,45.01,45.67,44.36,45.12,21456,45.01,45.67,44.36,45.12,21456,45.01,45.67,44.36,45.12,21456
2020-10-19,43.81,44.23,43.40,43.98,19213,43.81,44.23,43.40,43.98,19213,43.81,44.23,43.40,43.98,19213
2020-10-20,43.18,43.55,42.81,43.23,18621,43.18,43.55,42.81,43.23,18621,43.18,43.55,42.81,43.23,18621
2020-10-21,44.37,44.88,43.85,44.48,27438,44.37,44.88,43.85,44.48,27438,44.37,44.88,43.85,44.48,27438
2020-10-22,45.15,45.58,44.72,45.03,22022,45.15,45.58,44.72,45.03,22022,45.15,45.58,44.72,45.03,22022
2020-10-23,44.70,45.08,44.33,44.86,23458,44.70,45.08,44.33,44.86,23458,44.70,45.08,44.33,44.86,23458
2020-10-26,44.47,45.00,43.94,44.40,25963,44.47,45.00,43.94,44.40,25963,44.47,45.00,43.94,44.40,25963
2020-10-27,45.09,45.36,44.82,45.11,25960,45.09,45.36,44.82,45.11,25960,45.09,45.36,44.82,45.11,25960
2020-10-28,44.75,45.27,44.22,44.74,25337,44.75,45.27,44.22,44.74,25337,44.75,45.27,44.22,44.74,25337
2020-10-29,45.46,45.74,45.18,45.20,21375,45.46,45.74,45.18,45.20,21375,45.46,45.74,45.18,45.20,21375
2020-10-30,44.65,45.44,43.87,45.04,19636,44.65,45.44,43.87,45.04,19636,44.65,45.44,43.87,45.04,19636
2020-11-02,44.37,44.86,43.87,44.37,33995,44.37,44.86,43.87,44.37,33995,44.37,44.86,43.87,44.37,33995
2020-11-03,44.59,45.18,44.01,44.53,20633,44.59,45.18,44.01,44.53,20633,44.59,45.18,44.01,44.53,20633
2020-11-04,45.03,45.34,44.72,45.18,23828,45.03,45.34,44.72,45.18,23828,45.03,45.34,44.72,45.18,23828
2020-11-05,46.25,46.81,45.68,46.00,18199,46.25,46.81,45.68,46.00,18199,46.25,46.81,45.68,46.00,18199
2020-11-06,46.19,46.73,45.64,46.13,32327,46.19,46.73,45.64,46.13,32327,46.19,46.73,45.64,46.13,32327
2020-11-09,47.72,48.48,46.96,47.64,21543,47.72,48.48,46.96,47.64,21543,47.72,48.48,46.96,47.64,21543
2020-11-10,48.11,48.88,47.35,48.07,23369,48.11,48.88,47.35,48.07,23369,48.11,48.88,47.35,48.07,23369
2020-11-11,49.45,50.27,48.62,49.48,27826,49.45,50.27,48.62,49.48,27826,49.45,50.27,48.62,49.48,27826
2020-11-12,50.26,50.86,49.66,50.25,17718,50.26,50.86,49.66,50.25,17718,50.26,50.86,49.66,50.25,17718
2020-11-13,49.70,50.09,49.31,49.52,29183,49.70,50.09,49.31,49.52,29183,49.70,50.09,49.31,49.52,29183
2020-11-16,49.06,49.61,48.51,49.01,30268,49.06,49.61,48.51,49.01,30268,49.06,49.61,48.51,49.01,30268
2020-11-17,48.69,49.26,48.13,48.47,23781,48.69,49.26,48.13,48.47,23781,48.69,49.26,48.13,48.47,23781
2020-11-18,47.83,48.49,47.17,48.09,22947,47.83,48.49,47.17,48.09,22947,47.83,48.49,47.17,48.09,22947
2020-11-19,47.97,48.25,47.69,47.76,23301,47.97,48.25,47.69,47.76,23301,47.97,48.25,47.69,47.76,23301
2020-11-20,48.34,48.84,47.83,48.26,29687,48.34,48.84,47.83,48.26,29687,48.34,48.84,47.83,48.26,29687
2020-11-23,48.38,49.00,47.76,48.26,34324,48.38,49.00,47.76,48.26,34324,48.38,49.00,47.76,48.26,34324
2020-11-24,48.52,48.81,48.23,48.51,25192,48.52,48.81,48.23,48.51,25192,48.52,48.81,48.23,48.51,25192
2020-11-25,50.53,51.06,49.99,50.32,28207,50.53,51.06,49.99,50.32,28207,50.53,51.06,49.99,50.32,28207
2020-11-26,51.07,51.59,50.55,50.84,34590,51.07,51.59,50.55,50.84,34590,51.07,51.59,50.55,50.84,34590
2020-11-27,51.84,52.62,51.07,51.73,23291,51.84,52.62,51.07,51.73,23291,51.84,52.62,51.07,51.73,23291
2020-11-30,51.88,52.68,51.08,51.77,27001,51.88,52.68,51.08,51.77,27001,51.88,52.68,51.08,51.77,27001
2020-12-01,52.72,53.57,51.88,52.70,23479,52.72,53.57,51.88,52.70,23479,52.72,53.57,51.88,52.70,23479
2020-12-02,53.28,53.81,52.75,52.85,19787,53.28,53.81,52.75,52.85,19787,53.28,53.81,52.75,52.85,19787
2020-12-03,51.14,51.79,50.49,51.13,23268,51.14,51.79,50.49,51.13,23268,51.14,51.79,50.49,51.13,23268
2020-12-04,49.78,50.43,49.13,49.90,24728,49.78,50.43,49.13,49.90,24728,49.78,50.43,49.13,49.90,24728
2020-12-07,50.11,50.67,49.55,50.05,18260,50.11,50.67,49.55,50.05,18260,50.11,50.67,49.55,50.05,18260
2020-12-08,51.37,52.10,50.63,51.19,24441,51.37,52.10,50.63,51.19,24441,51.37,52.10,50.63,51.19,24441
2020-12-09,50.41,51.01,49.81,50.36,19358,50.41,51.01,49.81,50.36,19358,50.41,51.01,49.81,50.36,19358
2020-12-10,51.64,52.32,50.96,51.50,28216,51.64,52.32,50.96,51.50,28216,51.64,52.32,50.96,51.50,28216
2020-12-11,52.20,52.74,51.66,51.84,32157,52.20,52.74,51.66,51.84,32157,52.20,52.74,51.66,51.84,32157
2020-12-14,52.29,53.49,51.09,51.90,33394,52.29,53.49,51.09,51.90,33394,52.29,53.49,51.09,51.90,33394
2020-12-15,52.00,52.45,51.55,51.78,30372,52.00,52.45,51.55,51.78,30372,52.00,52.45,51.55,51.78,30372
2020-12-16,51.51,52.09,50.93,51.53,21900,51.51,52.09,50.93,51.53,21900,51.51,52.09,50.93,51.53,21900
2020-12-17,50.94,51.43,50.45,51.00,23636,50.94,51.43,50.45,51.00,23636,50.94,51.43,50.45,51.00,23636
2020-12-18,52.40,53.17,51.63,52.31,32598,52.40,53.17,51.63,52.31,32598,52.40,53.17,51.63,52.31,32598
2020-12-21,52.75,53.10,52.39,52.72,28177,52.75,53.10,52.39,52.72,28177,52.75,53.10,52.39,52.72,28177
2020-12-22,53.34,53.89,52.79,53.27,20510,53.34,53.89,52.79,53.27,20510,53.34,53.89,52.79,53.27,20510
2020-12-23,52.34,52.90,51.77,52.20,30762,52.34,52.90,51.77,52.20,30762,52.34,52.90,51.77,52.20,30762
2020-12-24,52.82,53.26,52.38,52.67,29724,52.82,53.26,52.38,52.67,29724,52.82,53.26,52.38,52.67,29724
2020-12-25,53.33,53.81,52.85,53.35,17503,53.33,53.81,52.85,53.35,17503,53.33,53.81,52.85,53.35,17503
2020-12-28,54.21,54.92,53.49,54.02,29138,54.21,54.92,53.49,54.02,29138,54.21,54.92,53.49,54.02,29138
2020-12-29,55.19,56.02,54.36,55.17,31078,55.19,56.02,54.36,55.17,31078,55.19,56.02,54.36,55.17,31078
2020-12-30,55.79,56.42,55.15,55.61,22647,55.79,56.42,55.15,55.61,22647,55.79,56.42,55.15,55.61,22647
2020-12-31,54.68,55.13,54.22,54.58,26038,54.68,55.13,54.22,54.58,26038,54.68,55.13,54.22,54.58,26038
2021-01-01,55.30,56.08,54.52,54.97,33154,55.30,56.08,54.52,54.97,33154,55.30,56.08,54.52,54.97,33154
2021-01-04,55.06,55.44,54.68,54.99,26109,55.06,55.44,54.68,54.99,26109,55.06,55.44,54.68,54.99,26109
2021-01-05,55.33,55.78,54.87,55.27,26652,55.33,55.78,54.87,55.27,26652,55.33,55.78,54.87,55.27,26652
2021-01-06,54.99,55.88,54.09,55.22,29374,54.99,55.88,54.09,55.22,29374,54.99,55.88,54.09,55.22,29374
2021-01-07,54.92,55.80,54.04,55.23,21072,54.92,55.80,54.04,55.23,21072,54.92,55.80,54.04,55.23,21072
2021-01-08,55.44,55.92,54.97,55.52,19240,55.44,55.92,54.97,55.52,19240,55.44,55.92,54.97,55.52,19240
2021-01-11,55.57,56.11,55.04,55.61,33792,55.57,56.11,55.04,55.61,33792,55.57,56.11,55.04,55.61,33792
2021-01-12,54.82,55.44,54.21,54.86,19774,54.82,55.44,54.21,54.86,19774,54.82,55.44,54.21,54.86,19774
2021-01-13,54.80,55.49,54.11,54.96,19521,54.80,55.49,54.11,54.96,19521,54.80,55.49,54.11,54.96,19521
2021-01-14,53.96,54.31,53.61,54.14,28831,53.96,54.31,53.61,54.14,28831,53.96,54.31,53.61,54.14,28831
2021-01-15,53.87,54.45,53.30,53.89,32839,53.87,54.45,53.30,53.89,32839,53.87,54.45,53.30,53.89,32839
2021-01-18,54.14,54.74,53.54,54.36,18176,54.14,54.74,53.54,54.36,18176,54.14,54.74,53.54,54.36,18176
2021-01-19,54.55,55.09,54.01,54.50,23232,54.55,55.09,54.01,54.50,23232,54.55,55.09,54.01,54.50,23232
2021-01-20,54.02,54.44,53.60,53.86,18801,54.02,54.44,53.60,53.86,18801,54.02,54.44,53.60,53.86,18801
2021-01-21,53.85,54.14,53.57,53.91,25940,53.85,54.14,53.57,53.91,25940,53.85,54.14,53.57,53.91,25940
2021-01-22,53.59,53.95,53.23,53.61,33674,53.59,53.95,53.23,53.61,33674,53.59,53.95,53.23,53.61,33674
2021-01-25,52.90,53.31,52.49,52.70,29065,52.90,53.31,52.49,52.70,29065,52.90,53.31,52.49,52.70,29065
2021-01-26,53.43,53.95,52.91,53.39,32792,53.43,53.95,52.91,53.39,32792,53.43,53.95,52.91,53.39,32792
2021-01-27,53.00,53.45,52.56,52.94,21283,53.00,53.45,52.56,52.94,21283,53.00,53.45,52.56,52.94,21283
2021-01-28,53.16,53.92,52.41,53.30,27500,53.16,53.92,52.41,53.30,27500,53.16,53.92,52.41,53.30,27500
2021-01-29,53.18,53.74,52.62,53.09,34064,53.18,53.74,52.62,53.09,34064,53.18,53.74,52.62,53.09,34064
2021-02-01,54.67,55.73,53.61,54.38,27383,54.67,55.73,53.61,54.38,27383,54.67,55.73,53.61,54.38,27383
2021-02-02,54.76,55.28,54.23,54.75,19444,54.76,55.28,54.23,54.75,19444,54.76,55.28,54.23,54.75,19444
2021-02-03,56.13,57.07,55.18,55.97,22394,56.13,57.07,55.18,55.97,22394,56.13,57.07,55.18,55.97,22394
2021-02-04,55.04,55.57,54.51,55.01,27130,55.04,55.57,54.51,55.01,27130,55.04,55.57,54.51,55.01,27130
2021-02-05,55.89,56.38,55.40,55.87,20300,55.89,56.38,55.40,55.87,20300,55.89,56.38,55.40,55.87,20300
2021-02-08,56.55,57.04,56.07,56.14,23494,56.55,57.04,56.07,56.14,23494,56.55,57.04,56.07,56.14,23494
2021-02-09,55.27,55.77,54.76,55.21,34733,55.27,55.77,54.76,55.21,34733,55.27,55.77,54.76,55.21,34733
2021-02-10,53.21,53.92,52.50,53.17,27297,53.21,53.92,52.50,53.17,27297,53.21,53.92,52.50,53.17,27297
2021-02-11,53.95,54.64,53.27,54.09,22001,53.95,54.64,53.27,54.09,22001,53.95,54.64,53.27,54.09,22001
2021-02-12,52.27,53.06,51.48,52.41,33165,52.27,53.06,51.48,52.41,33165,52.27,53.06,51.48,52.41,33165
2021-02-15,51.36,51.95,50.76,51.28,21887,51.36,51.95,50.76,51.28,21887,51.36,51.95,50.76,51.28,21887
2021-02-16,51.50,51.92,51.08,51.50,18794,51.50,51.92,51.08,51.50,18794,51.50,51.92,51.08,51.50,18794
2021-02-17,52.04,52.68,51.40,52.07,29924,52.04,52.68,51.40,52.07,29924,52.04,52.68,51.40,52.07,29924
2021-02-18,52.49,52.97,52.01,52.60,27574,52.49,52.97,52.01,52.60,27574,52.49,52.97,52.01,52.60,27574
2021-02-19,51.86,52.42,51.30,51.87,30537,51.86,52.42,51.30,51.87,30537,51.86,52.42,51.30,51.87,30537
2021-02-22,53.72,54.53,52.92,53.16,29966,53.72,54.53,52.92,53.16,29966,53.72,54.53,52.92,53.16,29966
2021-02-23,53.53,54.29,52.78,53.77,23206,53.53,54.29,52.78,53.77,23206,53.53,54.29,52.78,53.77,23206
2021-02-24,53.20,53.78,52.62,53.15,33762,53.20,53.78,52.62,53.15,33762,53.20,53.78,52.62,53.15,33762
2021-02-25,53.85,54.72,52.99,53.77,30935,53.85,54.72,52.99,53.77,30935,53.85,54.72,52.99,53.77,30935
2021-02-26,53.22,53.59,52.85,53.32,20571,53.22,53.59,52.85,53.32,20571,53.22,53.59,52.85,53.32,20571
2021-03-01,54.83,55.41,54.24,54.77,21077,54.83,55.41,54.24,54.77,21077,54.83,55.41,54.24,54.77,21077
2021-03-02,56.52,57.52,55.53,56.59,34789,56.52,57.52,55.53,56.59,34789,56.52,57.52,55.53,56.59,34789
2021-03-03,55.97,56.70,55.24,55.80,19594,55.97,56.70,55.24,55.80,19594,55.97,56.70,55.24,55.80,19594
2021-03-04,56.03,56.74,55.31,55.87,32370,56.03,56.74,55.31,55.87,32370,56.03,56.74,55.31,55.87,32370
2021-03-05,54.73,55.28,54.19,55.05,23572,54.73,55.28,54.19,55.05,23572,54.73,55.28,54.19,55.05,23572
2021-03-08,54.92,55.60,54.23,55.06,28146,54.92,55.60,54.23,55.06,28146,54.92,55.60,54.23,55.06,28146
2021-03-09,56.27,56.68,55.85,56.03,31987,56.27,56.68,55.85,56.03,31987,56.27,56.68,55.85,56.03,31987
2021-03-10,53.27,53.92,52.62,53.19,27066,53.27,53.92,52.62,53.19,27066,53.27,53.92,52.62,53.19,27066
2021-03-11,53.55,54.27,52.82,53.62,33939,53.55,54.27,52.82,53.62,33939,53.55,54.27,52.82,53.62,33939
2021-03-12,52.40,53.25,51.56,52.19,19145,52.40,53.25,51.56,52.19,19145,52.40,53.25,51.56,52.19,19145
2021-03-15,51.25,51.73,50.77,51.09,20403,51.25,51.73,50.77,51.09,20403,51.25,51.73,50.77,51.09,20403
2021-03-16,50.62,51.14,50.10,50.62,31612,50.62,51.14,50.10,50.62,31612,50.62,51.14,50.10,50.62,31612
2021-03-17,49.79,50.41,49.17,49.63,20580,49.79,50.41,49.17,49.63,20580,49.79,50.41,49.17,49.63,20580
2021-03-18,48.84,49.30,48.38,48.98,34888,48.84,49.30,48.38,48.98,34888,48.84,49.30,48.38,48.98,34888
2021-03-19,48.02,48.50,47.53,47.98,31659,48.02,48.50,47.53,47.98,31659,48.02,48.50,47.53,47.98,31659
2021-03-22,47.28,47.65,46.91,47.34,26052,47.28,47.65,46.91,47.34,26052,47.28,47.65,46.91,47.34,26052
2021-03-23,46.97,47.43,46.51,47.37,31563,46.97,47.43,46.51,47.37,31563,46.97,47.43,46.51,47.37,31563
2021-03-24,46.38,46.99,45.77,46.36,23713,46.38,46.99,45.77,46.36,23713,46.38,46.99,45.77,46.36,23713
2021-03-25,47.95,48.48,47.43,48.08,28871,47.95,48.48,47.43,48.08,28871,47.95,48.48,47.43,48.08,28871
2021-03-26,46.98,47.49,46.47,47.23,28027,46.98,47.49,46.47,47.23,28027,46.98,47.49,46.47,47.23,28027
2021-03-29,46.82,47.21,46.44,46.77,27030,46.82,47.21,46.44,46.77,27030,46.82,47.21,46.44,46.77,27030
2021-03-30,47.91,48.23,47.60,47.89,31148,47.91,48.23,47.60,47.89,31148,47.91,48.23,47.60,47.89,31148
2021-03-31,48.47,49.02,47.91,48.33,31657,48.47,49.02,47.91,48.33,31657,48.47,49.02,47.91,48.33,31657
2021-04-01,49.29,49.76,48.83,49.28,29563,49.29,49.76,48.83,49.28,29563,49.29,49.76,48.83,49.28,29563
2021-04-02,49.01,49.33,48.68,49.09,32985,49.01,49.33,48.68,49.09,32985,49.01,49.33,48.68,49.09,32985
2021-04-05,47.98,48.42,47.54,48.10,30196,47.98,48.42,47.54,48.10,30196,47.98,48.42,47.54,48.10,30196
2021-04-06,47.91,48.51,47.31,47.87,28075,47.91,48.51,47.31,47.87,28075,47.91,48.51,47.31,47.87,28075
2021-04-07,49.23,49.71,48.74,49.29,31318,49.23,49.71,48.74,49.29,31318,49.23,49.71,48.74,49.29,31318
2021-04-08,49.52,50.06,48.97,49.29,30414,49.52,50.06,48.97,49.29,30414,49.52,50.06,48.97,49.29,30414
2021-04-09,49.86,50.55,49.17,49.66,31829,49.86,50.55,49.17,49.66,31829,49.86,50.55,49.17,49.66,31829
2021-04-12,49.06,49.84,48.28,48.90,26173,49.06,49.84,48.28,48.90,26173,49.06,49.84,48.28,48.90,26173
2021-04-13,50.03,50.25,49.82,50.10,34803,50.03,50.25,49.82,50.10,34803,50.03,50.25,49.82,50.10,34803
2021-04-14,50.77,51.51,50.02,50.44,28348,50.77,51.51,50.02,50.44,28348,50.77,51.51,50.02,50.44,28348
2021-04-15,50.91,51.43,50.39,50.87,34868,50.91,51.43,50.39,50.87,34868,50.91,51.43,50.39,50.87,34868
2021-04-16,51.02,51.84,50.21,50.56,31077,51.02,51.84,50.21,50.56,31077,51.02,51.84,50.21,50.56,31077
2021-04-19,48.76,49.11,48.41,48.75,25121,48.76,49.11,48.41,48.75,25121,48.76,49.11,48.41,48.75,25121
2021-04-20,50.39,50.98,49.79,50.32,26053,50.39,50.98,49.79,50.32,26053,50.39,50.98,49.79,50.32,26053
2021-04-21,51.42,52.13,50.71,51.27,28850,51.42,52.13,50.71,51.27,28850,51.42,52.13,50.71,51.27,28850
2021-04-22,51.97,52.77,51.16,51.92,25680,51.97,52.77,51.16,51.92,25680,51.97,52.77,51.16,51.92,25680
2021-04-23,51.61,52.45,50.77,51.54,19969,51.61,52.45,50.77,51.54,19969,51.61,52.45,50.77,51.54,19969
2021-04-26,51.74,52.25,51.23,52.12,30963,51.74,52.25,51.23,52.12,30963,51.74,52.25,51.23,52.12,30963
2021-04-27,51.56,52.34,50.78,51.35,29442,51.56,52.34,50.78,51.35,29442,51.56,52.34,50.78,51.35,29442
2021-04-28,52.51,52.88,52.13,52.38,31024,52.51,52.88,52.13,52.38,31024,52.51,52.88,52.13,52.38,31024
2021-04-29,52.55,53.10,51.99,52.78,32235,52.55,53.10,51.99,52.78,32235,52.55,53.10,51.99,52.78,32235
2021-04-30,53.22,53.70,52.74,53.62,27671,53.22,53.70,52.74,53.62,27671,53.22,53.70,52.74,53.62,27671
2021-05-03,52.77,53.29,52.24,52.76,28126,52.77,53.29,52.24,52.76,28126,52.77,53.29,52.24,52.76,28126
2021-05-04,51.68,52.41,50.95,51.67,27110,51.68,52.41,50.95,51.67,27110,51.68,52.41,50.95,51.67,27110
2021-05-05,51.51,52.15,50.86,51.35,31709,51.51,52.15,50.86,51.35,31709,51.51,52.15,50.86,51.35,31709
2021-05-06,51.10,51.62,50.59,51.09,28782,51.10,51.62,50.59,51.09,28782,51.10,51.62,50.59,51.09,28782
2021-05-07,50.60,51.06,50.14,50.35,26698,50.60,51.06,50.14,50.35,26698,50.60,51.06,50.14,50.35,26698
2021-05-10,50.15,50.64,49.67,49.72,25468,50.15,50.64,49.67,49.72,25468,50.15,50.64,49.67,49.72,25468
2021-05-11,49.95,50.49,49.41,50.30,28363,49.95,50.49,49.41,50.30,28363,49.95,50.49,49.41,50.30,28363
2021-05-12,52.28,52.69,51.86,52.19,17738,52.28,52.69,51.86,52.19,17738,52.28,52.69,51.86,52.19,17738
2021-05-13,51.77,52.38,51.16,51.69,24857,51.77,52.38,51.16,51.69,24857,51.77,52.38,51.16,51.69,24857
2021-05-14,52.03,52.54,51.51,51.92,31664,52.03,52.54,51.51,51.92,31664,52.03,52.54,51.51,51.92,31664
2021-05-17,52.31,52.83,51.80,52.32,28456,52.31,52.83,51.80,52.32,28456,52.31,52.83,51.80,52.32,28456
2021-05-18,50.52,51.24,49.81,50.38,20434,50.52,51.24,49.81,50.38,20434,50.52,51.24,49.81,50.38,20434
2021-05-19,50.35,51.18,49.53,50.36,29115,50.35,51.18,49.53,50.36,29115,50.35,51.18,49.53,50.36,29115
2021-05-20,49.20,49.75,48.66,49.32,34580,49.20,49.75,48.66,49.32,34580,49.20,49.75,48.66,49.32,34580
2021-05-21,49.41,49.60,49.21,49.54,23606,49.41,49.60,49.21,49.54,23606,49.41,49.60,49.21,49.54,23606
2021-05-24,49.37,49.78,48.97,49.01,32825,49.37,49.78,48.97,49.01,32825,49.37,49.78,48.97,49.01,32825
2021-05-25,49.48,50.00,48.96,49.17,27803,49.48,50.00,48.96,49.17,27803,49.48,50.00,48.96,49.17,27803
2021-05-26,48.08,48.51,47.64,48.13,28201,48.08,48.51,47.64,48.13,28201,48.08,48.51,47.64,48.13,28201
2021-05-27,49.34,49.93,48.75,49.36,31750,49.34,49.93,48.75,49.36,31750,49.34,49.93,48.75,49.36,31750
2021-05-28,50.69,51.44,49.94,50.40,30660,50.69,51.44,49.94,50.40,30660,50.69,51.44,49.94,50.40,30660
2021-05-31,49.03,49.55,48.51,49.00,34108,49.03,49.55,48.51,49.00,34108,49.03,49.55,48.51,49.00,34108
2021-06-01,49.16,49.69,48.63,49.44,29958,49.16,49.69,48.63,49.44,29958,49.16,49.69,48.63,49.44,29958
2021-06-02,50.25,51.00,49.51,50.15,23448,50.25,51.00,49.51,50.15,23448,50.25,51.00,49.51,50.15,23448
2021-06-03,49.58,49.88,49.28,49.57,21976,49.58,49.88,49.28,49.57,21976,49.58,49.88,49.28,49.57,21976
2021-06-04,50.12,50.45,49.78,50.20,18207,50.12,50.45,49.78,50.20,18207,50.12,50.45,49.78,50.20,18207
2021-06-07,51.17,51.99,50.34,51.21,33666,51.17,51.99,50.34,51.21,33666,51.17,51.99,50.34,51.21,33666
2021-06-08,50.13,50.82,49.44,50.13,31746,50.13,50.82,49.44,50.13,31746,50.13,50.82,49.44,50.13,31746
2021-06-09,48.96,49.39,48.53,48.98,34351,48.96,49.39,48.53,48.98,34351,48.96,49.39,48.53,48.98,34351
2021-06-10,48.66,48.86,48.46,48.82,28906,48.66,48.86,48.46,48.82,28906,48.66,48.86,48.46,48.82,28906
2021-06-11,47.78,48.11,47.44,47.77,24835,47.78,48.11,47.44,47.77,24835,47.78,48.11,47.44,47.77,24835
2021-06-14,47.04,47.52,46.56,47.16,25689,47.04,47.52,46.56,47.16,25689,47.04,47.52,46.56,47.16,25689
2021-06-15,46.80,47.46,46.14,46.76,19028,46.80,47.46,46.14,46.76,19028,46.80,47.46,46.14,46.76,19028
2021-06-16,47.53,48.09,46.97,47.59,21201,47.53,48.09,46.97,47.59,21201,47.53,48.09,46.97,47.59,21201
2021-06-17,48.35,48.87,47.83,48.30,18019,48.35,48.87,47.83,48.30,18019,48.35,48.87,47.83,48.30,18019
2021-06-18,48.88,49.17,48.59,48.81,31197,48.88,49.17,48.59,48.81,31197,48.88,49.17,48.59,48.81,31197
2021-06-21,48.88,49.28,48.48,48.73,26172,48.88,49.28,48.48,48.73,26172,48.88,49.28,48.48,48.73,26172
2021-06-22,49.08,49.60,48.55,48.99,33397,49.08,49.60,48.55,48.99,33397,49.08,49.60,48.55,48.99,33397
2021-06-23,48.27,48.84,47.70,48.22,27518,48.27,48.84,47.70,48.22,27518,48.27,48.84,47.70,48.22,27518
2021-06-24,47.84,48.24,47.43,47.73,23041,47.84,48.24,47.43,47.73,23041,47.84,48.24,47.43,47.73,23041
2021-06-25,46.60,46.91,46.28,46.63,23283,46.60,46.91,46.28,46.63,23283,46.60,46.91,46.28,46.63,23283
2021-06-28,47.28,47.80,46.75,47.53,25407,47.28,47.80,46.75,47.53,25407,47.28,47.80,46.75,47.53,25407
2021-06-29,47.25,47.85,46.64,47.02,33571,47.25,47.85,46.64,47.02,33571,47.25,47.85,46.64,47.02,33571
2021-06-30,46.99,47.23,46.75,47.01,28160,46.99,47.23,46.75,47.01,28160,46.99,47.23,46.75,47.01,28160
2021-07-01,45.10,45.64,44.55,44.95,34972,45.10,45.64,44.55,44.95,34972,45.10,45.64,44.55,44.95,34972
2021-07-02,45.54,46.07,45.01,45.49,22448,45.54,46.07,45.01,45.49,22448,45.54,46.07,45.01,45.49,22448
2021-07-05,45.39,45.76,45.02,45.38,18751,45.39,45.76,45.02,45.38,18751,45.39,45.76,45.02,45.38,18751
2021-07-06,45.37,45.69,45.05,45.25,33867,45.37,45.69,45.05,45.25,33867,45.37,45.69,45.05,45.25,33867
2021-07-07,44.57,45.28,43.87,44.38,24805,44.57,45.28,43.87,44.38,24805,44.57,45.28,43.87,44.38,24805
2021-07-08,45.17,45.79,44.55,45.47,25170,45.17,45.79,44.55,45.47,25170,45.17,45.79,44.55,45.47,25170
2021-07-09,45.11,45.59,44.63,44.93,18899,45.11,45.59,44.63,44.93,18899,45.11,45.59,44.63,44.93,18899
2021-07-12,44.56,44.85,44.27,44.83,30091,44.56,44.85,44.27,44.83,30091,44.56,44.85,44.27,44.83,30091
2021-07-13,43.20,43.47,42.92,43.17,34784,43.20,43.47,42.92,43.17,34784,43.20,43.47,42.92,43.17,34784
2021-07-14,43.13,43.84,42.41,43.31,29867,43.13,43.84,42.41,43.31,29867,43.13,43.84,42.41,43.31,29867
2021-07-15,43.93,44.40,43.47,43.97,32681,43.93,44.40,43.47,43.97,32681,43.93,44.40,43.47,43.97,32681
2021-07-16,43.87,44.20,43.54,43.70,33104,43.87,44.20,43.54,43.70,33104,43.87,44.20,43.54,43.70,33104
2021-07-19,43.64,44.25,43.03,43.66,20805,43.64,44.25,43.03,43.66,20805,43.64,44.25,43.03,43.66,20805
2021-07-20,42.66,43.50,41.81,42.55,31613,42.66,43.50,41.81,42.55,31613,42.66,43.50,41.81,42.55,31613
2021-07-21,43.38,43.66,43.10,43.50,27505,43.38,43.66,43.10,43.50,27505,43.38,43.66,43.10,43.50,27505
2021-07-22,44.06,44.56,43.56,44.18,19309,44.06,44.56,43.56,44.18,19309,44.06,44.56,43.56,44.18,19309
2021-07-23,43.49,44.19,42.78,43.36,24638,43.49,44.19,42.78,43.36,24638,43.49,44.19,42.78,43.36,24638
2021-07-26,43.52,44.02,43.01,43.22,19705,43.52,44.02,43.01,43.22,19705,43.52,44.02,43.01,43.22,19705
2021-07-27,44.13,44.49,43.77,44.04,23738,44.13,44.49,43.77,44.04,23738,44.13,44.49,43.77,44.04,23738
2021-07-28,45.03,45.73,44.34,44.80,20158,45.03,45.73,44.34,44.80,20158,45.03,45.73,44.34,44.80,20158
2021-07-29,44.35,44.70,44.00,44.16,22908,44.35,44.70,44.00,44.16,22908,44.35,44.70,44.00,44.16,22908
2021-07-30,44.09,44.61,43.56,43.84,22140,44.09,44.61,43.56,43.84,22140,44.09,44.61,43.56,43.84,22140
2021-08-02,44.51,45.15,43.86,44.17,34907,44.51,45.15,43.86,44.17,34907,44.51,45.15,43.86,44.17,34907
2021-08-03,45.29,45.67,44.92,44.98,28564,45.29,45.67,44.92,44.98,28564,45.29,45.67,44.92,44.98,28564
2021-08-04,45.94,46.49,45.40,45.91,26361,45.94,46.49,45.40,45.91,26361,45.94,46.49,45.40,45.91,26361
2021-08-05,45.10,45.28,44.92,45.15,20175,45.10,45.28,44.92,45.15,20175,45.10,45.28,44.92,45.15,20175
2021-08-06,44.59,45.09,44.08,44.48,28095,44.59,45.09,44.08,44.48,28095,44.59,45.09,44.08,44.48,28095
2021-08-09,45.70,46.21,45.20,45.49,26002,45.70,46.21,45.20,45.49,26002,45.70,46.21,45.20,45.49,26002
2021-08-10,46.25,46.64,45.87,46.19,31093,46.25,46.64,45.87,46.19,31093,46.25,46.64,45.87,46.19,31093
2021-08-11,45.68,46.28,45.07,45.54,22153,45.68,46.28,45.07,45.54,22153,45.68,46.28,45.07,45.54,22153
2021-08-12,44.97,45.50,44.44,44.95,18760,44.97,45.50,44.44,44.95,18760,44.97,45.50,44.44,44.95,18760
2021-08-13,43.38,44.10,42.67,43.53,29920,43.38,44.10,42.67,43.53,29920,43.38,44.10,42.67,43.53,29920
2021-08-16,42.66,42.94,42.39,42.81,29843,42.66,42.94,42.39,42.81,29843,42.66,42.94,42.39,42.81,29843
2021-08-17,43.93,44.40,43.47,43.82,31216,43.93,44.40,43.47,43.82,31216,43.93,44.40,43.47,43.82,31216
2021-08-18,43.82,44.20,43.44,43.82,30221,43.82,44.20,43.44,43.82,30221,43.82,44.20,43.44,43.82,30221
2021-08-19,43.18,43.68,42.68,42.98,32574,43.18,43.68,42.68,42.98,32574,43.18,43.68,42.68,42.98,32574
2021-08-20,42.62,43.19,42.05,42.43,23366,42.62,43.19,42.05,42.43,23366,42.62,43.19,42.05,42.43,23366
2021-08-23,42.58,43.19,41.97,42.53,23079,42.58,43.19,41.97,42.53,23079,42.58,43.19,41.97,42.53,23079
2021-08-24,43.44,43.75,43.12,43.16,21200,43.44,43.75,43.12,43.16,21200,43.44,43.75,43.12,43.16,21200
2021-08-25,44.19,44.59,43.80,44.16,25253,44.19,44.59,43.80,44.16,25253,44.19,44.59,43.80,44.16,25253
2021-08-26,45.11,45.71,44.52,45.13,29647,45.11,45.71,44.52,45.13,29647,45.11,45.71,44.52,45.13,29647
2021-08-27,44.25,44.72,43.79,44.50,23065,44.25,44.72,43.79,44.50,23065,44.25,44.72,43.79,44.50,23065
2021-08-30,43.99,44.59,43.38,43.86,34973,43.99,44.59,43.38,43.86,34973,43.99,44.59,43.38,43.86,34973
2021-08-31,43.39,43.85,42.94,43.81,22324,43.39,43.85,42.94,43.81,22324,43.39,43.85,42.94,43.81,22324
2021-09-01,41.37,41.99,40.75,41.39,22236,41.37,41.99,40.75,41.39,22236,41.37,41.99,40.75,41.39,22236
2021-09-02,41.28,41.87,40.70,41.16,34633,41.28,41.87,40.70,41.16,34633,41.28,41.87,40.70,41.16,34633
2021-09-03,41.86,42.53,41.19,41.52,28525,41.86,42.53,41.19,41.52,28525,41.86,42.53,41.19,41.52,28525
2021-09-06,41.95,42.38,41.53,41.84,31427,41.95,42.38,41.53,41.84,31427,41.95,42.38,41.53,41.84,31427
2021-09-07,41.92,42.24,41.60,41.76,21846,41.92,42.24,41.60,41.76,21846,41.92,42.24,41.60,41.76,21846
2021-09-08,42.46,42.88,42.04,42.53,27556,42.46,42.88,42.04,42.53,27556,42.46,42.88,42.04,42.53,27556
2021-09-09,42.21,42.86,41.56,42.19,33275,42.21,42.86,41.56,42.19,33275,42.21,42.86,41.56,42.19,33275
2021-09-10,42.95,43.43,42.47,42.73,21565,42.95,43.43,42.47,42.73,21565,42.95,43.43,42.47,42.73,21565
2021-09-13,42.79,43.13,42.45,42.72,18350,42.79,43.13,42.45,42.72,18350,42.79,43.13,42.45,42.72,18350
2021-09-14,43.21,43.50,42.92,43.24,24187,43.21,43.50,42.92,43.24,24187,43.21,43.50,42.92,43.24,24187
2021-09-15,43.61,43.96,43.27,43.38,33621,43.61,43.96,43.27,43.38,33621,43.61,43.96,43.27,43.38,33621
2021-09-16,42.51,43.10,41.92,42.54,23758,42.51,43.10,41.92,42.54,23758,42.51,43.10,41.92,42.54,23758
2021-09-17,43.01,43.77,42.24,43.02,19853,43.01,43.77,42.24,43.02,19853,43.01,43.77,42.24,43.02,19853
2021-09-20,43.47,43.98,42.96,43.36,31427,43.47,43.98,42.96,43.36,31427,43.47,43.98,42.96,43.36,31427
2021-09-21,42.86,43.20,42.52,42.86,24460,42.86,43.20,42.52,42.86,24460,42.86,43.20,42.52,42.86,24460
2021-09-22,42.70,42.89,42.51,42.67,23607,42.70,42.89,42.51,42.67,23607,42.70,42.89,42.51,42.67,23607
2021-09-23,43.19,43.61,42.78,43.17,29648,43.19,43.61,42.78,43.17,29648,43.19,43.61,42.78,43.17,29648
2021-09-24,43.38,43.99,42.77,43.47,30722,43.38,43.99,42.77,43.47,30722,43.38,43.99,42.77,43.47,30722
2021-09-27,43.81,44.02,43.60,43.63,33540,43.81,44.02,43.60,43.63,33540,43.81,44.02,43.60,43.63,33540
2021-09-28,43.61,44.11,43.10,43.69,31048,43.61,44.11,43.10,43.69,31048,43.61,44.11,43.10,43.69,31048
2021-09-29,43.45,44.02,42.87,43.29,20901,43.45,44.02,42.87,43.29,20901,43.45,44.02,42.87,43.29,20901
2021-09-30,42.73,43.16,42.29,42.58,21097,42.73,43.16,42.29,42.58,21097,42.73,43.16,42.29,42.58,21097
2021-10-01,42.65,42.96,42.35,42.48,24102,42.65,42.96,42.35,42.48,24102,42.65,42.96,42.35,42.48,24102
2021-10-04,42.82,43.30,42.35,42.85,31960,42.82,43.30,42.35,42.85,31960,42.82,43.30,42.35,42.85,31960
2021-10-05,43.45,43.94,42.96,43.31,29873,43.45,43.94,42.96,43.31,29873,43.45,43.94,42.96,43.31,29873
2021-10-06,41.73,42.17,41.29,41.65,19602,41.73,42.17,41.29,41.65,19602,41.73,42.17,41.29,41.65,19602
2021-10-07,42.16,42.70,41.61,42.32,21471,42.16,42.70,41.61,42.32,21471,42.16,42.70,41.61,42.32,21471
2021-10-08,43.37,43.80,42.94,43.46,34384,43.37,43.80,42.94,43.46,34384,43.37,43.80,42.94,43.46,34384
2021-10-11,44.07,44.43,43.71,44.02,32032,44.07,44.43,43.71,44.02,32032,44.07,44.43,43.71,44.02,32032
2021-10-12,44.26,44.88,43.64,44.38,34069,44.26,44.88,43.64,44.38,34069,44.26,44.88,43.64,44.38,34069
2021-10-13,43.54,44.20,42.88,43.23,30265,43.54,44.20,42.88,43.23,30265,43.54,44.20,42.88,43.23,30265
2021-10-14,42.74,43.19,42.29,42.68,20281,42.74,43.19,42.29,42.68,20281,42.74,43.19,42.29,42.68,20281
2021-10-15,42.58,43.20,41.96,42.71,28319,42.58,43.20,41.96,42.71,28319,42.58,43.20,41.96,42.71,28319
2021-10-18,43.29,43.52,43.06,43.22,21352,43.29,43.52,43.06,43.22,21352,43.29,43.52,43.06,43.22,21352
2021-10-19,42.67,43.25,42.09,42.65,34297,42.67,43.25,42.09,42.65,34297,42.67,43.25,42.09,42.65,34297
2021-10-20,42.27,42.92,41.62,42.34,32710,42.27,42.92,41.62,42.34,32710,42.27,42.92,41.62,42.34,32710
2021-10-21,43.65,44.18,43.13,43.46,31229,43.65,44.18,43.13,43.46,31229,43.65,44.18,43.13,43.46,31229
2021-10-22,44.33,44.69,43.97,44.29,31698,44.33,44.69,43.97,44.29,31698,44.33,44.69,43.97,44.29,31698
2021-10-25,42.86,43.53,42.18,42.70,33148,42.86,43.53,42.18,42.70,33148,42.86,43.53,42.18,42.70,33148
2021-10-26,43.03,43.88,42.19,42.72,28249,43.03,43.88,42.19,42.72,28249,43.03,43.88,42.19,42.72,28249
2021-10-27,43.04,43.58,42.50,43.01,21476,43.04,43.58,42.50,43.01,21476,43.04,43.58,42.50,43.01,21476
2021-10-28,42.11,42.50,41.72,42.23,31639,42.11,42.50,41.72,42.23,31639,42.11,42.50,41.72,42.23,31639
2021-10-29,43.01,43.49,42.54,42.89,25954,43.01,43.49,42.54,42.89,25954,43.01,43.49,42.54,42.89,25954
2021-11-01,42.07,42.59,41.54,42.12,28544,42.07,42.59,41.54,42.12,28544,42.07,42.59,41.54,42.12,28544
2021-11-02,41.65,41.96,41.35,41.93,29834,41.65,41.96,41.35,41.93,29834,41.65,41.96,41.35,41.93,29834
2021-11-03,42.62,42.92,42.31,42.56,19183,42.62,42.92,42.31,42.56,19183,42.62,42.92,42.31,42.56,19183
2021-11-04,42.34,42.87,41.82,42.14,19031,42.34,42.87,41.82,42.14,19031,42.34,42.87,41.82,42.14,19031
2021-11-05,40.97,41.28,40.67,40.70,20653,40.97,41.28,40.67,40.70,20653,40.97,41.28,40.67,40.70,20653
2021-11-08,39.38,39.84,38.91,39.30,23345,39.38,39.84,38.91,39.30,23345,39.38,39.84,38.91,39.30,23345
2021-11-09,38.94,39.09,38.79,38.90,32920,38.94,39.09,38.79,38.90,32920,38.94,39.09,38.79,38.90,32920
2021-11-10,37.79,38.18,37.40,37.73,20044,37.79,38.18,37.40,37.73,20044,37.79,38.18,37.40,37.73,20044
2021-11-11,38.76,39.31,38.21,38.69,23692,38.76,39.31,38.21,38.69,23692,38.76,39.31,38.21,38.69,23692
2021-11-12,38.42,38.78,38.07,38.54,28524,38.42,38.78,38.07,38.54,28524,38.42,38.78,38.07,38.54,28524
2021-11-15,39.34,39.90,38.79,39.39,32928,39.34,39.90,38.79,39.39,32928,39.34,39.90,38.79,39.39,32928
2021-11-16,39.32,39.63,39.01,39.45,24427,39.32,39.63,39.01,39.45,24427,39.32,39.63,39.01,39.45,24427
2021-11-17,40.50,40.77,40.22,40.52,24988,40.50,40.77,40.22,40.52,24988,40.50,40.77,40.22,40.52,24988
2021-11-18,40.82,41.16,40.48,41.03,26494,40.82,41.16,40.48,41.03,26494,40.82,41.16,40.48,41.03,26494
2021-11-19,41.71,42.13,41.30,41.77,29278,41.71,42.13,41.30,41.77,29278,41.71,42.13,41.30,41.77,29278
2021-11-22,42.65,43.10,42.19,42.44,18275,42.65,43.10,42.19,42.44,18275,42.65,43.10,42.19,42.44,18275
2021-11-23,42.79,43.42,42.15,42.72,18071,42.79,43.42,42.15,42.72,18071,42.79,43.42,42.15,42.72,18071
2021-11-24,43.01,43.44,42.59,43.02,20183,43.01,43.44,42.59,43.02,20183,43.01,43.44,42.59,43.02,20183
2021-11-25,43.66,44.18,43.14,43.42,27006,43.66,44.18,43.14,43.42,27006,43.66,44.18,43.14,43.42,27006
2021-11-26,43.40,43.75,43.04,43.31,25066,43.40,43.75,43.04,43.31,25066,43.40,43.75,43.04,43.31,25066
2021-11-29,44.08,44.56,43.59,44.21,21755,44.08,44.56,43.59,44.21,21755,44.08,44.56,43.59,44.21,21755
2021-11-30,43.58,43.94,43.22,43.53,29048,43.58,43.94,43.22,43.53,29048,43.58,43.94,43.22,43.53,29048
2021-12-01,42.71,43.13,42.28,42.95,20942,42.71,43.13,42.28,42.95,20942,42.71,43.13,42.28,42.95,20942
2021-12-02,42.34,42.80,41.87,42.22,27429,42.34,42.80,41.87,42.22,27429,42.34,42.80,41.87,42.22,27429
2021-12-03,41.46,42.13,40.80,41.44,24123,41.46,42.13,40.80,41.44,24123,41.46,42.13,40.80,41.44,24123
2021-12-06,40.45,41.20,39.70,40.59,30527,40.45,41.20,39.70,40.59,30527,40.45,41.20,39.70,40.59,30527
2021-12-07,40.63,41.00,40.25,40.50,27476,40.63,41.00,40.25,40.50,27476,40.63,41.00,40.25,40.50,27476
2021-12-08,40.16,40.72,39.59,40.18,29526,40.16,40.72,39.59,40.18,29526,40.16,40.72,39.59,40.18,29526
2021-12-09,40.11,40.56,39.65,39.87,33027,40.11,40.56,39.65,39.87,33027,40.11,40.56,39.65,39.87,33027
2021-12-10,40.62,40.93,40.31,40.67,31677,40.62,40.93,40.31,40.67,31677,40.62,40.93,40.31,40.67,31677
2021-12-13,42.47,42.96,41.98,42.60,26465,42.47,42.96,41.98,42.60,26465,42.47,42.96,41.98,42.60,26465
2021-12-14,42.18,42.68,41.67,41.98,19784,42.18,42.68,41.67,41.98,19784,42.18,42.68,41.67,41.98,19784
2021-12-15,41.63,42.34,40.92,41.86,20450,41.63,42.34,40.92,41.86,20450,41.63,42.34,40.92,41.86,20450
2021-12-16,41.79,42.13,41.46,41.58,27114,41.79,42.13,41.46,41.58,27114,41.79,42.13,41.46,41.58,27114
2021-12-17,41.26,41.75,40.77,41.18,31025,41.26,41.75,40.77,41.18,31025,41.26,41.75,40.77,41.18,31025
2021-12-20,41.33,41.91,40.76,41.27,18219,41.33,41.91,40.76,41.27,18219,41.33,41.91,40.76,41.27,18219
2021-12-21,41.56,42.20,40.93,41.50,19413,41.56,42.20,40.93,41.50,19413,41.56,42.20,40.93,41.50,19413
2021-12-22,41.06,41.35,40.76,40.78,33788,41.06,41.35,40.76,40.78,33788,41.06,41.35,40.76,40.78,33788
2021-12-23,41.67,42.22,41.13,41.38,28648,41.67,42.22,41.13,41.38,28648,41.67,42.22,41.13,41.38,28648
2021-12-24,41.62,41.72,41.53,41.58,32620,41.62,41.72,41.53,41.58,32620,41.62,41.72,41.53,41.58,32620
2021-12-27,40.76,41.07,40.45,40.64,17618,40.76,41.07,40.45,40.64,17618,40.76,41.07,40.45,40.64,17618
2021-12-28,41.09,41.37,40.80,41.17,32904,41.09,41.37,40.80,41.17,32904,41.09,41.37,40.80,41.17,32904
2021-12-29,40.83,41.26,40.41,40.86,34867,40.83,41.26,40.41,40.86,34867,40.83,41.26,40.41,40.86,34867
2021-12-30,41.17,41.59,40.75,40.93,33682,41.17,41.59,40.75,40.93,33682,41.17,41.59,40.75,40.93,33682
2021-12-31,41.44,41.80,41.09,41.69,25551,41.44,41.80,41.09,41.69,25551,41.44,41.80,41.09,41.69,25551
2022-01-03,41.96,42.54,41.39,42.06,26512,41.96,42.54,41.39,42.06,26512,41.96,42.54,41.39,42.06,26512
2022-01-04,42.11,42.43,41.79,42.26,25538,42.11,42.43,41.79,42.26,25538,42.11,42.43,41.79,42.26,25538
2022-01-05,41.47,41.78,41.17,41.47,34212,41.47,41.78,41.17,41.47,34212,41.47,41.78,41.17,41.47,34212
2022-01-06,41.41,42.02,40.79,41.26,34547,41.41,42.02,40.79,41.26,34547,41.41,42.02,40.79,41.26,34547
2022-01-07,40.31,40.70,39.92,40.49,31934,40.31,40.70,39.92,40.49,31934,40.31,40.70,39.92,40.49,31934
2022-01-10,41.36,41.57,41.15,41.34,27745,41.36,41.57,41.15,41.34,27745,41.36,41.57,41.15,41.34,27745
2022-01-11,40.54,41.14,39.94,40.75,20353,40.54,41.14,39.94,40.75,20353,40.54,41.14,39.94,40.75,20353
2022-01-12,41.15,41.54,40.75,41.00,23308,41.15,41.54,40.75,41.00,23308,41.15,41.54,40.75,41.00,23308
2022-01-13,41.41,41.80,41.03,41.18,19067,41.41,41.80,41.03,41.18,19067,41.41,41.80,41.03,41.18,19067
2022-01-14,41.57,41.85,41.30,41.60,28497,41.57,41.85,41.30,41.60,28497,41.57,41.85,41.30,41.60,28497
2022-01-17,41.52,42.06,40.97,41.61,34396,41.52,42.06,40.97,41.61,34396,41.52,42.06,40.97,41.61,34396
2022-01-18,42.26,42.91,41.61,42.16,18993,42.26,42.91,41.61,42.16,18993,42.26,42.91,41.61,42.16,18993
2022-01-19,42.62,43.00,42.24,42.49,29191,42.62,43.00,42.24,42.49,29191,42.62,43.00,42.24,42.49,29191
2022-01-20,42.03,42.45,41.60,42.00,33128,42.03,42.45,41.60,42.00,33128,42.03,42.45,41.60,42.00,33128
2022-01-21,42.25,42.59,41.91,42.18,24003,42.25,42.59,41.91,42.18,24003,42.25,42.59,41.91,42.18,24003
2022-01-24,42.54,42.94,42.14,42.23,26234,42.54,42.94,42.14,42.23,26234,42.54,42.94,42.14,42.23,26234
2022-01-25,42.64,43.00,42.28,42.45,24562,42.64,43.00,42.28,42.45,24562,42.64,43.00,42.28,42.45,24562
2022-01-26,41.52,41.87,41.16,41.62,21246,41.52,41.87,41.16,41.62,21246,41.52,41.87,41.16,41.62,21246
2022-01-27,40.06,40.44,39.68,40.20,22402,40.06,40.44,39.68,40.20,22402,40.06,40.44,39.68,40.20,22402
2022-01-28,39.50,40.13,38.87,39.77,33661,39.50,40.13,38.87,39.77,33661,39.50,40.13,38.87,39.77,33661
2022-01-31,38.88,39.28,38.48,38.60,19090,38.88,39.28,38.48,38.60,19090,38.88,39.28,38.48,38.60,19090
2022-02-01,39.39,39.93,38.85,39.23,33411,39.39,39.93,38.85,39.23,33411,39.39,39.93,38.85,39.23,33411
2022-02-02,40.38,40.99,39.78,40.43,19306,40.38,40.99,39.78,40.43,19306,40.38,40.99,39.78,40.43,19306
2022-02-03,40.57,40.81,40.34,40.62,17615,40.57,40.81,40.34,40.62,17615,40.57,40.81,40.34,40.62,17615
2022-02-04,40.35,40.89,39.80,40.37,30123,40.35,40.89,39.80,40.37,30123,40.35,40.89,39.80,40.37,30123
2022-02-07,39.76,40.09,39.44,39.97,26518,39.76,40.09,39.44,39.97,26518,39.76,40.09,39.44,39.97,26518
2022-02-08,39.93,40.35,39.51,39.89,19153,39.93,40.35,39.51,39.89,19153,39.93,40.35,39.51,39.89,19153
2022-02-09,38.69,39.20,38.18,38.62,25479,38.69,39.20,38.18,38.62,25479,38.69,39.20,38.18,38.62,25479
2022-02-10,37.99,38.38,37.61,37.95,20957,37.99,38.38,37.61,37.95,20957,37.99,38.38,37.61,37.95,20957
2022-02-11,37.87,38.12,37.61,37.72,30273,37.87,38.12,37.61,37.72,30273,37.87,38.12,37.61,37.72,30273
2022-02-14,37.84,38.27,37.40,37.80,30665,37.84,38.27,37.40,37.80,30665,37.84,38.27,37.40,37.80,30665
2022-02-15,38.12,38.24,38.00,38.01,19327,38.12,38.24,38.00,38.01,19327,38.12,38.24,38.00,38.01,19327
2022-02-16,37.30,37.70,36.89,37.09,30975,37.30,37.70,36.89,37.09,30975,37.30,37.70,36.89,37.09,30975
2022-02-17,37.43,37.88,36.98,37.49,31393,37.43,37.88,36.98,37.49,31393,37.43,37.88,36.98,37.49,31393
2022-02-18,38.33,38.75,37.90,38.37,34776,38.33,38.75,37.90,38.37,34776,38.33,38.75,37.90,38.37,34776
2022-02-21,38.08,38.34,37.83,38.12,29493,38.08,38.34,37.83,38.12,29493,38.08,38.34,37.83,38.12,29493
2022-02-22,38.08,38.54,37.62,38.08,30213,38.08,38.54,37.62,38.08,30213,38.08,38.54,37.62,38.08,30213
2022-02-23,38.36,38.81,37.90,38.25,25649,38.36,38.81,37.90,38.25,25649,38.36,38.81,37.90,38.25,25649
2022-02-24,37.17,37.64,36.70,37.27,24553,37.17,37.64,36.70,37.27,24553,37.17,37.64,36.70,37.27,24553
2022-02-25,38.36,38.59,38.13,38.26,26526,38.36,38.59,38.13,38.26,26526,38.36,38.59,38.13,38.26,26526
2022-02-28,37.10,37.46,36.74,36.95,34359,37.10,37.46,36.74,36.95,34359,37.10,37.46,36.74,36.95,34359
2022-03-01,36.20,36.35,36.06,36.15,30104,36.20,36.35,36.06,36.15,30104,36.20,36.35,36.06,36.15,30104
2022-03-02,36.32,36.58,36.06,36.33,20824,36.32,36.58,36.06,36.33,20824,36.32,36.58,36.06,36.33,20824
2022-03-03,36.51,37.01,36.01,36.35,30316,36.51,37.01,36.01,36.35,30316,36.51,37.01,36.01,36.35,30316
2022-03-04,37.83,38.28,37.38,37.79,23763,37.83,38.28,37.38,37.79,23763,37.83,38.28,37.38,37.79,23763
2022-03-07,37.93,38.10,37.77,37.88,26166,37.93,38.10,37.77,37.88,26166,37.93,38.10,37.77,37.88,26166
2022-03-08,36.90,37.35,36.44,37.00,26120,36.90,37.35,36.44,37.00,26120,36.90,37.35,36.44,37.00,26120
2022-03-09,37.21,37.62,36.80,37.07,30726,37.21,37.62,36.80,37.07,30726,37.21,37.62,36.80,37.07,30726
2022-03-10,37.75,38.33,37.17,37.65,33219,37.75,38.33,37.17,37.65,33219,37.75,38.33,37.17,37.65,33219
2022-03-11,37.62,38.04,37.20,37.87,19073,37.62,38.04,37.20,37.87,19073,37.62,38.04,37.20,37.87,19073
2022-03-14,37.39,37.82,36.96,37.29,32832,37.39,37.82,36.96,37.29,32832,37.39,37.82,36.96,37.29,32832
2022-03-15,37.60,37.94,37.27,37.86,23862,37.60,37.94,37.27,37.86,23862,37.60,37.94,37.27,37.86,23862
2022-03-16,38.33,38.85,37.80,38.39,34996,38.33,38.85,37.80,38.39,34996,38.33,38.85,37.80,38.39,34996
2022-03-17,38.64,39.01,38.26,38.45,24796,38.64,39.01,38.26,38.45,24796,38.64,39.01,38.26,38.45,24796
2022-03-18,37.77,38.19,37.34,37.88,23713,37.77,38.19,37.34,37.88,23713,37.77,38.19,37.34,37.88,23713
2022-03-21,37.26,37.69,36.83,37.14,18101,37.26,37.69,36.83,37.14,18101,37.26,37.69,36.83,37.14,18101
2022-03-22,37.82,38.44,37.21,37.58,23825,37.82,38.44,37.21,37.58,23825,37.82,38.44,37.21,37.58,23825
2022-03-23,37.03,37.55,36.51,36.99,20433,37.03,37.55,36.51,36.99,20433,37.03,37.55,36.51,36.99,20433
2022-03-24,37.71,38.10,37.33,37.64,33216,37.71,38.10,37.33,37.64,33216,37.71,38.10,37.33,37.64,33216
2022-03-25,39.19,39.62,38.76,39.10,21752,39.19,39.62,38.76,39.10,21752,39.19,39.62,38.76,39.10,21752
2022-03-28,38.78,39.28,38.28,38.66,18206,38.78,39.28,38.28,38.66,18206,38.78,39.28,38.28,38.66,18206
2022-03-29,38.49,38.76,38.22,38.32,18174,38.49,38.76,38.22,38.32,18174,38.49,38.76,38.22,38.32,18174
2022-03-30,38.53,38.97,38.09,38.52,26199,38.53,38.97,38.09,38.52,26199,38.53,38.97,38.09,38.52,26199
2022-03-31,38.07,38.46,37.69,37.87,34342,38.07,38.46,37.69,37.87,34342,38.07,38.46,37.69,37.87,34342
2022-04-01,37.40,37.82,36.98,37.36,20631,37.40,37.82,36.98,37.36,20631,37.40,37.82,36.98,37.36,20631
2022-04-04,37.21,37.60,36.81,37.16,33897,37.21,37.60,36.81,37.16,33897,37.21,37.60,36.81,37.16,33897
2022-04-05,36.71,37.15,36.26,36.62,18422,36.71,37.15,36.26,36.62,18422,36.71,37.15,36.26,36.62,18422
2022-04-06,36.21,36.68,35.73,36.02,26262,36.21,36.68,35.73,36.02,26262,36.21,36.68,35.73,36.02,26262
2022-04-07,35.93,36.48,35.39,36.01,19160,35.93,36.48,35.39,36.01,19160,35.93,36.48,35.39,36.01,19160
2022-04-08,36.26,36.63,35.89,36.08,17600,36.26,36.63,35.89,36.08,17600,36.26,36.63,35.89,36.08,17600
2022-04-11,36.34,36.72,35.96,36.26,24569,36.34,36.72,35.96,36.26,24569,36.34,36.72,35.96,36.26,24569
2022-04-12,36.35,36.69,36.01,36.44,22979,36.35,36.69,36.01,36.44,22979,36.35,36.69,36.01,36.44,22979
2022-04-13,36.01,36.50,35.52,35.85,21346,36.01,36.50,35.52,35.85,21346,36.01,36.50,35.52,35.85,21346
2022-04-14,36.40,36.77,36.03,36.21,23943,36.40,36.77,36.03,36.21,23943,36.40,36.77,36.03,36.21,23943
2022-04-15,36.45,36.86,36.04,36.61,27107,36.45,36.86,36.04,36.61,27107,36.45,36.86,36.04,36.61,27107
2022-04-18,36.34,36.75,35.92,36.33,22437,36.34,36.75,35.92,36.33,22437,36.34,36.75,35.92,36.33,22437
2022-04-19,37.33,37.73,36.93,37.11,18423,37.33,37.73,36.93,37.11,18423,37.33,37.73,36.93,37.11,18423
2022-04-20,37.11,37.43,36.80,37.14,24325,37.11,37.43,36.80,37.14,24325,37.11,37.43,36.80,37.14,24325
2022-04-21,37.64,38.20,37.08,37.53,23277,37.64,38.20,37.08,37.53,23277,37.64,38.20,37.08,37.53,23277
2022-04-22,38.09,38.49,37.68,37.80,22928,38.09,38.49,37.68,37.80,22928,38.09,38.49,37.68,37.80,22928
2022-04-25,37.60,38.03,37.17,37.43,19567,37.60,38.03,37.17,37.43,19567,37.60,38.03,37.17,37.43,19567
2022-04-26,37.40,37.69,37.10,37.31,19541,37.40,37.69,37.10,37.31,19541,37.40,37.69,37.10,37.31,19541
2022-04-27,36.10,36.43,35.77,36.05,32442,36.10,36.43,35.77,36.05,32442,36.10,36.43,35.77,36.05,32442
2022-04-28,34.90,35.34,34.45,34.85,34828,34.90,35.34,34.45,34.85,34828,34.90,35.34,34.45,34.85,34828
2022-04-29,34.11,34.54,33.69,34.33,25891,34.11,34.54,33.69,34.33,25891,34.11,34.54,33.69,34.33,25891
2022-05-02,34.36,34.58,34.13,34.39,21640,34.36,34.58,34.13,34.39,21640,34.36,34.58,34.13,34.39,21640
2022-05-03,34.97,35.43,34.50,34.97,18412,34.97,35.43,34.50,34.97,18412,34.97,35.43,34.50,34.97,18412
2022-05-04,34.68,35.11,34.25,34.78,32703,34.68,35.11,34.25,34.78,32703,34.68,35.11,34.25,34.78,32703
2022-05-05,34.95,35.32,34.58,34.82,27156,34.95,35.32,34.58,34.82,27156,34.95,35.32,34.58,34.82,27156
2022-05-06,33.57,34.05,33.10,33.40,31002,33.57,34.05,33.10,33.40,31002,33.57,34.05,33.10,33.40,31002
2022-05-09,34.16,34.38,33.94,34.16,25586,34.16,34.38,33.94,34.16,25586,34.16,34.38,33.94,34.16,25586
2022-05-10,33.47,33.93,33.02,33.38,31581,33.47,33.93,33.02,33.38,31581,33.47,33.93,33.02,33.38,31581
2022-05-11,34.01,34.34,33.68,34.04,22681,34.01,34.34,33.68,34.04,22681,34.01,34.34,33.68,34.04,22681
2022-05-12,34.87,35.25,34.49,34.72,18231,34.87,35.25,34.49,34.72,18231,34.87,35.25,34.49,34.72,18231
2022-05-13,35.99,36.14,35.84,36.03,23534,35.99,36.14,35.84,36.03,23534,35.99,36.14,35.84,36.03,23534
2022-05-16,35.63,36.06,35.19,35.73,27865,35.63,36.06,35.19,35.73,27865,35.63,36.06,35.19,35.73,27865
2022-05-17,36.58,36.96,36.19,36.36,33259,36.58,36.96,36.19,36.36,33259,36.58,36.96,36.19,36.36,33259
2022-05-18,36.31,36.52,36.09,36.23,31041,36.31,36.52,36.09,36.23,31041,36.31,36.52,36.09,36.23,31041
2022-05-19,36.42,36.85,35.98,36.37,20291,36.42,36.85,35.98,36.37,20291,36.42,36.85,35.98,36.37,20291
2022-05-20,37.11,37.41,36.81,37.21,34387,37.11,37.41,36.81,37.21,34387,37.11,37.41,36.81,37.21,34387
2022-05-23,37.78,38.35,37.20,37.60,18555,37.78,38.35,37.20,37.60,18555,37.78,38.35,37.20,37.60,18555
2022-05-24,38.46,38.82,38.10,38.41,18607,38.46,38.82,38.10,38.41,18607,38.46,38.82,38.10,38.41,18607
2022-05-25,38.23,38.54,37.92,38.00,33781,38.23,38.54,37.92,38.00,33781,38.23,38.54,37.92,38.00,33781
2022-05-26,37.59,38.16,37.02,37.48,28037,37.59,38.16,37.02,37.48,28037,37.59,38.16,37.02,37.48,28037
2022-05-27,36.57,37.04,36.10,36.33,22660,36.57,37.04,36.10,36.33,22660,36.57,37.04,36.10,36.33,22660
2022-05-30,35.24,35.73,34.76,35.43,27128,35.24,35.73,34.76,35.43,27128,35.24,35.73,34.76,35.43,27128
2022-05-31,34.89,35.41,34.37,34.84,18442,34.89,35.41,34.37,34.84,18442,34.89,35.41,34.37,34.84,18442
2022-06-01,32.96,33.35,32.58,33.09,24895,32.96,33.35,32.58,33.09,24895,32.96,33.35,32.58,33.09,24895
2022-06-02,33.13,33.48,32.78,33.07,18579,33.13,33.48,32.78,33.07,18579,33.13,33.48,32.78,33.07,18579
2022-06-03,32.98,33.24,32.71,32.91,21551,32.98,33.24,32.71,32.91,21551,32.98,33.24,32.71,32.91,21551
2022-06-06,33.49,33.77,33.21,33.45,29047,33.49,33.77,33.21,33.45,29047,33.49,33.77,33.21,33.45,29047
2022-06-07,34.08,34.21,33.96,34.04,29325,34.08,34.21,33.96,34.04,29325,34.08,34.21,33.96,34.04,29325
2022-06-08,34.34,34.54,34.14,34.50,30485,34.34,34.54,34.14,34.50,30485,34.34,34.54,34.14,34.50,30485
2022-06-09,33.89,34.11,33.67,33.77,33334,33.89,34.11,33.67,33.77,33334,33.89,34.11,33.67,33.77,33334
2022-06-10,33.24,33.56,32.93,33.24,32717,33.24,33.56,32.93,33.24,32717,33.24,33.56,32.93,33.24,32717
2022-06-13,32.87,33.28,32.45,33.09,32668,32.87,33.28,32.45,33.09,32668,32.87,33.28,32.45,33.09,32668
2022-06-14,33.16,33.61,32.71,33.24,24433,33.16,33.61,32.71,33.24,24433,33.16,33.61,32.71,33.24,24433
2022-06-15,33.02,33.37,32.67,33.07,19388,33.02,33.37,32.67,33.07,19388,33.02,33.37,32.67,33.07,19388
2022-06-16,33.93,34.41,33.45,33.80,32790,33.93,34.41,33.45,33.80,32790,33.93,34.41,33.45,33.80,32790
2022-06-17,33.97,34.38,33.57,33.67,26438,33.97,34.38,33.57,33.67,26438,33.97,34.38,33.57,33.67,26438
2022-06-20,33.57,34.19,32.94,33.53,24143,33.57,34.19,32.94,33.53,24143,33.57,34.19,32.94,33.53,24143
2022-06-21,34.29,34.56,34.02,34.34,17869,34.29,34.56,34.02,34.34,17869,34.29,34.56,34.02,34.34,17869
2022-06-22,33.89,34.28,33.51,33.97,21727,33.89,34.28,33.51,33.97,21727,33.89,34.28,33.51,33.97,21727
2022-06-23,33.13,33.61,32.64,33.05,24234,33.13,33.61,32.64,33.05,24234,33.13,33.61,32.64,33.05,24234
2022-06-24,32.59,33.07,32.10,32.63,33806,32.59,33.07,32.10,32.63,33806,32.59,33.07,32.10,32.63,33806
2022-06-27,31.67,32.00,31.34,31.86,22990,31.67,32.00,31.34,31.86,22990,31.67,32.00,31.34,31.86,22990
2022-06-28,32.66,32.90,32.43,32.70,30783,32.66,32.90,32.43,32.70,30783,32.66,32.90,32.43,32.70,30783
2022-06-29,31.58,31.92,31.25,31.42,30826,31.58,31.92,31.25,31.42,30826,31.58,31.92,31.25,31.42,30826
2022-06-30,31.22,31.51,30.93,31.30,19189,31.22,31.51,30.93,31.30,19189,31.22,31.51,30.93,31.30,19189
2022-07-01,31.06,31.34,30.79,30.96,21668,31.06,31.34,30.79,30.96,21668,31.06,31.34,30.79,30.96,21668
2022-07-04,31.61,32.14,31.08,31.58,29704,31.61,32.14,31.08,31.58,29704,31.61,32.14,31.08,31.58,29704
2022-07-05,31.69,32.17,31.21,31.66,32381,31.69,32.17,31.21,31.66,32381,31.69,32.17,31.21,31.66,32381
2022-07-06,31.28,31.49,31.08,31.22,22686,31.28,31.49,31.08,31.22,22686,31.28,31.49,31.08,31.22,22686
2022-07-07,31.18,31.56,30.79,31.27,17698,31.18,31.56,30.79,31.27,17698,31.18,31.56,30.79,31.27,17698
2022-07-08,30.53,31.02,30.03,30.58,19188,30.53,31.02,30.03,30.58,19188,30.53,31.02,30.03,30.58,19188
2022-07-11,31.66,31.96,31.37,31.58,31173,31.66,31.96,31.37,31.58,31173,31.66,31.96,31.37,31.58,31173
2022-07-12,31.06,31.44,30.68,30.98,27543,31.06,31.44,30.68,30.98,27543,31.06,31.44,30.68,30.98,27543
2022-07-13,30.76,31.06,30.45,30.78,33736,30.76,31.06,30.45,30.78,33736,30.76,31.06,30.45,30.78,33736
2022-07-14,31.06,31.40,30.73,31.04,29652,31.06,31.40,30.73,31.04,29652,31.06,31.40,30.73,31.04,29652
2022-07-15,29.97,30.26,29.67,30.09,20956,29.97,30.26,29.67,30.09,20956,29.97,30.26,29.67,30.09,20956
2022-07-18,30.45,30.84,30.05,30.53,18719,30.45,30.84,30.05,30.53,18719,30.45,30.84,30.05,30.53,18719
2022-07-19,30.04,30.37,29.71,30.01,22135,30.04,30.37,29.71,30.01,22135,30.04,30.37,29.71,30.01,22135
2022-07-20,29.78,30.05,29.51,29.75,21549,29.78,30.05,29.51,29.75,21549,29.78,30.05,29.51,29.75,21549
2022-07-21,30.05,30.47,29.63,30.03,24045,30.05,30.47,29.63,30.03,24045,30.05,30.47,29.63,30.03,24045
2022-07-22,30.29,30.60,29.97,30.08,34670,30.29,30.60,29.97,30.08,34670,30.29,30.60,29.97,30.08,34670
2022-07-25,30.65,30.99,30.31,30.63,21068,30.65,30.99,30.31,30.63,21068,30.65,30.99,30.31,30.63,21068
2022-07-26,30.61,30.81,30.40,30.76,33062,30.61,30.81,30.40,30.76,33062,30.61,30.81,30.40,30.76,33062
2022-07-27,30.62,30.90,30.33,30.52,31368,30.62,30.90,30.33,30.52,31368,30.62,30.90,30.33,30.52,31368
2022-07-28,29.97,30.12,29.81,29.88,25892,29.97,30.12,29.81,29.88,25892,29.97,30.12,29.81,29.88,25892
2022-07-29,31.30,31.72,30.89,31.10,28257,31.30,31.72,30.89,31.10,28257,31.30,31.72,30.89,31.10,28257
2022-08-01,32.00,32.39,31.62,32.02,24223,32.00,32.39,31.62,32.02,24223,32.00,32.39,31.62,32.02,24223
2022-08-02,31.98,32.21,31.75,31.75,22232,31.98,32.21,31.75,31.75,22232,31.98,32.21,31.75,31.75,22232
2022-08-03,31.43,31.81,31.04,31.46,29492,31.43,31.81,31.04,31.46,29492,31.43,31.81,31.04,31.46,29492
2022-08-04,31.63,32.16,31.11,31.51,34413,31.63,32.16,31.11,31.51,34413,31.63,32.16,31.11,31.51,34413
2022-08-05,30.90,31.05,30.75,30.97,32522,30.90,31.05,30.75,30.97,32522,30.90,31.05,30.75,30.97,32522
2022-08-08,30.63,30.98,30.29,30.76,23239,30.63,30.98,30.29,30.76,23239,30.63,30.98,30.29,30.76,23239
2022-08-09,31.46,31.86,31.06,31.43,19073,31.46,31.86,31.06,31.43,19073,31.46,31.86,31.06,31.43,19073
2022-08-10,31.39,31.74,31.04,31.49,20540,31.39,31.74,31.04,31.49,20540,31.39,31.74,31.04,31.49,20540
2022-08-11,32.73,33.31,32.14,32.62,21728,32.73,33.31,32.14,32.62,21728,32.73,33.31,32.14,32.62,21728
2022-08-12,32.26,32.63,31.88,32.49,32791,32.26,32.63,31.88,32.49,32791,32.26,32.63,31.88,32.49,32791
2022-08-15,32.46,32.81,32.11,32.40,28075,32.46,32.81,32.11,32.40,28075,32.46,32.81,32.11,32.40,28075
2022-08-16,32.75,33.06,32.44,32.77,30231,32.75,33.06,32.44,32.77,30231,32.75,33.06,32.44,32.77,30231
2022-08-17,33.22,33.46,32.98,33.17,27404,33.22,33.46,32.98,33.17,27404,33.22,33.46,32.98,33.17,27404
2022-08-18,33.21,33.59,32.82,33.25,29034,33.21,33.59,32.82,33.25,29034,33.21,33.59,32.82,33.25,29034
2022-08-19,33.14,33.62,32.65,33.43,21940,33.14,33.62,32.65,33.43,21940,33.14,33.62,32.65,33.43,21940
2022-08-22,34.25,34.91,33.60,34.14,24945,34.25,34.91,33.60,34.14,24945,34.25,34.91,33.60,34.14,24945
2022-08-23,33.25,33.81,32.69,33.33,23940,33.25,33.81,32.69,33.33,23940,33.25,33.81,32.69,33.33,23940
2022-08-24,33.26,33.50,33.02,33.30,28288,33.26,33.50,33.02,33.30,28288,33.26,33.50,33.02,33.30,28288
2022-08-25,33.20,33.42,32.97,33.20,19177,33.20,33.42,32.97,33.20,19177,33.20,33.42,32.97,33.20,19177
2022-08-26,32.90,33.31,32.49,32.76,28086,32.90,33.31,32.49,32.76,28086,32.90,33.31,32.49,32.76,28086
2022-08-29,32.59,32.89,32.28,32.46,32550,32.59,32.89,32.28,32.46,32550,32.59,32.89,32.28,32.46,32550
2022-08-30,31.30,31.80,30.80,31.45,22758,31.30,31.80,30.80,31.45,22758,31.30,31.80,30.80,31.45,22758
2022-08-31,31.70,32.02,31.38,31.60,22257,31.70,32.02,31.38,31.60,22257,31.70,32.02,31.38,31.60,22257
2022-09-01,31.40,31.81,30.99,31.53,28454,31.40,31.81,30.99,31.53,28454,31.40,31.81,30.99,31.53,28454
2022-09-02,32.03,32.34,31.71,31.95,18634,32.03,32.34,31.71,31.95,18634,32.03,32.34,31.71,31.95,18634
2022-09-05,30.70,31.08,30.33,30.80,30134,30.70,31.08,30.33,30.80,30134,30.70,31.08,30.33,30.80,30134
2022-09-06,30.58,31.13,30.02,30.69,34564,30.58,31.13,30.02,30.69,34564,30.58,31.13,30.02,30.69,34564
2022-09-07,30.37,30.65,30.09,30.41,27390,30.37,30.65,30.09,30.41,27390,30.37,30.65,30.09,30.41,27390
2022-09-08,31.09,31.43,30.75,31.13,31501,31.09,31.43,30.75,31.13,31501,31.09,31.43,30.75,31.13,31501
2022-09-09,30.96,31.11,30.82,30.92,26562,30.96,31.11,30.82,30.92,26562,30.96,31.11,30.82,30.92,26562
2022-09-12,31.10,31.27,30.93,30.99,28666,31.10,31.27,30.93,30.99,28666,31.10,31.27,30.93,30.99,28666
2022-09-13,31.49,31.78,31.20,31.44,34484,31.49,31.78,31.20,31.44,34484,31.49,31.78,31.20,31.44,34484
2022-09-14,31.86,32.21,31.51,31.86,25210,31.86,32.21,31.51,31.86,25210,31.86,32.21,31.51,31.86,25210
2022-09-15,31.32,31.69,30.95,31.38,18006,31.32,31.69,30.95,31.38,18006,31.32,31.69,30.95,31.38,18006
2022-09-16,31.89,32.21,31.57,31.59,33240,31.89,32.21,31.57,31.59,33240,31.89,32.21,31.57,31.59,33240
2022-09-19,31.14,31.54,30.73,31.11,19292,31.14,31.54,30.73,31.11,19292,31.14,31.54,30.73,31.11,19292
2022-09-20,31.55,31.93,31.17,31.36,28041,31.55,31.93,31.17,31.36,28041,31.55,31.93,31.17,31.36,28041
2022-09-21,31.08,31.49,30.67,31.16,24927,31.08,31.49,30.67,31.16,24927,31.08,31.49,30.67,31.16,24927
2022-09-22,30.83,31.25,30.40,30.79,28988,30.83,31.25,30.40,30.79,28988,30.83,31.25,30.40,30.79,28988
2022-09-23,30.17,30.53,29.81,30.21,21035,30.17,30.53,29.81,30.21,21035,30.17,30.53,29.81,30.21,21035
2022-09-26,29.14,29.24,29.05,29.06,25287,29.14,29.24,29.05,29.06,25287,29.14,29.24,29.05,29.06,25287
2022-09-27,28.10,28.56,27.65,28.17,22539,28.10,28.56,27.65,28.17,22539,28.10,28.56,27.65,28.17,22539
2022-09-28,28.34,28.60,28.07,28.23,31356,28.34,28.60,28.07,28.23,31356,28.34,28.60,28.07,28.23,31356
2022-09-29,28.57,28.72,28.42,28.47,33419,28.57,28.72,28.42,28.47,33419,28.57,28.72,28.42,28.47,33419
2022-09-30,27.76,28.08,27.44,27.63,21235,27.76,28.08,27.44,27.63,21235,27.76,28.08,27.44,27.63,21235
2022-10-03,27.59,27.90,27.27,27.69,18045,27.59,27.90,27.27,27.69,18045,27.59,27.90,27.27,27.69,18045
2022-10-04,28.75,29.02,28.49,28.68,24930,28.75,29.02,28.49,28.68,24930,28.75,29.02,28.49,28.68,24930
2022-10-05,29.08,29.35,28.80,29.11,20959,29.08,29.35,28.80,29.11,20959,29.08,29.35,28.80,29.11,20959
2022-10-06,28.13,28.53,27.72,28.30,26945,28.13,28.53,27.72,28.30,26945,28.13,28.53,27.72,28.30,26945
2022-10-07,27.95,28.39,27.51,27.98,22608,27.95,28.39,27.51,27.98,22608,27.95,28.39,27.51,27.98,22608
2022-10-10,28.07,28.27,27.87,28.05,31416,28.07,28.27,27.87,28.05,31416,28.07,28.27,27.87,28.05,31416
2022-10-11,27.59,27.80,27.37,27.44,19159,27.59,27.80,27.37,27.44,19159,27.59,27.80,27.37,27.44,19159
2022-10-12,27.65,27.84,27.46,27.52,23712,27.65,27.84,27.46,27.52,23712,27.65,27.84,27.46,27.52,23712
2022-10-13,27.83,28.13,27.54,27.81,20455,27.83,28.13,27.54,27.81,20455,27.83,28.13,27.54,27.81,20455
2022-10-14,27.51,27.82,27.21,27.50,20537,27.51,27.82,27.21,27.50,20537,27.51,27.82,27.21,27.50,20537
2022-10-17,27.74,27.83,27.65,27.75,32119,27.74,27.83,27.65,27.75,32119,27.74,27.83,27.65,27.75,32119
2022-10-18,27.60,27.77,27.42,27.58,23758,27.60,27.77,27.42,27.58,23758,27.60,27.77,27.42,27.58,23758
2022-10-19,28.38,28.72,28.04,28.22,19588,28.38,28.72,28.04,28.22,19588,28.38,28.72,28.04,28.22,19588
2022-10-20,27.65,27.76,27.53,27.64,28055,27.65,27.76,27.53,27.64,28055,27.65,27.76,27.53,27.64,28055
2022-10-21,27.64,27.99,27.29,27.35,28261,27.64,27.99,27.29,27.35,28261,27.64,27.99,27.29,27.35,28261
2022-10-24,27.42,27.84,27.00,27.46,28481,27.42,27.84,27.00,27.46,28481,27.42,27.84,27.00,27.46,28481
2022-10-25,27.60,27.99,27.21,27.44,27999,27.60,27.99,27.21,27.44,27999,27.60,27.99,27.21,27.44,27999
2022-10-26,28.22,28.35,28.10,28.26,32095,28.22,28.35,28.10,28.26,32095,28.22,28.35,28.10,28.26,32095
2022-10-27,28.13,28.54,27.72,28.07,25969,28.13,28.54,27.72,28.07,25969,28.13,28.54,27.72,28.07,25969
2022-10-28,28.39,28.72,28.06,28.30,32702,28.39,28.72,28.06,28.30,32702,28.39,28.72,28.06,28.30,32702
2022-10-31,28.42,28.93,27.90,28.38,21826,28.42,28.93,27.90,28.38,21826,28.42,28.93,27.90,28.38,21826
2022-11-01,27.38,27.67,27.10,27.45,19177,27.38,27.67,27.10,27.45,19177,27.38,27.67,27.10,27.45,19177
2022-11-02,27.12,27.69,26.55,26.96,34219,27.12,27.69,26.55,26.96,34219,27.12,27.69,26.55,26.96,34219
2022-11-03,26.94,27.34,26.54,26.87,17988,26.94,27.34,26.54,26.87,17988,26.94,27.34,26.54,26.87,17988
2022-11-04,27.04,27.38,26.69,27.03,29259,27.04,27.38,26.69,27.03,29259,27.04,27.38,26.69,27.03,29259
2022-11-07,26.53,26.90,26.17,26.49,23822,26.53,26.90,26.17,26.49,23822,26.53,26.90,26.17,26.49,23822
2022-11-08,27.16,27.46,26.85,27.04,25513,27.16,27.46,26.85,27.04,25513,27.16,27.46,26.85,27.04,25513
2022-11-09,26.89,27.13,26.64,26.82,20425,26.89,27.13,26.64,26.82,20425,26.89,27.13,26.64,26.82,20425
2022-11-10,27.15,27.36,26.94,27.12,31899,27.15,27.36,26.94,27.12,31899,27.15,27.36,26.94,27.12,31899
2022-11-11,26.57,26.95,26.20,26.53,33266,26.57,26.95,26.20,26.53,33266,26.57,26.95,26.20,26.53,33266
2022-11-14,26.16,26.47,25.85,26.13,31401,26.16,26.47,25.85,26.13,31401,26.16,26.47,25.85,26.13,31401
2022-11-15,26.74,27.07,26.42,26.64,25517,26.74,27.07,26.42,26.64,25517,26.74,27.07,26.42,26.64,25517
2022-11-16,26.04,26.39,25.70,26.19,24062,26.04,26.39,25.70,26.19,24062,26.04,26.39,25.70,26.19,24062
2022-11-17,25.15,25.62,24.68,25.16,28173,25.15,25.62,24.68,25.16,28173,25.15,25.62,24.68,25.16,28173
2022-11-18,25.33,25.65,25.02,25.20,28258,25.33,25.65,25.02,25.20,28258,25.33,25.65,25.02,25.20,28258
2022-11-21,25.29,25.52,25.06,25.39,30876,25.29,25.52,25.06,25.39,30876,25.29,25.52,25.06,25.39,30876
2022-11-22,24.63,24.77,24.48,24.61,30217,24.63,24.77,24.48,24.61,30217,24.63,24.77,24.48,24.61,30217
2022-11-23,23.94,24.32,23.55,24.03,26098,23.94,24.32,23.55,24.03,26098,23.94,24.32,23.55,24.03,26098
2022-11-24,24.06,24.32,23.80,24.21,32862,24.06,24.32,23.80,24.21,32862,24.06,24.32,23.80,24.21,32862
2022-11-25,23.73,23.96,23.51,23.79,31261,23.73,23.96,23.51,23.79,31261,23.73,23.96,23.51,23.79,31261
2022-11-28,24.51,24.80,24.23,24.27,29084,24.51,24.80,24.23,24.27,29084,24.51,24.80,24.23,24.27,29084
2022-11-29,24.25,24.55,23.94,24.34,21485,24.25,24.55,23.94,24.34,21485,24.25,24.55,23.94,24.34,21485
2022-11-30,23.64,24.01,23.26,23.77,19651,23.64,24.01,23.26,23.77,19651,23.64,24.01,23.26,23.77,19651
2022-12-01,24.09,24.41,23.76,24.00,30642,24.09,24.41,23.76,24.00,30642,24.09,24.41,23.76,24.00,30642
2022-12-02,23.89,24.10,23.67,23.75,33766,23.89,24.10,23.67,23.75,33766,23.89,24.10,23.67,23.75,33766
2022-12-05,23.87,24.29,23.45,23.81,30002,23.87,24.29,23.45,23.81,30002,23.87,24.29,23.45,23.81,30002
2022-12-06,23.19,23.56,22.82,23.14,22387,23.19,23.56,22.82,23.14,22387,23.19,23.56,22.82,23.14,22387
2022-12-07,24.39,24.67,24.11,24.32,21588,24.39,24.67,24.11,24.32,21588,24.39,24.67,24.11,24.32,21588
2022-12-08,24.31,24.82,23.79,24.21,21865,24.31,24.82,23.79,24.21,21865,24.31,24.82,23.79,24.21,21865
2022-12-09,24.19,24.48,23.91,24.11,24486,24.19,24.48,23.91,24.11,24486,24.19,24.48,23.91,24.11,24486
2022-12-12,23.96,24.14,23.79,24.08,20499,23.96,24.14,23.79,24.08,20499,23.96,24.14,23.79,24.08,20499
2022-12-13,23.93,24.06,23.81,23.94,19546,23.93,24.06,23.81,23.94,19546,23.93,24.06,23.81,23.94,19546
2022-12-14,24.24,24.45,24.03,24.17,26444,24.24,24.45,24.03,24.17,26444,24.24,24.45,24.03,24.17,26444
2022-12-15,24.07,24.27,23.87,24.00,32744,24.07,24.27,23.87,24.00,32744,24.07,24.27,23.87,24.00,32744
2022-12-16,23.90,24.19,23.62,23.87,27465,23.90,24.19,23.62,23.87,27465,23.90,24.19,23.62,23.87,27465
2022-12-19,23.70,23.82,23.58,23.81,34977,23.70,23.82,23.58,23.81,34977,23.70,23.82,23.58,23.81,34977
2022-12-20,23.20,23.44,22.96,23.21,30199,23.20,23.44,22.96,23.21,30199,23.20,23.44,22.96,23.21,30199
2022-12-21,23.04,23.23,22.86,23.05,22623,23.04,23.23,22.86,23.05,22623,23.04,23.23,22.86,23.05,22623
2022-12-22,23.16,23.42,22.91,23.11,20089,23.16,23.42,22.91,23.11,20089,23.16,23.42,22.91,23.11,20089
2022-12-23,22.42,22.61,22.23,22.31,30758,22.42,22.61,22.23,22.31,30758,22.42,22.61,22.23,22.31,30758
2022-12-26,22.25,22.48,22.02,22.26,34082,22.25,22.48,22.02,22.26,34082,22.25,22.48,22.02,22.26,34082
2022-12-27,22.12,22.40,21.84,22.06,28335,22.12,22.40,21.84,22.06,28335,22.12,22.40,21.84,22.06,28335
2022-12-28,21.36,21.61,21.11,21.25,18874,21.36,21.61,21.11,21.25,18874,21.36,21.61,21.11,21.25,18874
2022-12-29,21.52,21.67,21.38,21.64,21777,21.52,21.67,21.38,21.64,21777,21.52,21.67,21.38,21.64,21777
2022-12-30,21.73,21.86,21.60,21.68,24982,21.73,21.86,21.60,21.68,24982,21.73,21.86,21.60,21.68,24982
2023-01-02,21.34,21.60,21.09,21.27,26907,21.34,21.60,21.09,21.27,26907,21.34,21.60,21.09,21.27,26907
2023-01-03,21.63,21.72,21.53,21.55,26639,21.63,21.72,21.53,21.55,26639,21.63,21.72,21.53,21.55,26639
2023-01-04,21.32,21.64,20.99,21.35,27804,21.32,21.64,20.99,21.35,27804,21.32,21.64,20.99,21.35,27804
2023-01-05,20.84,21.10,20.59,20.82,19146,20.84,21.10,20.59,20.82,19146,20.84,21.10,20.59,20.82,19146
2023-01-06,20.40,20.79,20.01,20.44,20136,20.40,20.79,20.01,20.44,20136,20.40,20.79,20.01,20.44,20136
2023-01-09,20.27,20.54,20.00,20.32,29309,20.27,20.54,20.00,20.32,29309,20.27,20.54,20.00,20.32,29309
2023-01-10,19.99,20.15,19.83,19.97,21822,19.99,20.15,19.83,19.97,21822,19.99,20.15,19.83,19.97,21822
2023-01-11,19.84,20.06,19.62,19.76,26833,19.84,20.06,19.62,19.76,26833,19.84,20.06,19.62,19.76,26833
2023-01-12,19.35,19.52,19.19,19.41,28235,19.35,19.52,19.19,19.41,28235,19.35,19.52,19.19,19.41,28235
2023-01-13,19.47,19.72,19.22,19.60,25180,19.47,19.72,19.22,19.60,25180,19.47,19.72,19.22,19.60,25180
2023-01-16,19.77,20.09,19.46,19.80,31676,19.77,20.09,19.46,19.80,31676,19.77,20.09,19.46,19.80,31676
2023-01-17,20.09,20.29,19.89,19.94,25126,20.09,20.29,19.89,19.94,25126,20.09,20.29,19.89,19.94,25126
2023-01-18,20.07,20.21,19.93,20.04,18739,20.07,20.21,19.93,20.04,18739,20.07,20.21,19.93,20.04,18739
2023-01-19,20.19,20.42,19.96,20.11,18614,20.19,20.42,19.96,20.11,18614,20.19,20.42,19.96,20.11,18614
2023-01-20,19.61,19.86,19.36,19.64,32386,19.61,19.86,19.36,19.64,32386,19.61,19.86,19.36,19.64,32386
2023-01-23,19.44,19.71,19.16,19.38,32495,19.44,19.71,19.16,19.38,32495,19.44,19.71,19.16,19.38,32495
2023-01-24,19.54,19.71,19.37,19.60,31601,19.54,19.71,19.37,19.60,31601,19.54,19.71,19.37,19.60,31601
2023-01-25,20.02,20.21,19.83,20.12,29498,20.02,20.21,19.83,20.12,29498,20.02,20.21,19.83,20.12,29498
2023-01-26,20.86,21.14,20.58,20.76,21267,20.86,21.14,20.58,20.76,21267,20.86,21.14,20.58,20.76,21267
2023-01-27,21.28,21.48,21.08,21.25,22666,21.28,21.48,21.08,21.25,22666,21.28,21.48,21.08,21.25,22666
2023-01-30,21.39,21.54,21.25,21.31,30565,21.39,21.54,21.25,21.31,30565,21.39,21.54,21.25,21.31,30565
2023-01-31,21.46,21.81,21.11,21.44,17958,21.46,21.81,21.11,21.44,17958,21.46,21.81,21.11,21.44,17958
2023-02-01,21.70,21.84,21.56,21.64,34088,21.70,21.84,21.56,21.64,34088,21.70,21.84,21.56,21.64,34088
2023-02-02,21.66,22.01,21.31,21.77,32574,21.66,22.01,21.31,21.77,32574,21.66,22.01,21.31,21.77,32574
2023-02-03,21.82,22.03,21.61,21.72,34297,21.82,22.03,21.61,21.72,34297,21.82,22.03,21.61,21.72,34297
2023-02-06,21.94,22.24,21.64,21.73,18123,21.94,22.24,21.64,21.73,18123,21.94,22.24,21.64,21.73,18123
2023-02-07,21.60,21.68,21.51,21.67,32783,21.60,21.68,21.51,21.67,32783,21.60,21.68,21.51,21.67,32783
2023-02-08,21.62,21.91,21.33,21.67,19170,21.62,21.91,21.33,21.67,19170,21.62,21.91,21.33,21.67,19170
2023-02-09,22.38,22.57,22.18,22.20,24929,22.38,22.57,22.18,22.20,24929,22.38,22.57,22.18,22.20,24929
2023-02-10,22.49,22.78,22.21,22.50,24449,22.49,22.78,22.21,22.50,24449,22.49,22.78,22.21,22.50,24449
2023-02-13,22.42,22.62,22.21,22.33,29402,22.42,22.62,22.21,22.33,29402,22.42,22.62,22.21,22.33,29402
2023-02-14,22.10,22.45,21.75,22.03,24969,22.10,22.45,21.75,22.03,24969,22.10,22.45,21.75,22.03,24969
2023-02-15,21.94,22.08,21.80,21.86,21250,21.94,22.08,21.80,21.86,21250,21.94,22.08,21.80,21.86,21250
2023-02-16,22.15,22.25,22.05,22.06,34139,22.15,22.25,22.05,22.06,34139,22.15,22.25,22.05,22.06,34139
2023-02-17,22.34,22.55,22.13,22.39,22156,22.34,22.55,22.13,22.39,22156,22.34,22.55,22.13,22.39,22156
2023-02-20,23.27,23.49,23.06,23.25,23555,23.27,23.49,23.06,23.25,23555,23.27,23.49,23.06,23.25,23555
2023-02-21,23.90,23.95,23.85,23.94,25931,23.90,23.95,23.85,23.94,25931,23.90,23.95,23.85,23.94,25931
2023-02-22,24.14,24.38,23.91,24.15,27984,24.14,24.38,23.91,24.15,27984,24.14,24.38,23.91,24.15,27984
2023-02-23,24.12,24.47,23.76,24.21,20227,24.12,24.47,23.76,24.21,20227,24.12,24.47,23.76,24.21,20227
2023-02-24,24.00,24.31,23.68,23.96,33505,24.00,24.31,23.68,23.96,33505,24.00,24.31,23.68,23.96,33505
2023-02-27,23.23,23.54,22.93,23.39,17587,23.23,23.54,22.93,23.39,17587,23.23,23.54,22.93,23.39,17587
2023-02-28,23.10,23.34,22.87,23.11,25387,23.10,23.34,22.87,23.11,25387,23.10,23.34,22.87,23.11,25387
2023-03-01,23.15,23.34,22.95,23.16,34260,23.15,23.34,22.95,23.16,34260,23.15,23.34,22.95,23.16,34260
2023-03-02,22.48,22.75,22.22,22.34,29458,22.48,22.75,22.22,22.34,29458,22.48,22.75,22.22,22.34,29458
2023-03-03,22.32,22.55,22.09,22.19,33497,22.32,22.55,22.09,22.19,33497,22.32,22.55,22.09,22.19,33497
2023-03-06,22.09,22.26,21.91,21.98,30721,22.09,22.26,21.91,21.98,30721,22.09,22.26,21.91,21.98,30721
2023-03-07,21.99,22.32,21.65,22.08,24540,21.99,22.32,21.65,22.08,24540,21.99,22.32,21.65,22.08,24540
2023-03-08,22.21,22.46,21.95,22.29,21561,22.21,22.46,21.95,22.29,21561,22.21,22.46,21.95,22.29,21561
2023-03-09,22.62,23.00,22.23,22.54,20511,22.62,23.00,22.23,22.54,20511,22.62,23.00,22.23,22.54,20511
2023-03-10,22.94,23.42,22.46,22.90,28925,22.94,23.42,22.46,22.90,28925,22.94,23.42,22.46,22.90,28925
2023-03-13,23.29,23.50,23.09,23.12,17628,23.29,23.50,23.09,23.12,17628,23.29,23.50,23.09,23.12,17628
2023-03-14,22.97,23.17,22.77,22.91,33946,22.97,23.17,22.77,22.91,33946,22.97,23.17,22.77,22.91,33946
2023-03-15,22.97,23.30,22.64,22.88,33679,22.97,23.30,22.64,22.88,33679,22.97,23.30,22.64,22.88,33679
2023-03-16,23.82,24.00,23.63,23.86,31147,23.82,24.00,23.63,23.86,31147,23.82,24.00,23.63,23.86,31147
2023-03-17,23.34,23.71,22.96,23.42,22677,23.34,23.71,22.96,23.42,22677,23.34,23.71,22.96,23.42,22677
2023-03-20,23.24,23.46,23.01,23.26,27707,23.24,23.46,23.01,23.26,27707,23.24,23.46,23.01,23.26,27707
2023-03-21,23.88,24.15,23.61,23.93,27203,23.88,24.15,23.61,23.93,27203,23.88,24.15,23.61,23.93,27203
2023-03-22,23.25,23.45,23.05,23.29,26073,23.25,23.45,23.05,23.29,26073,23.25,23.45,23.05,23.29,26073
2023-03-23,23.52,23.91,23.13,23.62,27462,23.52,23.91,23.13,23.62,27462,23.52,23.91,23.13,23.62,27462
2023-03-24,23.39,23.58,23.19,23.36,30439,23.39,23.58,23.19,23.36,30439,23.39,23.58,23.19,23.36,30439
2023-03-27,23.81,24.06,23.56,23.77,19277,23.81,24.06,23.56,23.77,19277,23.81,24.06,23.56,23.77,19277
2023-03-28,24.01,24.23,23.79,24.00,31172,24.01,24.23,23.79,24.00,31172,24.01,24.23,23.79,24.00,31172
2023-03-29,23.15,23.52,22.78,23.31,29777,23.15,23.52,22.78,23.31,29777,23.15,23.52,22.78,23.31,29777
2023-03-30,23.43,23.74,23.12,23.33,18110,23.43,23.74,23.12,23.33,18110,23.43,23.74,23.12,23.33,18110
2023-03-31,23.63,23.90,23.36,23.44,27035,23.63,23.90,23.36,23.44,27035,23.63,23.90,23.36,23.44,27035
2023-04-03,24.04,24.33,23.74,24.06,19351,24.04,24.33,23.74,24.06,19351,24.04,24.33,23.74,24.06,19351
2023-04-04,24.13,24.59,23.67,24.08,27338,24.13,24.59,23.67,24.08,27338,24.13,24.59,23.67,24.08,27338
2023-04-05,23.97,24.28,23.65,23.91,18524,23.97,24.28,23.65,23.91,18524,23.97,24.28,23.65,23.91,18524
2023-04-06,24.16,24.37,23.95,24.12,20460,24.16,24.37,23.95,24.12,20460,24.16,24.37,23.95,24.12,20460
2023-04-07,24.32,24.67,23.96,24.36,32556,24.32,24.67,23.96,24.36,32556,24.32,24.67,23.96,24.36,32556
2023-04-10,24.58,24.97,24.20,24.54,26528,24.58,24.97,24.20,24.54,26528,24.58,24.97,24.20,24.54,26528
2023-04-11,23.81,24.13,23.50,23.83,17988,23.81,24.13,23.50,23.83,17988,23.81,24.13,23.50,23.83,17988
2023-04-12,23.73,24.00,23.46,23.70,34440,23.73,24.00,23.46,23.70,34440,23.73,24.00,23.46,23.70,34440
2023-04-13,24.05,24.29,23.81,23.99,21459,24.05,24.29,23.81,23.99,21459,24.05,24.29,23.81,23.99,21459
2023-04-14,24.26,24.54,23.98,23.98,18402,24.26,24.54,23.98,23.98,18402,24.26,24.54,23.98,23.98,18402
2023-04-17,24.42,24.80,24.05,24.38,19647,24.42,24.80,24.05,24.38,19647,24.42,24.80,24.05,24.38,19647
2023-04-18,24.71,25.18,24.24,24.45,26779,24.71,25.18,24.24,24.45,26779,24.71,25.18,24.24,24.45,26779
2023-04-19,24.16,24.52,23.80,24.11,28724,24.16,24.52,23.80,24.11,28724,24.16,24.52,23.80,24.11,28724
2023-04-20,24.13,24.38,23.88,24.14,24080,24.13,24.38,23.88,24.14,24080,24.13,24.38,23.88,24.14,24080
2023-04-21,23.90,24.04,23.76,23.78,24176,23.90,24.04,23.76,23.78,24176,23.90,24.04,23.76,23.78,24176
2023-04-24,23.62,23.92,23.31,23.57,21760,23.62,23.92,23.31,23.57,21760,23.62,23.92,23.31,23.57,21760
2023-04-25,23.55,23.78,23.32,23.51,31833,23.55,23.78,23.32,23.51,31833,23.55,23.78,23.32,23.51,31833
2023-04-26,22.93,23.06,22.81,23.04,23515,22.93,23.06,22.81,23.04,23515,22.93,23.06,22.81,23.04,23515
2023-04-27,22.92,23.23,22.61,23.02,26721,22.92,23.23,22.61,23.02,26721,22.92,23.23,22.61,23.02,26721
2023-04-28,22.49,22.80,22.18,22.48,31901,22.49,22.80,22.18,22.48,31901,22.49,22.80,22.18,22.48,31901
2023-05-01,21.81,22.08,21.53,21.81,18793,21.81,22.08,21.53,21.81,18793,21.81,22.08,21.53,21.81,18793
2023-05-02,21.78,22.10,21.46,21.78,20022,21.78,22.10,21.46,21.78,20022,21.78,22.10,21.46,21.78,20022
2023-05-03,21.28,21.61,20.94,21.28,31526,21.28,21.61,20.94,21.28,31526,21.28,21.61,20.94,21.28,31526
2023-05-04,20.77,20.98,20.57,20.90,31659,20.77,20.98,20.57,20.90,31659,20.77,20.98,20.57,20.90,31659
2023-05-05,20.76,20.93,20.59,20.64,19704,20.76,20.93,20.59,20.64,19704,20.76,20.93,20.59,20.64,19704
2023-05-08,20.60,20.89,20.32,20.65,24574,20.60,20.89,20.32,20.65,24574,20.60,20.89,20.32,20.65,24574
2023-05-09,20.84,21.10,20.57,20.82,22899,20.84,21.10,20.57,20.82,22899,20.84,21.10,20.57,20.82,22899
2023-05-10,20.61,20.87,20.36,20.61,19350,20.61,20.87,20.36,20.61,19350,20.61,20.87,20.36,20.61,19350
2023-05-11,20.28,20.53,20.03,20.33,19259,20.28,20.53,20.03,20.33,19259,20.28,20.53,20.03,20.33,19259
2023-05-12,20.71,20.88,20.53,20.60,20243,20.71,20.88,20.53,20.60,20243,20.71,20.88,20.53,20.60,20243
2023-05-15,21.34,21.64,21.04,21.32,34381,21.34,21.64,21.04,21.32,34381,21.34,21.64,21.04,21.32,34381
2023-05-16,21.30,21.50,21.09,21.27,25829,21.30,21.50,21.09,21.27,25829,21.30,21.50,21.09,21.27,25829
2023-05-17,21.57,21.82,21.31,21.72,18119,21.57,21.82,21.31,21.72,18119,21.57,21.82,21.31,21.72,18119
2023-05-18,21.22,21.49,20.95,21.18,17585,21.22,21.49,20.95,21.18,17585,21.22,21.49,20.95,21.18,17585
2023-05-19,21.22,21.49,20.96,21.24,25596,21.22,21.49,20.96,21.24,25596,21.22,21.49,20.96,21.24,25596
2023-05-22,21.25,21.42,21.08,21.10,19487,21.25,21.42,21.08,21.10,19487,21.25,21.42,21.08,21.10,19487
2023-05-23,21.43,21.58,21.28,21.44,26617,21.43,21.58,21.28,21.44,26617,21.43,21.58,21.28,21.44,26617
2023-05-24,20.55,20.83,20.26,20.46,20697,20.55,20.83,20.26,20.46,20697,20.55,20.83,20.26,20.46,20697
2023-05-25,20.24,20.36,20.13,20.20,18194,20.24,20.36,20.13,20.20,18194,20.24,20.36,20.13,20.20,18194
2023-05-26,20.49,20.63,20.35,20.45,20961,20.49,20.63,20.35,20.45,20961,20.49,20.63,20.35,20.45,20961
2023-05-29,20.22,20.50,19.94,20.26,28152,20.22,20.50,19.94,20.26,28152,20.22,20.50,19.94,20.26,28152
2023-05-30,20.32,20.62,20.02,20.40,27243,20.32,20.62,20.02,20.40,27243,20.32,20.62,20.02,20.40,27243
2023-05-31,20.76,20.91,20.60,20.72,29217,20.76,20.91,20.60,20.72,29217,20.76,20.91,20.60,20.72,29217
2023-06-01,20.76,21.02,20.50,20.86,25084,20.76,21.02,20.50,20.86,25084,20.76,21.02,20.50,20.86,25084
2023-06-02,21.26,21.50,21.01,21.22,31800,21.26,21.50,21.01,21.22,31800,21.26,21.50,21.01,21.22,31800
2023-06-05,20.71,20.95,20.47,20.71,19876,20.71,20.95,20.47,20.71,19876,20.71,20.95,20.47,20.71,19876
2023-06-06,21.10,21.27,20.93,21.00,26314,21.10,21.27,20.93,21.00,26314,21.10,21.27,20.93,21.00,26314
2023-06-07,20.39,20.49,20.28,20.43,26122,20.39,20.49,20.28,20.43,26122,20.39,20.49,20.28,20.43,26122
2023-06-08,20.21,20.39,20.02,20.17,21182,20.21,20.39,20.02,20.17,21182,20.21,20.39,20.02,20.17,21182
2023-06-09,20.08,20.28,19.88,20.07,24047,20.08,20.28,19.88,20.07,24047,20.08,20.28,19.88,20.07,24047
2023-06-12,20.31,20.65,19.98,20.01,21194,20.31,20.65,19.98,20.01,21194,20.31,20.65,19.98,20.01,21194
2023-06-13,20.09,20.33,19.85,20.07,32734,20.09,20.33,19.85,20.07,32734,20.09,20.33,19.85,20.07,32734
2023-06-14,19.62,19.85,19.38,19.60,33492,19.62,19.85,19.38,19.60,33492,19.62,19.85,19.38,19.60,33492
2023-06-15,19.83,20.02,19.65,19.80,23431,19.83,20.02,19.65,19.80,23431,19.83,20.02,19.65,19.80,23431
2023-06-16,20.32,20.51,20.13,20.15,20683,20.32,20.51,20.13,20.15,20683,20.32,20.51,20.13,20.15,20683
2023-06-19,19.84,20.12,19.56,19.89,27816,19.84,20.12,19.56,19.89,27816,19.84,20.12,19.56,19.89,27816
2023-06-20,19.48,19.60,19.36,19.47,23224,19.48,19.60,19.36,19.47,23224,19.48,19.60,19.36,19.47,23224
2023-06-21,19.49,19.65,19.33,19.44,19919,19.49,19.65,19.33,19.44,19919,19.49,19.65,19.33,19.44,19919
2023-06-22,19.60,19.83,19.38,19.64,21894,19.60,19.83,19.38,19.64,21894,19.60,19.83,19.38,19.64,21894
2023-06-23,18.87,18.98,18.77,18.98,29675,18.87,18.98,18.77,18.98,29675,18.87,18.98,18.77,18.98,29675
2023-06-26,18.59,18.84,18.35,18.53,34853,18.59,18.84,18.35,18.53,34853,18.59,18.84,18.35,18.53,34853
2023-06-27,18.69,18.91,18.46,18.69,32725,18.69,18.91,18.46,18.69,32725,18.69,18.91,18.46,18.69,32725
2023-06-28,19.35,19.64,19.06,19.41,22681,19.35,19.64,19.06,19.41,22681,19.35,19.64,19.06,19.41,22681
2023-06-29,19.90,20.20,19.61,19.93,28237,19.90,20.20,19.61,19.93,28237,19.90,20.20,19.61,19.93,28237
2023-06-30,19.77,20.02,19.52,19.71,26918,19.77,20.02,19.52,19.71,26918,19.77,20.02,19.52,19.71,26918
2023-07-03,20.09,20.39,19.79,20.02,34808,20.09,20.39,19.79,20.02,34808,20.09,20.39,19.79,20.02,34808
2023-07-04,20.13,20.28,19.98,20.15,30797,20.13,20.28,19.98,20.15,30797,20.13,20.28,19.98,20.15,30797
2023-07-05,20.46,20.72,20.21,20.53,27006,20.46,20.72,20.21,20.53,27006,20.46,20.72,20.21,20.53,27006
2023-07-06,20.93,21.20,20.66,20.82,27204,20.93,21.20,20.66,20.82,27204,20.93,21.20,20.66,20.82,27204
2023-07-07,21.48,21.74,21.22,21.48,22827,21.48,21.74,21.22,21.48,22827,21.48,21.74,21.22,21.48,22827
2023-07-10,21.05,21.33,20.78,20.98,26253,21.05,21.33,20.78,20.98,26253,21.05,21.33,20.78,20.98,26253
2023-07-11,20.96,21.21,20.70,20.97,23896,20.96,21.21,20.70,20.97,23896,20.96,21.21,20.70,20.97,23896
2023-07-12,19.85,20.03,19.67,19.88,25528,19.85,20.03,19.67,19.88,25528,19.85,20.03,19.67,19.88,25528
2023-07-13,19.50,19.84,19.16,19.46,26891,19.50,19.84,19.16,19.46,26891,19.50,19.84,19.16,19.46,26891
2023-07-14,19.25,19.41,19.08,19.34,25952,19.25,19.41,19.08,19.34,25952,19.25,19.41,19.08,19.34,25952
2023-07-17,19.32,19.48,19.16,19.31,30878,19.32,19.48,19.16,19.31,30878,19.32,19.48,19.16,19.31,30878
2023-07-18,19.46,19.66,19.27,19.45,34181,19.46,19.66,19.27,19.45,34181,19.46,19.66,19.27,19.45,34181
2023-07-19,19.21,19.40,19.01,19.27,27670,19.21,19.40,19.01,19.27,27670,19.21,19.40,19.01,19.27,27670
2023-07-20,19.25,19.51,18.98,19.26,21094,19.25,19.51,18.98,19.26,21094,19.25,19.51,18.98,19.26,21094
2023-07-21,19.00,19.19,18.82,18.95,17608,19.00,19.19,18.82,18.95,17608,19.00,19.19,18.82,18.95,17608
2023-07-24,18.75,18.90,18.59,18.88,26025,18.75,18.90,18.59,18.88,26025,18.75,18.90,18.59,18.88,26025
2023-07-25,18.53,18.79,18.26,18.56,27311,18.53,18.79,18.26,18.56,27311,18.53,18.79,18.26,18.56,27311
2023-07-26,18.65,18.93,18.38,18.66,28064,18.65,18.93,18.38,18.66,28064,18.65,18.93,18.38,18.66,28064
2023-07-27,18.42,18.58,18.26,18.34,18607,18.42,18.58,18.26,18.34,18607,18.42,18.58,18.26,18.34,18607
2023-07-28,18.96,19.09,18.83,18.89,34877,18.96,19.09,18.83,18.89,34877,18.96,19.09,18.83,18.89,34877
2023-07-31,18.51,18.70,18.32,18.50,19124,18.51,18.70,18.32,18.50,19124,18.51,18.70,18.32,18.50,19124
2023-08-01,18.10,18.26,17.94,18.15,28890,18.10,18.26,17.94,18.15,28890,18.10,18.26,17.94,18.15,28890
2023-08-02,18.20,18.40,17.99,18.20,18697,18.20,18.40,17.99,18.20,18697,18.20,18.40,17.99,18.20,18697
2023-08-03,18.33,18.64,18.03,18.26,33297,18.33,18.64,18.03,18.26,33297,18.33,18.64,18.03,18.26,33297
2023-08-04,18.49,18.69,18.30,18.47,21931,18.49,18.69,18.30,18.47,21931,18.49,18.69,18.30,18.47,21931
2023-08-07,18.16,18.30,18.02,18.13,29133,18.16,18.30,18.02,18.13,29133,18.16,18.30,18.02,18.13,29133
2023-08-08,17.74,17.90,17.59,17.69,20058,17.74,17.90,17.59,17.69,20058,17.74,17.90,17.59,17.69,20058
2023-08-09,17.59,17.71,17.46,17.57,22392,17.59,17.71,17.46,17.57,22392,17.59,17.71,17.46,17.57,22392
2023-08-10,17.39,17.54,17.23,17.46,20105,17.39,17.54,17.23,17.46,20105,17.39,17.54,17.23,17.46,20105
2023-08-11,17.13,17.40,16.86,17.18,32928,17.13,17.40,16.86,17.18,32928,17.13,17.40,16.86,17.18,32928
2023-08-14,16.99,17.26,16.72,16.85,31256,16.99,17.26,16.72,16.85,31256,16.99,17.26,16.72,16.85,31256
2023-08-15,16.75,16.89,16.61,16.68,21134,16.75,16.89,16.61,16.68,21134,16.75,16.89,16.61,16.68,21134
2023-08-16,16.15,16.37,15.93,16.18,18150,16.15,16.37,15.93,16.18,18150,16.15,16.37,15.93,16.18,18150
2023-08-17,16.00,16.19,15.82,16.02,27931,16.00,16.19,15.82,16.02,27931,16.00,16.19,15.82,16.02,27931
2023-08-18,15.73,15.93,15.53,15.84,32779,15.73,15.93,15.53,15.84,32779,15.73,15.93,15.53,15.84,32779
2023-08-21,15.69,15.88,15.50,15.72,19052,15.69,15.88,15.50,15.72,19052,15.69,15.88,15.50,15.72,19052
2023-08-22,15.78,15.89,15.66,15.73,28103,15.78,15.89,15.66,15.73,28103,15.78,15.89,15.66,15.73,28103
2023-08-23,16.12,16.34,15.91,16.11,32971,16.12,16.34,15.91,16.11,32971,16.12,16.34,15.91,16.11,32971
2023-08-24,15.91,16.13,15.69,15.98,19379,15.91,16.13,15.69,15.98,19379,15.91,16.13,15.69,15.98,19379
2023-08-25,16.19,16.35,16.03,16.16,21190,16.19,16.35,16.03,16.16,21190,16.19,16.35,16.03,16.16,21190
2023-08-28,16.31,16.53,16.10,16.30,32256,16.31,16.53,16.10,16.30,32256,16.31,16.53,16.10,16.30,32256
2023-08-29,15.89,16.19,15.59,15.87,24725,15.89,16.19,15.59,15.87,24725,15.89,16.19,15.59,15.87,24725
2023-08-30,16.02,16.17,15.88,15.97,34267,16.02,16.17,15.88,15.97,34267,16.02,16.17,15.88,15.97,34267
2023-08-31,15.79,15.97,15.61,15.78,24950,15.79,15.97,15.61,15.78,24950,15.79,15.97,15.61,15.78,24950
2023-09-01,15.65,15.81,15.48,15.70,19643,15.65,15.81,15.48,15.70,19643,15.65,15.81,15.48,15.70,19643
2023-09-04,14.96,15.14,14.78,14.84,26252,14.96,15.14,14.78,14.84,26252,14.96,15.14,14.78,14.84,26252
2023-09-05,15.29,15.43,15.15,15.28,33693,15.29,15.43,15.15,15.28,33693,15.29,15.43,15.15,15.28,33693
2023-09-06,15.18,15.37,14.99,15.05,24273,15.18,15.37,14.99,15.05,24273,15.18,15.37,14.99,15.05,24273
2023-09-07,15.34,15.55,15.12,15.30,24261,15.34,15.55,15.12,15.30,24261,15.34,15.55,15.12,15.30,24261
2023-09-08,15.06,15.23,14.90,15.06,33205,15.06,15.23,14.90,15.06,33205,15.06,15.23,14.90,15.06,33205
2023-09-11,14.66,14.78,14.54,14.60,24966,14.66,14.78,14.54,14.60,24966,14.66,14.78,14.54,14.60,24966
2023-09-12,14.59,14.83,14.35,14.44,24651,14.59,14.83,14.35,14.44,24651,14.59,14.83,14.35,14.44,24651
2023-09-13,14.49,14.65,14.34,14.48,24761,14.49,14.65,14.34,14.48,24761,14.49,14.65,14.34,14.48,24761
2023-09-14,14.71,14.81,14.61,14.65,23349,14.71,14.81,14.61,14.65,23349,14.71,14.81,14.61,14.65,23349
2023-09-15,14.81,14.92,14.69,14.78,23186,14.81,14.92,14.69,14.78,23186,14.81,14.92,14.69,14.78,23186
2023-09-18,14.82,14.99,14.66,14.74,24948,14.82,14.99,14.66,14.74,24948,14.82,14.99,14.66,14.74,24948
2023-09-19,14.51,14.67,14.34,14.44,30292,14.51,14.67,14.34,14.44,30292,14.51,14.67,14.34,14.44,30292
2023-09-20,14.49,14.62,14.36,14.53,31948,14.49,14.62,14.36,14.53,31948,14.49,14.62,14.36,14.53,31948
2023-09-21,14.62,14.86,14.39,14.55,20347,14.62,14.86,14.39,14.55,20347,14.62,14.86,14.39,14.55,20347
2023-09-22,14.22,14.33,14.11,14.20,28954,14.22,14.33,14.11,14.20,28954,14.22,14.33,14.11,14.20,28954
2023-09-25,14.11,14.26,13.95,14.08,33337,14.11,14.26,13.95,14.08,33337,14.11,14.26,13.95,14.08,33337
2023-09-26,14.11,14.32,13.90,14.10,21686,14.11,14.32,13.90,14.10,21686,14.11,14.32,13.90,14.10,21686
2023-09-27,14.02,14.13,13.91,13.96,27872,14.02,14.13,13.91,13.96,27872,14.02,14.13,13.91,13.96,27872
2023-09-28,14.01,14.08,13.95,13.98,34030,14.01,14.08,13.95,13.98,34030,14.01,14.08,13.95,13.98,34030
2023-09-29,13.95,14.06,13.84,13.94,27495,13.95,14.06,13.84,13.94,27495,13.95,14.06,13.84,13.94,27495
2023-10-02,14.42,14.66,14.18,14.31,20491,14.42,14.66,14.18,14.31,20491,14.42,14.66,14.18,14.31,20491
2023-10-03,14.44,14.54,14.34,14.37,19700,14.44,14.54,14.34,14.37,19700,14.44,14.54,14.34,14.37,19700
2023-10-04,13.90,14.06,13.74,14.01,32146,13.90,14.06,13.74,14.01,32146,13.90,14.06,13.74,14.01,32146
2023-10-05,14.09,14.24,13.94,14.08,27163,14.09,14.24,13.94,14.08,27163,14.09,14.24,13.94,14.08,27163
2023-10-06,14.47,14.66,14.29,14.46,29010,14.47,14.66,14.29,14.46,29010,14.47,14.66,14.29,14.46,29010
2023-10-09,14.25,14.37,14.13,14.31,34239,14.25,14.37,14.13,14.31,34239,14.25,14.37,14.13,14.31,34239
2023-10-10,14.60,14.79,14.41,14.63,22642,14.60,14.79,14.41,14.63,22642,14.60,14.79,14.41,14.63,22642
2023-10-11,14.55,14.67,14.43,14.57,33117,14.55,14.67,14.43,14.57,33117,14.55,14.67,14.43,14.57,33117
2023-10-12,14.34,14.41,14.27,14.28,24221,14.34,14.41,14.27,14.28,24221,14.34,14.41,14.27,14.28,24221
2023-10-13,14.68,14.76,14.60,14.64,34008,14.68,14.76,14.60,14.64,34008,14.68,14.76,14.60,14.64,34008
2023-10-16,14.75,14.92,14.58,14.69,26513,14.75,14.92,14.58,14.69,26513,14.75,14.92,14.58,14.69,26513
2023-10-17,14.53,14.67,14.39,14.50,29389,14.53,14.67,14.39,14.50,29389,14.53,14.67,14.39,14.50,29389
2023-10-18,14.66,14.86,14.45,14.68,28712,14.66,14.86,14.45,14.68,28712,14.66,14.86,14.45,14.68,28712
2023-10-19,15.02,15.13,14.91,15.01,28606,15.02,15.13,14.91,15.01,28606,15.02,15.13,14.91,15.01,28606
2023-10-20,15.64,15.80,15.49,15.55,29273,15.64,15.80,15.49,15.55,29273,15.64,15.80,15.49,15.55,29273
2023-10-23,15.08,15.26,14.90,15.10,18499,15.08,15.26,14.90,15.10,18499,15.08,15.26,14.90,15.10,18499
2023-10-24,15.29,15.42,15.15,15.31,23092,15.29,15.42,15.15,15.31,23092,15.29,15.42,15.15,15.31,23092
2023-10-25,14.90,15.12,14.68,14.96,25147,14.90,15.12,14.68,14.96,25147,14.90,15.12,14.68,14.96,25147
2023-10-26,14.94,15.03,14.85,14.89,27867,14.94,15.03,14.85,14.89,27867,14.94,15.03,14.85,14.89,27867
2023-10-27,14.98,15.13,14.83,14.89,32818,14.98,15.13,14.83,14.89,32818,14.98,15.13,14.83,14.89,32818
2023-10-30,15.05,15.22,14.88,14.94,27368,15.05,15.22,14.88,14.94,27368,15.05,15.22,14.88,14.94,27368
2023-10-31,14.86,15.06,14.66,14.84,21278,14.86,15.06,14.66,14.84,21278,14.86,15.06,14.66,14.84,21278
2023-11-01,14.94,15.01,14.86,14.89,19024,14.94,15.01,14.86,14.89,19024,14.94,15.01,14.86,14.89,19024
2023-11-02,14.76,14.87,14.64,14.78,21772,14.76,14.87,14.64,14.78,21772,14.76,14.87,14.64,14.78,21772
2023-11-03,14.60,14.81,14.39,14.61,33224,14.60,14.81,14.39,14.61,33224,14.60,14.81,14.39,14.61,33224
2023-11-06,14.49,14.64,14.35,14.48,19969,14.49,14.64,14.35,14.48,19969,14.49,14.64,14.35,14.48,19969
2023-11-07,14.53,14.75,14.31,14.52,18497,14.53,14.75,14.31,14.52,18497,14.53,14.75,14.31,14.52,18497
2023-11-08,13.82,13.96,13.68,13.75,31279,13.82,13.96,13.68,13.75,31279,13.82,13.96,13.68,13.75,31279
2023-11-09,13.74,13.83,13.65,13.68,32919,13.74,13.83,13.65,13.68,32919,13.74,13.83,13.65,13.68,32919
2023-11-10,13.67,13.82,13.52,13.66,26199,13.67,13.82,13.52,13.66,26199,13.67,13.82,13.52,13.66,26199
2023-11-13,13.87,13.98,13.75,13.91,30011,13.87,13.98,13.75,13.91,30011,13.87,13.98,13.75,13.91,30011
2023-11-14,13.65,13.81,13.49,13.72,30286,13.65,13.81,13.49,13.72,30286,13.65,13.81,13.49,13.72,30286
2023-11-15,13.92,14.07,13.77,13.89,29098,13.92,14.07,13.77,13.89,29098,13.92,14.07,13.77,13.89,29098
2023-11-16,13.97,14.17,13.76,14.00,27532,13.97,14.17,13.76,14.00,27532,13.97,14.17,13.76,14.00,27532
2023-11-17,13.79,13.97,13.62,13.72,24555,13.79,13.97,13.62,13.72,24555,13.79,13.97,13.62,13.72,24555
2023-11-20,14.31,14.50,14.12,14.19,20436,14.31,14.50,14.12,14.19,20436,14.31,14.50,14.12,14.19,20436
2023-11-21,14.41,14.54,14.28,14.40,30161,14.41,14.54,14.28,14.40,30161,14.41,14.54,14.28,14.40,30161
2023-11-22,14.67,14.87,14.46,14.60,31868,14.67,14.87,14.46,14.60,31868,14.67,14.87,14.46,14.60,31868
2023-11-23,14.71,14.91,14.51,14.69,25736,14.71,14.91,14.51,14.69,25736,14.71,14.91,14.51,14.69,25736
2023-11-24,14.61,14.73,14.49,14.58,19683,14.61,14.73,14.49,14.58,19683,14.61,14.73,14.49,14.58,19683
2023-11-27,14.14,14.35,13.92,14.17,18998,14.14,14.35,13.92,14.17,18998,14.14,14.35,13.92,14.17,18998
2023-11-28,14.23,14.34,14.13,14.23,27111,14.23,14.34,14.13,14.23,27111,14.23,14.34,14.13,14.23,27111
2023-11-29,13.77,14.04,13.50,13.75,18726,13.77,14.04,13.50,13.75,18726,13.77,14.04,13.50,13.75,18726
2023-11-30,13.56,13.76,13.35,13.53,25759,13.56,13.76,13.35,13.53,25759,13.56,13.76,13.35,13.53,25759
2023-12-01,13.24,13.37,13.11,13.21,31292,13.24,13.37,13.11,13.21,31292,13.24,13.37,13.11,13.21,31292
2023-12-04,13.58,13.71,13.45,13.53,31553,13.58,13.71,13.45,13.53,31553,13.58,13.71,13.45,13.53,31553
2023-12-05,13.41,13.63,13.19,13.43,33036,13.41,13.63,13.19,13.43,33036,13.41,13.63,13.19,13.43,33036
2023-12-06,13.54,13.85,13.24,13.53,26541,13.54,13.85,13.24,13.53,26541,13.54,13.85,13.24,13.53,26541
2023-12-07,13.60,13.81,13.40,13.55,18459,13.60,13.81,13.40,13.55,18459,13.60,13.81,13.40,13.55,18459
2023-12-08,13.54,13.67,13.42,13.58,31891,13.54,13.67,13.42,13.58,31891,13.54,13.67,13.42,13.58,31891
2023-12-11,13.69,13.83,13.56,13.72,18022,13.69,13.83,13.56,13.72,18022,13.69,13.83,13.56,13.72,18022
2023-12-12,13.84,14.06,13.61,13.84,18432,13.84,14.06,13.61,13.84,18432,13.84,14.06,13.61,13.84,18432
2023-12-13,13.75,13.82,13.68,13.73,19335,13.75,13.82,13.68,13.73,19335,13.75,13.82,13.68,13.73,19335
2023-12-14,14.04,14.16,13.92,13.94,28123,14.04,14.16,13.92,13.94,28123,14.04,14.16,13.92,13.94,28123
2023-12-15,14.35,14.52,14.17,14.37,23349,14.35,14.52,14.17,14.37,23349,14.35,14.52,14.17,14.37,23349
2023-12-18,14.77,15.01,14.53,14.76,23665,14.77,15.01,14.53,14.76,23665,14.77,15.01,14.53,14.76,23665
2023-12-19,14.75,15.01,14.49,14.73,22659,14.75,15.01,14.49,14.73,22659,14.75,15.01,14.49,14.73,22659
2023-12-20,14.56,14.66,14.47,14.49,23989,14.56,14.66,14.47,14.49,23989,14.56,14.66,14.47,14.49,23989
2023-12-21,13.80,13.94,13.66,13.75,20921,13.80,13.94,13.66,13.75,20921,13.80,13.94,13.66,13.75,20921
2023-12-22,14.07,14.21,13.94,14.00,28353,14.07,14.21,13.94,14.00,28353,14.07,14.21,13.94,14.00,28353
2023-12-25,14.12,14.24,14.00,14.13,26665,14.12,14.24,14.00,14.13,26665,14.12,14.24,14.00,14.13,26665
2023-12-26,14.14,14.33,13.95,14.14,30412,14.14,14.33,13.95,14.14,30412,14.14,14.33,13.95,14.14,30412
2023-12-27,13.72,13.84,13.61,13.66,26370,13.72,13.84,13.61,13.66,26370,13.72,13.84,13.61,13.66,26370
2023-12-28,13.93,14.12,13.74,14.00,27929,13.93,14.12,13.74,14.00,27929,13.93,14.12,13.74,14.00,27929
2023-12-29,14.14,14.36,13.92,14.15,29360,14.14,14.36,13.92,14.15,29360,14.14,14.36,13.92,14.15,29360
