Date,Open,High,Low,Close,Volume,UnadjustedOpen,UnadjustedHigh,UnadjustedLow,UnadjustedClose,UnadjustedVolume,AdjustedOpen,AdjustedHigh,AdjustedLow,AdjustedClose,AdjustedVolume
2018-01-02,181.63,183.87,179.40,181.81,17195777,181.63,183.87,179.40,181.81,17195777,45.41,45.97,44.85,45.45,68783109
2018-01-03,186.84,189.50,184.18,187.00,25407580,186.84,189.50,184.18,187.00,25407580,46.71,47.38,46.05,46.75,101630318
2018-01-04,186.28,188.35,184.20,185.62,19400603,186.28,188.35,184.20,185.62,19400603,46.57,47.09,46.05,46.41,77602413
2018-01-05,183.01,184.47,181.55,184.27,19207033,183.01,184.47,181.55,184.27,19207033,45.75,46.12,45.39,46.07,76828134
2018-01-08,181.85,183.58,180.13,181.12,21659041,181.85,183.58,180.13,181.12,21659041,45.46,45.89,45.03,45.28,86636164
2018-01-09,176.35,178.28,174.42,176.72,22524237,176.35,178.28,174.42,176.72,22524237,44.09,44.57,43.61,44.18,90096949
2018-01-10,175.91,177.38,174.44,175.18,15842642,175.91,177.38,174.44,175.18,15842642,43.98,44.34,43.61,43.80,63370570
2018-01-11,176.05,178.15,173.96,176.56,16327873,176.05,178.15,173.96,176.56,16327873,44.01,44.54,43.49,44.14,65311491
2018-01-12,175.83,178.56,173.11,174.84,15386529,175.83,178.56,173.11,174.84,15386529,43.96,44.64,43.28,43.71,61546117
2018-01-15,171.61,173.57,169.66,171.71,24730019,171.61,173.57,169.66,171.71,24730019,42.90,43.39,42.41,42.93,98920076
2018-01-16,172.45,172.93,171.97,172.55,29297571,172.45,172.93,171.97,172.55,29297571,43.11,43.23,42.99,43.14,117190285
2018-01-17,173.23,175.62,170.85,173.35,28587879,173.23,175.62,170.85,173.35,28587879,43.31,43.90,42.71,43.34,114351517
2018-01-18,173.86,175.00,172.73,173.18,27202470,173.86,175.00,172.73,173.18,27202470,43.47,43.75,43.18,43.30,108809882
2018-01-19,171.10,172.03,170.17,171.13,22947604,171.10,172.03,170.17,171.13,22947604,42.78,43.01,42.54,42.78,91790417
2018-01-22,172.62,174.05,171.18,172.32,14957141,172.62,174.05,171.18,172.32,14957141,43.15,43.51,42.79,43.08,59828566
2018-01-23,174.45,177.01,171.89,174.41,25718982,174.45,177.01,171.89,174.41,25718982,43.61,44.25,42.97,43.60,102875926
2018-01-24,171.86,173.76,169.96,171.96,19797108,171.86,173.76,169.96,171.96,19797108,42.97,43.44,42.49,42.99,79188432
2018-01-25,175.45,177.12,173.78,175.18,19712102,175.45,177.12,173.78,175.18,19712102,43.86,44.28,43.45,43.79,78848408
2018-01-26,178.75,181.27,176.22,177.93,16653964,178.75,181.27,176.22,177.93,16653964,44.69,45.32,44.05,44.48,66615858
2018-01-29,181.61,184.40,178.81,181.34,23223998,181.61,184.40,178.81,181.34,23223998,45.40,46.10,44.70,45.34,92895993
2018-01-30,182.95,185.03,180.87,181.43,15253110,182.95,185.03,180.87,181.43,15253110,45.74,46.26,45.22,45.36,61012438
2018-01-31,183.36,185.22,181.51,184.31,22439989,183.36,185.22,181.51,184.31,22439989,45.84,46.30,45.38,46.08,89759956
2018-02-01,183.46,186.32,180.59,183.79,18278373,183.46,186.32,180.59,183.79,18278373,45.86,46.58,45.15,45.95,73113491
2018-02-02,182.56,184.27,180.85,182.28,17273167,182.56,184.27,180.85,182.28,17273167,45.64,46.07,45.21,45.57,69092667
2018-02-05,186.07,188.02,184.12,185.49,28151815,186.07,188.02,184.12,185.49,28151815,46.52,47.00,46.03,46.37,112607260
2018-02-06,188.15,190.94,185.37,187.41,28204358,188.15,190.94,185.37,187.41,28204358,47.04,47.74,46.34,46.85,112817432
2018-02-07,185.46,187.17,183.76,185.25,27042970,185.46,187.17,183.76,185.25,27042970,46.37,46.79,45.94,46.31,108171879
2018-02-08,179.63,180.80,178.45,180.57,18178854,179.63,180.80,178.45,180.57,18178854,44.91,45.20,44.61,45.14,72715415
2018-02-09,179.55,181.09,178.01,179.66,22592010,179.55,181.09,178.01,179.66,22592010,44.89,45.27,44.50,44.91,90368042
2018-02-12,180.28,182.48,178.08,181.16,29330258,180.28,182.48,178.08,181.16,29330258,45.07,45.62,44.52,45.29,117321034
2018-02-13,175.25,177.19,173.31,175.11,15640746,175.25,177.19,173.31,175.11,15640746,43.81,44.30,43.33,43.78,62562986
2018-02-14,183.59,185.70,181.47,183.07,18438483,183.59,185.70,181.47,183.07,18438483,45.90,46.43,45.37,45.77,73753932
2018-02-15,182.28,184.28,180.28,183.16,18409858,182.28,184.28,180.28,183.16,18409858,45.57,46.07,45.07,45.79,73639434
2018-02-16,185.01,187.32,182.69,185.84,24280549,185.01,187.32,182.69,185.84,24280549,46.25,46.83,45.67,46.46,97122197
2018-02-19,189.69,192.32,187.06,188.01,15481530,189.69,192.32,187.06,188.01,15481530,47.42,48.08,46.76,47.00,61926121
2018-02-20,186.88,190.13,183.62,186.30,15121744,186.88,190.13,183.62,186.30,15121744,46.72,47.53,45.91,46.58,60486976
2018-02-21,182.00,183.55,180.46,181.31,25152699,182.00,183.55,180.46,181.31,25152699,45.50,45.89,45.11,45.33,100610795
2018-02-22,183.60,185.82,181.37,183.06,16920624,183.60,185.82,181.37,183.06,16920624,45.90,46.45,45.34,45.76,67682496
2018-02-23,180.35,182.55,178.14,180.68,27031180,180.35,182.55,178.14,180.68,27031180,45.09,45.64,44.53,45.17,108124721
2018-02-26,176.53,180.20,172.86,176.88,18472553,176.53,180.20,172.86,176.88,18472553,44.13,45.05,43.22,44.22,73890211
2018-02-27,178.98,180.73,177.22,177.90,25673591,178.98,180.73,177.22,177.90,25673591,44.74,45.18,44.31,44.47,102694363
2018-02-28,173.78,176.49,171.07,173.87,16126582,173.78,176.49,171.07,173.87,16126582,43.45,44.12,42.77,43.47,64506328
2018-03-01,174.03,176.45,171.60,174.98,24572924,174.03,176.45,171.60,174.98,24572924,43.51,44.11,42.90,43.74,98291695
2018-03-02,177.59,179.43,175.74,176.67,18404080,177.59,179.43,175.74,176.67,18404080,44.40,44.86,43.94,44.17,73616321
2018-03-05,179.92,181.97,177.87,180.55,24656992,179.92,181.97,177.87,180.55,24656992,44.98,45.49,44.47,45.14,98627967
2018-03-06,181.81,183.48,180.13,182.09,20344773,181.81,183.48,180.13,182.09,20344773,45.45,45.87,45.03,45.52,81379090
2018-03-07,179.22,180.80,177.65,179.38,28144193,179.22,180.80,177.65,179.38,28144193,44.81,45.20,44.41,44.84,112576770
2018-03-08,181.16,183.94,178.38,180.68,22351727,181.16,183.94,178.38,180.68,22351727,45.29,45.98,44.60,45.17,89406907
2018-03-09,181.14,184.62,177.65,180.02,19051489,181.14,184.62,177.65,180.02,19051489,45.28,46.16,44.41,45.00,76205956
2018-03-12,177.70,179.61,175.79,177.44,17509521,177.70,179.61,175.79,177.44,17509521,44.42,44.90,43.95,44.36,70038085
2018-03-13,177.21,179.68,174.73,176.92,29208847,177.21,179.68,174.73,176.92,29208847,44.30,44.92,43.68,44.23,116835389
2018-03-14,176.52,178.61,174.43,176.89,20603329,176.52,178.61,174.43,176.89,20603329,44.13,44.65,43.61,44.22,82413315
2018-03-15,176.12,178.52,173.72,175.66,28800302,176.12,178.52,173.72,175.66,28800302,44.03,44.63,43.43,43.92,115201209
2018-03-16,171.60,174.52,168.68,171.92,16320500,171.60,174.52,168.68,171.92,16320500,42.90,43.63,42.17,42.98,65282001
2018-03-19,171.82,173.37,170.26,172.29,25243109,171.82,173.37,170.26,172.29,25243109,42.95,43.34,42.56,43.07,100972437
2018-03-20,173.37,175.47,171.27,174.22,19242179,173.37,175.47,171.27,174.22,19242179,43.34,43.87,42.82,43.55,76968715
2018-03-21,176.20,178.59,173.81,176.03,26749641,176.20,178.59,173.81,176.03,26749641,44.05,44.65,43.45,44.01,106998563
2018-03-22,188.78,191.95,185.62,188.43,26712416,188.78,191.95,185.62,188.43,26712416,47.20,47.99,46.40,47.11,106849664
2018-03-23,188.48,190.53,186.42,187.57,23476917,188.48,190.53,186.42,187.57,23476917,47.12,47.63,46.61,46.89,93907668
2018-03-26,187.40,189.19,185.61,186.98,22946839,187.40,189.19,185.61,186.98,22946839,46.85,47.30,46.40,46.75,91787356
2018-03-27,189.15,190.24,188.05,189.50,16765025,189.15,190.24,188.05,189.50,16765025,47.29,47.56,47.01,47.37,67060101
2018-03-28,194.31,197.25,191.36,193.42,18085338,194.31,197.25,191.36,193.42,18085338,48.58,49.31,47.84,48.36,72341351
2018-03-29,191.37,193.59,189.14,191.09,22916947,191.37,193.59,189.14,191.09,22916947,47.84,48.40,47.29,47.77,91667790
2018-03-30,189.51,192.62,186.39,189.07,29390800,189.51,192.62,186.39,189.07,29390800,47.38,48.16,46.60,47.27,117563199
2018-04-02,182.95,184.74,181.16,182.38,21404700,182.95,184.74,181.16,182.38,21404700,45.74,46.19,45.29,45.60,85618800
2018-04-03,184.44,186.89,181.99,185.39,17452753,184.44,186.89,181.99,185.39,17452753,46.11,46.72,45.50,46.35,69811012
2018-04-04,183.08,185.61,180.54,184.01,24695436,183.08,185.61,180.54,184.01,24695436,45.77,46.40,45.14,46.00,98781744
2018-04-05,185.15,188.13,182.16,185.55,23974346,185.15,188.13,182.16,185.55,23974346,46.29,47.03,45.54,46.39,95897384
2018-04-06,180.07,182.41,177.73,180.68,15089103,180.07,182.41,177.73,180.68,15089103,45.02,45.60,44.43,45.17,60356413
2018-04-09,177.82,180.51,175.13,178.58,16330283,177.82,180.51,175.13,178.58,16330283,44.45,45.13,43.78,44.65,65321133
2018-04-10,168.21,169.52,166.89,168.36,20802758,168.21,169.52,166.89,168.36,20802758,42.05,42.38,41.72,42.09,83211032
2018-04-11,165.02,168.02,162.03,164.77,15548897,165.02,168.02,162.03,164.77,15548897,41.26,42.00,40.51,41.19,62195589
2018-04-12,168.30,170.04,166.55,169.23,24673068,168.30,170.04,166.55,169.23,24673068,42.07,42.51,41.64,42.31,98692271
2018-04-13,169.50,171.31,167.70,169.44,23588412,169.50,171.31,167.70,169.44,23588412,42.38,42.83,41.92,42.36,94353647
2018-04-16,169.76,172.58,166.93,169.98,21691512,169.76,172.58,166.93,169.98,21691512,42.44,43.15,41.73,42.49,86766047
2018-04-17,166.80,168.95,164.66,166.38,20618277,166.80,168.95,164.66,166.38,20618277,41.70,42.24,41.16,41.60,82473107
2018-04-18,167.40,168.89,165.91,167.41,27442520,167.40,168.89,165.91,167.41,27442520,41.85,42.22,41.48,41.85,109770081
2018-04-19,166.16,167.58,164.74,166.11,25238965,166.16,167.58,164.74,166.11,25238965,41.54,41.90,41.19,41.53,100955861
2018-04-20,168.94,171.27,166.61,168.98,19070264,168.94,171.27,166.61,168.98,19070264,42.23,42.82,41.65,42.25,76281057
2018-04-23,171.80,173.61,169.98,171.08,26876667,171.80,173.61,169.98,171.08,26876667,42.95,43.40,42.50,42.77,107506667
2018-04-24,170.89,173.37,168.40,171.21,19944453,170.89,173.37,168.40,171.21,19944453,42.72,43.34,42.10,42.80,79777811
2018-04-25,170.59,172.93,168.25,169.58,26098825,170.59,172.93,168.25,169.58,26098825,42.65,43.23,42.06,42.39,104395301
2018-04-26,173.64,175.85,171.42,173.75,20664375,173.64,175.85,171.42,173.75,20664375,43.41,43.96,42.86,43.44,82657500
2018-04-27,173.29,174.81,171.77,172.97,29007172,173.29,174.81,171.77,172.97,29007172,43.32,43.70,42.94,43.24,116028687
2018-04-30,174.25,176.07,172.44,173.47,19236510,174.25,176.07,172.44,173.47,19236510,43.56,44.02,43.11,43.37,76946041
2018-05-01,181.46,183.44,179.47,180.19,26066571,181.46,183.44,179.47,180.19,26066571,45.36,45.86,44.87,45.05,104266285
2018-05-02,182.89,185.18,180.61,182.42,15731187,182.89,185.18,180.61,182.42,15731187,45.72,46.30,45.15,45.60,62924746
2018-05-03,178.12,179.95,176.29,179.67,28079600,178.12,179.95,176.29,179.67,28079600,44.53,44.99,44.07,44.92,112318399
2018-05-04,177.06,179.05,175.07,177.20,24070994,177.06,179.05,175.07,177.20,24070994,44.26,44.76,43.77,44.30,96283975
2018-05-07,175.50,177.33,173.67,175.60,27100168,175.50,177.33,173.67,175.60,27100168,43.87,44.33,43.42,43.90,108400674
2018-05-08,175.22,176.60,173.83,174.31,26965394,175.22,176.60,173.83,174.31,26965394,43.80,44.15,43.46,43.58,107861574
2018-05-09,169.40,171.56,167.23,170.09,16117073,169.40,171.56,167.23,170.09,16117073,42.35,42.89,41.81,42.52,64468293
2018-05-10,171.66,174.55,168.78,171.23,16529063,171.66,174.55,168.78,171.23,16529063,42.92,43.64,42.20,42.81,66116250
2018-05-11,170.97,172.72,169.22,170.93,21846327,170.97,172.72,169.22,170.93,21846327,42.74,43.18,42.31,42.73,87385308
2018-05-14,171.70,173.46,169.94,172.11,29187317,171.70,173.46,169.94,172.11,29187317,42.93,43.37,42.49,43.03,116749267
2018-05-15,176.96,177.89,176.02,177.05,27795412,176.96,177.89,176.02,177.05,27795412,44.24,44.47,44.01,44.26,111181648
2018-05-16,178.10,180.11,176.09,177.96,29293375,178.10,180.11,176.09,177.96,29293375,44.52,45.03,44.02,44.49,117173501
2018-05-17,176.68,179.79,173.57,175.68,25224262,176.68,179.79,173.57,175.68,25224262,44.17,44.95,43.39,43.92,100897047
2018-05-18,182.12,184.18,180.06,182.68,15551015,182.12,184.18,180.06,182.68,15551015,45.53,46.04,45.02,45.67,62204060
2018-05-21,183.18,185.59,180.76,183.49,24099472,183.18,185.59,180.76,183.49,24099472,45.79,46.40,45.19,45.87,96397890
2018-05-22,181.68,182.55,180.81,180.92,23556885,181.68,182.55,180.81,180.92,23556885,45.42,45.64,45.20,45.23,94227539
2018-05-23,178.57,179.85,177.29,179.41,26980201,178.57,179.85,177.29,179.41,26980201,44.64,44.96,44.32,44.85,107920804
2018-05-24,177.68,179.26,176.11,176.71,28749336,177.68,179.26,176.11,176.71,28749336,44.42,44.82,44.03,44.18,114997345
2018-05-25,183.01,184.85,181.16,182.73,26931981,183.01,184.85,181.16,182.73,26931981,45.75,46.21,45.29,45.68,107727923
2018-05-28,178.13,180.63,175.63,177.30,21045440,178.13,180.63,175.63,177.30,21045440,44.53,45.16,43.91,44.32,84181760
2018-05-29,181.60,183.52,179.68,181.45,27737745,181.60,183.52,179.68,181.45,27737745,45.40,45.88,44.92,45.36,110950981
2018-05-30,182.07,183.89,180.26,181.66,21576844,182.07,183.89,180.26,181.66,21576844,45.52,45.97,45.06,45.42,86307376
2018-05-31,183.21,184.85,181.57,183.90,24866548,183.21,184.85,181.57,183.90,24866548,45.80,46.21,45.39,45.98,99466191
2018-06-01,179.63,182.32,176.94,179.03,22614577,179.63,182.32,176.94,179.03,22614577,44.91,45.58,44.24,44.76,90458308
2018-06-04,176.36,179.04,173.68,176.82,27551200,176.36,179.04,173.68,176.82,27551200,44.09,44.76,43.42,44.20,110204799
2018-06-05,184.67,187.38,181.96,183.57,16868477,184.67,187.38,181.96,183.57,16868477,46.17,46.85,45.49,45.89,67473906
2018-06-06,187.46,190.62,184.29,186.98,18042842,187.46,190.62,184.29,186.98,18042842,46.86,47.66,46.07,46.75,72171368
2018-06-07,190.67,191.37,189.98,190.75,28324361,190.67,191.37,189.98,190.75,28324361,47.67,47.84,47.49,47.69,113297442
2018-06-08,185.08,186.36,183.81,183.96,26531839,185.08,186.36,183.81,183.96,26531839,46.27,46.59,45.95,45.99,106127354
2018-06-11,189.91,190.53,189.28,189.56,21704644,189.91,190.53,189.28,189.56,21704644,47.48,47.63,47.32,47.39,86818577
2018-06-12,189.58,191.85,187.31,189.58,19765180,189.58,191.85,187.31,189.58,19765180,47.39,47.96,46.83,47.40,79060721
2018-06-13,185.67,188.19,183.15,185.34,17580466,185.67,188.19,183.15,185.34,17580466,46.42,47.05,45.79,46.34,70321865
2018-06-14,183.07,185.28,180.85,182.41,21925179,183.07,185.28,180.85,182.41,21925179,45.77,46.32,45.21,45.60,87700718
2018-06-15,180.02,181.98,178.06,179.38,17508031,180.02,181.98,178.06,179.38,17508031,45.01,45.50,44.52,44.84,70032124
2018-06-18,176.65,177.87,175.42,177.02,20293514,176.65,177.87,175.42,177.02,20293514,44.16,44.47,43.85,44.25,81174057
2018-06-19,184.00,185.71,182.28,183.48,27869482,184.00,185.71,182.28,183.48,27869482,46.00,46.43,45.57,45.87,111477928
2018-06-20,185.25,187.38,183.11,184.39,26005363,185.25,187.38,183.11,184.39,26005363,46.31,46.85,45.78,46.10,104021452
2018-06-21,182.88,184.50,181.25,182.83,24071540,182.88,184.50,181.25,182.83,24071540,45.72,46.12,45.31,45.71,96286159
2018-06-22,176.15,177.01,175.29,175.46,25993630,176.15,177.01,175.29,175.46,25993630,44.04,44.25,43.82,43.86,103974521
2018-06-25,176.42,179.88,172.97,177.47,16469184,176.42,179.88,172.97,177.47,16469184,44.11,44.97,43.24,44.37,65876735
2018-06-26,182.82,184.80,180.83,181.25,18481749,182.82,184.80,180.83,181.25,18481749,45.70,46.20,45.21,45.31,73926995
2018-06-27,178.81,179.86,177.77,178.98,16656462,178.81,179.86,177.77,178.98,16656462,44.70,44.96,44.44,44.75,66625847
2018-06-28,175.57,178.00,173.14,175.70,24976647,175.57,178.00,173.14,175.70,24976647,43.89,44.50,43.28,43.92,99906588
2018-06-29,176.66,179.28,174.04,175.87,23604262,176.66,179.28,174.04,175.87,23604262,44.16,44.82,43.51,43.97,94417047
2018-07-02,172.63,175.03,170.23,173.33,16772757,172.63,175.03,170.23,173.33,16772757,43.16,43.76,42.56,43.33,67091028
2018-07-03,169.98,171.66,168.30,170.80,20171939,169.98,171.66,168.30,170.80,20171939,42.49,42.92,42.07,42.70,80687755
2018-07-04,176.99,179.00,174.97,176.85,18403749,176.99,179.00,174.97,176.85,18403749,44.25,44.75,43.74,44.21,73614994
2018-07-05,175.20,176.65,173.75,174.98,17453932,175.20,176.65,173.75,174.98,17453932,43.80,44.16,43.44,43.75,69815729
2018-07-06,171.34,172.54,170.14,172.45,29487882,171.34,172.54,170.14,172.45,29487882,42.84,43.14,42.53,43.11,117951528
2018-07-09,171.93,173.19,170.68,171.90,17416953,171.93,173.19,170.68,171.90,17416953,42.98,43.30,42.67,42.98,69667811
2018-07-10,174.75,176.99,172.51,174.43,23156848,174.75,176.99,172.51,174.43,23156848,43.69,44.25,43.13,43.61,92627392
2018-07-11,170.06,171.88,168.25,169.38,19689729,170.06,171.88,168.25,169.38,19689729,42.52,42.97,42.06,42.35,78758915
2018-07-12,172.14,173.61,170.68,171.31,18480845,172.14,173.61,170.68,171.31,18480845,43.04,43.40,42.67,42.83,73923379
2018-07-13,171.81,173.59,170.03,172.30,17171145,171.81,173.59,170.03,172.30,17171145,42.95,43.40,42.51,43.08,68684582
2018-07-16,169.35,171.68,167.02,167.34,15645875,169.35,171.68,167.02,167.34,15645875,42.34,42.92,41.75,41.84,62583500
2018-07-17,164.53,166.60,162.46,164.94,18662780,164.53,166.60,162.46,164.94,18662780,41.13,41.65,40.61,41.23,74651119
2018-07-18,163.71,166.27,161.14,163.41,23735126,163.71,166.27,161.14,163.41,23735126,40.93,41.57,40.29,40.85,94940505
2018-07-19,155.94,157.57,154.30,156.32,27230464,155.94,157.57,154.30,156.32,27230464,38.98,39.39,38.58,39.08,108921855
2018-07-20,156.11,157.92,154.29,155.92,17570842,156.11,157.92,154.29,155.92,17570842,39.03,39.48,38.57,38.98,70283367
2018-07-23,155.98,158.09,153.86,156.34,16954114,155.98,158.09,153.86,156.34,16954114,38.99,39.52,38.47,39.08,67816456
2018-07-24,156.92,158.65,155.19,157.23,17309382,156.92,158.65,155.19,157.23,17309382,39.23,39.66,38.80,39.31,69237529
2018-07-25,158.39,160.09,156.70,158.52,20212603,158.39,160.09,156.70,158.52,20212603,39.60,40.02,39.18,39.63,80850414
2018-07-26,164.28,166.37,162.19,164.62,27021917,164.28,166.37,162.19,164.62,27021917,41.07,41.59,40.55,41.15,108087667
2018-07-27,159.26,159.86,158.66,158.76,25995690,159.26,159.86,158.66,158.76,25995690,39.82,39.97,39.66,39.69,103982758
2018-07-30,157.46,158.58,156.34,157.93,28256172,157.46,158.58,156.34,157.93,28256172,39.36,39.64,39.08,39.48,113024687
2018-07-31,159.64,160.62,158.67,160.46,16613858,159.64,160.62,158.67,160.46,16613858,39.91,40.15,39.67,40.12,66455433
2018-08-01,162.87,164.96,160.78,162.87,19856721,162.87,164.96,160.78,162.87,19856721,40.72,41.24,40.19,40.72,79426884
2018-08-02,163.78,165.67,161.88,164.04,28171652,163.78,165.67,161.88,164.04,28171652,40.94,41.42,40.47,41.01,112686609
2018-08-03,170.72,172.56,168.87,170.93,19511866,170.72,172.56,168.87,170.93,19511866,42.68,43.14,42.22,42.73,78047463
2018-08-06,173.44,175.01,171.88,173.67,26216573,173.44,175.01,171.88,173.67,26216573,43.36,43.75,42.97,43.42,104866292
2018-08-07,172.04,174.14,169.94,172.37,27091202,172.04,174.14,169.94,172.37,27091202,43.01,43.54,42.48,43.09,108364810
2018-08-08,171.67,172.95,170.39,171.73,18285115,171.67,172.95,170.39,171.73,18285115,42.92,43.24,42.60,42.93,73140458
2018-08-09,173.25,176.00,170.51,173.08,24412071,173.25,176.00,170.51,173.08,24412071,43.31,44.00,42.63,43.27,97648284
2018-08-10,175.90,178.30,173.50,174.57,17576266,175.90,178.30,173.50,174.57,17576266,43.97,44.57,43.37,43.64,70305064
2018-08-13,170.74,173.04,168.43,170.85,20837665,170.74,173.04,168.43,170.85,20837665,42.68,43.26,42.11,42.71,83350659
2018-08-14,173.08,175.08,171.08,173.05,22400094,173.08,175.08,171.08,173.05,22400094,43.27,43.77,42.77,43.26,89600376
2018-08-15,169.80,171.60,168.00,169.74,27847843,169.80,171.60,168.00,169.74,27847843,42.45,42.90,42.00,42.43,111391373
2018-08-16,170.53,172.92,168.15,170.26,25395175,170.53,172.92,168.15,170.26,25395175,42.63,43.23,42.04,42.56,101580699
2018-08-17,171.90,173.40,170.40,171.14,23899886,171.90,173.40,170.40,171.14,23899886,42.98,43.35,42.60,42.78,95599545
2018-08-20,176.62,177.90,175.34,176.23,29524513,176.62,177.90,175.34,176.23,29524513,44.15,44.47,43.84,44.06,118098051
2018-08-21,177.09,180.38,173.81,176.03,20810165,177.09,180.38,173.81,176.03,20810165,44.27,45.09,43.45,44.01,83240661
2018-08-22,176.16,177.46,174.86,175.72,22868760,176.16,177.46,174.86,175.72,22868760,44.04,44.36,43.71,43.93,91475038
2018-08-23,170.49,172.54,168.44,170.69,20035929,170.49,172.54,168.44,170.69,20035929,42.62,43.13,42.11,42.67,80143716
2018-08-24,170.83,173.30,168.37,169.84,16970248,170.83,173.30,168.37,169.84,16970248,42.71,43.32,42.09,42.46,67880993
2018-08-27,166.15,167.42,164.87,165.44,21106516,166.15,167.42,164.87,165.44,21106516,41.54,41.85,41.22,41.36,84426064
2018-08-28,164.62,167.49,161.76,164.93,15069780,164.62,167.49,161.76,164.93,15069780,41.16,41.87,40.44,41.23,60279120
2018-08-29,167.98,169.63,166.34,168.46,29170921,167.98,169.63,166.34,168.46,29170921,42.00,42.41,41.59,42.12,116683684
2018-08-30,166.46,168.92,163.99,167.83,15872763,166.46,168.92,163.99,167.83,15872763,41.61,42.23,41.00,41.96,63491050
2018-08-31,167.75,169.56,165.95,168.20,28233558,167.75,169.56,165.95,168.20,28233558,41.94,42.39,41.49,42.05,112934230
2018-09-03,166.60,168.19,165.01,166.65,23277012,166.60,168.19,165.01,166.65,23277012,41.65,42.05,41.25,41.66,93108047
2018-09-04,166.50,168.33,164.66,165.20,21431346,166.50,168.33,164.66,165.20,21431346,41.62,42.08,41.16,41.30,85725383
2018-09-05,168.53,169.37,167.69,169.09,27694061,168.53,169.37,167.69,169.09,27694061,42.13,42.34,41.92,42.27,110776244
2018-09-06,168.03,170.04,166.02,168.15,18902327,168.03,170.04,166.02,168.15,18902327,42.01,42.51,41.51,42.04,75609308
2018-09-07,165.48,168.40,162.55,164.98,15278053,165.48,168.40,162.55,164.98,15278053,41.37,42.10,40.64,41.24,61112212
2018-09-10,169.11,170.37,167.86,168.93,24869405,169.11,170.37,167.86,168.93,24869405,42.28,42.59,41.97,42.23,99477618
2018-09-11,168.41,169.95,166.88,167.53,16354191,168.41,169.95,166.88,167.53,16354191,42.10,42.49,41.72,41.88,65416763
2018-09-12,170.78,172.59,168.96,169.86,27603485,170.78,172.59,168.96,169.86,27603485,42.69,43.15,42.24,42.47,110413940
2018-09-13,170.06,171.95,168.17,168.95,19235572,170.06,171.95,168.17,168.95,19235572,42.52,42.99,42.04,42.24,76942290
2018-09-14,169.71,171.63,167.79,171.01,28153492,169.71,171.63,167.79,171.01,28153492,42.43,42.91,41.95,42.75,112613967
2018-09-17,170.50,172.51,168.49,169.59,23655637,170.50,172.51,168.49,169.59,23655637,42.63,43.13,42.12,42.40,94622549
2018-09-18,166.54,168.09,164.99,165.48,20964998,166.54,168.09,164.99,165.48,20964998,41.64,42.02,41.25,41.37,83859993
2018-09-19,160.21,162.73,157.70,159.46,26233636,160.21,162.73,157.70,159.46,26233636,40.05,40.68,39.42,39.87,104934545
2018-09-20,159.92,162.05,157.79,159.36,26772847,159.92,162.05,157.79,159.36,26772847,39.98,40.51,39.45,39.84,107091388
2018-09-21,158.51,160.35,156.67,158.50,24297989,158.51,160.35,156.67,158.50,24297989,39.63,40.09,39.17,39.62,97191954
2018-09-24,153.87,155.16,152.58,153.79,27294587,153.87,155.16,152.58,153.79,27294587,38.47,38.79,38.14,38.45,109178349
2018-09-25,154.51,156.13,152.89,154.01,15148561,154.51,156.13,152.89,154.01,15148561,38.63,39.03,38.22,38.50,60594245
2018-09-26,151.35,152.61,150.09,152.03,23118398,151.35,152.61,150.09,152.03,23118398,37.84,38.15,37.52,38.01,92473591
2018-09-27,155.25,157.24,153.26,155.01,23807688,155.25,157.24,153.26,155.01,23807688,38.81,39.31,38.32,38.75,95230753
2018-09-28,157.49,159.03,155.94,157.93,28476878,157.49,159.03,155.94,157.93,28476878,39.37,39.76,38.99,39.48,113907511
2018-10-01,152.30,153.25,151.35,152.40,17348465,152.30,153.25,151.35,152.40,17348465,38.07,38.31,37.84,38.10,69393860
2018-10-02,152.12,153.74,150.51,152.18,23846888,152.12,153.74,150.51,152.18,23846888,38.03,38.44,37.63,38.04,95387551
2018-10-03,150.19,150.96,149.41,150.22,25570808,150.19,150.96,149.41,150.22,25570808,37.55,37.74,37.35,37.55,102283231
2018-10-04,147.28,148.45,146.10,146.28,21956250,147.28,148.45,146.10,146.28,21956250,36.82,37.11,36.52,36.57,87824999
2018-10-05,147.83,149.20,146.46,147.30,15338849,147.83,149.20,146.46,147.30,15338849,36.96,37.30,36.62,36.83,61355397
2018-10-08,149.82,151.12,148.52,148.88,15639959,149.82,151.12,148.52,148.88,15639959,37.45,37.78,37.13,37.22,62559836
2018-10-09,155.13,157.25,153.01,155.46,16460649,155.13,157.25,153.01,155.46,16460649,38.78,39.31,38.25,38.86,65842596
2018-10-10,153.55,155.17,151.92,153.20,22245433,153.55,155.17,151.92,153.20,22245433,38.39,38.79,37.98,38.30,88981733
2018-10-11,151.75,154.36,149.13,151.18,26766311,151.75,154.36,149.13,151.18,26766311,37.94,38.59,37.28,37.79,107065245
2018-10-12,148.76,150.34,147.18,149.36,23654681,148.76,150.34,147.18,149.36,23654681,37.19,37.59,36.79,37.34,94618725
2018-10-15,147.21,148.71,145.71,147.13,17628852,147.21,148.71,145.71,147.13,17628852,36.80,37.18,36.43,36.78,70515409
2018-10-16,148.99,151.06,146.92,148.49,25766845,148.99,151.06,146.92,148.49,25766845,37.25,37.77,36.73,37.12,103067381
2018-10-17,149.95,152.31,147.59,149.71,18588812,149.95,152.31,147.59,149.71,18588812,37.49,38.08,36.90,37.43,74355247
2018-10-18,150.26,151.32,149.20,150.66,29566562,150.26,151.32,149.20,150.66,29566562,37.56,37.83,37.30,37.67,118266246
2018-10-19,151.67,153.52,149.82,151.54,28492888,151.67,153.52,149.82,151.54,28492888,37.92,38.38,37.46,37.89,113971554
2018-10-22,148.17,149.88,146.45,147.77,29319491,148.17,149.88,146.45,147.77,29319491,37.04,37.47,36.61,36.94,117277966
2018-10-23,147.78,149.66,145.89,147.39,19621620,147.78,149.66,145.89,147.39,19621620,36.94,37.42,36.47,36.85,78486478
2018-10-24,146.64,147.92,145.35,147.19,16668432,146.64,147.92,145.35,147.19,16668432,36.66,36.98,36.34,36.80,66673730
2018-10-25,147.01,148.92,145.10,147.50,15847176,147.01,148.92,145.10,147.50,15847176,36.75,37.23,36.27,36.88,63388702
2018-10-26,145.84,146.88,144.80,144.85,26637007,145.84,146.88,144.80,144.85,26637007,36.46,36.72,36.20,36.21,106548028
2018-10-29,146.77,147.94,145.59,147.26,18340272,146.77,147.94,145.59,147.26,18340272,36.69,36.98,36.40,36.82,73361089
2018-10-30,149.74,151.67,147.81,149.34,26756901,149.74,151.67,147.81,149.34,26756901,37.44,37.92,36.95,37.34,107027603
2018-10-31,147.49,150.48,144.50,147.67,27870947,147.49,150.48,144.50,147.67,27870947,36.87,37.62,36.12,36.92,111483788
2018-11-01,146.60,146.95,146.25,146.43,25846537,146.60,146.95,146.25,146.43,25846537,36.65,36.74,36.56,36.61,103386147
2018-11-02,145.57,146.58,144.57,145.04,19282583,145.57,146.58,144.57,145.04,19282583,36.39,36.64,36.14,36.26,77130333
2018-11-05,142.25,142.70,141.81,142.37,24984753,142.25,142.70,141.81,142.37,24984753,35.56,35.68,35.45,35.59,99939013
2018-11-06,144.71,146.21,143.21,144.62,23999494,144.71,146.21,143.21,144.62,23999494,36.18,36.55,35.80,36.16,95997978
2018-11-07,146.09,148.71,143.46,146.11,22501242,146.09,148.71,143.46,146.11,22501242,36.52,37.18,35.87,36.53,90004966
2018-11-08,144.33,145.50,143.16,144.15,26471319,144.33,145.50,143.16,144.15,26471319,36.08,36.38,35.79,36.04,105885276
2018-11-09,142.47,143.80,141.14,142.44,29290402,142.47,143.80,141.14,142.44,29290402,35.62,35.95,35.28,35.61,117161606
2018-11-12,146.06,147.15,144.96,145.81,27010518,146.06,147.15,144.96,145.81,27010518,36.51,36.79,36.24,36.45,108042071
2018-11-13,146.92,148.02,145.82,146.78,22862495,146.92,148.02,145.82,146.78,22862495,36.73,37.00,36.46,36.69,91449978
2018-11-14,151.64,153.75,149.54,150.59,28095128,151.64,153.75,149.54,150.59,28095128,37.91,38.44,37.39,37.65,112380511
2018-11-15,149.20,151.45,146.95,149.25,23069003,149.20,151.45,146.95,149.25,23069003,37.30,37.86,36.74,37.31,92276014
2018-11-16,148.86,149.68,148.03,148.49,25635874,148.86,149.68,148.03,148.49,25635874,37.21,37.42,37.01,37.12,102543497
2018-11-19,146.10,147.40,144.80,146.26,18150225,146.10,147.40,144.80,146.26,18150225,36.53,36.85,36.20,36.57,72600901
2018-11-20,144.85,146.52,143.19,144.62,22023725,144.85,146.52,143.19,144.62,22023725,36.21,36.63,35.80,36.16,88094901
2018-11-21,147.91,150.10,145.71,147.44,20048662,147.91,150.10,145.71,147.44,20048662,36.98,37.53,36.43,36.86,80194648
2018-11-22,149.59,152.14,147.05,148.97,26736712,149.59,152.14,147.05,148.97,26736712,37.40,38.03,36.76,37.24,106946848
2018-11-23,148.06,150.19,145.94,147.73,27776001,148.06,150.19,145.94,147.73,27776001,37.02,37.55,36.48,36.93,111104005
2018-11-26,149.57,151.81,147.34,149.63,24076844,149.57,151.81,147.34,149.63,24076844,37.39,37.95,36.83,37.41,96307377
2018-11-27,152.22,153.83,150.61,152.50,27977953,152.22,153.83,150.61,152.50,27977953,38.05,38.46,37.65,38.12,111911810
2018-11-28,151.50,153.68,149.32,151.75,17266303,151.50,153.68,149.32,151.75,17266303,37.88,38.42,37.33,37.94,69065214
2018-11-29,149.39,151.34,147.44,149.23,22423583,149.39,151.34,147.44,149.23,22423583,37.35,37.83,36.86,37.31,89694330
2018-11-30,150.14,151.29,148.99,149.46,24305835,150.14,151.29,148.99,149.46,24305835,37.53,37.82,37.25,37.37,97223339
2018-12-03,151.83,154.13,149.52,151.19,16466337,151.83,154.13,149.52,151.19,16466337,37.96,38.53,37.38,37.80,65865348
2018-12-04,152.37,154.60,150.14,151.58,24285251,152.37,154.60,150.14,151.58,24285251,38.09,38.65,37.53,37.90,97141003
2018-12-05,152.12,154.02,150.23,152.06,15884076,152.12,154.02,150.23,152.06,15884076,38.03,38.50,37.56,38.01,63536305
2018-12-06,154.42,155.77,153.06,154.71,20020010,154.42,155.77,153.06,154.71,20020010,38.60,38.94,38.26,38.68,80080042
2018-12-07,152.39,153.93,150.85,152.47,27839110,152.39,153.93,150.85,152.47,27839110,38.10,38.48,37.71,38.12,111356440
2018-12-10,150.35,152.74,147.96,150.65,25039019,150.35,152.74,147.96,150.65,25039019,37.59,38.18,36.99,37.66,100156075
2018-12-11,149.85,150.71,148.99,150.18,29707227,149.85,150.71,148.99,150.18,29707227,37.46,37.68,37.25,37.55,118828908
2018-12-12,145.17,146.13,144.20,145.98,25193523,145.17,146.13,144.20,145.98,25193523,36.29,36.53,36.05,36.50,100774092
2018-12-13,144.47,146.93,142.00,144.39,18939735,144.47,146.93,142.00,144.39,18939735,36.12,36.73,35.50,36.10,75758942
2018-12-14,145.24,147.48,143.00,145.81,20789217,145.24,147.48,143.00,145.81,20789217,36.31,36.87,35.75,36.45,83156867
2018-12-17,143.26,145.08,141.44,142.72,18295575,143.26,145.08,141.44,142.72,18295575,35.81,36.27,35.36,35.68,73182299
2018-12-18,139.91,141.91,137.90,139.24,29276877,139.91,141.91,137.90,139.24,29276877,34.98,35.48,34.48,34.81,117107509
2018-12-19,142.09,143.67,140.52,141.78,26426878,142.09,143.67,140.52,141.78,26426878,35.52,35.92,35.13,35.44,105707513
2018-12-20,143.03,145.00,141.07,142.96,16827268,143.03,145.00,141.07,142.96,16827268,35.76,36.25,35.27,35.74,67309070
2018-12-21,146.53,148.78,144.29,146.11,22037645,146.53,148.78,144.29,146.11,22037645,36.63,37.19,36.07,36.53,88150580
2018-12-24,144.86,147.08,142.65,144.06,15830108,144.86,147.08,142.65,144.06,15830108,36.22,36.77,35.66,36.01,63320432
2018-12-25,139.46,140.64,138.28,140.07,26738692,139.46,140.64,138.28,140.07,26738692,34.86,35.16,34.57,35.02,106954766
2018-12-26,138.33,139.04,137.61,138.68,23800306,138.33,139.04,137.61,138.68,23800306,34.58,34.76,34.40,34.67,95201223
2018-12-27,133.21,134.64,131.77,132.37,27669321,133.21,134.64,131.77,132.37,27669321,33.30,33.66,32.94,33.09,110677283
2018-12-28,129.93,131.35,128.52,129.82,24070067,129.93,131.35,128.52,129.82,24070067,32.48,32.84,32.13,32.45,96280266
2018-12-31,126.59,128.72,124.47,126.87,15020341,126.59,128.72,124.47,126.87,15020341,31.65,32.18,31.12,31.72,60081365
2019-01-01,127.04,127.71,126.37,127.48,15368896,127.04,127.71,126.37,127.48,15368896,31.76,31.93,31.59,31.87,61475585
2019-01-02,126.36,127.46,125.26,126.06,16849147,126.36,127.46,125.26,126.06,16849147,31.59,31.86,31.32,31.51,67396587
2019-01-03,130.80,132.26,129.35,130.28,17366303,130.80,132.26,129.35,130.28,17366303,32.70,33.06,32.34,32.57,69465214
2019-01-04,132.25,133.53,130.97,131.77,25383826,132.25,133.53,130.97,131.77,25383826,33.06,33.38,32.74,32.94,101535306
2019-01-07,131.74,133.21,130.27,132.05,25497043,131.74,133.21,130.27,132.05,25497043,32.94,33.30,32.57,33.01,101988172
2019-01-08,132.71,134.35,131.08,133.14,26995524,132.71,134.35,131.08,133.14,26995524,33.18,33.59,32.77,33.28,107982094
2019-01-09,135.94,138.21,133.66,136.44,22705240,135.94,138.21,133.66,136.44,22705240,33.98,34.55,33.42,34.11,90820958
2019-01-10,134.84,136.27,133.41,134.90,15772737,134.84,136.27,133.41,134.90,15772737,33.71,34.07,33.35,33.73,63090949
2019-01-11,133.55,134.75,132.35,133.47,29390996,133.55,134.75,132.35,133.47,29390996,33.39,33.69,33.09,33.37,117563983
2019-01-14,134.60,135.56,133.65,134.64,26621765,134.60,135.56,133.65,134.64,26621765,33.65,33.89,33.41,33.66,106487061
2019-01-15,135.00,137.79,132.22,134.73,18273264,135.00,137.79,132.22,134.73,18273264,33.75,34.45,33.05,33.68,73093057
2019-01-16,135.49,136.80,134.19,135.93,24993395,135.49,136.80,134.19,135.93,24993395,33.87,34.20,33.55,33.98,99973580
2019-01-17,134.89,135.95,133.83,135.46,25922760,134.89,135.95,133.83,135.46,25922760,33.72,33.99,33.46,33.86,103691038
2019-01-18,136.99,137.55,136.43,137.18,20394202,136.99,137.55,136.43,137.18,20394202,34.25,34.39,34.11,34.30,81576806
2019-01-21,137.81,140.27,135.35,137.89,22114201,137.81,140.27,135.35,137.89,22114201,34.45,35.07,33.84,34.47,88456802
2019-01-22,136.68,137.43,135.93,136.90,23686211,136.68,137.43,135.93,136.90,23686211,34.17,34.36,33.98,34.23,94744845
2019-01-23,141.54,143.35,139.73,140.70,25522896,141.54,143.35,139.73,140.70,25522896,35.39,35.84,34.93,35.17,102091585
2019-01-24,142.21,143.79,140.64,141.85,22197633,142.21,143.79,140.64,141.85,22197633,35.55,35.95,35.16,35.46,88790532
2019-01-25,143.13,144.85,141.41,143.40,20218596,143.13,144.85,141.41,143.40,20218596,35.78,36.21,35.35,35.85,80874385
2019-01-28,135.84,137.05,134.63,136.21,20692338,135.84,137.05,134.63,136.21,20692338,33.96,34.26,33.66,34.05,82769351
2019-01-29,133.86,135.55,132.16,133.18,29301088,133.86,135.55,132.16,133.18,29301088,33.46,33.89,33.04,33.30,117204352
2019-01-30,133.87,134.73,133.00,134.16,15968264,133.87,134.73,133.00,134.16,15968264,33.47,33.68,33.25,33.54,63873056
2019-01-31,133.86,135.25,132.48,134.50,21284452,133.86,135.25,132.48,134.50,21284452,33.47,33.81,33.12,33.62,85137808
2019-02-01,134.27,135.49,133.05,133.45,25388311,134.27,135.49,133.05,133.45,25388311,33.57,33.87,33.26,33.36,101553244
2019-02-04,132.89,134.12,131.65,132.76,27432035,132.89,134.12,131.65,132.76,27432035,33.22,33.53,32.91,33.19,109728142
2019-02-05,137.69,139.78,135.60,137.87,27790535,137.69,139.78,135.60,137.87,27790535,34.42,34.94,33.90,34.47,111162141
2019-02-06,137.48,138.90,136.06,137.38,22776147,137.48,138.90,136.06,137.38,22776147,34.37,34.72,34.01,34.35,91104587
2019-02-07,137.89,139.00,136.78,137.44,28766391,137.89,139.00,136.78,137.44,28766391,34.47,34.75,34.19,34.36,115065564
2019-02-08,136.92,138.07,135.78,137.79,21639255,136.92,138.07,135.78,137.79,21639255,34.23,34.52,33.95,34.45,86557021
2019-02-11,137.19,139.01,135.38,138.80,24794606,137.19,139.01,135.38,138.80,24794606,34.30,34.75,33.84,34.70,99178423
2019-02-12,141.28,142.69,139.87,141.73,29302442,141.28,142.69,139.87,141.73,29302442,35.32,35.67,34.97,35.43,117209767
2019-02-13,139.66,141.06,138.26,139.20,21475785,139.66,141.06,138.26,139.20,21475785,34.91,35.26,34.56,34.80,85903138
2019-02-14,138.79,140.69,136.88,138.87,28926137,138.79,140.69,136.88,138.87,28926137,34.70,35.17,34.22,34.72,115704546
2019-02-15,139.69,141.93,137.46,140.27,24065478,139.69,141.93,137.46,140.27,24065478,34.92,35.48,34.36,35.07,96261911
2019-02-18,141.05,143.36,138.74,140.93,18083168,141.05,143.36,138.74,140.93,18083168,35.26,35.84,34.69,35.23,72332672
2019-02-19,143.26,145.04,141.48,144.10,24562091,143.26,145.04,141.48,144.10,24562091,35.82,36.26,35.37,36.02,98248362
2019-02-20,144.94,146.24,143.64,145.04,27827458,144.94,146.24,143.64,145.04,27827458,36.23,36.56,35.91,36.26,111309830
2019-02-21,145.81,148.06,143.55,146.06,25859432,145.81,148.06,143.55,146.06,25859432,36.45,37.02,35.89,36.52,103437728
2019-02-22,145.65,148.03,143.26,145.58,26891708,145.65,148.03,143.26,145.58,26891708,36.41,37.01,35.82,36.40,107566834
2019-02-25,142.70,144.75,140.65,142.53,21354302,142.70,144.75,140.65,142.53,21354302,35.68,36.19,35.16,35.63,85417207
2019-02-26,142.55,144.10,141.00,142.30,19703214,142.55,144.10,141.00,142.30,19703214,35.64,36.02,35.25,35.58,78812857
2019-02-27,142.77,143.30,142.24,142.50,25220075,142.77,143.30,142.24,142.50,25220075,35.69,35.82,35.56,35.62,100880299
2019-02-28,139.72,140.29,139.16,140.11,18255636,139.72,140.29,139.16,140.11,18255636,34.93,35.07,34.79,35.03,73022543
2019-03-01,137.37,138.69,136.04,136.93,24814665,137.37,138.69,136.04,136.93,24814665,34.34,34.67,34.01,34.23,99258662
2019-03-04,135.95,138.54,133.37,135.39,22596342,135.95,138.54,133.37,135.39,22596342,33.99,34.63,33.34,33.85,90385366
2019-03-05,134.74,136.06,133.41,134.75,19951061,134.74,136.06,133.41,134.75,19951061,33.68,34.01,33.35,33.69,79804246
2019-03-06,130.78,132.02,129.54,131.53,23917588,130.78,132.02,129.54,131.53,23917588,32.70,33.01,32.38,32.88,95670353
2019-03-07,137.62,139.57,135.68,137.45,25557081,137.62,139.57,135.68,137.45,25557081,34.41,34.89,33.92,34.36,102228323
2019-03-08,139.68,141.35,138.01,139.48,15771477,139.68,141.35,138.01,139.48,15771477,34.92,35.34,34.50,34.87,63085910
2019-03-11,139.36,141.02,137.70,139.48,16383635,139.36,141.02,137.70,139.48,16383635,34.84,35.25,34.42,34.87,65534539
2019-03-12,135.82,136.94,134.70,135.38,26820010,135.82,136.94,134.70,135.38,26820010,33.95,34.24,33.67,33.85,107280041
2019-03-13,132.21,133.17,131.25,132.84,23953715,132.21,133.17,131.25,132.84,23953715,33.05,33.29,32.81,33.21,95814860
2019-03-14,131.38,132.81,129.96,130.62,17569597,131.38,132.81,129.96,130.62,17569597,32.85,33.20,32.49,32.66,70278386
2019-03-15,129.88,131.17,128.58,130.24,22686805,129.88,131.17,128.58,130.24,22686805,32.47,32.79,32.15,32.56,90747221
2019-03-18,129.72,130.73,128.71,128.98,29198537,129.72,130.73,128.71,128.98,29198537,32.43,32.68,32.18,32.24,116794149
2019-03-19,130.75,132.61,128.89,130.14,23059620,130.75,132.61,128.89,130.14,23059620,32.69,33.15,32.22,32.54,92238479
2019-03-20,130.53,131.87,129.19,130.58,27060434,130.53,131.87,129.19,130.58,27060434,32.63,32.97,32.30,32.65,108241737
2019-03-21,131.91,133.40,130.42,132.00,18029167,131.91,133.40,130.42,132.00,18029167,32.98,33.35,32.60,33.00,72116668
2019-03-22,129.91,131.49,128.33,128.82,26485317,129.91,131.49,128.33,128.82,26485317,32.48,32.87,32.08,32.20,105941268
2019-03-25,127.91,129.39,126.44,127.35,21178107,127.91,129.39,126.44,127.35,21178107,31.98,32.35,31.61,31.84,84712426
2019-03-26,126.43,127.64,125.22,125.95,23600801,126.43,127.64,125.22,125.95,23600801,31.61,31.91,31.30,31.49,94403204
2019-03-27,131.50,132.87,130.13,130.95,27709107,131.50,132.87,130.13,130.95,27709107,32.87,33.22,32.53,32.74,110836426
2019-03-28,130.74,132.15,129.33,130.66,23905524,130.74,132.15,129.33,130.66,23905524,32.68,33.04,32.33,32.67,95622095
2019-03-29,130.00,131.02,128.98,130.46,20689727,130.00,131.02,128.98,130.46,20689727,32.50,32.76,32.25,32.62,82758907
2019-04-01,131.63,133.65,129.62,130.40,21244469,131.63,133.65,129.62,130.40,21244469,32.91,33.41,32.40,32.60,84977877
2019-04-02,134.48,136.66,132.31,134.39,29619933,134.48,136.66,132.31,134.39,29619933,33.62,34.17,33.08,33.60,118479732
2019-04-03,136.74,138.66,134.82,135.92,16149166,136.74,138.66,134.82,135.92,16149166,34.18,34.66,33.70,33.98,64596666
2019-04-04,135.57,136.45,134.70,135.57,20155570,135.57,136.45,134.70,135.57,20155570,33.89,34.11,33.67,33.89,80622280
2019-04-05,135.60,136.91,134.29,135.80,27966176,135.60,136.91,134.29,135.80,27966176,33.90,34.23,33.57,33.95,111864706
2019-04-08,131.74,134.04,129.43,132.15,19699465,131.74,134.04,129.43,132.15,19699465,32.93,33.51,32.36,33.04,78797858
2019-04-09,134.38,136.02,132.74,135.22,21794933,134.38,136.02,132.74,135.22,21794933,33.59,34.01,33.18,33.80,87179734
2019-04-10,136.79,138.09,135.49,136.39,29119676,136.79,138.09,135.49,136.39,29119676,34.20,34.52,33.87,34.10,116478704
2019-04-11,137.63,138.88,136.37,137.86,16313062,137.63,138.88,136.37,137.86,16313062,34.41,34.72,34.09,34.47,65252249
2019-04-12,135.28,137.19,133.37,134.51,20045126,135.28,137.19,133.37,134.51,20045126,33.82,34.30,33.34,33.63,80180506
2019-04-15,138.02,139.37,136.68,137.30,29638192,138.02,139.37,136.68,137.30,29638192,34.51,34.84,34.17,34.32,118552768
2019-04-16,136.57,138.36,134.77,136.67,27400245,136.57,138.36,134.77,136.67,27400245,34.14,34.59,33.69,34.17,109600981
2019-04-17,142.74,144.52,140.97,142.53,16774738,142.74,144.52,140.97,142.53,16774738,35.69,36.13,35.24,35.63,67098952
2019-04-18,142.01,143.95,140.06,141.89,25417577,142.01,143.95,140.06,141.89,25417577,35.50,35.99,35.02,35.47,101670310
2019-04-19,140.36,140.79,139.93,140.04,20780100,140.36,140.79,139.93,140.04,20780100,35.09,35.20,34.98,35.01,83120400
2019-04-22,142.78,144.70,140.87,141.48,22545731,142.78,144.70,140.87,141.48,22545731,35.70,36.18,35.22,35.37,90182926
2019-04-23,142.03,143.91,140.15,141.62,20536771,142.03,143.91,140.15,141.62,20536771,35.51,35.98,35.04,35.41,82147086
2019-04-24,141.66,143.63,139.69,141.53,19407102,141.66,143.63,139.69,141.53,19407102,35.41,35.91,34.92,35.38,77628409
2019-04-25,140.92,142.40,139.45,141.24,20023233,140.92,142.40,139.45,141.24,20023233,35.23,35.60,34.86,35.31,80092934
2019-04-26,139.21,140.82,137.60,139.11,27109398,139.21,140.82,137.60,139.11,27109398,34.80,35.20,34.40,34.78,108437594
2019-04-29,139.14,141.44,136.84,139.20,17475725,139.14,141.44,136.84,139.20,17475725,34.79,35.36,34.21,34.80,69902898
2019-04-30,140.07,140.84,139.30,140.76,17052313,140.07,140.84,139.30,140.76,17052313,35.02,35.21,34.83,35.19,68209253
2019-05-01,139.42,140.91,137.93,139.37,29241605,139.42,140.91,137.93,139.37,29241605,34.86,35.23,34.48,34.84,116966419
2019-05-02,140.58,141.27,139.90,140.85,22403860,140.58,141.27,139.90,140.85,22403860,35.15,35.32,34.97,35.21,89615441
2019-05-03,139.13,140.19,138.08,138.63,24091371,139.13,140.19,138.08,138.63,24091371,34.78,35.05,34.52,34.66,96365483
2019-05-06,139.93,141.28,138.58,140.28,15787576,139.93,141.28,138.58,140.28,15787576,34.98,35.32,34.65,35.07,63150303
2019-05-07,140.50,142.62,138.39,139.89,29507224,140.50,142.62,138.39,139.89,29507224,35.13,35.65,34.60,34.97,118028896
2019-05-08,139.29,140.48,138.09,139.20,16680601,139.29,140.48,138.09,139.20,16680601,34.82,35.12,34.52,34.80,66722404
2019-05-09,137.99,139.26,136.71,137.82,22452654,137.99,139.26,136.71,137.82,22452654,34.50,34.82,34.18,34.45,89810617
2019-05-10,137.69,138.99,136.38,138.39,24155451,137.69,138.99,136.38,138.39,24155451,34.42,34.75,34.09,34.60,96621802
2019-05-13,133.08,134.39,131.77,132.19,20345420,133.08,134.39,131.77,132.19,20345420,33.27,33.60,32.94,33.05,81381681
2019-05-14,132.43,134.18,130.69,131.80,25787514,132.43,134.18,130.69,131.80,25787514,33.11,33.54,32.67,32.95,103150056
2019-05-15,130.16,130.70,129.63,130.58,22837738,130.16,130.70,129.63,130.58,22837738,32.54,32.68,32.41,32.64,91350953
2019-05-16,131.46,132.57,130.35,131.64,23025897,131.46,132.57,130.35,131.64,23025897,32.86,33.14,32.59,32.91,92103590
2019-05-17,134.71,136.13,133.30,134.62,17106974,134.71,136.13,133.30,134.62,17106974,33.68,34.03,33.32,33.66,68427896
2019-05-20,133.32,134.88,131.76,132.51,21955770,133.32,134.88,131.76,132.51,21955770,33.33,33.72,32.94,33.13,87823079
2019-05-21,128.52,129.90,127.14,129.39,28144760,128.52,129.90,127.14,129.39,28144760,32.13,32.47,31.79,32.35,112579039
2019-05-22,129.90,131.33,128.48,129.04,21384346,129.90,131.33,128.48,129.04,21384346,32.48,32.83,32.12,32.26,85537386
2019-05-23,130.03,132.01,128.04,130.76,24682890,130.03,132.01,128.04,130.76,24682890,32.51,33.00,32.01,32.69,98731558
2019-05-24,129.44,131.21,127.67,129.48,24007262,129.44,131.21,127.67,129.48,24007262,32.36,32.80,31.92,32.37,96029048
2019-05-27,129.44,130.77,128.10,129.70,22494301,129.44,130.77,128.10,129.70,22494301,32.36,32.69,32.03,32.42,89977204
2019-05-28,128.29,129.65,126.92,128.26,16136281,128.29,129.65,126.92,128.26,16136281,32.07,32.41,31.73,32.07,64545125
2019-05-29,128.18,129.21,127.14,127.56,20076836,128.18,129.21,127.14,127.56,20076836,32.04,32.30,31.79,31.89,80307342
2019-05-30,125.45,127.40,123.49,125.47,17629784,125.45,127.40,123.49,125.47,17629784,31.36,31.85,30.87,31.37,70519136
2019-05-31,128.33,130.29,126.37,128.29,24166871,128.33,130.29,126.37,128.29,24166871,32.08,32.57,31.59,32.07,96667482
2019-06-03,126.57,127.41,125.74,126.68,16680623,126.57,127.41,125.74,126.68,16680623,31.64,31.85,31.43,31.67,66722492
2019-06-04,130.02,131.77,128.26,129.85,15499024,130.02,131.77,128.26,129.85,15499024,32.50,32.94,32.06,32.46,61996098
2019-06-05,135.08,137.66,132.49,135.06,26002589,135.08,137.66,132.49,135.06,26002589,33.77,34.42,33.12,33.76,104010354
2019-06-06,137.14,138.89,135.40,136.52,28680244,137.14,138.89,135.40,136.52,28680244,34.29,34.72,33.85,34.13,114720977
2019-06-07,134.97,135.82,134.12,134.61,21302144,134.97,135.82,134.12,134.61,21302144,33.74,33.96,33.53,33.65,85208575
2019-06-10,139.57,140.64,138.49,139.74,28068008,139.57,140.64,138.49,139.74,28068008,34.89,35.16,34.62,34.93,112272032
2019-06-11,138.55,139.93,137.17,139.20,27012211,138.55,139.93,137.17,139.20,27012211,34.64,34.98,34.29,34.80,108048843
2019-06-12,139.26,140.80,137.72,138.93,27399728,139.26,140.80,137.72,138.93,27399728,34.81,35.20,34.43,34.73,109598914
2019-06-13,143.30,145.46,141.15,143.11,24635407,143.30,145.46,141.15,143.11,24635407,35.83,36.36,35.29,35.78,98541629
2019-06-14,143.27,144.52,142.01,143.73,27039557,143.27,144.52,142.01,143.73,27039557,35.82,36.13,35.50,35.93,108158227
2019-06-17,142.89,143.93,141.85,142.21,27380458,142.89,143.93,141.85,142.21,27380458,35.72,35.98,35.46,35.55,109521830
2019-06-18,143.82,146.09,141.55,143.15,19301033,143.82,146.09,141.55,143.15,19301033,35.96,36.52,35.39,35.79,77204133
2019-06-19,150.61,153.18,148.05,150.02,27865678,150.61,153.18,148.05,150.02,27865678,37.65,38.29,37.01,37.50,111462713
2019-06-20,154.13,156.03,152.24,153.67,15013808,154.13,156.03,152.24,153.67,15013808,38.53,39.01,38.06,38.42,60055231
2019-06-21,151.26,152.88,149.64,150.45,29628173,151.26,152.88,149.64,150.45,29628173,37.82,38.22,37.41,37.61,118512692
2019-06-24,150.10,151.22,148.99,150.05,23131889,150.10,151.22,148.99,150.05,23131889,37.53,37.80,37.25,37.51,92527554
2019-06-25,151.69,154.18,149.19,151.81,17671868,151.69,154.18,149.19,151.81,17671868,37.92,38.54,37.30,37.95,70687472
2019-06-26,155.22,156.64,153.80,155.25,26194738,155.22,156.64,153.80,155.25,26194738,38.80,39.16,38.45,38.81,104778950
2019-06-27,155.48,156.20,154.77,155.46,17089710,155.48,156.20,154.77,155.46,17089710,38.87,39.05,38.69,38.87,68358839
2019-06-28,156.99,159.25,154.72,157.66,28057162,156.99,159.25,154.72,157.66,28057162,39.25,39.81,38.68,39.41,112228649
2019-07-01,155.62,157.25,153.99,156.70,21012750,155.62,157.25,153.99,156.70,21012750,38.90,39.31,38.50,39.17,84051000
2019-07-02,153.41,155.36,151.46,152.57,24429592,153.41,155.36,151.46,152.57,24429592,38.35,38.84,37.87,38.14,97718369
2019-07-03,160.25,161.78,158.71,159.76,23227083,160.25,161.78,158.71,159.76,23227083,40.06,40.45,39.68,39.94,92908333
2019-07-04,166.11,168.86,163.36,165.87,18888583,166.11,168.86,163.36,165.87,18888583,41.53,42.22,40.84,41.47,75554333
2019-07-05,167.44,169.83,165.04,167.82,16021242,167.44,169.83,165.04,167.82,16021242,41.86,42.46,41.26,41.96,64084968
2019-07-08,167.18,169.12,165.24,167.49,26605648,167.18,169.12,165.24,167.49,26605648,41.80,42.28,41.31,41.87,106422590
2019-07-09,169.53,170.88,168.17,170.56,17068356,169.53,170.88,168.17,170.56,17068356,42.38,42.72,42.04,42.64,68273425
2019-07-10,167.97,169.00,166.93,168.55,23773601,167.97,169.00,166.93,168.55,23773601,41.99,42.25,41.73,42.14,95094405
2019-07-11,168.37,170.55,166.20,168.37,21141065,168.37,170.55,166.20,168.37,21141065,42.09,42.64,41.55,42.09,84564259
2019-07-12,172.77,174.82,170.73,172.25,27367059,172.77,174.82,170.73,172.25,27367059,43.19,43.71,42.68,43.06,109468236
2019-07-15,170.97,172.52,169.42,169.47,23618069,170.97,172.52,169.42,169.47,23618069,42.74,43.13,42.35,42.37,94472277
2019-07-16,167.81,169.24,166.37,168.17,19318543,167.81,169.24,166.37,168.17,19318543,41.95,42.31,41.59,42.04,77274172
2019-07-17,163.67,165.80,161.53,163.00,27398762,163.67,165.80,161.53,163.00,27398762,40.92,41.45,40.38,40.75,109595047
2019-07-18,165.12,166.23,164.01,164.69,16860515,165.12,166.23,164.01,164.69,16860515,41.28,41.56,41.00,41.17,67442058
2019-07-19,156.74,158.40,155.09,156.36,22259860,156.74,158.40,155.09,156.36,22259860,39.19,39.60,38.77,39.09,89039439
2019-07-22,161.43,162.77,160.08,161.21,23952099,161.43,162.77,160.08,161.21,23952099,40.36,40.69,40.02,40.30,95808396
2019-07-23,163.30,165.02,161.59,162.75,24647208,163.30,165.02,161.59,162.75,24647208,40.83,41.26,40.40,40.69,98588832
2019-07-24,163.07,164.42,161.72,162.63,28355537,163.07,164.42,161.72,162.63,28355537,40.77,41.11,40.43,40.66,113422148
2019-07-25,160.59,161.65,159.53,160.39,26171049,160.59,161.65,159.53,160.39,26171049,40.15,40.41,39.88,40.10,104684197
2019-07-26,164.94,166.64,163.25,164.88,15375002,164.94,166.64,163.25,164.88,15375002,41.24,41.66,40.81,41.22,61500009
2019-07-29,163.51,164.88,162.14,162.85,20990047,163.51,164.88,162.14,162.85,20990047,40.88,41.22,40.54,40.71,83960188
2019-07-30,165.21,166.94,163.48,165.19,28810234,165.21,166.94,163.48,165.19,28810234,41.30,41.73,40.87,41.30,115240936
2019-07-31,167.28,168.82,165.74,166.91,18744847,167.28,168.82,165.74,166.91,18744847,41.82,42.20,41.44,41.73,74979389
2019-08-01,168.99,170.45,167.53,169.48,21775996,168.99,170.45,167.53,169.48,21775996,42.25,42.61,41.88,42.37,87103983
2019-08-02,165.58,167.58,163.58,165.53,20073907,165.58,167.58,163.58,165.53,20073907,41.40,41.90,40.90,41.38,80295629
2019-08-05,163.27,164.82,161.72,163.52,22660440,163.27,164.82,161.72,163.52,22660440,40.82,41.21,40.43,40.88,90641759
2019-08-06,167.07,168.84,165.29,167.09,25404047,167.07,168.84,165.29,167.09,25404047,41.77,42.21,41.32,41.77,101616188
2019-08-07,165.42,166.83,164.02,164.78,17340896,165.42,166.83,164.02,164.78,17340896,41.36,41.71,41.00,41.20,69363585
2019-08-08,155.50,157.83,153.17,156.30,21000012,155.50,157.83,153.17,156.30,21000012,38.87,39.46,38.29,39.08,84000050
2019-08-09,159.18,161.74,156.62,158.22,26870254,159.18,161.74,156.62,158.22,26870254,39.79,40.44,39.15,39.55,107481015
2019-08-12,156.24,157.69,154.80,156.32,26570888,156.24,157.69,154.80,156.32,26570888,39.06,39.42,38.70,39.08,106283553
2019-08-13,154.71,155.91,153.50,154.67,26131679,154.71,155.91,153.50,154.67,26131679,38.68,38.98,38.38,38.67,104526715
2019-08-14,151.76,152.92,150.60,152.19,27932722,151.76,152.92,150.60,152.19,27932722,37.94,38.23,37.65,38.05,111730890
2019-08-15,150.79,152.20,149.38,151.56,22888189,150.79,152.20,149.38,151.56,22888189,37.70,38.05,37.34,37.89,91552757
2019-08-16,151.30,152.60,150.01,151.52,24644604,151.30,152.60,150.01,151.52,24644604,37.83,38.15,37.50,37.88,98578416
2019-08-19,151.06,153.19,148.93,150.52,19146177,151.06,153.19,148.93,150.52,19146177,37.77,38.30,37.23,37.63,76584709
2019-08-20,146.57,148.82,144.32,146.79,24314413,146.57,148.82,144.32,146.79,24314413,36.64,37.21,36.08,36.70,97257654
2019-08-21,146.36,148.46,144.27,145.78,17224578,146.36,148.46,144.27,145.78,17224578,36.59,37.11,36.07,36.44,68898312
2019-08-22,148.44,150.68,146.21,148.17,19586830,148.44,150.68,146.21,148.17,19586830,37.11,37.67,36.55,37.04,78347320
2019-08-23,147.80,148.92,146.68,147.45,21424811,147.80,148.92,146.68,147.45,21424811,36.95,37.23,36.67,36.86,85699243
2019-08-26,148.53,149.97,147.10,148.73,28000943,148.53,149.97,147.10,148.73,28000943,37.13,37.49,36.77,37.18,112003774
2019-08-27,149.67,151.80,147.53,148.96,29513641,149.67,151.80,147.53,148.96,29513641,37.42,37.95,36.88,37.24,118054564
2019-08-28,150.39,153.01,147.76,150.34,17343579,150.39,153.01,147.76,150.34,17343579,37.60,38.25,36.94,37.59,69374316
2019-08-29,150.08,152.54,147.61,150.00,25575385,150.08,152.54,147.61,150.00,25575385,37.52,38.14,36.90,37.50,102301541
2019-08-30,156.77,158.42,155.12,157.16,27640384,156.77,158.42,155.12,157.16,27640384,39.19,39.60,38.78,39.29,110561535
2019-09-02,158.89,160.75,157.03,157.81,21883622,158.89,160.75,157.03,157.81,21883622,39.72,40.19,39.26,39.45,87534490
2019-09-03,160.80,163.03,158.56,161.23,20197249,160.80,163.03,158.56,161.23,20197249,40.20,40.76,39.64,40.31,80788997
2019-09-04,165.74,167.13,164.34,165.17,25466209,165.74,167.13,164.34,165.17,25466209,41.43,41.78,41.09,41.29,101864834
2019-09-05,163.95,165.36,162.55,163.85,20050628,163.95,165.36,162.55,163.85,20050628,40.99,41.34,40.64,40.96,80202514
2019-09-06,168.32,170.55,166.08,168.80,20116577,168.32,170.55,166.08,168.80,20116577,42.08,42.64,41.52,42.20,80466309
2019-09-09,173.21,175.60,170.81,173.61,29439186,173.21,175.60,170.81,173.61,29439186,43.30,43.90,42.70,43.40,117756744
2019-09-10,171.79,173.31,170.28,170.98,25084117,171.79,173.31,170.28,170.98,25084117,42.95,43.33,42.57,42.74,100336468
2019-09-11,174.59,176.57,172.62,174.82,27325987,174.59,176.57,172.62,174.82,27325987,43.65,44.14,43.15,43.71,109303947
2019-09-12,177.28,178.70,175.87,177.76,19416496,177.28,178.70,175.87,177.76,19416496,44.32,44.67,43.97,44.44,77665985
2019-09-13,185.42,187.32,183.53,184.16,28832284,185.42,187.32,183.53,184.16,28832284,46.36,46.83,45.88,46.04,115329137
2019-09-16,185.65,188.21,183.08,185.53,18746767,185.65,188.21,183.08,185.53,18746767,46.41,47.05,45.77,46.38,74987068
2019-09-17,189.45,191.97,186.93,189.44,23211554,189.45,191.97,186.93,189.44,23211554,47.36,47.99,46.73,47.36,92846218
2019-09-18,188.40,190.55,186.26,189.20,23006392,188.40,190.55,186.26,189.20,23006392,47.10,47.64,46.56,47.30,92025569
2019-09-19,189.34,191.51,187.17,189.00,16521969,189.34,191.51,187.17,189.00,16521969,47.33,47.88,46.79,47.25,66087875
2019-09-20,187.38,189.55,185.20,187.39,19040555,187.38,189.55,185.20,187.39,19040555,46.84,47.39,46.30,46.85,76162221
2019-09-23,187.87,190.09,185.65,188.24,28422706,187.87,190.09,185.65,188.24,28422706,46.97,47.52,46.41,47.06,113690825
2019-09-24,191.88,193.83,189.93,190.95,27212246,191.88,193.83,189.93,190.95,27212246,47.97,48.46,47.48,47.74,108848983
2019-09-25,195.60,197.88,193.32,194.89,16549633,195.60,197.88,193.32,194.89,16549633,48.90,49.47,48.33,48.72,66198533
2019-09-26,197.61,200.56,194.66,196.40,15059510,197.61,200.56,194.66,196.40,15059510,49.40,50.14,48.66,49.10,60238040
2019-09-27,194.80,195.89,193.72,195.38,23775568,194.80,195.89,193.72,195.38,23775568,48.70,48.97,48.43,48.85,95102270
2019-09-30,191.12,193.17,189.06,191.89,28148000,191.12,193.17,189.06,191.89,28148000,47.78,48.29,47.27,47.97,112591999
2019-10-01,198.90,201.12,196.68,198.02,15390720,198.90,201.12,196.68,198.02,15390720,49.72,50.28,49.17,49.50,61562881
2019-10-02,199.72,202.02,197.42,198.49,16271127,199.72,202.02,197.42,198.49,16271127,49.93,50.51,49.36,49.62,65084508
2019-10-03,199.57,202.22,196.92,199.56,27210641,199.57,202.22,196.92,199.56,27210641,49.89,50.55,49.23,49.89,108842565
2019-10-04,201.81,203.87,199.76,200.46,19589580,201.81,203.87,199.76,200.46,19589580,50.45,50.97,49.94,50.12,78358322
2019-10-07,204.26,207.06,201.46,203.13,23828611,204.26,207.06,201.46,203.13,23828611,51.07,51.77,50.36,50.78,95314444
2019-10-08,202.72,206.25,199.19,202.85,23676495,202.72,206.25,199.19,202.85,23676495,50.68,51.56,49.80,50.71,94705981
2019-10-09,207.15,209.32,204.99,207.88,22496411,207.15,209.32,204.99,207.88,22496411,51.79,52.33,51.25,51.97,89985645
2019-10-10,205.84,208.80,202.87,207.19,29014149,205.84,208.80,202.87,207.19,29014149,51.46,52.20,50.72,51.80,116056598
2019-10-11,207.42,210.77,204.06,206.76,22405708,207.42,210.77,204.06,206.76,22405708,51.85,52.69,51.02,51.69,89622831
2019-10-14,205.36,207.33,203.39,204.68,21903339,205.36,207.33,203.39,204.68,21903339,51.34,51.83,50.85,51.17,87613355
2019-10-15,201.10,202.22,199.97,200.04,17791953,201.10,202.22,199.97,200.04,17791953,50.27,50.56,49.99,50.01,71167814
2019-10-16,195.37,197.92,192.82,194.84,14956899,195.37,197.92,192.82,194.84,14956899,48.84,49.48,48.20,48.71,59827595
2019-10-17,190.93,193.26,188.60,189.95,23384224,190.93,193.26,188.60,189.95,23384224,47.73,48.31,47.15,47.49,93536894
2019-10-18,184.06,186.06,182.06,183.75,16170505,184.06,186.06,182.06,183.75,16170505,46.01,46.51,45.51,45.94,64682020
2019-10-21,185.82,187.58,184.06,186.17,20010194,185.82,187.58,184.06,186.17,20010194,46.46,46.90,46.02,46.54,80040777
2019-10-22,189.28,192.29,186.28,189.99,29643150,189.28,192.29,186.28,189.99,29643150,47.32,48.07,46.57,47.50,118572602
2019-10-23,190.30,191.89,188.71,189.99,20744319,190.30,191.89,188.71,189.99,20744319,47.58,47.97,47.18,47.50,82977276
2019-10-24,183.37,184.79,181.95,184.03,23917590,183.37,184.79,181.95,184.03,23917590,45.84,46.20,45.49,46.01,95670360
2019-10-25,186.79,189.01,184.57,185.92,29081525,186.79,189.01,184.57,185.92,29081525,46.70,47.25,46.14,46.48,116326100
2019-10-28,184.02,186.86,181.18,184.51,16578004,184.02,186.86,181.18,184.51,16578004,46.01,46.72,45.30,46.13,66312014
2019-10-29,188.34,189.17,187.50,187.70,20364664,188.34,189.17,187.50,187.70,20364664,47.08,47.29,46.88,46.92,81458655
2019-10-30,186.98,188.52,185.44,187.19,16067678,186.98,188.52,185.44,187.19,16067678,46.74,47.13,46.36,46.80,64270711
2019-10-31,188.17,190.39,185.94,187.66,24820018,188.17,190.39,185.94,187.66,24820018,47.04,47.60,46.49,46.92,99280072
2019-11-01,185.06,187.70,182.43,184.19,24336929,185.06,187.70,182.43,184.19,24336929,46.27,46.92,45.61,46.05,97347715
2019-11-04,184.38,186.86,181.91,184.45,27871267,184.38,186.86,181.91,184.45,27871267,46.10,46.71,45.48,46.11,111485066
2019-11-05,183.49,185.15,181.84,182.62,15049136,183.49,185.15,181.84,182.62,15049136,45.87,46.29,45.46,45.66,60196543
2019-11-06,182.89,183.83,181.94,183.18,22104257,182.89,183.83,181.94,183.18,22104257,45.72,45.96,45.49,45.80,88417029
2019-11-07,181.73,183.84,179.62,181.58,19979614,181.73,183.84,179.62,181.58,19979614,45.43,45.96,44.90,45.39,79918458
2019-11-08,178.41,181.33,175.49,178.42,27453365,178.41,181.33,175.49,178.42,27453365,44.60,45.33,43.87,44.61,109813460
2019-11-11,178.03,180.23,175.83,176.54,19431413,178.03,180.23,175.83,176.54,19431413,44.51,45.06,43.96,44.14,77725653
2019-11-12,179.08,181.58,176.58,179.66,26750908,179.08,181.58,176.58,179.66,26750908,44.77,45.39,44.14,44.92,107003630
2019-11-13,181.15,183.20,179.11,180.79,19618144,181.15,183.20,179.11,180.79,19618144,45.29,45.80,44.78,45.20,78472576
2019-11-14,182.44,184.15,180.72,183.63,23815978,182.44,184.15,180.72,183.63,23815978,45.61,46.04,45.18,45.91,95263913
2019-11-15,188.48,190.55,186.40,187.25,21279124,188.48,190.55,186.40,187.25,21279124,47.12,47.64,46.60,46.81,85116496
2019-11-18,186.01,187.41,184.61,186.07,15253535,186.01,187.41,184.61,186.07,15253535,46.50,46.85,46.15,46.52,61014142
2019-11-19,191.79,194.29,189.30,190.67,20968230,191.79,194.29,189.30,190.67,20968230,47.95,48.57,47.32,47.67,83872919
2019-11-20,191.44,193.50,189.39,190.16,23885966,191.44,193.50,189.39,190.16,23885966,47.86,48.38,47.35,47.54,95543865
2019-11-21,186.07,187.83,184.31,186.15,25113079,186.07,187.83,184.31,186.15,25113079,46.52,46.96,46.08,46.54,100452317
2019-11-22,188.00,189.50,186.50,187.29,15284609,188.00,189.50,186.50,187.29,15284609,47.00,47.37,46.62,46.82,61138435
2019-11-25,189.74,191.62,187.86,189.34,15335467,189.74,191.62,187.86,189.34,15335467,47.44,47.91,46.97,47.34,61341870
2019-11-26,189.02,190.41,187.63,189.18,15222362,189.02,190.41,187.63,189.18,15222362,47.26,47.60,46.91,47.30,60889450
2019-11-27,189.19,192.28,186.10,188.51,16602567,189.19,192.28,186.10,188.51,16602567,47.30,48.07,46.52,47.13,66410268
2019-11-28,187.75,189.88,185.63,187.72,28090005,187.75,189.88,185.63,187.72,28090005,46.94,47.47,46.41,46.93,112360019
2019-11-29,192.31,194.55,190.07,191.89,20609490,192.31,194.55,190.07,191.89,20609490,48.08,48.64,47.52,47.97,82437958
2019-12-02,195.05,196.49,193.61,193.65,17167908,195.05,196.49,193.61,193.65,17167908,48.76,49.12,48.40,48.41,68671630
2019-12-03,200.90,204.53,197.27,199.90,21426565,200.90,204.53,197.27,199.90,21426565,50.22,51.13,49.32,49.98,85706260
2019-12-04,202.03,203.28,200.79,201.93,17770030,202.03,203.28,200.79,201.93,17770030,50.51,50.82,50.20,50.48,71080118
2019-12-05,202.50,203.48,201.52,201.54,23509456,202.50,203.48,201.52,201.54,23509456,50.63,50.87,50.38,50.39,94037822
2019-12-06,205.16,206.76,203.57,204.48,24190236,205.16,206.76,203.57,204.48,24190236,51.29,51.69,50.89,51.12,96760942
2019-12-09,194.91,197.46,192.36,195.39,24107325,194.91,197.46,192.36,195.39,24107325,48.73,49.36,48.09,48.85,96429299
2019-12-10,203.12,204.47,201.76,202.50,15461961,203.12,204.47,201.76,202.50,15461961,50.78,51.12,50.44,50.62,61847842
2019-12-11,211.64,213.31,209.97,212.36,22809126,211.64,213.31,209.97,212.36,22809126,52.91,53.33,52.49,53.09,91236504
2019-12-12,214.25,216.57,211.94,214.38,26688884,214.25,216.57,211.94,214.38,26688884,53.56,54.14,52.99,53.60,106755534
2019-12-13,216.83,219.22,214.44,217.02,22065686,216.83,219.22,214.44,217.02,22065686,54.21,54.81,53.61,54.26,88262742
2019-12-16,216.94,220.03,213.84,217.15,20458032,216.94,220.03,213.84,217.15,20458032,54.23,55.01,53.46,54.29,81832130
2019-12-17,214.03,215.72,212.35,213.85,22480223,214.03,215.72,212.35,213.85,22480223,53.51,53.93,53.09,53.46,89920890
2019-12-18,221.23,224.99,217.48,219.38,27750460,221.23,224.99,217.48,219.38,27750460,55.31,56.25,54.37,54.84,111001840
2019-12-19,219.49,222.35,216.64,219.40,23406243,219.49,222.35,216.64,219.40,23406243,54.87,55.59,54.16,54.85,93624973
2019-12-20,223.18,226.16,220.20,222.20,28159717,223.18,226.16,220.20,222.20,28159717,55.79,56.54,55.05,55.55,112638867
2019-12-23,223.63,225.42,221.83,224.82,15159352,223.63,225.42,221.83,224.82,15159352,55.91,56.36,55.46,56.20,60637408
2019-12-24,227.32,230.78,223.87,225.85,25625266,227.32,230.78,223.87,225.85,25625266,56.83,57.69,55.97,56.46,102501064
2019-12-25,223.96,226.09,221.82,222.96,26841003,223.96,226.09,221.82,222.96,26841003,55.99,56.52,55.45,55.74,107364014
2019-12-26,217.78,219.31,216.24,217.67,29117039,217.78,219.31,216.24,217.67,29117039,54.44,54.83,54.06,54.42,116468157
2019-12-27,221.76,224.88,218.63,221.65,25889582,221.76,224.88,218.63,221.65,25889582,55.44,56.22,54.66,55.41,103558330
2019-12-30,224.75,227.12,222.38,223.96,26312726,224.75,227.12,222.38,223.96,26312726,56.19,56.78,55.60,55.99,105250906
2019-12-31,229.43,232.56,226.31,229.00,16192995,229.43,232.56,226.31,229.00,16192995,57.36,58.14,56.58,57.25,64771980
2020-01-01,233.43,235.51,231.36,233.66,20937203,233.43,235.51,231.36,233.66,20937203,58.36,58.88,57.84,58.42,83748810
2020-01-02,231.69,233.69,229.69,231.08,26897499,231.69,233.69,229.69,231.08,26897499,57.92,58.42,57.42,57.77,107589995
2020-01-03,229.96,232.85,227.06,230.06,19331039,229.96,232.85,227.06,230.06,19331039,57.49,58.21,56.76,57.51,77324158
2020-01-06,229.70,232.14,227.26,230.32,15622112,229.70,232.14,227.26,230.32,15622112,57.43,58.04,56.81,57.58,62488448
2020-01-07,235.02,237.09,232.95,234.46,19267446,235.02,237.09,232.95,234.46,19267446,58.75,59.27,58.24,58.62,77069784
2020-01-08,230.69,233.17,228.20,231.48,19657249,230.69,233.17,228.20,231.48,19657249,57.67,58.29,57.05,57.87,78628994
2020-01-09,230.34,231.92,228.77,230.93,24402081,230.34,231.92,228.77,230.93,24402081,57.59,57.98,57.19,57.73,97608325
2020-01-10,231.04,234.53,227.54,231.43,16703445,231.04,234.53,227.54,231.43,16703445,57.76,58.63,56.89,57.86,66813780
2020-01-13,225.90,228.96,222.84,226.24,21559077,225.90,228.96,222.84,226.24,21559077,56.48,57.24,55.71,56.56,86236310
2020-01-14,234.66,238.08,231.24,233.82,18473734,234.66,238.08,231.24,233.82,18473734,58.66,59.52,57.81,58.46,73894935
2020-01-15,232.41,235.77,229.04,232.01,26833883,232.41,235.77,229.04,232.01,26833883,58.10,58.94,57.26,58.00,107335531
2020-01-16,238.33,242.80,233.87,236.70,18912215,238.33,242.80,233.87,236.70,18912215,59.58,60.70,58.47,59.17,75648858
2020-01-17,233.97,235.46,232.48,234.79,16865697,233.97,235.46,232.48,234.79,16865697,58.49,58.86,58.12,58.70,67462788
2020-01-20,233.64,235.81,231.47,232.84,14877004,233.64,235.81,231.47,232.84,14877004,58.41,58.95,57.87,58.21,59508014
2020-01-21,237.65,239.90,235.40,237.79,18983022,237.65,239.90,235.40,237.79,18983022,59.41,59.98,58.85,59.45,75932089
2020-01-22,236.50,239.68,233.31,236.66,19579518,236.50,239.68,233.31,236.66,19579518,59.12,59.92,58.33,59.16,78318074
2020-01-23,233.75,235.71,231.80,233.22,18897100,233.75,235.71,231.80,233.22,18897100,58.44,58.93,57.95,58.31,75588401
2020-01-24,232.07,235.27,228.87,231.48,21328034,232.07,235.27,228.87,231.48,21328034,58.02,58.82,57.22,57.87,85312136
2020-01-27,232.21,235.08,229.34,232.55,29215666,232.21,235.08,229.34,232.55,29215666,58.05,58.77,57.34,58.14,116862666
2020-01-28,234.72,236.04,233.40,233.92,24286589,234.72,236.04,233.40,233.92,24286589,58.68,59.01,58.35,58.48,97146357
2020-01-29,234.63,237.03,232.23,233.61,24787483,234.63,237.03,232.23,233.61,24787483,58.66,59.26,58.06,58.40,99149932
2020-01-30,234.96,237.29,232.63,234.24,26504630,234.96,237.29,232.63,234.24,26504630,58.74,59.32,58.16,58.56,106018520
2020-01-31,233.07,235.46,230.68,233.17,20230751,233.07,235.46,230.68,233.17,20230751,58.27,58.86,57.67,58.29,80923003
2020-02-03,232.98,235.04,230.92,231.57,17982131,232.98,235.04,230.92,231.57,17982131,58.25,58.76,57.73,57.89,71928522
2020-02-04,220.63,221.50,219.76,220.40,15653781,220.63,221.50,219.76,220.40,15653781,55.16,55.37,54.94,55.10,62615124
2020-02-05,217.91,221.27,214.56,217.09,18028412,217.91,221.27,214.56,217.09,18028412,54.48,55.32,53.64,54.27,72113646
2020-02-06,215.64,218.96,212.32,216.76,27967331,215.64,218.96,212.32,216.76,27967331,53.91,54.74,53.08,54.19,111869326
2020-02-07,218.37,219.33,217.40,217.89,16906938,218.37,219.33,217.40,217.89,16906938,54.59,54.83,54.35,54.47,67627754
2020-02-10,220.07,223.63,216.51,219.59,19569957,220.07,223.63,216.51,219.59,19569957,55.02,55.91,54.13,54.90,78279827
2020-02-11,214.95,217.69,212.21,213.38,28116948,214.95,217.69,212.21,213.38,28116948,53.74,54.42,53.05,53.34,112467793
2020-02-12,214.86,215.99,213.73,214.36,15739118,214.86,215.99,213.73,214.36,15739118,53.72,54.00,53.43,53.59,62956471
2020-02-13,212.33,214.53,210.12,213.04,15093564,212.33,214.53,210.12,213.04,15093564,53.08,53.63,52.53,53.26,60374257
2020-02-14,209.61,210.52,208.70,209.61,15162499,209.61,210.52,208.70,209.61,15162499,52.40,52.63,52.17,52.40,60649994
2020-02-17,207.74,208.76,206.72,207.30,22772698,207.74,208.76,206.72,207.30,22772698,51.93,52.19,51.68,51.83,91090792
2020-02-18,205.32,207.54,203.09,205.16,21778415,205.32,207.54,203.09,205.16,21778415,51.33,51.89,50.77,51.29,87113662
2020-02-19,204.91,206.83,202.99,203.83,26388122,204.91,206.83,202.99,203.83,26388122,51.23,51.71,50.75,50.96,105552487
2020-02-20,205.98,209.12,202.85,206.51,29393206,205.98,209.12,202.85,206.51,29393206,51.50,52.28,50.71,51.63,117572822
2020-02-21,208.29,210.70,205.88,207.59,15136091,208.29,210.70,205.88,207.59,15136091,52.07,52.67,51.47,51.90,60544366
2020-02-24,205.10,207.47,202.74,204.02,22579663,205.10,207.47,202.74,204.02,22579663,51.28,51.87,50.68,51.00,90318651
2020-02-25,197.45,198.99,195.92,198.06,27475030,197.45,198.99,195.92,198.06,27475030,49.36,49.75,48.98,49.52,109900119
2020-02-26,197.07,199.90,194.24,196.88,21687687,197.07,199.90,194.24,196.88,21687687,49.27,49.98,48.56,49.22,86750748
2020-02-27,189.70,191.34,188.05,189.85,25993236,189.70,191.34,188.05,189.85,25993236,47.42,47.84,47.01,47.46,103972942
2020-02-28,182.81,184.49,181.14,182.93,29122123,182.81,184.49,181.14,182.93,29122123,45.70,46.12,45.28,45.73,116488493
2020-03-02,182.59,184.13,181.06,181.74,17788017,182.59,184.13,181.06,181.74,17788017,45.65,46.03,45.27,45.43,71152069
2020-03-03,179.24,180.91,177.57,178.47,26497163,179.24,180.91,177.57,178.47,26497163,44.81,45.23,44.39,44.62,105988650
2020-03-04,173.73,175.97,171.50,173.67,20648965,173.73,175.97,171.50,173.67,20648965,43.43,43.99,42.87,43.42,82595860
2020-03-05,175.32,177.12,173.53,176.04,20009734,175.32,177.12,173.53,176.04,20009734,43.83,44.28,43.38,44.01,80038936
2020-03-06,174.03,176.58,171.48,174.08,25402355,174.03,176.58,171.48,174.08,25402355,43.51,44.14,42.87,43.52,101609420
2020-03-09,172.41,173.78,171.05,172.64,29124270,172.41,173.78,171.05,172.64,29124270,43.10,43.44,42.76,43.16,116497080
2020-03-10,165.86,168.61,163.11,166.46,16009058,165.86,168.61,163.11,166.46,16009058,41.46,42.15,40.78,41.61,64036233
2020-03-11,166.10,168.01,164.19,165.33,21712515,166.10,168.01,164.19,165.33,21712515,41.53,42.00,41.05,41.33,86850060
2020-03-12,158.93,160.71,157.16,157.61,15618438,158.93,160.71,157.16,157.61,15618438,39.73,40.18,39.29,39.40,62473752
2020-03-13,155.95,157.99,153.92,155.77,18474410,155.95,157.99,153.92,155.77,18474410,38.99,39.50,38.48,38.94,73897639
2020-03-16,149.78,152.36,147.19,150.21,15962088,149.78,152.36,147.19,150.21,15962088,37.44,38.09,36.80,37.55,63848353
2020-03-17,145.68,147.36,144.01,145.49,17702851,145.68,147.36,144.01,145.49,17702851,36.42,36.84,36.00,36.37,70811405
2020-03-18,145.99,147.37,144.62,145.61,21968889,145.99,147.37,144.62,145.61,21968889,36.50,36.84,36.15,36.40,87875556
2020-03-19,145.37,146.93,143.82,145.88,24404151,145.37,146.93,143.82,145.88,24404151,36.34,36.73,35.95,36.47,97616603
2020-03-20,142.15,144.41,139.89,142.37,22296073,142.15,144.41,139.89,142.37,22296073,35.54,36.10,34.97,35.59,89184292
2020-03-23,142.73,144.44,141.02,142.30,18276567,142.73,144.44,141.02,142.30,18276567,35.68,36.11,35.26,35.57,73106268
2020-03-24,138.16,140.19,136.12,138.11,25716814,138.16,140.19,136.12,138.11,25716814,34.54,35.05,34.03,34.53,102867256
2020-03-25,136.42,137.57,135.27,136.04,15308900,136.42,137.57,135.27,136.04,15308900,34.10,34.39,33.82,34.01,61235601
2020-03-26,140.42,141.75,139.09,140.24,20792820,140.42,141.75,139.09,140.24,20792820,35.11,35.44,34.77,35.06,83171279
2020-03-27,137.87,138.37,137.37,137.64,26094691,137.87,138.37,137.37,137.64,26094691,34.47,34.59,34.34,34.41,104378766
2020-03-30,132.76,134.32,131.20,132.07,23265601,132.76,134.32,131.20,132.07,23265601,33.19,33.58,32.80,33.02,93062405
2020-03-31,134.04,135.55,132.54,133.04,18450934,134.04,135.55,132.54,133.04,18450934,33.51,33.89,33.13,33.26,73803735
2020-04-01,133.70,134.72,132.69,133.75,29013080,133.70,134.72,132.69,133.75,29013080,33.43,33.68,33.17,33.44,116052321
2020-04-02,135.03,136.67,133.38,136.09,23503821,135.03,136.67,133.38,136.09,23503821,33.76,34.17,33.34,34.02,94015286
2020-04-03,141.24,142.51,139.97,140.75,28174653,141.24,142.51,139.97,140.75,28174653,35.31,35.63,34.99,35.19,112698611
2020-04-06,138.86,140.73,136.99,138.10,21960494,138.86,140.73,136.99,138.10,21960494,34.72,35.18,34.25,34.52,87841976
2020-04-07,135.75,136.81,134.69,135.19,19807025,135.75,136.81,134.69,135.19,19807025,33.94,34.20,33.67,33.80,79228100
2020-04-08,136.63,138.16,135.10,136.77,15933479,136.63,138.16,135.10,136.77,15933479,34.16,34.54,33.77,34.19,63733918
2020-04-09,131.11,132.76,129.46,131.06,19816342,131.11,132.76,129.46,131.06,19816342,32.78,33.19,32.37,32.76,79265366
2020-04-10,132.91,134.96,130.86,132.68,24612929,132.91,134.96,130.86,132.68,24612929,33.23,33.74,32.72,33.17,98451716
2020-04-13,129.51,130.87,128.15,129.11,16777019,129.51,130.87,128.15,129.11,16777019,32.38,32.72,32.04,32.28,67108075
2020-04-14,130.40,131.58,129.22,129.58,15687687,130.40,131.58,129.22,129.58,15687687,32.60,32.90,32.31,32.40,62750748
2020-04-15,127.27,128.55,126.00,127.71,25910708,127.27,128.55,126.00,127.71,25910708,31.82,32.14,31.50,31.93,103642831
2020-04-16,125.41,127.07,123.75,125.72,19381097,125.41,127.07,123.75,125.72,19381097,31.35,31.77,30.94,31.43,77524389
2020-04-17,129.03,129.98,128.07,129.07,20392747,129.03,129.98,128.07,129.07,20392747,32.26,32.50,32.02,32.27,81570990
2020-04-20,131.97,133.32,130.62,130.80,24707587,131.97,133.32,130.62,130.80,24707587,32.99,33.33,32.65,32.70,98830348
2020-04-21,131.81,132.72,130.90,131.67,26486897,131.81,132.72,130.90,131.67,26486897,32.95,33.18,32.72,32.92,105947587
2020-04-22,133.87,135.56,132.17,133.58,15506032,133.87,135.56,132.17,133.58,15506032,33.47,33.89,33.04,33.39,62024127
2020-04-23,135.09,136.43,133.75,135.83,26165204,135.09,136.43,133.75,135.83,26165204,33.77,34.11,33.44,33.96,104660814
2020-04-24,134.55,135.71,133.38,134.08,22444747,134.55,135.71,133.38,134.08,22444747,33.64,33.93,33.35,33.52,89778988
2020-04-27,136.12,137.74,134.50,136.23,25500609,136.12,137.74,134.50,136.23,25500609,34.03,34.43,33.63,34.06,102002435
2020-04-28,139.55,141.34,137.76,139.10,25207107,139.55,141.34,137.76,139.10,25207107,34.89,35.33,34.44,34.78,100828428
2020-04-29,141.47,143.48,139.47,141.48,17779204,141.47,143.48,139.47,141.48,17779204,35.37,35.87,34.87,35.37,71116816
2020-04-30,140.75,141.41,140.08,140.63,29430566,140.75,141.41,140.08,140.63,29430566,35.19,35.35,35.02,35.16,117722265
2020-05-01,142.72,144.73,140.71,142.46,28962974,142.72,144.73,140.71,142.46,28962974,35.68,36.18,35.18,35.62,115851895
2020-05-04,146.78,147.49,146.07,147.49,17300151,146.78,147.49,146.07,147.49,17300151,36.69,36.87,36.52,36.87,69200603
2020-05-05,150.66,152.52,148.81,150.09,27355085,150.66,152.52,148.81,150.09,27355085,37.67,38.13,37.20,37.52,109420341
2020-05-06,150.62,152.42,148.81,150.66,18370229,150.62,152.42,148.81,150.66,18370229,37.65,38.11,37.20,37.66,73480918
2020-05-07,154.03,156.13,151.92,153.84,15643572,154.03,156.13,151.92,153.84,15643572,38.51,39.03,37.98,38.46,62574289
2020-05-08,155.61,158.03,153.19,154.77,27706777,155.61,158.03,153.19,154.77,27706777,38.90,39.51,38.30,38.69,110827108
2020-05-11,157.60,158.40,156.81,156.93,16834261,157.60,158.40,156.81,156.93,16834261,39.40,39.60,39.20,39.23,67337044
2020-05-12,160.95,161.86,160.04,160.83,27837284,160.95,161.86,160.04,160.83,27837284,40.24,40.47,40.01,40.21,111349135
2020-05-13,164.86,167.21,162.51,164.72,23379721,164.86,167.21,162.51,164.72,23379721,41.21,41.80,40.63,41.18,93518886
2020-05-14,161.96,163.51,160.41,161.51,19153537,161.96,163.51,160.41,161.51,19153537,40.49,40.88,40.10,40.38,76614147
2020-05-15,159.57,160.18,158.97,159.35,25773898,159.57,160.18,158.97,159.35,25773898,39.89,40.05,39.74,39.84,103095594
2020-05-18,163.30,164.75,161.84,163.35,26533428,163.30,164.75,161.84,163.35,26533428,40.82,41.19,40.46,40.84,106133711
2020-05-19,162.53,163.17,161.89,162.61,15716712,162.53,163.17,161.89,162.61,15716712,40.63,40.79,40.47,40.65,62866847
2020-05-20,167.52,169.52,165.52,167.06,24420799,167.52,169.52,165.52,167.06,24420799,41.88,42.38,41.38,41.76,97683197
2020-05-21,172.22,174.57,169.87,171.27,26045230,172.22,174.57,169.87,171.27,26045230,43.05,43.64,42.47,42.82,104180918
2020-05-22,168.33,169.83,166.82,168.06,18985247,168.33,169.83,166.82,168.06,18985247,42.08,42.46,41.71,42.02,75940987
2020-05-25,170.10,171.96,168.23,169.96,17543050,170.10,171.96,168.23,169.96,17543050,42.52,42.99,42.06,42.49,70172199
2020-05-26,169.57,171.81,167.34,168.51,25355247,169.57,171.81,167.34,168.51,25355247,42.39,42.95,41.84,42.13,101420988
2020-05-27,164.17,164.97,163.36,163.77,17929327,164.17,164.97,163.36,163.77,17929327,41.04,41.24,40.84,40.94,71717310
2020-05-28,162.19,163.22,161.17,162.69,19150992,162.19,163.22,161.17,162.69,19150992,40.55,40.81,40.29,40.67,76603969
2020-05-29,164.62,166.16,163.08,164.13,15999306,164.62,166.16,163.08,164.13,15999306,41.15,41.54,40.77,41.03,63997225
2020-06-01,165.54,167.41,163.68,165.49,16244496,165.54,167.41,163.68,165.49,16244496,41.39,41.85,40.92,41.37,64977986
2020-06-02,172.62,174.53,170.72,171.32,15099771,172.62,174.53,170.72,171.32,15099771,43.16,43.63,42.68,42.83,60399086
2020-06-03,175.01,177.89,172.12,174.76,23948860,175.01,177.89,172.12,174.76,23948860,43.75,44.47,43.03,43.69,95795441
2020-06-04,171.46,173.39,169.52,172.12,28957664,171.46,173.39,169.52,172.12,28957664,42.86,43.35,42.38,43.03,115830657
2020-06-05,173.80,175.74,171.86,173.84,23615340,173.80,175.74,171.86,173.84,23615340,43.45,43.93,42.96,43.46,94461359
2020-06-08,178.80,181.18,176.43,178.00,23546025,178.80,181.18,176.43,178.00,23546025,44.70,45.30,44.11,44.50,94184100
2020-06-09,179.53,180.63,178.44,178.77,29119018,179.53,180.63,178.44,178.77,29119018,44.88,45.16,44.61,44.69,116476070
2020-06-10,183.08,185.20,180.96,183.31,29407978,183.08,185.20,180.96,183.31,29407978,45.77,46.30,45.24,45.83,117631914
2020-06-11,180.73,182.27,179.20,180.88,26007217,180.73,182.27,179.20,180.88,26007217,45.18,45.57,44.80,45.22,104028869
2020-06-12,182.13,184.30,179.96,181.38,25636286,182.13,184.30,179.96,181.38,25636286,45.53,46.08,44.99,45.34,102545145
2020-06-15,177.28,179.20,175.36,177.06,23997714,177.28,179.20,175.36,177.06,23997714,44.32,44.80,43.84,44.26,95990855
2020-06-16,174.54,176.53,172.54,173.84,17839146,174.54,176.53,172.54,173.84,17839146,43.63,44.13,43.14,43.46,71356585
2020-06-17,175.64,177.98,173.30,175.56,15079465,175.64,177.98,173.30,175.56,15079465,43.91,44.49,43.33,43.89,60317860
2020-06-18,174.25,175.46,173.03,173.98,15805079,174.25,175.46,173.03,173.98,15805079,43.56,43.87,43.26,43.49,63220315
2020-06-19,173.30,175.80,170.80,172.26,23900134,173.30,175.80,170.80,172.26,23900134,43.32,43.95,42.70,43.07,95600538
2020-06-22,171.40,173.60,169.20,171.34,28749069,171.40,173.60,169.20,171.34,28749069,42.85,43.40,42.30,42.84,114996275
2020-06-23,173.15,174.54,171.76,173.68,24049656,173.15,174.54,171.76,173.68,24049656,43.29,43.64,42.94,43.42,96198625
2020-06-24,178.19,180.19,176.18,177.28,20395305,178.19,180.19,176.18,177.28,20395305,44.55,45.05,44.05,44.32,81581220
2020-06-25,178.21,180.58,175.84,178.31,22882688,178.21,180.58,175.84,178.31,22882688,44.55,45.15,43.96,44.58,91530751
2020-06-26,176.13,177.60,174.66,176.70,26587382,176.13,177.60,174.66,176.70,26587382,44.03,44.40,43.67,44.17,106349528
2020-06-29,181.37,183.98,178.77,179.89,18569706,181.37,183.98,178.77,179.89,18569706,45.34,45.99,44.69,44.97,74278825
2020-06-30,178.91,182.54,175.28,178.85,28802174,178.91,182.54,175.28,178.85,28802174,44.73,45.63,43.82,44.71,115208697
2020-07-01,178.05,179.00,177.10,177.30,15200961,178.05,179.00,177.10,177.30,15200961,44.51,44.75,44.27,44.32,60803843
2020-07-02,177.61,178.71,176.51,178.28,28665771,177.61,178.71,176.51,178.28,28665771,44.40,44.68,44.13,44.57,114663082
2020-07-03,177.44,179.33,175.55,176.98,20968857,177.44,179.33,175.55,176.98,20968857,44.36,44.83,43.89,44.25,83875428
2020-07-06,174.53,176.68,172.39,173.88,15923568,174.53,176.68,172.39,173.88,15923568,43.63,44.17,43.10,43.47,63694271
2020-07-07,174.76,176.46,173.06,173.90,27990148,174.76,176.46,173.06,173.90,27990148,43.69,44.11,43.27,43.47,111960591
2020-07-08,177.32,179.55,175.10,176.57,19483377,177.32,179.55,175.10,176.57,19483377,44.33,44.89,43.77,44.14,77933509
2020-07-09,176.48,177.72,175.23,175.53,22841363,176.48,177.72,175.23,175.53,22841363,44.12,44.43,43.81,43.88,91365452
2020-07-10,171.55,173.08,170.02,172.16,19453463,171.55,173.08,170.02,172.16,19453463,42.89,43.27,42.51,43.04,77813852
2020-07-13,175.00,175.83,174.18,174.73,22396308,175.00,175.83,174.18,174.73,22396308,43.75,43.96,43.54,43.68,89585232
2020-07-14,174.63,176.26,173.00,174.90,17758713,174.63,176.26,173.00,174.90,17758713,43.66,44.06,43.25,43.73,71034853
2020-07-15,185.18,187.80,182.56,185.20,27338887,185.18,187.80,182.56,185.20,27338887,46.30,46.95,45.64,46.30,109355548
2020-07-16,187.05,190.36,183.74,187.54,17260435,187.05,190.36,183.74,187.54,17260435,46.76,47.59,45.93,46.89,69041742
2020-07-17,184.17,185.99,182.34,184.68,25197500,184.17,185.99,182.34,184.68,25197500,46.04,46.50,45.59,46.17,100790001
2020-07-20,183.84,186.18,181.50,184.24,22534634,183.84,186.18,181.50,184.24,22534634,45.96,46.54,45.37,46.06,90138534
2020-07-21,188.08,190.22,185.95,188.23,20144786,188.08,190.22,185.95,188.23,20144786,47.02,47.56,46.49,47.06,80579144
2020-07-22,187.35,190.43,184.28,188.45,18524616,187.35,190.43,184.28,188.45,18524616,46.84,47.61,46.07,47.11,74098463
2020-07-23,191.29,193.04,189.54,190.89,18358775,191.29,193.04,189.54,190.89,18358775,47.82,48.26,47.39,47.72,73435101
2020-07-24,197.36,199.76,194.97,195.37,22920962,197.36,199.76,194.97,195.37,22920962,49.34,49.94,48.74,48.84,91683848
2020-07-27,189.96,193.07,186.86,189.76,17428947,189.96,193.07,186.86,189.76,17428947,47.49,48.27,46.72,47.44,69715788
2020-07-28,181.76,183.91,179.61,181.73,22795998,181.76,183.91,179.61,181.73,22795998,45.44,45.98,44.90,45.43,91183992
2020-07-29,186.41,188.14,184.67,185.68,16618408,186.41,188.14,184.67,185.68,16618408,46.60,47.04,46.17,46.42,66473632
2020-07-30,184.09,185.46,182.71,183.63,20703908,184.09,185.46,182.71,183.63,20703908,46.02,46.37,45.68,45.91,82815633
2020-07-31,186.77,188.84,184.69,186.73,22428600,186.77,188.84,184.69,186.73,22428600,46.69,47.21,46.17,46.68,89714401
2020-08-03,185.61,188.87,182.36,186.67,24222844,185.61,188.87,182.36,186.67,24222844,46.40,47.22,45.59,46.67,96891374
2020-08-04,183.19,185.09,181.28,183.89,15023434,183.19,185.09,181.28,183.89,15023434,45.80,46.27,45.32,45.97,60093737
2020-08-05,186.59,189.62,183.56,185.76,27419477,186.59,189.62,183.56,185.76,27419477,46.65,47.41,45.89,46.44,109677907
2020-08-06,187.31,188.31,186.31,188.01,26649428,187.31,188.31,186.31,188.01,26649428,46.83,47.08,46.58,47.00,106597713
2020-08-07,184.97,186.53,183.40,184.51,20643913,184.97,186.53,183.40,184.51,20643913,46.24,46.63,45.85,46.13,82575652
2020-08-10,184.86,187.21,182.51,185.24,22933694,184.86,187.21,182.51,185.24,22933694,46.22,46.80,45.63,46.31,91734777
2020-08-11,183.89,186.57,181.22,184.16,21322899,183.89,186.57,181.22,184.16,21322899,45.97,46.64,45.30,46.04,85291598
2020-08-12,183.48,184.69,182.27,183.47,20088993,183.48,184.69,182.27,183.47,20088993,45.87,46.17,45.57,45.87,80355972
2020-08-13,182.72,184.37,181.08,182.35,25625724,182.72,184.37,181.08,182.35,25625724,45.68,46.09,45.27,45.59,102502896
2020-08-14,176.36,179.29,173.43,176.04,14999410,176.36,179.29,173.43,176.04,14999410,44.09,44.82,43.36,44.01,59997639
2020-08-17,178.77,180.14,177.40,179.01,26841858,178.77,180.14,177.40,179.01,26841858,44.69,45.03,44.35,44.75,107367431
2020-08-18,179.52,182.30,176.74,179.90,15863642,179.52,182.30,176.74,179.90,15863642,44.88,45.58,44.18,44.97,63454568
2020-08-19,182.82,185.81,179.83,182.30,26819656,182.82,185.81,179.83,182.30,26819656,45.71,46.45,44.96,45.57,107278623
2020-08-20,185.45,186.99,183.91,185.82,24858467,185.45,186.99,183.91,185.82,24858467,46.36,46.75,45.98,46.46,99433870
2020-08-21,192.20,194.43,189.97,191.46,28119842,192.20,194.43,189.97,191.46,28119842,48.05,48.61,47.49,47.87,112479366
2020-08-24,191.05,193.42,188.67,190.79,26160890,191.05,193.42,188.67,190.79,26160890,47.76,48.35,47.17,47.70,104643562
2020-08-25,198.24,201.03,195.44,197.60,24281821,198.24,201.03,195.44,197.60,24281821,49.56,50.26,48.86,49.40,97127284
2020-08-26,202.73,204.29,201.17,201.96,25531407,202.73,204.29,201.17,201.96,25531407,50.68,51.07,50.29,50.49,102125628
2020-08-27,200.33,201.66,199.00,199.91,18071825,200.33,201.66,199.00,199.91,18071825,50.08,50.42,49.75,49.98,72287302
2020-08-28,198.81,201.33,196.28,198.11,22417512,198.81,201.33,196.28,198.11,22417512,49.70,50.33,49.07,49.53,89670049
2020-08-31,49.14,49.93,48.36,48.97,106876366,49.14,49.93,48.36,48.97,106876366,49.14,49.93,48.36,48.97,106876366
2020-09-01,50.43,50.96,49.90,50.13,75211688,50.43,50.96,49.90,50.13,75211688,50.43,50.96,49.90,50.13,75211688
2020-09-02,50.81,51.29,50.33,50.54,70860132,50.81,51.29,50.33,50.54,70860132,50.81,51.29,50.33,50.54,70860132
2020-09-03,49.82,50.33,49.31,49.99,94920544,49.82,50.33,49.31,49.99,94920544,49.82,50.33,49.31,49.99,94920544
2020-09-04,50.83,51.30,50.35,51.00,104770654,50.83,51.30,50.35,51.00,104770654,50.83,51.30,50.35,51.00,104770654
2020-09-07,51.58,52.22,50.95,51.84,85224600,51.58,52.22,50.95,51.84,85224600,51.58,52.22,50.95,51.84,85224600
2020-09-08,52.27,52.65,51.88,52.43,78720127,52.27,52.65,51.88,52.43,78720127,52.27,52.65,51.88,52.43,78720127
2020-09-09,52.63,53.26,52.00,52.45,118771382,52.63,53.26,52.00,52.45,118771382,52.63,53.26,52.00,52.45,118771382
2020-09-10,53.07,53.75,52.38,53.03,63501727,53.07,53.75,52.38,53.03,63501727,53.07,53.75,52.38,53.03,63501727
2020-09-11,52.15,52.76,51.53,51.84,107496571,52.15,52.76,51.53,51.84,107496571,52.15,52.76,51.53,51.84,107496571
2020-09-14,51.18,51.71,50.65,51.16,106132426,51.18,51.71,50.65,51.16,106132426,51.18,51.71,50.65,51.16,106132426
2020-09-15,51.03,51.44,50.62,51.29,98433349,51.03,51.44,50.62,51.29,98433349,51.03,51.44,50.62,51.29,98433349
2020-09-16,52.30,53.10,51.51,52.13,93022023,52.30,53.10,51.51,52.13,93022023,52.30,53.10,51.51,52.13,93022023
2020-09-17,53.56,54.32,52.80,53.42,94422722,53.56,54.32,52.80,53.42,94422722,53.56,54.32,52.80,53.42,94422722
2020-09-18,53.94,54.48,53.39,53.83,101590122,53.94,54.48,53.39,53.83,101590122,53.94,54.48,53.39,53.83,101590122
2020-09-21,55.57,55.91,55.22,55.62,95012687,55.57,55.91,55.22,55.62,95012687,55.57,55.91,55.22,55.62,95012687
2020-09-22,55.95,56.36,55.54,56.27,94792914,55.95,56.36,55.54,56.27,94792914,55.95,56.36,55.54,56.27,94792914
2020-09-23,57.60,58.13,57.07,57.46,99649785,57.60,58.13,57.07,57.46,99649785,57.60,58.13,57.07,57.46,99649785
2020-09-24,56.65,57.76,55.54,56.66,100979580,56.65,57.76,55.54,56.66,100979580,56.65,57.76,55.54,56.66,100979580
2020-09-25,56.70,57.26,56.13,56.95,68794291,56.70,57.26,56.13,56.95,68794291,56.70,57.26,56.13,56.95,68794291
2020-09-28,58.73,59.70,57.75,58.50,86582734,58.73,59.70,57.75,58.50,86582734,58.73,59.70,57.75,58.50,86582734
2020-09-29,58.00,58.85,57.16,57.88,69598842,58.00,58.85,57.16,57.88,69598842,58.00,58.85,57.16,57.88,69598842
2020-09-30,59.92,60.76,59.07,59.79,116674749,59.92,60.76,59.07,59.79,116674749,59.92,60.76,59.07,59.79,116674749
2020-10-01,60.04,61.03,59.06,60.60,83412288,60.04,61.03,59.06,60.60,83412288,60.04,61.03,59.06,60.60,83412288
2020-10-02,60.99,61.55,60.44,61.17,94199853,60.99,61.55,60.44,61.17,94199853,60.99,61.55,60.44,61.17,94199853
2020-10-05,60.88,61.46,60.30,61.26,62593366,60.88,61.46,60.30,61.26,62593366,60.88,61.46,60.30,61.26,62593366
2020-10-06,61.45,62.09,60.81,61.49,111917894,61.45,62.09,60.81,61.49,111917894,61.45,62.09,60.81,61.49,111917894
2020-10-07,60.95,61.80,60.11,60.96,72068294,60.95,61.80,60.11,60.96,72068294,60.95,61.80,60.11,60.96,72068294
2020-10-08,61.76,62.46,61.07,61.96,118835655,61.76,62.46,61.07,61.96,118835655,61.76,62.46,61.07,61.96,118835655
2020-10-09,61.67,62.40,60.94,61.58,87168066,61.67,62.40,60.94,61.58,87168066,61.67,62.40,60.94,61.58,87168066
2020-10-12,61.38,62.00,60.77,61.32,63726576,61.38,62.00,60.77,61.32,63726576,61.38,62.00,60.77,61.32,63726576
2020-10-13,60.88,61.34,60.42,60.81,87411879,60.88,61.34,60.42,60.81,87411879,60.88,61.34,60.42,60.81,87411879
2020-10-14,60.64,61.22,60.05,60.58,117398069,60.64,61.22,60.05,60.58,117398069,60.64,61.22,60.05,60.58,117398069
2020-10-15,60.50,60.84,60.16,60.63,106998445,60.50,60.84,60.16,60.63,106998445,60.50,60.84,60.16,60.63,106998445
2020-10-16,59.60,60.03,59.17,59.63,74759552,59.60,60.03,59.17,59.63,74759552,59.60,60.03,59.17,59.63,74759552
2020-10-19,59.99,60.67,59.30,59.55,63222608,59.99,60.67,59.30,59.55,63222608,59.99,60.67,59.30,59.55,63222608
2020-10-20,60.53,61.05,60.01,60.49,110947206,60.53,61.05,60.01,60.49,110947206,60.53,61.05,60.01,60.49,110947206
2020-10-21,59.59,59.94,59.24,59.79,93022798,59.59,59.94,59.24,59.79,93022798,59.59,59.94,59.24,59.79,93022798
2020-10-22,59.79,60.52,59.06,59.71,68072688,59.79,60.52,59.06,59.71,68072688,59.79,60.52,59.06,59.71,68072688
2020-10-23,62.63,63.22,62.04,62.91,88526142,62.63,63.22,62.04,62.91,88526142,62.63,63.22,62.04,62.91,88526142
2020-10-26,62.93,63.64,62.22,63.14,62890234,62.93,63.64,62.22,63.14,62890234,62.93,63.64,62.22,63.14,62890234
2020-10-27,62.98,63.22,62.74,62.84,102637862,62.98,63.22,62.74,62.84,102637862,62.98,63.22,62.74,62.84,102637862
2020-10-28,65.35,66.28,64.43,65.24,78175592,65.35,66.28,64.43,65.24,78175592,65.35,66.28,64.43,65.24,78175592
2020-10-29,66.25,67.20,65.30,66.00,118372342,66.25,67.20,65.30,66.00,118372342,66.25,67.20,65.30,66.00,118372342
2020-10-30,66.22,67.08,65.36,66.01,103627666,66.22,67.08,65.36,66.01,103627666,66.22,67.08,65.36,66.01,103627666
2020-11-02,64.74,64.97,64.50,64.68,109374710,64.74,64.97,64.50,64.68,109374710,64.74,64.97,64.50,64.68,109374710
2020-11-03,66.40,66.79,66.02,66.11,86512400,66.40,66.79,66.02,66.11,86512400,66.40,66.79,66.02,66.11,86512400
2020-11-04,65.28,65.98,64.59,65.35,71186943,65.28,65.98,64.59,65.35,71186943,65.28,65.98,64.59,65.35,71186943
2020-11-05,67.89,69.29,66.49,67.93,73174690,67.89,69.29,66.49,67.93,73174690,67.89,69.29,66.49,67.93,73174690
2020-11-06,67.64,68.18,67.10,68.08,98869202,67.64,68.18,67.10,68.08,98869202,67.64,68.18,67.10,68.08,98869202
2020-11-09,68.67,69.14,68.21,68.69,72513233,68.67,69.14,68.21,68.69,72513233,68.67,69.14,68.21,68.69,72513233
2020-11-10,68.22,68.97,67.47,68.01,76499600,68.22,68.97,67.47,68.01,76499600,68.22,68.97,67.47,68.01,76499600
2020-11-11,66.90,67.88,65.92,67.00,81359748,66.90,67.88,65.92,67.00,81359748,66.90,67.88,65.92,67.00,81359748
2020-11-12,66.95,67.57,66.34,66.73,109784691,66.95,67.57,66.34,66.73,109784691,66.95,67.57,66.34,66.73,109784691
2020-11-13,66.76,67.39,66.13,66.43,72483348,66.76,67.39,66.13,66.43,72483348,66.76,67.39,66.13,66.43,72483348
2020-11-16,67.50,68.27,66.73,67.58,75163217,67.50,68.27,66.73,67.58,75163217,67.50,68.27,66.73,67.58,75163217
2020-11-17,68.97,69.82,68.11,68.58,86770254,68.97,69.82,68.11,68.58,86770254,68.97,69.82,68.11,68.58,86770254
2020-11-18,69.49,70.08,68.89,69.50,88424764,69.49,70.08,68.89,69.50,88424764,69.49,70.08,68.89,69.50,88424764
2020-11-19,68.58,69.27,67.89,68.68,87350109,68.58,69.27,67.89,68.68,87350109,68.58,69.27,67.89,68.68,87350109
2020-11-20,69.18,70.17,68.18,68.80,68692286,69.18,70.17,68.18,68.80,68692286,69.18,70.17,68.18,68.80,68692286
2020-11-23,65.82,66.37,65.26,65.75,108739407,65.82,66.37,65.26,65.75,108739407,65.82,66.37,65.26,65.75,108739407
2020-11-24,67.88,68.34,67.43,67.73,89879555,67.88,68.34,67.43,67.73,89879555,67.88,68.34,67.43,67.73,89879555
2020-11-25,69.03,69.91,68.14,69.01,62489459,69.03,69.91,68.14,69.01,62489459,69.03,69.91,68.14,69.01,62489459
2020-11-26,74.42,75.15,73.69,74.24,85571627,74.42,75.15,73.69,74.24,85571627,74.42,75.15,73.69,74.24,85571627
2020-11-27,74.37,75.23,73.51,74.24,73629974,74.37,75.23,73.51,74.24,73629974,74.37,75.23,73.51,74.24,73629974
2020-11-30,74.33,75.03,73.64,74.05,76222460,74.33,75.03,73.64,74.05,76222460,74.33,75.03,73.64,74.05,76222460
2020-12-01,73.82,74.34,73.30,73.87,104170794,73.82,74.34,73.30,73.87,104170794,73.82,74.34,73.30,73.87,104170794
2020-12-02,76.14,76.95,75.33,75.92,73597533,76.14,76.95,75.33,75.92,73597533,76.14,76.95,75.33,75.92,73597533
2020-12-03,77.71,78.89,76.54,77.25,63436829,77.71,78.89,76.54,77.25,63436829,77.71,78.89,76.54,77.25,63436829
2020-12-04,78.92,80.12,77.73,78.57,73448323,78.92,80.12,77.73,78.57,73448323,78.92,80.12,77.73,78.57,73448323
2020-12-07,78.74,79.62,77.87,78.70,115025703,78.74,79.62,77.87,78.70,115025703,78.74,79.62,77.87,78.70,115025703
2020-12-08,79.96,80.69,79.24,79.46,99870748,79.96,80.69,79.24,79.46,99870748,79.96,80.69,79.24,79.46,99870748
2020-12-09,81.27,81.89,80.65,81.10,76256155,81.27,81.89,80.65,81.10,76256155,81.27,81.89,80.65,81.10,76256155
2020-12-10,82.99,84.32,81.65,82.91,96550028,82.99,84.32,81.65,82.91,96550028,82.99,84.32,81.65,82.91,96550028
2020-12-11,82.81,83.33,82.29,82.44,79931509,82.81,83.33,82.29,82.44,79931509,82.81,83.33,82.29,82.44,79931509
2020-12-14,82.50,83.07,81.93,82.28,114753518,82.50,83.07,81.93,82.28,114753518,82.50,83.07,81.93,82.28,114753518
2020-12-15,83.00,83.70,82.31,83.18,74176188,83.00,83.70,82.31,83.18,74176188,83.00,83.70,82.31,83.18,74176188
2020-12-16,79.69,80.89,78.48,79.12,104195040,79.69,80.89,78.48,79.12,104195040,79.69,80.89,78.48,79.12,104195040
2020-12-17,80.77,81.76,79.77,80.19,83443172,80.77,81.76,79.77,80.19,83443172,80.77,81.76,79.77,80.19,83443172
2020-12-18,83.03,84.01,82.05,83.12,100617821,83.03,84.01,82.05,83.12,100617821,83.03,84.01,82.05,83.12,100617821
2020-12-21,82.38,83.05,81.71,82.32,85082478,82.38,83.05,81.71,82.32,85082478,82.38,83.05,81.71,82.32,85082478
2020-12-22,80.95,82.24,79.66,81.17,76632748,80.95,82.24,79.66,81.17,76632748,80.95,82.24,79.66,81.17,76632748
2020-12-23,79.13,79.71,78.54,78.79,69282129,79.13,79.71,78.54,78.79,69282129,79.13,79.71,78.54,78.79,69282129
2020-12-24,82.33,83.05,81.61,82.01,113193575,82.33,83.05,81.61,82.01,113193575,82.33,83.05,81.61,82.01,113193575
2020-12-25,84.09,84.95,83.23,84.30,108348371,84.09,84.95,83.23,84.30,108348371,84.09,84.95,83.23,84.30,108348371
2020-12-28,85.35,86.86,83.84,85.03,112953995,85.35,86.86,83.84,85.03,112953995,85.35,86.86,83.84,85.03,112953995
2020-12-29,82.84,83.53,82.15,82.93,93823014,82.84,83.53,82.15,82.93,93823014,82.84,83.53,82.15,82.93,93823014
2020-12-30,83.39,84.07,82.70,83.50,117843810,83.39,84.07,82.70,83.50,117843810,83.39,84.07,82.70,83.50,117843810
2020-12-31,86.40,87.50,85.31,86.20,91171367,86.40,87.50,85.31,86.20,91171367,86.40,87.50,85.31,86.20,91171367
2021-01-01,85.55,86.25,84.86,85.97,115329786,85.55,86.25,84.86,85.97,115329786,85.55,86.25,84.86,85.97,115329786
2021-01-04,83.10,83.75,82.45,83.11,72978037,83.10,83.75,82.45,83.11,72978037,83.10,83.75,82.45,83.11,72978037
2021-01-05,85.67,86.45,84.89,86.03,93869089,85.67,86.45,84.89,86.03,93869089,85.67,86.45,84.89,86.03,93869089
2021-01-06,87.81,88.65,86.96,87.80,80373737,87.81,88.65,86.96,87.80,80373737,87.81,88.65,86.96,87.80,80373737
2021-01-07,90.46,91.59,89.33,89.99,79026679,90.46,91.59,89.33,89.99,79026679,90.46,91.59,89.33,89.99,79026679
2021-01-08,87.39,87.82,86.95,87.63,82168981,87.39,87.82,86.95,87.63,82168981,87.39,87.82,86.95,87.63,82168981
2021-01-11,88.69,89.88,87.51,88.60,82384359,88.69,89.88,87.51,88.60,82384359,88.69,89.88,87.51,88.60,82384359
2021-01-12,85.68,86.58,84.78,85.72,91128543,85.68,86.58,84.78,85.72,91128543,85.68,86.58,84.78,85.72,91128543
2021-01-13,86.70,87.53,85.86,86.50,83761012,86.70,87.53,85.86,86.50,83761012,86.70,87.53,85.86,86.50,83761012
2021-01-14,87.17,87.93,86.41,87.31,102027820,87.17,87.93,86.41,87.31,102027820,87.17,87.93,86.41,87.31,102027820
2021-01-15,88.32,89.10,87.54,88.11,66423330,88.32,89.10,87.54,88.11,66423330,88.32,89.10,87.54,88.11,66423330
2021-01-18,89.43,90.31,88.54,89.17,80602639,89.43,90.31,88.54,89.17,80602639,89.43,90.31,88.54,89.17,80602639
2021-01-19,88.97,89.73,88.22,89.63,109101819,88.97,89.73,88.22,89.63,109101819,88.97,89.73,88.22,89.63,109101819
2021-01-20,91.09,92.04,90.13,90.42,65799522,91.09,92.04,90.13,90.42,65799522,91.09,92.04,90.13,90.42,65799522
2021-01-21,89.61,89.96,89.27,89.36,99711464,89.61,89.96,89.27,89.36,99711464,89.61,89.96,89.27,89.36,99711464
2021-01-22,88.97,89.72,88.21,88.57,68830356,88.97,89.72,88.21,88.57,68830356,88.97,89.72,88.21,88.57,68830356
2021-01-25,87.92,88.56,87.28,88.04,111820148,87.92,88.56,87.28,88.04,111820148,87.92,88.56,87.28,88.04,111820148
2021-01-26,85.51,86.90,84.12,85.73,116508022,85.51,86.90,84.12,85.73,116508022,85.51,86.90,84.12,85.73,116508022
2021-01-27,86.07,87.04,85.11,85.86,115091095,86.07,87.04,85.11,85.86,115091095,86.07,87.04,85.11,85.86,115091095
2021-01-28,86.81,87.64,85.99,86.30,104267674,86.81,87.64,85.99,86.30,104267674,86.81,87.64,85.99,86.30,104267674
2021-01-29,89.50,91.00,87.99,89.04,84993245,89.50,91.00,87.99,89.04,84993245,89.50,91.00,87.99,89.04,84993245
2021-02-01,90.55,91.72,89.37,90.38,91647644,90.55,91.72,89.37,90.38,91647644,90.55,91.72,89.37,90.38,91647644
2021-02-02,89.85,91.06,88.65,90.08,82052909,89.85,91.06,88.65,90.08,82052909,89.85,91.06,88.65,90.08,82052909
2021-02-03,90.05,91.10,89.00,89.88,90088679,90.05,91.10,89.00,89.88,90088679,90.05,91.10,89.00,89.88,90088679
2021-02-04,92.60,93.36,91.84,91.95,78850066,92.60,93.36,91.84,91.95,78850066,92.60,93.36,91.84,91.95,78850066
2021-02-05,92.28,93.19,91.37,91.90,99430043,92.28,93.19,91.37,91.90,99430043,92.28,93.19,91.37,91.90,99430043
2021-02-08,94.64,95.88,93.40,94.11,75322743,94.64,95.88,93.40,94.11,75322743,94.64,95.88,93.40,94.11,75322743
2021-02-09,97.55,98.70,96.40,97.01,115342522,97.55,98.70,96.40,97.01,115342522,97.55,98.70,96.40,97.01,115342522
2021-02-10,98.24,99.14,97.34,97.75,72749227,98.24,99.14,97.34,97.75,72749227,98.24,99.14,97.34,97.75,72749227
2021-02-11,98.58,98.91,98.24,98.65,69670716,98.58,98.91,98.24,98.65,69670716,98.58,98.91,98.24,98.65,69670716
2021-02-12,98.84,100.17,97.51,98.26,112928896,98.84,100.17,97.51,98.26,112928896,98.84,100.17,97.51,98.26,112928896
2021-02-15,97.68,98.83,96.53,98.03,69199637,97.68,98.83,96.53,98.03,69199637,97.68,98.83,96.53,98.03,69199637
2021-02-16,101.19,102.08,100.30,101.06,111170367,101.19,102.08,100.30,101.06,111170367,101.19,102.08,100.30,101.06,111170367
2021-02-17,101.68,102.50,100.87,100.91,61204819,101.68,102.50,100.87,100.91,61204819,101.68,102.50,100.87,100.91,61204819
2021-02-18,103.47,104.57,102.37,103.42,106348632,103.47,104.57,102.37,103.42,106348632,103.47,104.57,102.37,103.42,106348632
2021-02-19,103.91,104.59,103.23,103.37,117441125,103.91,104.59,103.23,103.37,117441125,103.91,104.59,103.23,103.37,117441125
2021-02-22,105.82,106.62,105.02,106.27,101711612,105.82,106.62,105.02,106.27,101711612,105.82,106.62,105.02,106.27,101711612
2021-02-23,107.10,108.43,105.76,107.29,62509100,107.10,108.43,105.76,107.29,62509100,107.10,108.43,105.76,107.29,62509100
2021-02-24,103.79,105.17,102.41,103.30,107436104,103.79,105.17,102.41,103.30,107436104,103.79,105.17,102.41,103.30,107436104
2021-02-25,102.05,102.96,101.14,102.10,79578530,102.05,102.96,101.14,102.10,79578530,102.05,102.96,101.14,102.10,79578530
2021-02-26,101.03,102.11,99.95,100.57,62551984,101.03,102.11,99.95,100.57,62551984,101.03,102.11,99.95,100.57,62551984
2021-03-01,95.67,96.38,94.96,95.42,91031465,95.67,96.38,94.96,95.42,91031465,95.67,96.38,94.96,95.42,91031465
2021-03-02,93.15,93.95,92.34,92.72,107423224,93.15,93.95,92.34,92.72,107423224,93.15,93.95,92.34,92.72,107423224
2021-03-03,92.11,93.12,91.10,91.81,80983946,92.11,93.12,91.10,91.81,80983946,92.11,93.12,91.10,91.81,80983946
2021-03-04,91.44,92.62,90.25,90.76,62872486,91.44,92.62,90.25,90.76,62872486,91.44,92.62,90.25,90.76,62872486
2021-03-05,90.92,91.61,90.23,90.71,97669517,90.92,91.61,90.23,90.71,97669517,90.92,91.61,90.23,90.71,97669517
2021-03-08,92.09,93.14,91.03,91.80,112793552,92.09,93.14,91.03,91.80,112793552,92.09,93.14,91.03,91.80,112793552
2021-03-09,90.50,90.99,90.01,90.25,99506839,90.50,90.99,90.01,90.25,99506839,90.50,90.99,90.01,90.25,99506839
2021-03-10,89.52,90.84,88.20,89.53,108548852,89.52,90.84,88.20,89.53,108548852,89.52,90.84,88.20,89.53,108548852
2021-03-11,88.04,88.76,87.32,87.85,99440614,88.04,88.76,87.32,87.85,99440614,88.04,88.76,87.32,87.85,99440614
2021-03-12,90.11,90.97,89.25,90.06,118558617,90.11,90.97,89.25,90.06,118558617,90.11,90.97,89.25,90.06,118558617
2021-03-15,92.21,93.54,90.87,91.60,87327032,92.21,93.54,90.87,91.60,87327032,92.21,93.54,90.87,91.60,87327032
2021-03-16,92.26,93.38,91.13,92.88,84935444,92.26,93.38,91.13,92.88,84935444,92.26,93.38,91.13,92.88,84935444
2021-03-17,93.91,94.42,93.41,94.17,115098766,93.91,94.42,93.41,94.17,115098766,93.91,94.42,93.41,94.17,115098766
2021-03-18,95.21,96.60,93.81,95.02,92593346,95.21,96.60,93.81,95.02,92593346,95.21,96.60,93.81,95.02,92593346
2021-03-19,93.61,94.30,92.92,93.50,111000962,93.61,94.30,92.92,93.50,111000962,93.61,94.30,92.92,93.50,111000962
2021-03-22,94.77,95.92,93.62,95.00,99750783,94.77,95.92,93.62,95.00,99750783,94.77,95.92,93.62,95.00,99750783
2021-03-23,98.25,99.88,96.61,97.95,85029211,98.25,99.88,96.61,97.95,85029211,98.25,99.88,96.61,97.95,85029211
2021-03-24,101.73,102.88,100.58,101.20,72963210,101.73,102.88,100.58,101.20,72963210,101.73,102.88,100.58,101.20,72963210
2021-03-25,99.35,100.97,97.73,99.40,72513476,99.35,100.97,97.73,99.40,72513476,99.35,100.97,97.73,99.40,72513476
2021-03-26,101.05,102.51,99.59,100.76,62177311,101.05,102.51,99.59,100.76,62177311,101.05,102.51,99.59,100.76,62177311
2021-03-29,99.55,101.15,97.95,99.33,79252305,99.55,101.15,97.95,99.33,79252305,99.55,101.15,97.95,99.33,79252305
2021-03-30,99.40,100.41,98.39,99.38,64355124,99.40,100.41,98.39,99.38,64355124,99.40,100.41,98.39,99.38,64355124
2021-03-31,98.45,99.67,97.22,97.57,77107956,98.45,99.67,97.22,97.57,77107956,98.45,99.67,97.22,97.57,77107956
2021-04-01,98.14,99.29,96.99,98.01,62499798,98.14,99.29,96.99,98.01,62499798,98.14,99.29,96.99,98.01,62499798
2021-04-02,98.77,100.09,97.46,98.45,63628948,98.77,100.09,97.46,98.45,63628948,98.77,100.09,97.46,98.45,63628948
2021-04-05,104.00,104.98,103.02,103.64,79787035,104.00,104.98,103.02,103.64,79787035,104.00,104.98,103.02,103.64,79787035
2021-04-06,103.62,105.07,102.17,103.43,76954529,103.62,105.07,102.17,103.43,76954529,103.62,105.07,102.17,103.43,76954529
2021-04-07,102.71,104.38,101.03,102.18,113065715,102.71,104.38,101.03,102.18,113065715,102.71,104.38,101.03,102.18,113065715
2021-04-08,103.75,105.26,102.24,103.47,77101534,103.75,105.26,102.24,103.47,77101534,103.75,105.26,102.24,103.47,77101534
2021-04-09,104.43,105.45,103.41,103.86,97205840,104.43,105.45,103.41,103.86,97205840,104.43,105.45,103.41,103.86,97205840
2021-04-12,103.88,104.80,102.96,103.53,99070831,103.88,104.80,102.96,103.53,99070831,103.88,104.80,102.96,103.53,99070831
2021-04-13,105.23,106.06,104.40,105.83,67507288,105.23,106.06,104.40,105.83,67507288,105.23,106.06,104.40,105.83,67507288
2021-04-14,106.72,108.01,105.44,106.39,102871882,106.72,108.01,105.44,106.39,102871882,106.72,108.01,105.44,106.39,102871882
2021-04-15,104.77,105.90,103.64,104.84,59501828,104.77,105.90,103.64,104.84,59501828,104.77,105.90,103.64,104.84,59501828
2021-04-16,103.37,105.16,101.59,103.22,116479083,103.37,105.16,101.59,103.22,116479083,103.37,105.16,101.59,103.22,116479083
2021-04-19,103.13,105.15,101.12,103.59,64560855,103.13,105.15,101.12,103.59,64560855,103.13,105.15,101.12,103.59,64560855
2021-04-20,100.40,101.32,99.47,99.69,73797798,100.40,101.32,99.47,99.69,73797798,100.40,101.32,99.47,99.69,73797798
2021-04-21,102.69,103.58,101.79,102.50,65250368,102.69,103.58,101.79,102.50,65250368,102.69,103.58,101.79,102.50,65250368
2021-04-22,104.39,105.27,103.50,105.23,78952991,104.39,105.27,103.50,105.23,78952991,104.39,105.27,103.50,105.23,78952991
2021-04-23,106.31,106.82,105.79,105.99,99514182,106.31,106.82,105.79,105.99,99514182,106.31,106.82,105.79,105.99,99514182
2021-04-26,104.21,105.74,102.69,103.90,67135389,104.21,105.74,102.69,103.90,67135389,104.21,105.74,102.69,103.90,67135389
2021-04-27,102.63,104.38,100.88,102.26,101186384,102.63,104.38,100.88,102.26,101186384,102.63,104.38,100.88,102.26,101186384
2021-04-28,103.10,104.78,101.41,103.36,96340778,103.10,104.78,101.41,103.36,96340778,103.10,104.78,101.41,103.36,96340778
2021-04-29,103.91,104.48,103.34,103.47,96217804,103.91,104.48,103.34,103.47,96217804,103.91,104.48,103.34,103.47,96217804
2021-04-30,103.14,104.36,101.91,102.91,94341042,103.14,104.36,101.91,102.91,94341042,103.14,104.36,101.91,102.91,94341042
2021-05-03,101.07,101.99,100.15,101.21,62893101,101.07,101.99,100.15,101.21,62893101,101.07,101.99,100.15,101.21,62893101
2021-05-04,101.94,102.44,101.45,101.68,97447561,101.94,102.44,101.45,101.68,97447561,101.94,102.44,101.45,101.68,97447561
2021-05-05,102.87,104.50,101.25,102.26,74512560,102.87,104.50,101.25,102.26,74512560,102.87,104.50,101.25,102.26,74512560
2021-05-06,103.35,104.50,102.19,104.06,81206937,103.35,104.50,102.19,104.06,81206937,103.35,104.50,102.19,104.06,81206937
2021-05-07,104.65,106.24,103.06,105.25,70801200,104.65,106.24,103.06,105.25,70801200,104.65,106.24,103.06,105.25,70801200
2021-05-10,106.72,108.55,104.88,106.32,60745580,106.72,108.55,104.88,106.32,60745580,106.72,108.55,104.88,106.32,60745580
2021-05-11,106.02,107.05,105.00,105.97,105108375,106.02,107.05,105.00,105.97,105108375,106.02,107.05,105.00,105.97,105108375
2021-05-12,104.81,106.02,103.59,104.13,104497101,104.81,106.02,103.59,104.13,104497101,104.81,106.02,103.59,104.13,104497101
2021-05-13,107.12,107.38,106.86,107.30,115116430,107.12,107.38,106.86,107.30,115116430,107.12,107.38,106.86,107.30,115116430
2021-05-14,106.32,107.51,105.12,106.42,81981433,106.32,107.51,105.12,106.42,81981433,106.32,107.51,105.12,106.42,81981433
2021-05-17,106.87,107.87,105.88,106.68,89602933,106.87,107.87,105.88,106.68,89602933,106.87,107.87,105.88,106.68,89602933
2021-05-18,107.84,108.45,107.23,107.68,66351198,107.84,108.45,107.23,107.68,66351198,107.84,108.45,107.23,107.68,66351198
2021-05-19,104.33,105.67,102.98,104.53,82542827,104.33,105.67,102.98,104.53,82542827,104.33,105.67,102.98,104.53,82542827
2021-05-20,104.06,105.56,102.55,103.31,107916539,104.06,105.56,102.55,103.31,107916539,104.06,105.56,102.55,103.31,107916539
2021-05-21,103.77,105.09,102.46,103.76,116296673,103.77,105.09,102.46,103.76,116296673,103.77,105.09,102.46,103.76,116296673
2021-05-24,103.15,104.35,101.94,103.73,83386976,103.15,104.35,101.94,103.73,83386976,103.15,104.35,101.94,103.73,83386976
2021-05-25,107.20,108.06,106.34,107.22,82808676,107.20,108.06,106.34,107.22,82808676,107.20,108.06,106.34,107.22,82808676
2021-05-26,107.64,109.22,106.06,108.31,111378827,107.64,109.22,106.06,108.31,111378827,107.64,109.22,106.06,108.31,111378827
2021-05-27,110.10,111.06,109.14,110.76,107279207,110.10,111.06,109.14,110.76,107279207,110.10,111.06,109.14,110.76,107279207
2021-05-28,109.15,110.60,107.69,109.25,83080601,109.15,110.60,107.69,109.25,83080601,109.15,110.60,107.69,109.25,83080601
2021-05-31,109.66,110.54,108.79,109.65,68511009,109.66,110.54,108.79,109.65,68511009,109.66,110.54,108.79,109.65,68511009
2021-06-01,113.24,114.24,112.24,113.66,108792101,113.24,114.24,112.24,113.66,108792101,113.24,114.24,112.24,113.66,108792101
2021-06-02,117.18,118.21,116.15,116.83,96990541,117.18,118.21,116.15,116.83,96990541,117.18,118.21,116.15,116.83,96990541
2021-06-03,118.23,119.75,116.70,118.00,66898578,118.23,119.75,116.70,118.00,66898578,118.23,119.75,116.70,118.00,66898578
2021-06-04,118.44,119.66,117.22,117.92,61896988,118.44,119.66,117.22,117.92,61896988,118.44,119.66,117.22,117.92,61896988
2021-06-07,118.22,119.05,117.38,118.97,99498916,118.22,119.05,117.38,118.97,99498916,118.22,119.05,117.38,118.97,99498916
2021-06-08,119.93,121.63,118.23,119.38,116056703,119.93,121.63,118.23,119.38,116056703,119.93,121.63,118.23,119.38,116056703
2021-06-09,117.47,119.24,115.70,118.06,82166635,117.47,119.24,115.70,118.06,82166635,117.47,119.24,115.70,118.06,82166635
2021-06-10,116.75,117.90,115.60,116.42,113192995,116.75,117.90,115.60,116.42,113192995,116.75,117.90,115.60,116.42,113192995
2021-06-11,113.98,114.91,113.05,113.84,108319011,113.98,114.91,113.05,113.84,108319011,113.98,114.91,113.05,113.84,108319011
2021-06-14,113.67,115.36,111.99,113.81,80509622,113.67,115.36,111.99,113.81,80509622,113.67,115.36,111.99,113.81,80509622
2021-06-15,114.84,116.62,113.06,114.45,106172126,114.84,116.62,113.06,114.45,106172126,114.84,116.62,113.06,114.45,106172126
2021-06-16,116.01,117.36,114.66,116.85,116497779,116.01,117.36,114.66,116.85,116497779,116.01,117.36,114.66,116.85,116497779
2021-06-17,121.98,123.76,120.19,121.76,93510655,121.98,123.76,120.19,121.76,93510655,121.98,123.76,120.19,121.76,93510655
2021-06-18,119.47,121.36,117.58,119.10,90642382,119.47,121.36,117.58,119.10,90642382,119.47,121.36,117.58,119.10,90642382
2021-06-21,120.53,121.48,119.58,120.72,69220322,120.53,121.48,119.58,120.72,69220322,120.53,121.48,119.58,120.72,69220322
2021-06-22,119.23,120.23,118.24,119.11,82509070,119.23,120.23,118.24,119.11,82509070,119.23,120.23,118.24,119.11,82509070
2021-06-23,119.24,120.06,118.41,118.97,82275654,119.24,120.06,118.41,118.97,82275654,119.24,120.06,118.41,118.97,82275654
2021-06-24,123.50,124.85,122.14,123.49,89588956,123.50,124.85,122.14,123.49,89588956,123.50,124.85,122.14,123.49,89588956
2021-06-25,128.08,130.14,126.03,127.40,116607566,128.08,130.14,126.03,127.40,116607566,128.08,130.14,126.03,127.40,116607566
2021-06-28,130.51,132.81,128.20,129.89,62212317,130.51,132.81,128.20,129.89,62212317,130.51,132.81,128.20,129.89,62212317
2021-06-29,129.06,130.38,127.74,128.97,66835385,129.06,130.38,127.74,128.97,66835385,129.06,130.38,127.74,128.97,66835385
2021-06-30,128.49,129.42,127.56,128.93,80809313,128.49,129.42,127.56,128.93,80809313,128.49,129.42,127.56,128.93,80809313
2021-07-01,130.40,131.53,129.27,131.34,83941934,130.40,131.53,129.27,131.34,83941934,130.40,131.53,129.27,131.34,83941934
2021-07-02,134.28,134.92,133.63,134.76,60928300,134.28,134.92,133.63,134.76,60928300,134.28,134.92,133.63,134.76,60928300
2021-07-05,131.92,133.71,130.12,132.46,78264143,131.92,133.71,130.12,132.46,78264143,131.92,133.71,130.12,132.46,78264143
2021-07-06,134.05,134.87,133.23,134.19,65269457,134.05,134.87,133.23,134.19,65269457,134.05,134.87,133.23,134.19,65269457
2021-07-07,135.32,136.80,133.84,135.54,87767847,135.32,136.80,133.84,135.54,87767847,135.32,136.80,133.84,135.54,87767847
2021-07-08,140.70,141.47,139.93,140.41,106054336,140.70,141.47,139.93,140.41,106054336,140.70,141.47,139.93,140.41,106054336
2021-07-09,141.02,142.41,139.63,140.68,83875536,141.02,142.41,139.63,140.68,83875536,141.02,142.41,139.63,140.68,83875536
2021-07-12,136.93,138.60,135.25,137.36,102986786,136.93,138.60,135.25,137.36,102986786,136.93,138.60,135.25,137.36,102986786
2021-07-13,141.12,142.21,140.02,141.75,111052179,141.12,142.21,140.02,141.75,111052179,141.12,142.21,140.02,141.75,111052179
2021-07-14,143.45,144.95,141.95,143.12,67829249,143.45,144.95,141.95,143.12,67829249,143.45,144.95,141.95,143.12,67829249
2021-07-15,145.72,146.71,144.74,146.57,118793315,145.72,146.71,144.74,146.57,118793315,145.72,146.71,144.74,146.57,118793315
2021-07-16,140.73,142.12,139.34,140.16,83062057,140.73,142.12,139.34,140.16,83062057,140.73,142.12,139.34,140.16,83062057
2021-07-19,138.65,139.70,137.60,138.85,84394177,138.65,139.70,137.60,138.85,84394177,138.65,139.70,137.60,138.85,84394177
2021-07-20,145.35,146.72,143.98,144.17,93747809,145.35,146.72,143.98,144.17,93747809,145.35,146.72,143.98,144.17,93747809
2021-07-21,143.00,144.90,141.11,144.06,72001378,143.00,144.90,141.11,144.06,72001378,143.00,144.90,141.11,144.06,72001378
2021-07-22,149.18,151.03,147.34,148.36,93051629,149.18,151.03,147.34,148.36,93051629,149.18,151.03,147.34,148.36,93051629
2021-07-23,150.10,151.87,148.32,150.87,103233999,150.10,151.87,148.32,150.87,103233999,150.10,151.87,148.32,150.87,103233999
2021-07-26,151.01,153.51,148.51,151.89,67424336,151.01,153.51,148.51,151.89,67424336,151.01,153.51,148.51,151.89,67424336
2021-07-27,150.03,151.23,148.84,150.60,76646979,150.03,151.23,148.84,150.60,76646979,150.03,151.23,148.84,150.60,76646979
2021-07-28,157.83,159.47,156.18,157.58,76494746,157.83,159.47,156.18,157.58,76494746,157.83,159.47,156.18,157.58,76494746
2021-07-29,159.83,161.58,158.07,159.57,64939609,159.83,161.58,158.07,159.57,64939609,159.83,161.58,158.07,159.57,64939609
2021-07-30,155.68,158.55,152.80,156.02,83738249,155.68,158.55,152.80,156.02,83738249,155.68,158.55,152.80,156.02,83738249
2021-08-02,158.97,160.83,157.11,158.88,112494178,158.97,160.83,157.11,158.88,112494178,158.97,160.83,157.11,158.88,112494178
2021-08-03,162.64,165.09,160.19,162.13,85065565,162.64,165.09,160.19,162.13,85065565,162.64,165.09,160.19,162.13,85065565
2021-08-04,164.01,165.36,162.65,163.25,75493458,164.01,165.36,162.65,163.25,75493458,164.01,165.36,162.65,163.25,75493458
2021-08-05,164.49,165.73,163.24,164.27,77731719,164.49,165.73,163.24,164.27,77731719,164.49,165.73,163.24,164.27,77731719
2021-08-06,170.66,173.92,167.39,170.74,64353708,170.66,173.92,167.39,170.74,64353708,170.66,173.92,167.39,170.74,64353708
2021-08-09,166.67,167.93,165.42,167.17,76355422,166.67,167.93,165.42,167.17,76355422,166.67,167.93,165.42,167.17,76355422
2021-08-10,170.63,172.80,168.46,171.08,114998800,170.63,172.80,168.46,171.08,114998800,170.63,172.80,168.46,171.08,114998800
2021-08-11,172.83,175.12,170.54,173.13,93093143,172.83,175.12,170.54,173.13,93093143,172.83,175.12,170.54,173.13,93093143
2021-08-12,178.37,180.39,176.34,177.25,111845268,178.37,180.39,176.34,177.25,111845268,178.37,180.39,176.34,177.25,111845268
2021-08-13,180.51,182.58,178.45,180.66,72628738,180.51,182.58,178.45,180.66,72628738,180.51,182.58,178.45,180.66,72628738
2021-08-16,187.35,189.78,184.92,187.53,104720330,187.35,189.78,184.92,187.53,104720330,187.35,189.78,184.92,187.53,104720330
2021-08-17,185.66,186.54,184.78,185.07,71976572,185.66,186.54,184.78,185.07,71976572,185.66,186.54,184.78,185.07,71976572
2021-08-18,185.71,187.71,183.70,185.39,106022509,185.71,187.71,183.70,185.39,106022509,185.71,187.71,183.70,185.39,106022509
2021-08-19,186.96,189.87,184.06,186.91,116955519,186.96,189.87,184.06,186.91,116955519,186.96,189.87,184.06,186.91,116955519
2021-08-20,183.31,185.75,180.87,183.80,93716104,183.31,185.75,180.87,183.80,93716104,183.31,185.75,180.87,183.80,93716104
2021-08-23,187.85,189.23,186.46,186.97,78075289,187.85,189.23,186.46,186.97,78075289,187.85,189.23,186.46,186.97,78075289
2021-08-24,193.70,194.97,192.43,193.56,83616859,193.70,194.97,192.43,193.56,83616859,193.70,194.97,192.43,193.56,83616859
2021-08-25,196.54,197.98,195.10,196.44,106111540,196.54,197.98,195.10,196.44,106111540,196.54,197.98,195.10,196.44,106111540
2021-08-26,196.18,198.90,193.45,195.82,109844391,196.18,198.90,193.45,195.82,109844391,196.18,198.90,193.45,195.82,109844391
2021-08-27,197.00,197.86,196.15,196.98,63214664,197.00,197.86,196.15,196.98,63214664,197.00,197.86,196.15,196.98,63214664
2021-08-30,194.26,195.98,192.54,193.69,107625166,194.26,195.98,192.54,193.69,107625166,194.26,195.98,192.54,193.69,107625166
2021-08-31,189.69,191.94,187.44,190.02,110592538,189.69,191.94,187.44,190.02,110592538,189.69,191.94,187.44,190.02,110592538
2021-09-01,191.87,194.46,189.29,191.63,115728932,191.87,194.46,189.29,191.63,115728932,191.87,194.46,189.29,191.63,115728932
2021-09-02,188.06,190.19,185.94,188.99,89284469,188.06,190.19,185.94,188.99,89284469,188.06,190.19,185.94,188.99,89284469
2021-09-03,191.16,194.12,188.19,189.75,107242564,191.16,194.12,188.19,189.75,107242564,191.16,194.12,188.19,189.75,107242564
2021-09-06,187.44,189.60,185.28,187.47,98907667,187.44,189.60,185.28,187.47,98907667,187.44,189.60,185.28,187.47,98907667
2021-09-07,190.69,192.99,188.38,190.15,110581134,190.69,192.99,188.38,190.15,110581134,190.69,192.99,188.38,190.15,110581134
2021-09-08,192.25,194.20,190.30,191.52,103647675,192.25,194.20,190.30,191.52,103647675,192.25,194.20,190.30,191.52,103647675
2021-09-09,188.40,190.82,185.97,187.79,62691270,188.40,190.82,185.97,187.79,62691270,188.40,190.82,185.97,187.79,62691270
2021-09-10,187.49,190.31,184.66,188.25,110021332,187.49,190.31,184.66,188.25,110021332,187.49,190.31,184.66,188.25,110021332
2021-09-13,184.58,186.52,182.65,184.66,70757150,184.58,186.52,182.65,184.66,70757150,184.58,186.52,182.65,184.66,70757150
2021-09-14,188.33,191.31,185.36,188.95,95456622,188.33,191.31,185.36,188.95,95456622,188.33,191.31,185.36,188.95,95456622
2021-09-15,193.36,195.68,191.05,193.50,65771382,193.36,195.68,191.05,193.50,65771382,193.36,195.68,191.05,193.50,65771382
2021-09-16,196.61,199.47,193.75,196.64,100972938,196.61,199.47,193.75,196.64,100972938,196.61,199.47,193.75,196.64,100972938
2021-09-17,200.27,202.03,198.52,199.95,83762793,200.27,202.03,198.52,199.95,83762793,200.27,202.03,198.52,199.95,83762793
2021-09-20,201.51,203.85,199.16,201.37,97066871,201.51,203.85,199.16,201.37,97066871,201.51,203.85,199.16,201.37,97066871
2021-09-21,198.12,199.82,196.42,198.27,105642565,198.12,199.82,196.42,198.27,105642565,198.12,199.82,196.42,198.27,105642565
2021-09-22,199.43,200.96,197.89,199.59,60137560,199.43,200.96,197.89,199.59,60137560,199.43,200.96,197.89,199.59,60137560
2021-09-23,202.27,203.79,200.76,201.33,79973451,202.27,203.79,200.76,201.33,79973451,202.27,203.79,200.76,201.33,79973451
2021-09-24,195.50,197.10,193.89,196.79,111854920,195.50,197.10,193.89,196.79,111854920,195.50,197.10,193.89,196.79,111854920
2021-09-27,210.00,213.40,206.60,208.49,98957202,210.00,213.40,206.60,208.49,98957202,210.00,213.40,206.60,208.49,98957202
2021-09-28,206.82,209.21,204.42,208.33,84620438,206.82,209.21,204.42,208.33,84620438,206.82,209.21,204.42,208.33,84620438
2021-09-29,206.47,209.30,203.65,206.22,84428702,206.47,209.30,203.65,206.22,84428702,206.47,209.30,203.65,206.22,84428702
2021-09-30,209.91,211.21,208.62,210.42,104250803,209.91,211.21,208.62,210.42,104250803,209.91,211.21,208.62,210.42,104250803
2021-10-01,202.89,205.60,200.18,203.01,80028502,202.89,205.60,200.18,203.01,80028502,202.89,205.60,200.18,203.01,80028502
2021-10-04,202.49,203.80,201.18,202.79,59513509,202.49,203.80,201.18,202.79,59513509,202.49,203.80,201.18,202.79,59513509
2021-10-05,200.71,203.34,198.08,200.41,85116881,200.71,203.34,198.08,200.41,85116881,200.71,203.34,198.08,200.41,85116881
2021-10-06,201.98,203.69,200.27,201.24,80255498,201.98,203.69,200.27,201.24,80255498,201.98,203.69,200.27,201.24,80255498
2021-10-07,206.38,207.59,205.18,206.64,61617619,206.38,207.59,205.18,206.64,61617619,206.38,207.59,205.18,206.64,61617619
2021-10-08,208.48,210.48,206.48,208.09,107242906,208.48,210.48,206.48,208.09,107242906,208.48,210.48,206.48,208.09,107242906
2021-10-11,204.87,206.17,203.57,205.73,110756018,204.87,206.17,203.57,205.73,110756018,204.87,206.17,203.57,205.73,110756018
2021-10-12,212.82,215.86,209.78,213.52,118336012,212.82,215.86,209.78,213.52,118336012,212.82,215.86,209.78,213.52,118336012
2021-10-13,215.64,217.56,213.72,214.99,91534501,215.64,217.56,213.72,214.99,91534501,215.64,217.56,213.72,214.99,91534501
2021-10-14,219.10,221.36,216.85,218.42,80061985,219.10,221.36,216.85,218.42,80061985,219.10,221.36,216.85,218.42,80061985
2021-10-15,220.64,223.32,217.95,221.28,59535577,220.64,223.32,217.95,221.28,59535577,220.64,223.32,217.95,221.28,59535577
2021-10-18,219.61,221.01,218.21,219.54,73397258,219.61,221.01,218.21,219.54,73397258,219.61,221.01,218.21,219.54,73397258
2021-10-19,214.22,215.84,212.61,212.78,111616343,214.22,215.84,212.61,212.78,111616343,214.22,215.84,212.61,212.78,111616343
2021-10-20,208.04,210.80,205.28,208.32,79144279,208.04,210.80,205.28,208.32,79144279,208.04,210.80,205.28,208.32,79144279
2021-10-21,208.56,210.14,206.99,207.98,69275067,208.56,210.14,206.99,207.98,69275067,208.56,210.14,206.99,207.98,69275067
2021-10-22,203.69,205.88,201.49,203.83,97276946,203.69,205.88,201.49,203.83,97276946,203.69,205.88,201.49,203.83,97276946
2021-10-25,205.29,208.51,202.07,204.72,69544195,205.29,208.51,202.07,204.72,69544195,205.29,208.51,202.07,204.72,69544195
2021-10-26,204.39,207.46,201.32,203.43,115120333,204.39,207.46,201.32,203.43,115120333,204.39,207.46,201.32,203.43,115120333
2021-10-27,203.86,205.70,202.03,203.05,81934709,203.86,205.70,202.03,203.05,81934709,203.86,205.70,202.03,203.05,81934709
2021-10-28,201.11,202.89,199.33,199.56,69012846,201.11,202.89,199.33,199.56,69012846,201.11,202.89,199.33,199.56,69012846
2021-10-29,197.01,199.44,194.58,196.58,106888213,197.01,199.44,194.58,196.58,106888213,197.01,199.44,194.58,196.58,106888213
2021-11-01,189.78,192.86,186.70,189.83,68768509,189.78,192.86,186.70,189.83,68768509,189.78,192.86,186.70,189.83,68768509
2021-11-02,187.94,189.45,186.43,187.11,61868781,187.94,189.45,186.43,187.11,61868781,187.94,189.45,186.43,187.11,61868781
2021-11-03,181.22,183.34,179.10,181.28,62064456,181.22,183.34,179.10,181.28,62064456,181.22,183.34,179.10,181.28,62064456
2021-11-04,180.01,181.28,178.75,180.19,117884826,180.01,181.28,178.75,180.19,117884826,180.01,181.28,178.75,180.19,117884826
2021-11-05,182.29,184.63,179.96,181.26,79884169,182.29,184.63,179.96,181.26,79884169,182.29,184.63,179.96,181.26,79884169
2021-11-08,177.49,180.19,174.80,177.62,63607698,177.49,180.19,174.80,177.62,63607698,177.49,180.19,174.80,177.62,63607698
2021-11-09,179.48,180.39,178.56,179.36,97320897,179.48,180.39,178.56,179.36,97320897,179.48,180.39,178.56,179.36,97320897
2021-11-10,175.88,178.19,173.57,176.43,82236348,175.88,178.19,173.57,176.43,82236348,175.88,178.19,173.57,176.43,82236348
2021-11-11,178.03,179.72,176.35,177.83,73630257,178.03,179.72,176.35,177.83,73630257,178.03,179.72,176.35,177.83,73630257
2021-11-12,179.99,182.09,177.89,181.16,81068868,179.99,182.09,177.89,181.16,81068868,179.99,182.09,177.89,181.16,81068868
2021-11-15,183.78,185.82,181.73,184.06,87407924,183.78,185.82,181.73,184.06,87407924,183.78,185.82,181.73,184.06,87407924
2021-11-16,182.34,185.17,179.52,182.53,61008242,182.34,185.17,179.52,182.53,61008242,182.34,185.17,179.52,182.53,61008242
2021-11-17,178.26,180.25,176.27,179.09,62816581,178.26,180.25,176.27,179.09,62816581,178.26,180.25,176.27,179.09,62816581
2021-11-18,175.54,177.41,173.68,174.79,68256213,175.54,177.41,173.68,174.79,68256213,175.54,177.41,173.68,174.79,68256213
2021-11-19,174.43,176.00,172.86,174.37,113694163,174.43,176.00,172.86,174.37,113694163,174.43,176.00,172.86,174.37,113694163
2021-11-22,174.79,176.45,173.12,174.54,114600544,174.79,176.45,173.12,174.54,114600544,174.79,176.45,173.12,174.54,114600544
2021-11-23,173.25,175.09,171.42,172.45,92027297,173.25,175.09,171.42,172.45,92027297,173.25,175.09,171.42,172.45,92027297
2021-11-24,174.28,176.01,172.55,173.07,69390647,174.28,176.01,172.55,173.07,69390647,174.28,176.01,172.55,173.07,69390647
2021-11-25,173.57,175.63,171.50,173.76,81638894,173.57,175.63,171.50,173.76,81638894,173.57,175.63,171.50,173.76,81638894
2021-11-26,171.91,174.72,169.11,171.64,62451552,171.91,174.72,169.11,171.64,62451552,171.91,174.72,169.11,171.64,62451552
2021-11-29,173.37,174.44,172.30,172.58,73005223,173.37,174.44,172.30,172.58,73005223,173.37,174.44,172.30,172.58,73005223
2021-11-30,174.76,175.95,173.57,173.71,116712269,174.76,175.95,173.57,173.71,116712269,174.76,175.95,173.57,173.71,116712269
2021-12-01,171.51,172.68,170.35,171.12,80423167,171.51,172.68,170.35,171.12,80423167,171.51,172.68,170.35,171.12,80423167
2021-12-02,171.99,174.54,169.44,171.75,79840018,171.99,174.54,169.44,171.75,79840018,171.99,174.54,169.44,171.75,79840018
2021-12-03,174.51,176.83,172.19,173.74,81113693,174.51,176.83,172.19,173.74,81113693,174.51,176.83,172.19,173.74,81113693
2021-12-06,178.60,181.06,176.13,178.29,83005674,178.60,181.06,176.13,178.29,83005674,178.60,181.06,176.13,178.29,83005674
2021-12-07,180.09,181.75,178.42,179.71,99588496,180.09,181.75,178.42,179.71,99588496,180.09,181.75,178.42,179.71,99588496
2021-12-08,184.55,187.06,182.05,185.13,70591978,184.55,187.06,182.05,185.13,70591978,184.55,187.06,182.05,185.13,70591978
2021-12-09,180.23,183.09,177.38,180.65,71641831,180.23,183.09,177.38,180.65,71641831,180.23,183.09,177.38,180.65,71641831
2021-12-10,184.62,185.56,183.67,184.13,117052636,184.62,185.56,183.67,184.13,117052636,184.62,185.56,183.67,184.13,117052636
2021-12-13,184.46,185.43,183.49,184.03,112928335,184.46,185.43,183.49,184.03,112928335,184.46,185.43,183.49,184.03,112928335
2021-12-14,190.85,192.88,188.81,190.38,66845267,190.85,192.88,188.81,190.38,66845267,190.85,192.88,188.81,190.38,66845267
2021-12-15,186.16,187.99,184.32,185.07,109426432,186.16,187.99,184.32,185.07,109426432,186.16,187.99,184.32,185.07,109426432
2021-12-16,181.30,183.68,178.93,181.35,103009410,181.30,183.68,178.93,181.35,103009410,181.30,183.68,178.93,181.35,103009410
2021-12-17,185.45,187.04,183.87,186.54,98083641,185.45,187.04,183.87,186.54,98083641,185.45,187.04,183.87,186.54,98083641
2021-12-20,185.22,187.08,183.37,185.57,82921313,185.22,187.08,183.37,185.57,82921313,185.22,187.08,183.37,185.57,82921313
2021-12-21,190.67,193.27,188.07,189.89,79730261,190.67,193.27,188.07,189.89,79730261,190.67,193.27,188.07,189.89,79730261
2021-12-22,192.47,194.65,190.29,191.94,69347237,192.47,194.65,190.29,191.94,69347237,192.47,194.65,190.29,191.94,69347237
2021-12-23,187.20,190.28,184.13,187.73,97301739,187.20,190.28,184.13,187.73,97301739,187.20,190.28,184.13,187.73,97301739
2021-12-24,185.92,187.64,184.20,185.98,92804807,185.92,187.64,184.20,185.98,92804807,185.92,187.64,184.20,185.98,92804807
2021-12-27,185.35,187.99,182.71,185.38,85406081,185.35,187.99,182.71,185.38,85406081,185.35,187.99,182.71,185.38,85406081
2021-12-28,186.58,188.70,184.46,185.75,77515120,186.58,188.70,184.46,185.75,77515120,186.58,188.70,184.46,185.75,77515120
2021-12-29,187.94,191.75,184.13,187.17,95234700,187.94,191.75,184.13,187.17,95234700,187.94,191.75,184.13,187.17,95234700
2021-12-30,185.55,187.25,183.86,186.04,102794053,185.55,187.25,183.86,186.04,102794053,185.55,187.25,183.86,186.04,102794053
2021-12-31,186.70,188.85,184.56,186.54,94707160,186.70,188.85,184.56,186.54,94707160,186.70,188.85,184.56,186.54,94707160
2022-01-03,187.15,189.37,184.93,188.10,88642259,187.15,189.37,184.93,188.10,88642259,187.15,189.37,184.93,188.10,88642259
2022-01-04,192.32,193.63,191.02,193.29,90399105,192.32,193.63,191.02,193.29,90399105,192.32,193.63,191.02,193.29,90399105
2022-01-05,193.85,196.66,191.03,194.85,85544151,193.85,196.66,191.03,194.85,85544151,193.85,196.66,191.03,194.85,85544151
2022-01-06,192.99,194.50,191.48,191.77,80146639,192.99,194.50,191.48,191.77,80146639,192.99,194.50,191.48,191.77,80146639
2022-01-07,185.36,186.52,184.21,184.28,114271885,185.36,186.52,184.21,184.28,114271885,185.36,186.52,184.21,184.28,114271885
2022-01-10,183.19,185.09,181.29,182.87,103569483,183.19,185.09,181.29,182.87,103569483,183.19,185.09,181.29,182.87,103569483
2022-01-11,179.84,181.81,177.87,179.68,96044082,179.84,181.81,177.87,179.68,96044082,179.84,181.81,177.87,179.68,96044082
2022-01-12,181.73,182.95,180.50,180.87,85034395,181.73,182.95,180.50,180.87,85034395,181.73,182.95,180.50,180.87,85034395
2022-01-13,179.39,181.65,177.13,178.94,105240454,179.39,181.65,177.13,178.94,105240454,179.39,181.65,177.13,178.94,105240454
2022-01-14,174.59,176.27,172.92,174.07,66593021,174.59,176.27,172.92,174.07,66593021,174.59,176.27,172.92,174.07,66593021
2022-01-17,173.63,175.08,172.18,173.50,84591901,173.63,175.08,172.18,173.50,84591901,173.63,175.08,172.18,173.50,84591901
2022-01-18,175.73,177.39,174.07,175.34,93867978,175.73,177.39,174.07,175.34,93867978,175.73,177.39,174.07,175.34,93867978
2022-01-19,169.95,171.86,168.05,169.17,81324500,169.95,171.86,168.05,169.17,81324500,169.95,171.86,168.05,169.17,81324500
2022-01-20,168.27,170.08,166.47,167.88,116993321,168.27,170.08,166.47,167.88,116993321,168.27,170.08,166.47,167.88,116993321
2022-01-21,172.54,175.15,169.92,172.39,86611148,172.54,175.15,169.92,172.39,86611148,172.54,175.15,169.92,172.39,86611148
2022-01-24,168.57,171.04,166.09,167.67,76274142,168.57,171.04,166.09,167.67,76274142,168.57,171.04,166.09,167.67,76274142
2022-01-25,169.00,170.76,167.24,168.92,113811648,169.00,170.76,167.24,168.92,113811648,169.00,170.76,167.24,168.92,113811648
2022-01-26,166.14,169.27,163.00,166.50,74359779,166.14,169.27,163.00,166.50,74359779,166.14,169.27,163.00,166.50,74359779
2022-01-27,168.68,170.66,166.70,168.98,65424993,168.68,170.66,166.70,168.98,65424993,168.68,170.66,166.70,168.98,65424993
2022-01-28,178.73,180.56,176.90,177.22,64243047,178.73,180.56,176.90,177.22,64243047,178.73,180.56,176.90,177.22,64243047
2022-01-31,179.08,180.67,177.48,178.36,94112431,179.08,180.67,177.48,178.36,94112431,179.08,180.67,177.48,178.36,94112431
2022-02-01,178.00,180.38,175.62,178.68,111850346,178.00,180.38,175.62,178.68,111850346,178.00,180.38,175.62,178.68,111850346
2022-02-02,181.49,183.18,179.81,180.76,77926657,181.49,183.18,179.81,180.76,77926657,181.49,183.18,179.81,180.76,77926657
2022-02-03,181.47,184.32,178.61,181.45,77407496,181.47,184.32,178.61,181.45,77407496,181.47,184.32,178.61,181.45,77407496
2022-02-04,183.54,184.53,182.55,182.98,96189008,183.54,184.53,182.55,182.98,96189008,183.54,184.53,182.55,182.98,96189008
2022-02-07,182.41,184.26,180.56,182.15,87379141,182.41,184.26,180.56,182.15,87379141,182.41,184.26,180.56,182.15,87379141
2022-02-08,180.29,182.43,178.16,180.54,84817587,180.29,182.43,178.16,180.54,84817587,180.29,182.43,178.16,180.54,84817587
2022-02-09,177.92,179.74,176.10,177.93,61548663,177.92,179.74,176.10,177.93,61548663,177.92,179.74,176.10,177.93,61548663
2022-02-10,181.48,183.77,179.19,181.79,82584379,181.48,183.77,179.19,181.79,82584379,181.48,183.77,179.19,181.79,82584379
2022-02-11,181.73,183.73,179.74,181.71,115155972,181.73,183.73,179.74,181.71,115155972,181.73,183.73,179.74,181.71,115155972
2022-02-14,178.63,181.17,176.10,177.77,79264265,178.63,181.17,176.10,177.77,79264265,178.63,181.17,176.10,177.77,79264265
2022-02-15,178.43,181.19,175.68,178.15,114799507,178.43,181.19,175.68,178.15,114799507,178.43,181.19,175.68,178.15,114799507
2022-02-16,179.69,181.34,178.04,179.72,82539777,179.69,181.34,178.04,179.72,82539777,179.69,181.34,178.04,179.72,82539777
2022-02-17,179.84,180.89,178.79,179.61,117985339,179.84,180.89,178.79,179.61,117985339,179.84,180.89,178.79,179.61,117985339
2022-02-18,184.26,186.66,181.86,183.64,107209490,184.26,186.66,181.86,183.64,107209490,184.26,186.66,181.86,183.64,107209490
2022-02-21,184.85,187.28,182.43,184.10,70249124,184.85,187.28,182.43,184.10,70249124,184.85,187.28,182.43,184.10,70249124
2022-02-22,186.64,189.07,184.21,187.55,85952123,186.64,189.07,184.21,187.55,85952123,186.64,189.07,184.21,187.55,85952123
2022-02-23,181.49,183.45,179.52,182.03,62978250,181.49,183.45,179.52,182.03,62978250,181.49,183.45,179.52,182.03,62978250
2022-02-24,180.42,181.35,179.49,180.89,83298990,180.42,181.35,179.49,180.89,83298990,180.42,181.35,179.49,180.89,83298990
2022-02-25,177.67,179.39,175.95,177.16,112118434,177.67,179.39,175.95,177.16,112118434,177.67,179.39,175.95,177.16,112118434
2022-02-28,177.89,178.97,176.81,177.81,101215306,177.89,178.97,176.81,177.81,101215306,177.89,178.97,176.81,177.81,101215306
2022-03-01,184.11,185.55,182.66,183.23,59937506,184.11,185.55,182.66,183.23,59937506,184.11,185.55,182.66,183.23,59937506
2022-03-02,187.24,189.83,184.65,186.41,117752395,187.24,189.83,184.65,186.41,117752395,187.24,189.83,184.65,186.41,117752395
2022-03-03,185.57,187.04,184.10,184.76,113640844,185.57,187.04,184.10,184.76,113640844,185.57,187.04,184.10,184.76,113640844
2022-03-04,187.24,190.23,184.25,186.47,86684840,187.24,190.23,184.25,186.47,86684840,187.24,190.23,184.25,186.47,86684840
2022-03-07,186.49,187.20,185.77,187.16,117019015,186.49,187.20,185.77,187.16,117019015,186.49,187.20,185.77,187.16,117019015
2022-03-08,185.40,187.52,183.28,185.07,63590857,185.40,187.52,183.28,185.07,63590857,185.40,187.52,183.28,185.07,63590857
2022-03-09,187.01,188.67,185.35,188.48,111726090,187.01,188.67,185.35,188.48,111726090,187.01,188.67,185.35,188.48,111726090
2022-03-10,190.18,191.74,188.63,189.91,117324795,190.18,191.74,188.63,189.91,117324795,190.18,191.74,188.63,189.91,117324795
2022-03-11,189.09,190.35,187.83,189.84,87429707,189.09,190.35,187.83,189.84,87429707,189.09,190.35,187.83,189.84,87429707
2022-03-14,188.70,191.00,186.40,188.00,77222634,188.70,191.00,186.40,188.00,77222634,188.70,191.00,186.40,188.00,77222634
2022-03-15,186.22,188.91,183.54,186.81,73035155,186.22,188.91,183.54,186.81,73035155,186.22,188.91,183.54,186.81,73035155
2022-03-16,184.65,186.16,183.15,184.83,118293383,184.65,186.16,183.15,184.83,118293383,184.65,186.16,183.15,184.83,118293383
2022-03-17,185.71,187.11,184.31,186.12,112522835,185.71,187.11,184.31,186.12,112522835,185.71,187.11,184.31,186.12,112522835
2022-03-18,191.74,193.82,189.66,191.84,76268588,191.74,193.82,189.66,191.84,76268588,191.74,193.82,189.66,191.84,76268588
2022-03-21,190.39,191.90,188.87,189.72,95550861,190.39,191.90,188.87,189.72,95550861,190.39,191.90,188.87,189.72,95550861
2022-03-22,187.91,190.14,185.69,187.94,85253975,187.91,190.14,185.69,187.94,85253975,187.91,190.14,185.69,187.94,85253975
2022-03-23,186.62,189.13,184.11,188.48,82657913,186.62,189.13,184.11,188.48,82657913,186.62,189.13,184.11,188.48,82657913
2022-03-24,191.76,192.64,190.88,191.84,76082312,191.76,192.64,190.88,191.84,76082312,191.76,192.64,190.88,191.84,76082312
2022-03-25,192.56,194.18,190.93,193.45,76100993,192.56,194.18,190.93,193.45,76100993,192.56,194.18,190.93,193.45,76100993
2022-03-28,193.12,195.19,191.06,193.47,74898148,193.12,195.19,191.06,193.47,74898148,193.12,195.19,191.06,193.47,74898148
2022-03-29,183.20,184.83,181.57,183.17,77541577,183.20,184.83,181.57,183.17,77541577,183.20,184.83,181.57,183.17,77541577
2022-03-30,184.75,185.95,183.55,185.45,60344700,184.75,185.95,183.55,185.45,60344700,184.75,185.95,183.55,185.45,60344700
2022-03-31,187.76,188.89,186.63,186.96,100728080,187.76,188.89,186.63,186.96,100728080,187.76,188.89,186.63,186.96,100728080
2022-04-01,187.80,188.26,187.33,187.70,69565133,187.80,188.26,187.33,187.70,69565133,187.80,188.26,187.33,187.70,69565133
2022-04-04,191.61,194.87,188.34,190.20,73022033,191.61,194.87,188.34,190.20,73022033,191.61,194.87,188.34,190.20,73022033
2022-04-05,196.51,199.01,194.01,196.24,95874829,196.51,199.01,194.01,196.24,95874829,196.51,199.01,194.01,196.24,95874829
2022-04-06,197.03,199.51,194.54,195.90,69642519,197.03,199.51,194.54,195.90,69642519,197.03,199.51,194.54,195.90,69642519
2022-04-07,188.97,191.18,186.76,190.02,88308295,188.97,191.18,186.76,190.02,88308295,188.97,191.18,186.76,190.02,88308295
2022-04-08,188.18,191.07,185.30,188.47,79853131,188.18,191.07,185.30,188.47,79853131,188.18,191.07,185.30,188.47,79853131
2022-04-11,186.61,189.00,184.23,186.12,75020530,186.61,189.00,184.23,186.12,75020530,186.61,189.00,184.23,186.12,75020530
2022-04-12,179.65,181.05,178.25,180.59,117034627,179.65,181.05,178.25,180.59,117034627,179.65,181.05,178.25,180.59,117034627
2022-04-13,183.93,186.15,181.72,183.75,111144788,183.93,186.15,181.72,183.75,111144788,183.93,186.15,181.72,183.75,111144788
2022-04-14,180.42,183.42,177.43,179.79,81636592,180.42,183.42,177.43,179.79,81636592,180.42,183.42,177.43,179.79,81636592
2022-04-15,178.49,180.51,176.47,179.15,74017720,178.49,180.51,176.47,179.15,74017720,178.49,180.51,176.47,179.15,74017720
2022-04-18,178.29,179.36,177.22,177.89,112785567,178.29,179.36,177.22,177.89,112785567,178.29,179.36,177.22,177.89,112785567
2022-04-19,177.63,179.93,175.33,177.36,100422268,177.63,179.93,175.33,177.36,100422268,177.63,179.93,175.33,177.36,100422268
2022-04-20,171.61,173.51,169.72,170.66,62573613,171.61,173.51,169.72,170.66,62573613,171.61,173.51,169.72,170.66,62573613
2022-04-21,170.45,171.52,169.38,169.93,88715676,170.45,171.52,169.38,169.93,88715676,170.45,171.52,169.38,169.93,88715676
2022-04-22,166.30,167.46,165.13,166.31,77913438,166.30,167.46,165.13,166.31,77913438,166.30,167.46,165.13,166.31,77913438
2022-04-25,165.24,168.08,162.39,165.79,118008776,165.24,168.08,162.39,165.79,118008776,165.24,168.08,162.39,165.79,118008776
2022-04-26,161.88,163.52,160.25,160.96,102101089,161.88,163.52,160.25,160.96,102101089,161.88,163.52,160.25,160.96,102101089
2022-04-27,158.82,160.46,157.18,158.40,94970488,158.82,160.46,157.18,158.40,94970488,158.82,160.46,157.18,158.40,94970488
2022-04-28,158.19,159.88,156.50,158.63,109576509,158.19,159.88,156.50,158.63,109576509,158.19,159.88,156.50,158.63,109576509
2022-04-29,153.70,155.78,151.62,154.09,91915665,153.70,155.78,151.62,154.09,91915665,153.70,155.78,151.62,154.09,91915665
2022-05-02,149.83,151.08,148.58,149.57,73705730,149.83,151.08,148.58,149.57,73705730,149.83,151.08,148.58,149.57,73705730
2022-05-03,148.15,148.91,147.39,148.14,81317393,148.15,148.91,147.39,148.14,81317393,148.15,148.91,147.39,148.14,81317393
2022-05-04,150.03,151.76,148.29,149.74,116302648,150.03,151.76,148.29,149.74,116302648,150.03,151.76,148.29,149.74,116302648
2022-05-05,148.25,150.07,146.43,147.76,75374276,148.25,150.07,146.43,147.76,75374276,148.25,150.07,146.43,147.76,75374276
2022-05-06,146.94,149.12,144.76,146.25,110570215,146.94,149.12,144.76,146.25,110570215,146.94,149.12,144.76,146.25,110570215
2022-05-09,145.81,147.36,144.26,144.89,63123880,145.81,147.36,144.26,144.89,63123880,145.81,147.36,144.26,144.89,63123880
2022-05-10,147.41,148.06,146.76,147.56,100755964,147.41,148.06,146.76,147.56,100755964,147.41,148.06,146.76,147.56,100755964
2022-05-11,145.99,147.75,144.24,145.26,86056418,145.99,147.75,144.24,145.26,86056418,145.99,147.75,144.24,145.26,86056418
2022-05-12,147.42,149.79,145.05,147.34,118248424,147.42,149.79,145.05,147.34,118248424,147.42,149.79,145.05,147.34,118248424
2022-05-13,148.30,149.79,146.81,148.86,68803547,148.30,149.79,146.81,148.86,68803547,148.30,149.79,146.81,148.86,68803547
2022-05-16,148.84,151.22,146.47,149.12,75842619,148.84,151.22,146.47,149.12,75842619,148.84,151.22,146.47,149.12,75842619
2022-05-17,142.99,144.79,141.19,143.30,93373647,142.99,144.79,141.19,143.30,93373647,142.99,144.79,141.19,143.30,93373647
2022-05-18,142.96,145.48,140.45,143.52,62544348,142.96,145.48,140.45,143.52,62544348,142.96,145.48,140.45,143.52,62544348
2022-05-19,143.04,143.71,142.37,143.13,89495904,143.04,143.71,142.37,143.13,89495904,143.04,143.71,142.37,143.13,89495904
2022-05-20,141.45,142.29,140.60,141.41,87107132,141.45,142.29,140.60,141.41,87107132,141.45,142.29,140.60,141.41,87107132
2022-05-23,142.49,144.39,140.59,142.17,107573461,142.49,144.39,140.59,142.17,107573461,142.49,144.39,140.59,142.17,107573461
2022-05-24,140.97,142.48,139.47,141.08,97812523,140.97,142.48,139.47,141.08,97812523,140.97,142.48,139.47,141.08,97812523
2022-05-25,142.29,144.06,140.52,141.51,90958086,142.29,144.06,140.52,141.51,90958086,142.29,144.06,140.52,141.51,90958086
2022-05-26,146.89,148.42,145.36,146.59,64346109,146.89,148.42,145.36,146.59,64346109,146.89,148.42,145.36,146.59,64346109
2022-05-27,142.05,143.03,141.07,141.72,100652782,142.05,143.03,141.07,141.72,100652782,142.05,143.03,141.07,141.72,100652782
2022-05-30,141.60,143.14,140.06,141.79,65706629,141.60,143.14,140.06,141.79,65706629,141.60,143.14,140.06,141.79,65706629
2022-05-31,136.20,138.48,133.92,135.47,111145976,136.20,138.48,133.92,135.47,111145976,136.20,138.48,133.92,135.47,111145976
2022-06-01,133.23,135.21,131.25,133.32,63979084,133.23,135.21,131.25,133.32,63979084,133.23,135.21,131.25,133.32,63979084
2022-06-02,131.84,132.93,130.75,131.61,115607476,131.84,132.93,130.75,131.61,115607476,131.84,132.93,130.75,131.61,115607476
2022-06-03,128.34,130.22,126.45,127.97,101765914,128.34,130.22,126.45,127.97,101765914,128.34,130.22,126.45,127.97,101765914
2022-06-06,128.16,129.68,126.65,128.48,79787237,128.16,129.68,126.65,128.48,79787237,128.16,129.68,126.65,128.48,79787237
2022-06-07,125.37,126.80,123.95,125.09,60966342,125.37,126.80,123.95,125.09,60966342,125.37,126.80,123.95,125.09,60966342
2022-06-08,127.56,129.42,125.71,127.29,98016857,127.56,129.42,125.71,127.29,98016857,127.56,129.42,125.71,127.29,98016857
2022-06-09,130.03,131.29,128.77,129.51,117957714,130.03,131.29,128.77,129.51,117957714,130.03,131.29,128.77,129.51,117957714
2022-06-10,129.41,131.06,127.75,128.97,108670224,129.41,131.06,127.75,128.97,108670224,129.41,131.06,127.75,128.97,108670224
2022-06-13,127.25,129.13,125.37,127.83,62778541,127.25,129.13,125.37,127.83,62778541,127.25,129.13,125.37,127.83,62778541
2022-06-14,124.50,125.22,123.78,125.15,78043349,124.50,125.22,123.78,125.15,78043349,124.50,125.22,123.78,125.15,78043349
2022-06-15,126.17,127.33,125.00,126.29,117367810,126.17,127.33,125.00,126.29,117367810,126.17,127.33,125.00,126.29,117367810
2022-06-16,124.26,125.37,123.14,125.25,98902813,124.26,125.37,123.14,125.25,98902813,124.26,125.37,123.14,125.25,98902813
2022-06-17,122.11,123.43,120.78,122.57,78282275,122.11,123.43,120.78,122.57,78282275,122.11,123.43,120.78,122.57,78282275
2022-06-20,122.94,124.07,121.82,123.11,111246905,122.94,124.07,121.82,123.11,111246905,122.94,124.07,121.82,123.11,111246905
2022-06-21,121.60,123.19,120.00,121.81,86828569,121.60,123.19,120.00,121.81,86828569,121.60,123.19,120.00,121.81,86828569
2022-06-22,122.19,123.20,121.19,122.07,84567402,122.19,123.20,121.19,122.07,84567402,122.19,123.20,121.19,122.07,84567402
2022-06-23,124.08,125.05,123.11,123.37,70953342,124.08,125.05,123.11,123.37,70953342,124.08,125.05,123.11,123.37,70953342
2022-06-24,125.30,126.28,124.33,124.37,92015343,125.30,126.28,124.33,124.37,92015343,125.30,126.28,124.33,124.37,92015343
2022-06-27,122.71,124.02,121.40,122.43,94154887,122.71,124.02,121.40,122.43,94154887,122.71,124.02,121.40,122.43,94154887
2022-06-28,120.73,122.26,119.20,121.10,60541144,120.73,122.26,119.20,121.10,60541144,120.73,122.26,119.20,121.10,60541144
2022-06-29,121.85,123.04,120.67,121.52,108259993,121.85,123.04,120.67,121.52,108259993,121.85,123.04,120.67,121.52,108259993
2022-06-30,118.95,119.39,118.50,118.76,61083198,118.95,119.39,118.50,118.76,61083198,118.95,119.39,118.50,118.76,61083198
2022-07-01,119.88,121.84,117.91,119.95,94054982,119.88,121.84,117.91,119.95,94054982,119.88,121.84,117.91,119.95,94054982
2022-07-04,122.20,123.71,120.68,121.55,67003553,122.20,123.71,120.68,121.55,67003553,122.20,123.71,120.68,121.55,67003553
2022-07-05,119.26,120.44,118.08,118.79,110586706,119.26,120.44,118.08,118.79,110586706,119.26,120.44,118.08,118.79,110586706
2022-07-06,118.93,120.45,117.41,118.79,96287959,118.93,120.45,117.41,118.79,96287959,118.93,120.45,117.41,118.79,96287959
2022-07-07,121.35,123.20,119.51,121.31,109150266,121.35,123.20,119.51,121.31,109150266,121.35,123.20,119.51,121.31,109150266
2022-07-08,120.84,121.97,119.71,120.08,116499278,120.84,121.97,119.71,120.08,116499278,120.84,121.97,119.71,120.08,116499278
2022-07-11,122.41,123.64,121.19,122.13,69406961,122.41,123.64,121.19,122.13,69406961,122.41,123.64,121.19,122.13,69406961
2022-07-12,120.34,121.81,118.86,120.04,113932680,120.34,121.81,118.86,120.04,113932680,120.34,121.81,118.86,120.04,113932680
2022-07-13,116.46,117.49,115.42,116.37,104659121,116.46,117.49,115.42,116.37,104659121,116.46,117.49,115.42,116.37,104659121
2022-07-14,117.99,119.41,116.58,117.99,73356309,117.99,119.41,116.58,117.99,73356309,117.99,119.41,116.58,117.99,73356309
2022-07-15,116.24,117.40,115.09,115.74,94824235,116.24,117.40,115.09,115.74,94824235,116.24,117.40,115.09,115.74,94824235
2022-07-18,114.78,115.82,113.74,113.84,118053323,114.78,115.82,113.74,113.84,118053323,114.78,115.82,113.74,113.84,118053323
2022-07-19,111.29,111.94,110.65,111.18,80595618,111.29,111.94,110.65,111.18,80595618,111.29,111.94,110.65,111.18,80595618
2022-07-20,108.08,109.31,106.84,107.80,112801036,108.08,109.31,106.84,107.80,112801036,108.08,109.31,106.84,107.80,112801036
2022-07-21,108.72,109.79,107.65,108.33,113465638,108.72,109.79,107.65,108.33,113465638,108.72,109.79,107.65,108.33,113465638
2022-07-22,109.82,110.68,108.96,109.41,70704000,109.82,110.68,108.96,109.41,70704000,109.82,110.68,108.96,109.41,70704000
2022-07-25,111.31,112.30,110.33,111.29,68060144,111.31,112.30,110.33,111.29,68060144,111.31,112.30,110.33,111.29,68060144
2022-07-26,110.69,111.54,109.84,110.72,67254066,110.69,111.54,109.84,110.72,67254066,110.69,111.54,109.84,110.72,67254066
2022-07-27,110.84,111.89,109.78,111.20,65307797,110.84,111.89,109.78,111.20,65307797,110.84,111.89,109.78,111.20,65307797
2022-07-28,110.28,111.92,108.64,110.01,99788894,110.28,111.92,108.64,110.01,99788894,110.28,111.92,108.64,110.01,99788894
2022-07-29,113.90,115.87,111.94,113.91,75333031,113.90,115.87,111.94,113.91,75333031,113.90,115.87,111.94,113.91,75333031
2022-08-01,113.50,114.64,112.36,113.59,109027267,113.50,114.64,112.36,113.59,109027267,113.50,114.64,112.36,113.59,109027267
2022-08-02,115.39,117.32,113.46,115.30,117807349,115.39,117.32,113.46,115.30,117807349,115.39,117.32,113.46,115.30,117807349
2022-08-03,116.50,117.66,115.34,116.63,113656669,116.50,117.66,115.34,116.63,113656669,116.50,117.66,115.34,116.63,113656669
2022-08-04,116.72,118.04,115.40,115.77,85093493,116.72,118.04,115.40,115.77,85093493,116.72,118.04,115.40,115.77,85093493
2022-08-05,111.60,112.76,110.43,111.76,74543825,111.60,112.76,110.43,111.76,74543825,111.60,112.76,110.43,111.76,74543825
2022-08-08,112.87,114.00,111.73,112.72,113776390,112.87,114.00,111.73,112.72,113776390,112.87,114.00,111.73,112.72,113776390
2022-08-09,115.44,117.20,113.68,115.34,61173230,115.44,117.20,113.68,115.34,61173230,115.44,117.20,113.68,115.34,61173230
2022-08-10,114.04,115.29,112.79,113.11,68192746,114.04,115.29,112.79,113.11,68192746,114.04,115.29,112.79,113.11,68192746
2022-08-11,112.40,113.51,111.28,111.80,94964594,112.40,113.51,111.28,111.80,94964594,112.40,113.51,111.28,111.80,94964594
2022-08-12,114.97,116.29,113.65,115.05,108270782,114.97,116.29,113.65,115.05,108270782,114.97,116.29,113.65,115.05,108270782
2022-08-15,115.93,117.28,114.59,116.60,67576878,115.93,117.28,114.59,116.60,67576878,115.93,117.28,114.59,116.60,67576878
2022-08-16,116.63,117.51,115.74,116.41,65459222,116.63,117.51,115.74,116.41,65459222,116.63,117.51,115.74,116.41,65459222
2022-08-17,118.05,118.95,117.15,117.88,79862419,118.05,118.95,117.15,117.88,79862419,118.05,118.95,117.15,117.88,79862419
2022-08-18,117.29,118.61,115.96,117.19,84261576,117.29,118.61,115.96,117.19,84261576,117.29,118.61,115.96,117.19,84261576
2022-08-19,116.07,117.65,114.50,115.78,114761424,116.07,117.65,114.50,115.78,114761424,116.07,117.65,114.50,115.78,114761424
2022-08-22,113.97,115.56,112.38,113.50,86030254,113.97,115.56,112.38,113.50,86030254,113.97,115.56,112.38,113.50,86030254
2022-08-23,115.89,117.29,114.49,115.38,97419478,115.89,117.29,114.49,115.38,97419478,115.89,117.29,114.49,115.38,97419478
2022-08-24,113.15,114.16,112.13,112.92,91320568,113.15,114.16,112.13,112.92,91320568,113.15,114.16,112.13,112.92,91320568
2022-08-25,112.92,114.13,111.72,112.69,106885248,112.92,114.13,111.72,112.69,106885248,112.92,114.13,111.72,112.69,106885248
2022-08-26,115.41,117.01,113.81,115.09,83951082,115.41,117.01,113.81,115.09,83951082,115.41,117.01,113.81,115.09,83951082
2022-08-29,119.09,120.46,117.73,118.26,65066785,119.09,120.46,117.73,118.26,65066785,119.09,120.46,117.73,118.26,65066785
2022-08-30,117.60,118.48,116.72,117.50,103294106,117.60,118.48,116.72,117.50,103294106,117.60,118.48,116.72,117.50,103294106
2022-08-31,116.52,117.64,115.40,117.42,68060631,116.52,117.64,115.40,117.42,68060631,116.52,117.64,115.40,117.42,68060631
2022-09-01,115.23,116.83,113.64,116.12,90321913,115.23,116.83,113.64,116.12,90321913,115.23,116.83,113.64,116.12,90321913
2022-09-02,116.08,117.19,114.97,115.86,103067043,116.08,117.19,114.97,115.86,103067043,116.08,117.19,114.97,115.86,103067043
2022-09-05,119.73,121.08,118.39,119.24,94511659,119.73,121.08,118.39,119.24,94511659,119.73,121.08,118.39,119.24,94511659
2022-09-06,117.17,118.57,115.77,117.59,84229853,117.17,118.57,115.77,117.59,84229853,117.17,118.57,115.77,117.59,84229853
2022-09-07,118.68,120.04,117.32,118.26,99321463,118.68,120.04,117.32,118.26,99321463,118.68,120.04,117.32,118.26,99321463
2022-09-08,116.01,116.90,115.12,116.60,80845179,116.01,116.90,115.12,116.60,80845179,116.01,116.90,115.12,116.60,80845179
2022-09-09,113.88,115.18,112.57,113.81,88410194,113.88,115.18,112.57,113.81,88410194,113.88,115.18,112.57,113.81,88410194
2022-09-12,115.48,116.72,114.24,115.27,102262606,115.48,116.72,114.24,115.27,102262606,115.48,116.72,114.24,115.27,102262606
2022-09-13,117.20,119.21,115.20,117.93,70942788,117.20,119.21,115.20,117.93,70942788,117.20,119.21,115.20,117.93,70942788
2022-09-14,114.40,115.52,113.28,114.28,116159709,114.40,115.52,113.28,114.28,116159709,114.40,115.52,113.28,114.28,116159709
2022-09-15,115.94,118.01,113.87,115.35,91804956,115.94,118.01,113.87,115.35,91804956,115.94,118.01,113.87,115.35,91804956
2022-09-16,114.25,115.31,113.19,114.48,86089015,114.25,115.31,113.19,114.48,86089015,114.25,115.31,113.19,114.48,86089015
2022-09-19,112.33,113.57,111.09,112.61,69291680,112.33,113.57,111.09,112.61,69291680,112.33,113.57,111.09,112.61,69291680
2022-09-20,114.10,115.13,113.08,113.85,90277694,114.10,115.13,113.08,113.85,90277694,114.10,115.13,113.08,113.85,90277694
2022-09-21,116.52,117.73,115.32,117.05,94355599,116.52,117.73,115.32,117.05,94355599,116.52,117.73,115.32,117.05,94355599
2022-09-22,117.40,118.63,116.18,117.84,105720871,117.40,118.63,116.18,117.84,105720871,117.40,118.63,116.18,117.84,105720871
2022-09-23,115.54,117.56,113.52,115.58,112601911,115.54,117.56,113.52,115.58,112601911,115.54,117.56,113.52,115.58,112601911
2022-09-26,114.40,115.92,112.88,114.88,100241147,114.40,115.92,112.88,114.88,100241147,114.40,115.92,112.88,114.88,100241147
2022-09-27,113.35,114.19,112.50,113.21,76236432,113.35,114.19,112.50,113.21,76236432,113.35,114.19,112.50,113.21,76236432
2022-09-28,110.06,111.11,109.00,110.06,79641159,110.06,111.11,109.00,110.06,79641159,110.06,111.11,109.00,110.06,79641159
2022-09-29,110.28,111.49,109.08,110.33,69000148,110.28,111.49,109.08,110.33,69000148,110.28,111.49,109.08,110.33,69000148
2022-09-30,111.56,113.18,109.95,111.13,77880605,111.56,113.18,109.95,111.13,77880605,111.56,113.18,109.95,111.13,77880605
2022-10-03,110.62,112.01,109.23,109.99,107750644,110.62,112.01,109.23,109.99,107750644,110.62,112.01,109.23,109.99,107750644
2022-10-04,110.61,112.18,109.03,110.92,88290697,110.61,112.18,109.03,110.92,88290697,110.61,112.18,109.03,110.92,88290697
2022-10-05,109.84,111.33,108.35,109.75,71454225,109.84,111.33,108.35,109.75,71454225,109.84,111.33,108.35,109.75,71454225
2022-10-06,110.53,111.87,109.20,110.35,62466679,110.53,111.87,109.20,110.35,62466679,110.53,111.87,109.20,110.35,62466679
2022-10-07,110.53,111.45,109.61,110.06,93759652,110.53,111.45,109.61,110.06,93759652,110.53,111.45,109.61,110.06,93759652
2022-10-10,111.15,112.69,109.61,111.29,60290232,111.15,112.69,109.61,111.29,60290232,111.15,112.69,109.61,111.29,60290232
2022-10-11,111.07,112.32,109.81,112.12,89188593,111.07,112.32,109.81,112.12,89188593,111.07,112.32,109.81,112.12,89188593
2022-10-12,111.86,113.40,110.31,112.33,88374793,111.86,113.40,110.31,112.33,88374793,111.86,113.40,110.31,112.33,88374793
2022-10-13,112.65,113.73,111.57,112.16,69756989,112.65,113.73,111.57,112.16,69756989,112.65,113.73,111.57,112.16,69756989
2022-10-14,113.14,114.42,111.85,112.53,96796558,113.14,114.42,111.85,112.53,96796558,113.14,114.42,111.85,112.53,96796558
2022-10-17,112.89,114.17,111.61,112.39,108160413,112.89,114.17,111.61,112.39,108160413,112.89,114.17,111.61,112.39,108160413
2022-10-18,111.96,113.76,110.16,112.18,67382004,111.96,113.76,110.16,112.18,67382004,111.96,113.76,110.16,112.18,67382004
2022-10-19,111.49,113.84,109.15,111.39,64823651,111.49,113.84,109.15,111.39,64823651,111.49,113.84,109.15,111.39,64823651
2022-10-20,113.50,114.61,112.39,113.39,111548581,113.50,114.61,112.39,113.39,111548581,113.50,114.61,112.39,113.39,111548581
2022-10-21,112.76,113.92,111.60,112.35,65519354,112.76,113.92,111.60,112.35,65519354,112.76,113.92,111.60,112.35,65519354
2022-10-24,109.75,111.12,108.38,109.11,97532509,109.75,111.12,108.38,109.11,97532509,109.75,111.12,108.38,109.11,97532509
2022-10-25,110.91,112.08,109.75,110.32,111483843,110.91,112.08,109.75,110.32,111483843,110.91,112.08,109.75,110.32,111483843
2022-10-26,108.63,109.57,107.70,108.14,101170699,108.63,109.57,107.70,108.14,101170699,108.63,109.57,107.70,108.14,101170699
2022-10-27,107.37,108.51,106.22,107.44,89615321,107.37,108.51,106.22,107.44,89615321,107.37,108.51,106.22,107.44,89615321
2022-10-28,109.06,109.80,108.31,108.49,109968086,109.06,109.80,108.31,108.49,109968086,109.06,109.80,108.31,108.49,109968086
2022-10-31,109.73,110.29,109.16,109.81,88673593,109.73,110.29,109.16,109.81,88673593,109.73,110.29,109.16,109.81,88673593
2022-11-01,110.81,111.64,109.98,110.15,88769717,110.81,111.64,109.98,110.15,88769717,110.81,111.64,109.98,110.15,88769717
2022-11-02,107.59,108.49,106.70,108.01,106740328,107.59,108.49,106.70,108.01,106740328,107.59,108.49,106.70,108.01,106740328
2022-11-03,103.87,104.90,102.84,103.74,115982230,103.87,104.90,102.84,103.74,115982230,103.87,104.90,102.84,103.74,115982230
2022-11-04,102.81,103.57,102.04,102.80,86910031,102.81,103.57,102.04,102.80,86910031,102.81,103.57,102.04,102.80,86910031
2022-11-07,103.61,103.73,103.48,103.50,86114514,103.61,103.73,103.48,103.50,86114514,103.61,103.73,103.48,103.50,86114514
2022-11-08,104.66,105.89,103.44,104.68,74864495,104.66,105.89,103.44,104.68,74864495,104.66,105.89,103.44,104.68,74864495
2022-11-09,103.87,104.41,103.33,103.99,101703120,103.87,104.41,103.33,103.99,101703120,103.87,104.41,103.33,103.99,101703120
2022-11-10,105.19,106.25,104.14,105.01,105663971,105.19,106.25,104.14,105.01,105663971,105.19,106.25,104.14,105.01,105663971
2022-11-11,105.67,106.50,104.83,106.25,62610607,105.67,106.50,104.83,106.25,62610607,105.67,106.50,104.83,106.25,62610607
2022-11-14,104.41,105.58,103.25,104.51,111526683,104.41,105.58,103.25,104.51,111526683,104.41,105.58,103.25,104.51,111526683
2022-11-15,106.50,107.61,105.39,106.79,67034909,106.50,107.61,105.39,106.79,67034909,106.50,107.61,105.39,106.79,67034909
2022-11-16,106.51,107.31,105.70,106.06,64375337,106.51,107.31,105.70,106.06,64375337,106.51,107.31,105.70,106.06,64375337
2022-11-17,105.88,107.13,104.63,105.74,75549677,105.88,107.13,104.63,105.74,75549677,105.88,107.13,104.63,105.74,75549677
2022-11-18,107.09,108.88,105.30,107.05,118352956,107.09,108.88,105.30,107.05,118352956,107.09,108.88,105.30,107.05,118352956
2022-11-21,108.15,109.19,107.12,108.53,89828701,108.15,109.19,107.12,108.53,89828701,108.15,109.19,107.12,108.53,89828701
2022-11-22,109.55,110.40,108.69,109.53,76438147,109.55,110.40,108.69,109.53,76438147,109.55,110.40,108.69,109.53,76438147
2022-11-23,112.14,112.97,111.32,111.99,60572726,112.14,112.97,111.32,111.99,60572726,112.14,112.97,111.32,111.99,60572726
2022-11-24,112.23,113.16,111.30,111.93,115024979,112.23,113.16,111.30,111.93,115024979,112.23,113.16,111.30,111.93,115024979
2022-11-25,114.85,115.74,113.97,114.07,65949822,114.85,115.74,113.97,114.07,65949822,114.85,115.74,113.97,114.07,65949822
2022-11-28,112.85,114.29,111.42,112.77,69503027,112.85,114.29,111.42,112.77,69503027,112.85,114.29,111.42,112.77,69503027
2022-11-29,107.87,109.88,105.87,107.23,93996401,107.87,109.88,105.87,107.23,93996401,107.87,109.88,105.87,107.23,93996401
2022-11-30,107.23,108.26,106.21,107.31,63242995,107.23,108.26,106.21,107.31,63242995,107.23,108.26,106.21,107.31,63242995
2022-12-01,109.12,110.61,107.63,108.79,68709769,109.12,110.61,107.63,108.79,68709769,109.12,110.61,107.63,108.79,68709769
2022-12-02,108.36,109.04,107.67,108.31,81652272,108.36,109.04,107.67,108.31,81652272,108.36,109.04,107.67,108.31,81652272
2022-12-05,107.56,108.34,106.77,107.95,62827618,107.56,108.34,106.77,107.95,62827618,107.56,108.34,106.77,107.95,62827618
2022-12-06,107.60,108.68,106.52,107.68,109268164,107.60,108.68,106.52,107.68,109268164,107.60,108.68,106.52,107.68,109268164
2022-12-07,114.29,115.57,113.01,113.44,71262573,114.29,115.57,113.01,113.44,71262573,114.29,115.57,113.01,113.44,71262573
2022-12-08,114.54,115.56,113.52,113.70,72002008,114.54,115.56,113.52,113.70,72002008,114.54,115.56,113.52,113.70,72002008
2022-12-09,112.20,113.98,110.41,112.09,106073368,112.20,113.98,110.41,112.09,106073368,112.20,113.98,110.41,112.09,106073368
2022-12-12,114.70,116.13,113.28,114.65,68773166,114.70,116.13,113.28,114.65,68773166,114.70,116.13,113.28,114.65,68773166
2022-12-13,115.94,116.86,115.03,115.74,114242383,115.94,116.86,115.03,115.74,114242383,115.94,116.86,115.03,115.74,114242383
2022-12-14,118.71,119.89,117.54,118.88,115897466,118.71,119.89,117.54,118.88,115897466,118.71,119.89,117.54,118.88,115897466
2022-12-15,116.82,117.58,116.06,116.89,89042668,116.82,117.58,116.06,116.89,89042668,116.82,117.58,116.06,116.89,89042668
2022-12-16,116.73,117.66,115.81,116.41,80367232,116.73,117.66,115.81,116.41,80367232,116.73,117.66,115.81,116.41,80367232
2022-12-19,118.01,119.36,116.65,117.60,81714513,118.01,119.36,116.65,117.60,81714513,118.01,119.36,116.65,117.60,81714513
2022-12-20,115.57,116.82,114.32,115.22,101580086,115.57,116.82,114.32,115.22,101580086,115.57,116.82,114.32,115.22,101580086
2022-12-21,113.68,114.68,112.68,113.97,66721630,113.68,114.68,112.68,113.97,66721630,113.68,114.68,112.68,113.97,66721630
2022-12-22,113.07,114.16,111.99,112.07,113724838,113.07,114.16,111.99,112.07,113724838,113.07,114.16,111.99,112.07,113724838
2022-12-23,109.17,110.72,107.62,109.29,97830674,109.17,110.72,107.62,109.29,97830674,109.17,110.72,107.62,109.29,97830674
2022-12-26,108.59,110.13,107.06,108.34,112691397,108.59,110.13,107.06,108.34,112691397,108.59,110.13,107.06,108.34,112691397
2022-12-27,111.42,112.89,109.94,111.38,69423846,111.42,112.89,109.94,111.38,69423846,111.42,112.89,109.94,111.38,69423846
2022-12-28,114.06,115.75,112.37,114.01,64625078,114.06,115.75,112.37,114.01,64625078,114.06,115.75,112.37,114.01,64625078
2022-12-29,110.91,112.40,109.42,111.15,96365164,110.91,112.40,109.42,111.15,96365164,110.91,112.40,109.42,111.15,96365164
2022-12-30,106.79,108.35,105.23,106.55,72320043,106.79,108.35,105.23,106.55,72320043,106.79,108.35,105.23,106.55,72320043
2023-01-02,106.85,108.61,105.09,106.68,80325409,106.85,108.61,105.09,106.68,80325409,106.85,108.61,105.09,106.68,80325409
2023-01-03,104.47,106.50,102.44,104.11,98337323,104.47,106.50,102.44,104.11,98337323,104.47,106.50,102.44,104.11,98337323
2023-01-04,102.69,103.38,102.01,102.84,108698637,102.69,103.38,102.01,102.84,108698637,102.69,103.38,102.01,102.84,108698637
2023-01-05,104.16,105.79,102.53,103.75,101959638,104.16,105.79,102.53,103.75,101959638,104.16,105.79,102.53,103.75,101959638
2023-01-06,104.27,105.01,103.54,104.48,117012151,104.27,105.01,103.54,104.48,117012151,104.27,105.01,103.54,104.48,117012151
2023-01-09,106.43,107.26,105.60,106.59,82671363,106.43,107.26,105.60,106.59,82671363,106.43,107.26,105.60,106.59,82671363
2023-01-10,106.83,107.91,105.76,106.47,102611196,106.83,107.91,105.76,106.47,102611196,106.83,107.91,105.76,106.47,102611196
2023-01-11,106.70,107.96,105.44,106.14,85837963,106.70,107.96,105.44,106.14,85837963,106.70,107.96,105.44,106.14,85837963
2023-01-12,109.54,110.44,108.64,109.18,81883333,109.54,110.44,108.64,109.18,81883333,109.54,110.44,108.64,109.18,81883333
2023-01-13,105.88,106.69,105.07,105.20,107623567,105.88,106.69,105.07,105.20,107623567,105.88,106.69,105.07,105.20,107623567
2023-01-16,105.89,106.15,105.63,106.05,76012607,105.89,106.15,105.63,106.05,76012607,105.89,106.15,105.63,106.05,76012607
2023-01-17,107.94,109.24,106.63,107.86,93842607,107.94,109.24,106.63,107.86,93842607,107.94,109.24,106.63,107.86,93842607
2023-01-18,107.63,108.88,106.38,107.56,91972106,107.63,108.88,106.38,107.56,91972106,107.63,108.88,106.38,107.56,91972106
2023-01-19,112.29,113.28,111.31,112.31,71003684,112.29,113.28,111.31,112.31,71003684,112.29,113.28,111.31,112.31,71003684
2023-01-20,112.65,113.86,111.45,112.20,61735191,112.65,113.86,111.45,112.20,61735191,112.65,113.86,111.45,112.20,61735191
2023-01-23,111.92,113.75,110.10,112.22,89768006,111.92,113.75,110.10,112.22,89768006,111.92,113.75,110.10,112.22,89768006
2023-01-24,113.97,114.87,113.08,113.98,86912374,113.97,114.87,113.08,113.98,86912374,113.97,114.87,113.08,113.98,86912374
2023-01-25,113.25,113.98,112.52,113.18,97891640,113.25,113.98,112.52,113.18,97891640,113.25,113.98,112.52,113.18,97891640
2023-01-26,115.91,117.11,114.71,115.44,75783150,115.91,117.11,114.71,115.44,75783150,115.91,117.11,114.71,115.44,75783150
2023-01-27,115.32,116.69,113.96,115.27,101729357,115.32,116.69,113.96,115.27,101729357,115.32,116.69,113.96,115.27,101729357
2023-01-30,115.44,116.67,114.22,115.42,114285866,115.44,116.67,114.22,115.42,114285866,115.44,116.67,114.22,115.42,114285866
2023-01-31,114.47,115.88,113.06,114.48,86763186,114.47,115.88,113.06,114.48,86763186,114.47,115.88,113.06,114.48,86763186
2023-02-01,115.18,116.54,113.82,114.93,73794579,115.18,116.54,113.82,114.93,73794579,115.18,116.54,113.82,114.93,73794579
2023-02-02,113.47,113.58,113.36,113.54,94137616,113.47,113.58,113.36,113.54,94137616,113.47,113.58,113.36,113.54,94137616
2023-02-03,111.19,112.65,109.72,111.56,99008728,111.19,112.65,109.72,111.56,99008728,111.19,112.65,109.72,111.56,99008728
2023-02-06,112.02,113.33,110.70,111.71,113776350,112.02,113.33,110.70,111.71,113776350,112.02,113.33,110.70,111.71,113776350
2023-02-07,113.37,114.97,111.76,113.30,61156543,113.37,114.97,111.76,113.30,61156543,113.37,114.97,111.76,113.30,61156543
2023-02-08,118.83,119.58,118.08,118.31,96895982,118.83,119.58,118.08,118.31,96895982,118.83,119.58,118.08,118.31,96895982
2023-02-09,121.99,123.60,120.38,121.90,64744463,121.99,123.60,120.38,121.90,64744463,121.99,123.60,120.38,121.90,64744463
2023-02-10,119.04,120.64,117.45,118.32,100757351,119.04,120.64,117.45,118.32,100757351,119.04,120.64,117.45,118.32,100757351
2023-02-13,113.83,115.39,112.26,114.04,100210440,113.83,115.39,112.26,114.04,100210440,113.83,115.39,112.26,114.04,100210440
2023-02-14,113.75,115.02,112.48,113.78,111464987,113.75,115.02,112.48,113.78,111464987,113.75,115.02,112.48,113.78,111464987
2023-02-15,111.02,112.13,109.91,111.42,62342991,111.02,112.13,109.91,111.42,62342991,111.02,112.13,109.91,111.42,62342991
2023-02-16,112.06,113.44,110.68,111.58,83065241,112.06,113.44,110.68,111.58,83065241,112.06,113.44,110.68,111.58,83065241
2023-02-17,110.56,111.62,109.51,111.03,104835095,110.56,111.62,109.51,111.03,104835095,110.56,111.62,109.51,111.03,104835095
2023-02-20,110.94,112.24,109.63,110.74,87184013,110.94,112.24,109.63,110.74,87184013,110.94,112.24,109.63,110.74,87184013
2023-02-21,108.40,109.70,107.10,108.52,102426225,108.40,109.70,107.10,108.52,102426225,108.40,109.70,107.10,108.52,102426225
2023-02-22,106.09,107.68,104.50,105.60,92947613,106.09,107.68,104.50,105.60,92947613,106.09,107.68,104.50,105.60,92947613
2023-02-23,103.94,105.14,102.75,103.83,75497262,103.94,105.14,102.75,103.83,75497262,103.94,105.14,102.75,103.83,75497262
2023-02-24,102.18,103.21,101.14,101.94,91582031,102.18,103.21,101.14,101.94,91582031,102.18,103.21,101.14,101.94,91582031
2023-02-27,102.24,103.51,100.96,102.03,109545222,102.24,103.51,100.96,102.03,109545222,102.24,103.51,100.96,102.03,109545222
2023-02-28,101.16,102.36,99.96,100.83,70878907,101.16,102.36,99.96,100.83,70878907,101.16,102.36,99.96,100.83,70878907
2023-03-01,98.96,100.43,97.49,98.42,75281097,98.96,100.43,97.49,98.42,75281097,98.96,100.43,97.49,98.42,75281097
2023-03-02,98.05,99.24,96.87,97.91,75448808,98.05,99.24,96.87,97.91,75448808,98.05,99.24,96.87,97.91,75448808
2023-03-03,96.53,97.86,95.21,96.67,98027428,96.53,97.86,95.21,96.67,98027428,96.53,97.86,95.21,96.67,98027428
2023-03-06,97.56,98.84,96.28,97.65,66465333,97.56,98.84,96.28,97.65,66465333,97.56,98.84,96.28,97.65,66465333
2023-03-07,96.10,97.06,95.14,95.87,96543236,96.10,97.06,95.14,95.87,96543236,96.10,97.06,95.14,95.87,96543236
2023-03-08,100.62,101.89,99.36,100.36,82324738,100.62,101.89,99.36,100.36,82324738,100.62,101.89,99.36,100.36,82324738
2023-03-09,103.85,104.43,103.28,103.49,83943576,103.85,104.43,103.28,103.49,83943576,103.85,104.43,103.28,103.49,83943576
2023-03-10,105.40,106.22,104.57,105.13,61037419,105.40,106.22,104.57,105.13,61037419,105.40,106.22,104.57,105.13,61037419
2023-03-13,106.55,107.47,105.63,106.55,64543586,106.55,107.47,105.63,106.55,64543586,106.55,107.47,105.63,106.55,64543586
2023-03-14,106.73,108.24,105.22,106.64,113950760,106.73,108.24,105.22,106.64,113950760,106.73,108.24,105.22,106.64,113950760
2023-03-15,107.83,109.34,106.31,107.60,89754503,107.83,109.34,106.31,107.60,89754503,107.83,109.34,106.31,107.60,89754503
2023-03-16,108.98,110.22,107.75,108.60,102766187,108.98,110.22,107.75,108.60,102766187,108.98,110.22,107.75,108.60,102766187
2023-03-17,107.45,108.30,106.60,107.36,63466260,107.45,108.30,106.60,107.36,63466260,107.45,108.30,106.60,107.36,63466260
2023-03-20,108.23,109.59,106.86,108.52,109576120,108.23,109.59,106.86,108.52,109576120,108.23,109.59,106.86,108.52,109576120
2023-03-21,110.59,111.81,109.38,110.41,99324267,110.59,111.81,109.38,110.41,99324267,110.59,111.81,109.38,110.41,99324267
2023-03-22,109.93,111.38,108.47,110.12,95614900,109.93,111.38,108.47,110.12,95614900,109.93,111.38,108.47,110.12,95614900
2023-03-23,111.47,112.31,110.64,111.26,92768631,111.47,112.31,110.64,111.26,92768631,111.47,112.31,110.64,111.26,92768631
2023-03-24,111.15,112.05,110.25,111.37,85802940,111.15,112.05,110.25,111.37,85802940,111.15,112.05,110.25,111.37,85802940
2023-03-27,111.59,112.22,110.97,112.04,104779856,111.59,112.22,110.97,112.04,104779856,111.59,112.22,110.97,112.04,104779856
2023-03-28,111.67,113.05,110.29,112.19,62649688,111.67,113.05,110.29,112.19,62649688,111.67,113.05,110.29,112.19,62649688
2023-03-29,110.48,111.48,109.49,110.77,68713063,110.48,111.48,109.49,110.77,68713063,110.48,111.48,109.49,110.77,68713063
2023-03-30,109.11,110.40,107.81,108.36,92826901,109.11,110.40,107.81,108.36,92826901,109.11,110.40,107.81,108.36,92826901
2023-03-31,105.59,106.23,104.94,105.94,64171337,105.59,106.23,104.94,105.94,64171337,105.59,106.23,104.94,105.94,64171337
2023-04-03,106.25,107.60,104.90,106.09,75605674,106.25,107.60,104.90,106.09,75605674,106.25,107.60,104.90,106.09,75605674
2023-04-04,107.87,108.43,107.31,108.19,99314672,107.87,108.43,107.31,108.19,99314672,107.87,108.43,107.31,108.19,99314672
2023-04-05,109.04,109.60,108.48,108.73,62424329,109.04,109.60,108.48,108.73,62424329,109.04,109.60,108.48,108.73,62424329
2023-04-06,110.39,110.93,109.85,109.94,82349135,110.39,110.93,109.85,109.94,82349135,110.39,110.93,109.85,109.94,82349135
2023-04-07,109.27,110.76,107.78,109.21,75702766,109.27,110.76,107.78,109.21,75702766,109.27,110.76,107.78,109.21,75702766
2023-04-10,108.61,109.71,107.51,108.68,91242072,108.61,109.71,107.51,108.68,91242072,108.61,109.71,107.51,108.68,91242072
2023-04-11,109.61,110.69,108.53,110.31,107522868,109.61,110.69,108.53,110.31,107522868,109.61,110.69,108.53,110.31,107522868
2023-04-12,108.49,109.73,107.25,108.39,115225928,108.49,109.73,107.25,108.39,115225928,108.49,109.73,107.25,108.39,115225928
2023-04-13,106.82,108.09,105.56,106.41,104963687,106.82,108.09,105.56,106.41,104963687,106.82,108.09,105.56,106.41,104963687
2023-04-14,107.20,108.10,106.29,107.09,89351100,107.20,108.10,106.29,107.09,89351100,107.20,108.10,106.29,107.09,89351100
2023-04-17,104.76,105.85,103.67,104.89,83678801,104.76,105.85,103.67,104.89,83678801,104.76,105.85,103.67,104.89,83678801
2023-04-18,110.49,111.29,109.69,110.55,107565971,110.49,111.29,109.69,110.55,107565971,110.49,111.29,109.69,110.55,107565971
2023-04-19,111.25,113.14,109.37,111.50,101121908,111.25,113.14,109.37,111.50,101121908,111.25,113.14,109.37,111.50,101121908
2023-04-20,109.46,110.68,108.24,109.51,97542801,109.46,110.68,108.24,109.51,97542801,109.46,110.68,108.24,109.51,97542801
2023-04-21,114.09,115.46,112.72,113.71,94448507,114.09,115.46,112.72,113.71,94448507,114.09,115.46,112.72,113.71,94448507
2023-04-24,113.29,114.51,112.06,113.62,88928525,113.29,114.51,112.06,113.62,88928525,113.29,114.51,112.06,113.62,88928525
2023-04-25,114.97,116.30,113.64,115.09,83930622,114.97,116.30,113.64,115.09,83930622,114.97,116.30,113.64,115.09,83930622
2023-04-26,117.44,118.57,116.31,116.91,73742505,117.44,118.57,116.31,116.91,73742505,117.44,118.57,116.31,116.91,73742505
2023-04-27,115.73,116.42,115.04,115.91,78573771,115.73,116.42,115.04,115.91,78573771,115.73,116.42,115.04,115.91,78573771
2023-04-28,115.55,116.14,114.96,115.18,80129766,115.55,116.14,114.96,115.18,80129766,115.55,116.14,114.96,115.18,80129766
2023-05-01,119.67,121.21,118.13,119.50,104528959,119.67,121.21,118.13,119.50,104528959,119.67,121.21,118.13,119.50,104528959
2023-05-02,121.73,123.16,120.31,122.20,74157721,121.73,123.16,120.31,122.20,74157721,121.73,123.16,120.31,122.20,74157721
2023-05-03,121.06,122.80,119.33,121.13,74565469,121.06,122.80,119.33,121.13,74565469,121.06,122.80,119.33,121.13,74565469
2023-05-04,125.37,127.17,123.58,124.07,110931978,125.37,127.17,123.58,124.07,110931978,125.37,127.17,123.58,124.07,110931978
2023-05-05,126.59,127.98,125.20,125.77,60459416,126.59,127.98,125.20,125.77,60459416,126.59,127.98,125.20,125.77,60459416
2023-05-08,122.56,123.28,121.83,122.58,106512817,122.56,123.28,121.83,122.58,106512817,122.56,123.28,121.83,122.58,106512817
2023-05-09,123.56,124.79,122.33,122.89,107291121,123.56,124.79,122.33,122.89,107291121,123.56,124.79,122.33,122.89,107291121
2023-05-10,127.26,128.39,126.12,126.61,107627083,127.26,128.39,126.12,126.61,107627083,127.26,128.39,126.12,126.61,107627083
2023-05-11,130.74,131.81,129.68,129.86,103851165,130.74,131.81,129.68,129.86,103851165,130.74,131.81,129.68,129.86,103851165
2023-05-12,125.92,127.44,124.41,126.51,114830345,125.92,127.44,124.41,126.51,114830345,125.92,127.44,124.41,126.51,114830345
2023-05-15,126.85,129.05,124.64,126.26,113244781,126.85,129.05,124.64,126.26,113244781,126.85,129.05,124.64,126.26,113244781
2023-05-16,125.69,127.24,124.13,125.93,110493227,125.69,127.24,124.13,125.93,110493227,125.69,127.24,124.13,125.93,110493227
2023-05-17,127.24,128.33,126.16,127.32,85547998,127.24,128.33,126.16,127.32,85547998,127.24,128.33,126.16,127.32,85547998
2023-05-18,125.63,126.62,124.64,125.73,94965804,125.63,126.62,124.64,125.73,94965804,125.63,126.62,124.64,125.73,94965804
2023-05-19,128.91,130.03,127.79,128.66,64837205,128.91,130.03,127.79,128.66,64837205,128.91,130.03,127.79,128.66,64837205
2023-05-22,125.42,126.67,124.17,125.30,69078574,125.42,126.67,124.17,125.30,69078574,125.42,126.67,124.17,125.30,69078574
2023-05-23,126.96,128.59,125.33,126.66,59727902,126.96,128.59,125.33,126.66,59727902,126.96,128.59,125.33,126.66,59727902
2023-05-24,129.41,130.96,127.85,129.27,99910716,129.41,130.96,127.85,129.27,99910716,129.41,130.96,127.85,129.27,99910716
2023-05-25,129.23,129.91,128.55,129.40,92693811,129.23,129.91,128.55,129.40,92693811,129.23,129.91,128.55,129.40,92693811
2023-05-26,128.25,129.66,126.84,128.28,118952834,128.25,129.66,126.84,128.28,118952834,128.25,129.66,126.84,128.28,118952834
2023-05-29,131.30,132.10,130.51,131.18,69005093,131.30,132.10,130.51,131.18,69005093,131.30,132.10,130.51,131.18,69005093
2023-05-30,130.10,131.16,129.04,130.12,66214012,130.10,131.16,129.04,130.12,66214012,130.10,131.16,129.04,130.12,66214012
2023-05-31,132.01,133.87,130.14,132.07,69301488,132.01,133.87,130.14,132.07,69301488,132.01,133.87,130.14,132.07,69301488
2023-06-01,128.22,129.35,127.10,128.17,118362157,128.22,129.35,127.10,128.17,118362157,128.22,129.35,127.10,128.17,118362157
2023-06-02,132.42,133.66,131.18,132.18,88173060,132.42,133.66,131.18,132.18,88173060,132.42,133.66,131.18,132.18,88173060
2023-06-05,127.51,129.12,125.90,127.57,115353798,127.51,129.12,125.90,127.57,115353798,127.51,129.12,125.90,127.57,115353798
2023-06-06,128.72,130.38,127.06,128.57,92257445,128.72,130.38,127.06,128.57,92257445,128.72,130.38,127.06,128.57,92257445
2023-06-07,128.40,129.56,127.23,127.46,87309546,128.40,129.56,127.23,127.46,87309546,128.40,129.56,127.23,127.46,87309546
2023-06-08,125.55,126.64,124.46,125.53,90845621,125.55,126.64,124.46,125.53,90845621,125.55,126.64,124.46,125.53,90845621
2023-06-09,124.47,125.80,123.13,125.24,103498742,124.47,125.80,123.13,125.24,103498742,124.47,125.80,123.13,125.24,103498742
2023-06-12,124.50,125.04,123.95,124.69,78329893,124.50,125.04,123.95,124.69,78329893,124.50,125.04,123.95,124.69,78329893
2023-06-13,122.34,123.80,120.88,122.37,88192401,122.34,123.80,120.88,122.37,88192401,122.34,123.80,120.88,122.37,88192401
2023-06-14,124.39,125.90,122.88,124.14,116963341,124.39,125.90,122.88,124.14,116963341,124.39,125.90,122.88,124.14,116963341
2023-06-15,125.77,126.79,124.75,125.64,99727536,125.77,126.79,124.75,125.64,99727536,125.77,126.79,124.75,125.64,99727536
2023-06-16,124.76,126.29,123.22,124.37,64796079,124.76,126.29,123.22,124.37,64796079,124.76,126.29,123.22,124.37,64796079
2023-06-19,126.10,127.93,124.28,126.40,68983996,126.10,127.93,124.28,126.40,68983996,126.10,127.93,124.28,126.40,68983996
2023-06-20,123.51,124.36,122.67,123.10,86206656,123.51,124.36,122.67,123.10,86206656,123.51,124.36,122.67,123.10,86206656
2023-06-21,121.82,123.24,120.40,121.68,60654374,121.82,123.24,120.40,121.68,60654374,121.82,123.24,120.40,121.68,60654374
2023-06-22,123.05,124.28,121.83,122.15,75873818,123.05,124.28,121.83,122.15,75873818,123.05,124.28,121.83,122.15,75873818
2023-06-23,123.74,124.73,122.74,122.81,82873925,123.74,124.73,122.74,122.81,82873925,123.74,124.73,122.74,122.81,82873925
2023-06-26,124.24,125.31,123.17,123.63,116499772,124.24,125.31,123.17,123.63,116499772,124.24,125.31,123.17,123.63,116499772
2023-06-27,122.47,123.34,121.59,121.88,110427549,122.47,123.34,121.59,121.88,110427549,122.47,123.34,121.59,121.88,110427549
2023-06-28,124.33,125.20,123.47,124.53,70870785,124.33,125.20,123.47,124.53,70870785,124.33,125.20,123.47,124.53,70870785
2023-06-29,123.57,124.97,122.17,122.96,78640339,123.57,124.97,122.17,122.96,78640339,123.57,124.97,122.17,122.96,78640339
2023-06-30,124.88,126.44,123.31,124.52,114938020,124.88,126.44,123.31,124.52,114938020,124.88,126.44,123.31,124.52,114938020
2023-07-03,123.13,124.14,122.13,123.38,86904662,123.13,124.14,122.13,123.38,86904662,123.13,124.14,122.13,123.38,86904662
2023-07-04,121.43,122.22,120.63,120.88,112826057,121.43,122.22,120.63,120.88,112826057,121.43,122.22,120.63,120.88,112826057
2023-07-05,119.13,119.71,118.55,119.33,61748178,119.13,119.71,118.55,119.33,61748178,119.13,119.71,118.55,119.33,61748178
2023-07-06,117.64,118.78,116.49,118.14,62614657,117.64,118.78,116.49,118.14,62614657,117.64,118.78,116.49,118.14,62614657
2023-07-07,119.69,120.80,118.57,119.73,84256205,119.69,120.80,118.57,119.73,84256205,119.69,120.80,118.57,119.73,84256205
2023-07-10,122.62,123.46,121.78,122.42,69779060,122.62,123.46,121.78,122.42,69779060,122.62,123.46,121.78,122.42,69779060
2023-07-11,124.69,125.57,123.82,124.22,115097442,124.69,125.57,123.82,124.22,115097442,124.69,125.57,123.82,124.22,115097442
2023-07-12,128.72,131.13,126.30,128.31,61853672,128.72,131.13,126.30,128.31,61853672,128.72,131.13,126.30,128.31,61853672
2023-07-13,131.83,133.25,130.42,132.39,78573512,131.83,133.25,130.42,132.39,78573512,131.83,133.25,130.42,132.39,78573512
2023-07-14,136.25,137.40,135.10,135.87,67160889,136.25,137.40,135.10,135.87,67160889,136.25,137.40,135.10,135.87,67160889
2023-07-17,135.92,138.01,133.83,135.93,89127941,135.92,138.01,133.83,135.93,89127941,135.92,138.01,133.83,135.93,89127941
2023-07-18,134.91,136.51,133.30,134.26,111095553,134.91,136.51,133.30,134.26,111095553,134.91,136.51,133.30,134.26,111095553
2023-07-19,133.28,135.30,131.27,133.61,67621929,133.28,135.30,131.27,133.61,67621929,133.28,135.30,131.27,133.61,67621929
2023-07-20,135.05,136.58,133.53,134.68,60697242,135.05,136.58,133.53,134.68,60697242,135.05,136.58,133.53,134.68,60697242
2023-07-21,135.17,137.13,133.20,134.42,108254195,135.17,137.13,133.20,134.42,108254195,135.17,137.13,133.20,134.42,108254195
2023-07-24,135.49,136.55,134.43,134.52,99799391,135.49,136.55,134.43,134.52,99799391,135.49,136.55,134.43,134.52,99799391
2023-07-25,135.56,136.51,134.61,134.87,116245366,135.56,136.51,134.61,134.87,116245366,135.56,136.51,134.61,134.87,116245366
2023-07-26,136.17,137.53,134.80,136.83,67024623,136.17,137.53,134.80,136.83,67024623,136.17,137.53,134.80,136.83,67024623
2023-07-27,136.58,138.30,134.87,135.97,71336322,136.58,138.30,134.87,135.97,71336322,136.58,138.30,134.87,135.97,71336322
2023-07-28,141.09,142.47,139.70,141.22,84093876,141.09,142.47,139.70,141.22,84093876,141.09,142.47,139.70,141.22,84093876
2023-07-31,136.24,138.51,133.96,135.80,105388963,136.24,138.51,133.96,135.80,105388963,136.24,138.51,133.96,135.80,105388963
2023-08-01,137.62,139.40,135.84,137.25,109179928,137.62,139.40,135.84,137.25,109179928,137.62,139.40,135.84,137.25,109179928
2023-08-02,136.99,138.42,135.56,136.21,68863609,136.99,138.42,135.56,136.21,68863609,136.99,138.42,135.56,136.21,68863609
2023-08-03,130.28,131.20,129.36,130.15,64461054,130.28,131.20,129.36,130.15,64461054,130.28,131.20,129.36,130.15,64461054
2023-08-04,130.78,132.66,128.89,130.61,80064400,130.78,132.66,128.89,130.61,80064400,130.78,132.66,128.89,130.61,80064400
2023-08-07,131.33,132.67,129.98,131.37,70612965,131.33,132.67,129.98,131.37,70612965,131.33,132.67,129.98,131.37,70612965
2023-08-08,133.46,134.72,132.20,132.71,91246489,133.46,134.72,132.20,132.71,91246489,133.46,134.72,132.20,132.71,91246489
2023-08-09,129.43,130.38,128.48,129.26,107451398,129.43,130.38,128.48,129.26,107451398,129.43,130.38,128.48,129.26,107451398
2023-08-10,126.99,128.56,125.43,127.42,73860307,126.99,128.56,125.43,127.42,73860307,126.99,128.56,125.43,127.42,73860307
2023-08-11,127.85,128.98,126.72,127.59,103985284,127.85,128.98,126.72,127.59,103985284,127.85,128.98,126.72,127.59,103985284
2023-08-14,131.00,132.46,129.55,130.75,61884111,131.00,132.46,129.55,130.75,61884111,131.00,132.46,129.55,130.75,61884111
2023-08-15,136.87,138.40,135.33,136.78,68557579,136.87,138.40,135.33,136.78,68557579,136.87,138.40,135.33,136.78,68557579
2023-08-16,133.79,136.14,131.43,133.90,86020924,133.79,136.14,131.43,133.90,86020924,133.79,136.14,131.43,133.90,86020924
2023-08-17,137.78,139.38,136.19,138.07,86193639,137.78,139.38,136.19,138.07,86193639,137.78,139.38,136.19,138.07,86193639
2023-08-18,143.77,145.34,142.21,143.29,97939793,143.77,145.34,142.21,143.29,97939793,143.77,145.34,142.21,143.29,97939793
2023-08-21,147.82,149.70,145.94,146.87,60710294,147.82,149.70,145.94,146.87,60710294,147.82,149.70,145.94,146.87,60710294
2023-08-22,146.45,147.56,145.34,146.87,114827294,146.45,147.56,145.34,146.87,114827294,146.45,147.56,145.34,146.87,114827294
2023-08-23,149.59,150.22,148.96,149.80,66624934,149.59,150.22,148.96,149.80,66624934,149.59,150.22,148.96,149.80,66624934
2023-08-24,148.70,150.62,146.78,148.28,99787080,148.70,150.62,146.78,148.28,99787080,148.70,150.62,146.78,148.28,99787080
2023-08-25,150.15,151.76,148.53,150.29,95256953,150.15,151.76,148.53,150.29,95256953,150.15,151.76,148.53,150.29,95256953
2023-08-28,150.53,151.85,149.20,150.45,81220330,150.53,151.85,149.20,150.45,81220330,150.53,151.85,149.20,150.45,81220330
2023-08-29,150.90,152.88,148.92,149.60,63928491,150.90,152.88,148.92,149.60,63928491,150.90,152.88,148.92,149.60,63928491
2023-08-30,145.60,147.90,143.29,146.14,92624201,145.60,147.90,143.29,146.14,92624201,145.60,147.90,143.29,146.14,92624201
2023-08-31,148.38,150.15,146.60,148.99,105023842,148.38,150.15,146.60,148.99,105023842,148.38,150.15,146.60,148.99,105023842
2023-09-01,146.38,147.68,145.08,147.43,77935903,146.38,147.68,145.08,147.43,77935903,146.38,147.68,145.08,147.43,77935903
2023-09-04,151.73,153.67,149.78,151.68,67062606,151.73,153.67,149.78,151.68,67062606,151.73,153.67,149.78,151.68,67062606
2023-09-05,154.24,155.43,153.05,154.92,60045350,154.24,155.43,153.05,154.92,60045350,154.24,155.43,153.05,154.92,60045350
2023-09-06,153.65,155.06,152.25,154.32,63485970,153.65,155.06,152.25,154.32,63485970,153.65,155.06,152.25,154.32,63485970
2023-09-07,154.27,156.49,152.04,153.90,83778407,154.27,156.49,152.04,153.90,83778407,154.27,156.49,152.04,153.90,83778407
2023-09-08,155.40,156.60,154.21,154.68,113530979,155.40,156.60,154.21,154.68,113530979,155.40,156.60,154.21,154.68,113530979
2023-09-11,157.13,159.95,154.31,156.69,83896415,157.13,159.95,154.31,156.69,83896415,157.13,159.95,154.31,156.69,83896415
2023-09-12,156.99,158.40,155.58,157.13,76049547,156.99,158.40,155.58,157.13,76049547,156.99,158.40,155.58,157.13,76049547
2023-09-13,158.63,160.18,157.07,158.40,99442613,158.63,160.18,157.07,158.40,99442613,158.63,160.18,157.07,158.40,99442613
2023-09-14,154.12,155.31,152.93,153.51,103443073,154.12,155.31,152.93,153.51,103443073,154.12,155.31,152.93,153.51,103443073
2023-09-15,155.42,157.17,153.66,154.58,115773702,155.42,157.17,153.66,154.58,115773702,155.42,157.17,153.66,154.58,115773702
2023-09-18,156.25,157.92,154.58,155.78,75256571,156.25,157.92,154.58,155.78,75256571,156.25,157.92,154.58,155.78,75256571
2023-09-19,156.95,158.48,155.42,156.37,85860879,156.95,158.48,155.42,156.37,85860879,156.95,158.48,155.42,156.37,85860879
2023-09-20,158.99,161.50,156.49,158.54,65685583,158.99,161.50,156.49,158.54,65685583,158.99,161.50,156.49,158.54,65685583
2023-09-21,161.36,162.44,160.29,160.96,78208829,161.36,162.44,160.29,160.96,78208829,161.36,162.44,160.29,160.96,78208829
2023-09-22,165.67,168.38,162.96,165.07,83950508,165.67,168.38,162.96,165.07,83950508,165.67,168.38,162.96,165.07,83950508
2023-09-25,170.20,172.39,168.01,169.56,110654994,170.20,172.39,168.01,169.56,110654994,170.20,172.39,168.01,169.56,110654994
2023-09-26,169.58,170.61,168.55,170.00,73884988,169.58,170.61,168.55,170.00,73884988,169.58,170.61,168.55,170.00,73884988
2023-09-27,172.84,175.32,170.35,173.28,65260714,172.84,175.32,170.35,173.28,65260714,172.84,175.32,170.35,173.28,65260714
2023-09-28,171.66,173.65,169.68,171.38,105341049,171.66,173.65,169.68,171.38,105341049,171.66,173.65,169.68,171.38,105341049
2023-09-29,171.34,172.38,170.30,171.59,105914999,171.34,172.38,170.30,171.59,105914999,171.34,172.38,170.30,171.59,105914999
2023-10-02,166.91,168.75,165.07,167.35,114372287,166.91,168.75,165.07,167.35,114372287,166.91,168.75,165.07,167.35,114372287
2023-10-03,162.01,165.35,158.67,162.32,92813487,162.01,165.35,158.67,162.32,92813487,162.01,165.35,158.67,162.32,92813487
2023-10-04,163.51,165.63,161.38,162.64,69996509,163.51,165.63,161.38,162.64,69996509,163.51,165.63,161.38,162.64,69996509
2023-10-05,163.91,166.40,161.42,163.34,114980417,163.91,166.40,161.42,163.34,114980417,163.91,166.40,161.42,163.34,114980417
2023-10-06,161.95,163.88,160.03,162.06,67563254,161.95,163.88,160.03,162.06,67563254,161.95,163.88,160.03,162.06,67563254
2023-10-09,159.70,161.25,158.16,159.30,82298286,159.70,161.25,158.16,159.30,82298286,159.70,161.25,158.16,159.30,82298286
2023-10-10,154.71,156.89,152.54,155.19,69660711,154.71,156.89,152.54,155.19,69660711,154.71,156.89,152.54,155.19,69660711
2023-10-11,154.90,156.07,153.74,155.56,93161965,154.90,156.07,153.74,155.56,93161965,154.90,156.07,153.74,155.56,93161965
2023-10-12,153.01,154.85,151.16,152.80,113779146,153.01,154.85,151.16,152.80,113779146,153.01,154.85,151.16,152.80,113779146
2023-10-13,151.78,153.12,150.43,151.87,60053962,151.78,153.12,150.43,151.87,60053962,151.78,153.12,150.43,151.87,60053962
2023-10-16,153.67,155.10,152.23,153.71,91860736,153.67,155.10,152.23,153.71,91860736,153.67,155.10,152.23,153.71,91860736
2023-10-17,151.92,153.17,150.66,152.93,98883144,151.92,153.17,150.66,152.93,98883144,151.92,153.17,150.66,152.93,98883144
2023-10-18,154.67,156.76,152.59,153.93,113382137,154.67,156.76,152.59,153.93,113382137,154.67,156.76,152.59,153.93,113382137
2023-10-19,153.76,155.39,152.13,154.34,69192708,153.76,155.39,152.13,154.34,69192708,153.76,155.39,152.13,154.34,69192708
2023-10-20,155.79,157.76,153.81,155.62,113903256,155.79,157.76,153.81,155.62,113903256,155.79,157.76,153.81,155.62,113903256
2023-10-23,156.89,158.73,155.04,157.05,62505195,156.89,158.73,155.04,157.05,62505195,156.89,158.73,155.04,157.05,62505195
2023-10-24,151.52,152.43,150.60,151.84,70829603,151.52,152.43,150.60,151.84,70829603,151.52,152.43,150.60,151.84,70829603
2023-10-25,151.15,151.68,150.63,150.78,78582374,151.15,151.68,150.63,150.78,78582374,151.15,151.68,150.63,150.78,78582374
2023-10-26,150.39,152.21,148.57,150.33,60894261,150.39,152.21,148.57,150.33,60894261,150.39,152.21,148.57,150.33,60894261
2023-10-27,153.56,154.95,152.17,153.26,104623894,153.56,154.95,152.17,153.26,104623894,153.56,154.95,152.17,153.26,104623894
2023-10-30,152.56,155.47,149.64,152.65,62687805,152.56,155.47,149.64,152.65,62687805,152.56,155.47,149.64,152.65,62687805
2023-10-31,153.52,154.84,152.20,153.75,91920460,153.52,154.84,152.20,153.75,91920460,153.52,154.84,152.20,153.75,91920460
2023-11-01,150.08,151.75,148.41,149.87,109626614,150.08,151.75,148.41,149.87,109626614,150.08,151.75,148.41,149.87,109626614
2023-11-02,149.23,150.94,147.52,149.00,69062444,149.23,150.94,147.52,149.00,69062444,149.23,150.94,147.52,149.00,69062444
2023-11-03,145.94,146.64,145.23,146.55,97543492,145.94,146.64,145.23,146.55,97543492,145.94,146.64,145.23,146.55,97543492
2023-11-06,145.75,147.19,144.31,146.19,61914850,145.75,147.19,144.31,146.19,61914850,145.75,147.19,144.31,146.19,61914850
2023-11-07,146.23,147.93,144.52,145.48,61357207,146.23,147.93,144.52,145.48,61357207,146.23,147.93,144.52,145.48,61357207
2023-11-08,146.41,147.85,144.98,145.72,63451119,146.41,147.85,144.98,145.72,63451119,146.41,147.85,144.98,145.72,63451119
2023-11-09,141.38,143.39,139.37,142.20,115960515,141.38,143.39,139.37,142.20,115960515,141.38,143.39,139.37,142.20,115960515
2023-11-10,141.77,143.44,140.10,142.88,63546609,141.77,143.44,140.10,142.88,63546609,141.77,143.44,140.10,142.88,63546609
2023-11-13,142.78,143.92,141.63,142.62,103419970,142.78,143.92,141.63,142.62,103419970,142.78,143.92,141.63,142.62,103419970
2023-11-14,143.08,144.35,141.81,143.57,115560035,143.08,144.35,141.81,143.57,115560035,143.08,144.35,141.81,143.57,115560035
2023-11-15,142.07,142.96,141.18,142.81,73426438,142.07,142.96,141.18,142.81,73426438,142.07,142.96,141.18,142.81,73426438
2023-11-16,145.09,147.38,142.80,144.14,100784869,145.09,147.38,142.80,144.14,100784869,145.09,147.38,142.80,144.14,100784869
2023-11-17,147.59,149.64,145.55,145.84,75432572,147.59,149.64,145.55,145.84,75432572,147.59,149.64,145.55,145.84,75432572
2023-11-20,140.95,141.81,140.10,141.73,79094616,140.95,141.81,140.10,141.73,79094616,140.95,141.81,140.10,141.73,79094616
2023-11-21,142.60,143.95,141.24,142.24,91895449,142.60,143.95,141.24,142.24,91895449,142.60,143.95,141.24,142.24,91895449
2023-11-22,143.51,144.97,142.06,143.71,101417371,143.51,144.97,142.06,143.71,101417371,143.51,144.97,142.06,143.71,101417371
2023-11-23,144.73,146.34,143.13,143.25,110051210,144.73,146.34,143.13,143.25,110051210,144.73,146.34,143.13,143.25,110051210
2023-11-24,136.55,138.87,134.24,137.47,70750120,136.55,138.87,134.24,137.47,70750120,136.55,138.87,134.24,137.47,70750120
2023-11-27,137.06,138.90,135.22,137.05,97179501,137.06,138.90,135.22,137.05,97179501,137.06,138.90,135.22,137.05,97179501
2023-11-28,138.13,138.82,137.44,137.74,94534211,138.13,138.82,137.44,137.74,94534211,138.13,138.82,137.44,137.74,94534211
2023-11-29,139.98,141.17,138.78,139.59,69899810,139.98,141.17,138.78,139.59,69899810,139.98,141.17,138.78,139.59,69899810
2023-11-30,140.46,141.70,139.21,139.83,65136965,140.46,141.70,139.21,139.83,65136965,140.46,141.70,139.21,139.83,65136965
2023-12-01,144.15,146.05,142.25,143.00,60969489,144.15,146.05,142.25,143.00,60969489,144.15,146.05,142.25,143.00,60969489
2023-12-04,144.29,146.27,142.31,143.57,69168656,144.29,146.27,142.31,143.57,69168656,144.29,146.27,142.31,143.57,69168656
2023-12-05,143.44,145.37,141.51,143.42,74369152,143.44,145.37,141.51,143.42,74369152,143.44,145.37,141.51,143.42,74369152
2023-12-06,144.74,145.48,143.99,144.06,81134881,144.74,145.48,143.99,144.06,81134881,144.74,145.48,143.99,144.06,81134881
2023-12-07,148.77,150.23,147.30,147.96,117254748,148.77,150.23,147.30,147.96,117254748,148.77,150.23,147.30,147.96,117254748
2023-12-08,149.34,149.98,148.70,149.08,74621763,149.34,149.98,148.70,149.08,74621763,149.34,149.98,148.70,149.08,74621763
2023-12-11,143.20,145.23,141.17,143.55,91832648,143.20,145.23,141.17,143.55,91832648,143.20,145.23,141.17,143.55,91832648
2023-12-12,141.18,142.62,139.74,141.33,71175940,141.18,142.62,139.74,141.33,71175940,141.18,142.62,139.74,141.33,71175940
2023-12-13,139.56,141.34,137.78,140.29,84238601,139.56,141.34,137.78,140.29,84238601,139.56,141.34,137.78,140.29,84238601
2023-12-14,134.89,136.10,133.68,134.83,98992194,134.89,136.10,133.68,134.83,98992194,134.89,136.10,133.68,134.83,98992194
2023-12-15,132.85,134.22,131.47,133.45,86876106,132.85,134.22,131.47,133.45,86876106,132.85,134.22,131.47,133.45,86876106
2023-12-18,132.38,133.42,131.35,132.23,76136285,132.38,133.42,131.35,132.23,76136285,132.38,133.42,131.35,132.23,76136285
2023-12-19,131.25,132.51,130.00,130.72,63971006,131.25,132.51,130.00,130.72,63971006,131.25,132.51,130.00,130.72,63971006
2023-12-20,131.13,132.69,129.56,131.71,92666772,131.13,132.69,129.56,131.71,92666772,131.13,132.69,129.56,131.71,92666772
2023-12-21,130.33,131.60,129.06,129.54,66418284,130.33,131.60,129.06,129.54,66418284,130.33,131.60,129.06,129.54,66418284
2023-12-22,124.42,126.43,122.42,124.07,111344349,124.42,126.43,122.42,124.07,111344349,124.42,126.43,122.42,124.07,111344349
2023-12-25,120.71,121.47,119.94,120.86,74797217,120.71,121.47,119.94,120.86,74797217,120.71,121.47,119.94,120.86,74797217
2023-12-26,116.15,117.26,115.04,116.07,81719953,116.15,117.26,115.04,116.07,81719953,116.15,117.26,115.04,116.07,81719953
2023-12-27,118.24,119.75,116.74,117.69,98221905,118.24,119.75,116.74,117.69,98221905,118.24,119.75,116.74,117.69,98221905
2023-12-28,114.91,116.49,113.33,114.49,83195889,114.91,116.49,113.33,114.49,83195889,114.91,116.49,113.33,114.49,83195889
2023-12-29,117.61,119.49,115.72,116.87,60259543,117.61,119.49,115.72,116.87,60259543,117.61,119.49,115.72,116.87,60259543
