Date,Open,High,Low,Close,Volume,UnadjustedOpen,UnadjustedHigh,UnadjustedLow,UnadjustedClose,UnadjustedVolume,AdjustedOpen,AdjustedHigh,AdjustedLow,AdjustedClose,AdjustedVolume
2018-01-02,46.91,47.29,46.53,46.72,10682769,46.91,47.29,46.53,46.72,10682769,11.73,11.82,11.63,11.68,42731078
2018-01-03,47.84,48.64,47.04,47.54,10452437,47.84,48.64,47.04,47.54,10452437,11.96,12.16,11.76,11.88,41809750
2018-01-04,47.33,47.91,46.76,47.30,15635783,47.33,47.91,46.76,47.30,15635783,11.83,11.98,11.69,11.83,62543133
2018-01-05,47.63,48.20,47.06,47.67,11019294,47.63,48.20,47.06,47.67,11019294,11.91,12.05,11.77,11.92,44077175
2018-01-08,47.44,47.92,46.96,47.26,11457231,47.44,47.92,46.96,47.26,11457231,11.86,11.98,11.74,11.81,45828923
2018-01-09,46.90,47.28,46.52,47.05,8084725,46.90,47.28,46.52,47.05,8084725,11.72,11.82,11.63,11.76,32338898
2018-01-10,46.78,47.50,46.05,46.50,11944490,46.78,47.50,46.05,46.50,11944490,11.69,11.88,11.51,11.63,47777960
2018-01-11,46.02,46.66,45.39,46.01,8499507,46.02,46.66,45.39,46.01,8499507,11.51,11.67,11.35,11.50,33998028
2018-01-12,45.49,45.87,45.12,45.55,15626435,45.49,45.87,45.12,45.55,15626435,11.37,11.47,11.28,11.39,62505740
2018-01-15,45.04,45.73,44.34,44.81,13253135,45.04,45.73,44.34,44.81,13253135,11.26,11.43,11.09,11.20,53012541
2018-01-16,44.62,45.22,44.02,44.58,9225640,44.62,45.22,44.02,44.58,9225640,11.16,11.31,11.00,11.14,36902559
2018-01-17,45.00,45.51,44.49,44.93,14023704,45.00,45.51,44.49,44.93,14023704,11.25,11.38,11.12,11.23,56094817
2018-01-18,45.30,45.58,45.03,45.42,10671934,45.30,45.58,45.03,45.42,10671934,11.33,11.39,11.26,11.36,42687735
2018-01-19,43.70,44.15,43.25,43.42,14006017,43.70,44.15,43.25,43.42,14006017,10.92,11.04,10.81,10.86,56024067
2018-01-22,43.10,43.75,42.46,43.08,11454216,43.10,43.75,42.46,43.08,11454216,10.78,10.94,10.61,10.77,45816863
2018-01-23,43.08,43.46,42.70,43.04,11599747,43.08,43.46,42.70,43.04,11599747,10.77,10.86,10.67,10.76,46398989
2018-01-24,43.43,43.99,42.88,43.41,8475812,43.43,43.99,42.88,43.41,8475812,10.86,11.00,10.72,10.85,33903247
2018-01-25,43.66,44.20,43.13,43.71,15132712,43.66,44.20,43.13,43.71,15132712,10.92,11.05,10.78,10.93,60530848
2018-01-26,44.02,44.40,43.65,43.96,12263332,44.02,44.40,43.65,43.96,12263332,11.01,11.10,10.91,10.99,49053329
2018-01-29,45.07,45.38,44.77,45.10,9831956,45.07,45.38,44.77,45.10,9831956,11.27,11.35,11.19,11.28,39327823
2018-01-30,45.37,45.61,45.14,45.41,8622252,45.37,45.61,45.14,45.41,8622252,11.34,11.40,11.28,11.35,34489009
2018-01-31,45.20,45.65,44.75,44.80,12428027,45.20,45.65,44.75,44.80,12428027,11.30,11.41,11.19,11.20,49712109
2018-02-01,43.27,43.90,42.64,43.26,10601910,43.27,43.90,42.64,43.26,10601910,10.82,10.97,10.66,10.81,42407639
2018-02-02,43.84,44.24,43.44,43.77,8956778,43.84,44.24,43.44,43.77,8956778,10.96,11.06,10.86,10.94,35827113
2018-02-05,43.09,43.39,42.80,42.90,13692507,43.09,43.39,42.80,42.90,13692507,10.77,10.85,10.70,10.73,54770030
2018-02-06,42.93,43.36,42.50,42.83,9209720,42.93,43.36,42.50,42.83,9209720,10.73,10.84,10.62,10.71,36838881
2018-02-07,42.35,42.96,41.74,42.39,11602684,42.35,42.96,41.74,42.39,11602684,10.59,10.74,10.44,10.60,46410736
2018-02-08,43.86,44.42,43.30,43.69,9805541,43.86,44.42,43.30,43.69,9805541,10.96,11.11,10.82,10.92,39222163
2018-02-09,42.40,42.78,42.03,42.48,14567031,42.40,42.78,42.03,42.48,14567031,10.60,10.70,10.51,10.62,58268124
2018-02-12,42.70,43.36,42.03,42.63,15614570,42.70,43.36,42.03,42.63,15614570,10.67,10.84,10.51,10.66,62458280
2018-02-13,43.03,43.53,42.53,42.97,7929496,43.03,43.53,42.53,42.97,7929496,10.76,10.88,10.63,10.74,31717983
2018-02-14,43.65,44.10,43.20,43.57,11302769,43.65,44.10,43.20,43.57,11302769,10.91,11.03,10.80,10.89,45211076
2018-02-15,41.88,42.21,41.56,41.93,14617787,41.88,42.21,41.56,41.93,14617787,10.47,10.55,10.39,10.48,58471149
2018-02-16,42.46,43.03,41.90,42.52,11394637,42.46,43.03,41.90,42.52,11394637,10.62,10.76,10.47,10.63,45578548
2018-02-19,43.44,43.95,42.93,43.21,9960713,43.44,43.95,42.93,43.21,9960713,10.86,10.99,10.73,10.80,39842851
2018-02-20,43.14,43.49,42.79,43.06,9936845,43.14,43.49,42.79,43.06,9936845,10.79,10.87,10.70,10.77,39747379
2018-02-21,43.49,44.04,42.94,43.49,14050042,43.49,44.04,42.94,43.49,14050042,10.87,11.01,10.74,10.87,56200166
2018-02-22,43.54,44.13,42.95,43.74,10432757,43.54,44.13,42.95,43.74,10432757,10.89,11.03,10.74,10.93,41731027
2018-02-23,43.76,44.16,43.35,43.64,7952867,43.76,44.16,43.35,43.64,7952867,10.94,11.04,10.84,10.91,31811468
2018-02-26,44.34,45.00,43.69,44.45,13271035,44.34,45.00,43.69,44.45,13271035,11.09,11.25,10.92,11.11,53084139
2018-02-27,44.95,45.33,44.57,44.60,10278401,44.95,45.33,44.57,44.60,10278401,11.24,11.33,11.14,11.15,41113606
2018-02-28,44.57,45.20,43.95,44.71,9162769,44.57,45.20,43.95,44.71,9162769,11.14,11.30,10.99,11.18,36651076
2018-03-01,44.46,45.09,43.84,44.75,11584656,44.46,45.09,43.84,44.75,11584656,11.12,11.27,10.96,11.19,46338626
2018-03-02,44.63,45.00,44.27,44.46,15015967,44.63,45.00,44.27,44.46,15015967,11.16,11.25,11.07,11.11,60063866
2018-03-05,44.71,45.28,44.15,44.93,9060977,44.71,45.28,44.15,44.93,9060977,11.18,11.32,11.04,11.23,36243909
2018-03-06,45.48,46.06,44.89,45.48,14545685,45.48,46.06,44.89,45.48,14545685,11.37,11.51,11.22,11.37,58182741
2018-03-07,46.25,46.60,45.89,46.24,10898633,46.25,46.60,45.89,46.24,10898633,11.56,11.65,11.47,11.56,43594534
2018-03-08,47.39,47.86,46.92,47.46,13668040,47.39,47.86,46.92,47.46,13668040,11.85,11.97,11.73,11.86,54672161
2018-03-09,46.90,47.58,46.22,46.95,14864693,46.90,47.58,46.22,46.95,14864693,11.73,11.90,11.55,11.74,59458772
2018-03-12,47.61,48.16,47.06,47.43,9409001,47.61,48.16,47.06,47.43,9409001,11.90,12.04,11.77,11.86,37636004
2018-03-13,48.41,48.79,48.03,48.72,10689278,48.41,48.79,48.03,48.72,10689278,12.10,12.20,12.01,12.18,42757113
2018-03-14,47.45,48.19,46.70,47.46,9720911,47.45,48.19,46.70,47.46,9720911,11.86,12.05,11.68,11.87,38883646
2018-03-15,47.95,48.20,47.69,47.87,10445197,47.95,48.20,47.69,47.87,10445197,11.99,12.05,11.92,11.97,41780787
2018-03-16,47.81,48.22,47.40,47.80,12181909,47.81,48.22,47.40,47.80,12181909,11.95,12.06,11.85,11.95,48727634
2018-03-19,48.51,49.20,47.82,48.26,11305443,48.51,49.20,47.82,48.26,11305443,12.13,12.30,11.95,12.07,45221774
2018-03-20,48.59,49.44,47.75,48.47,13354317,48.59,49.44,47.75,48.47,13354317,12.15,12.36,11.94,12.12,53417269
2018-03-21,49.49,50.22,48.75,49.31,13582663,49.49,50.22,48.75,49.31,13582663,12.37,12.56,12.19,12.33,54330654
2018-03-22,48.72,49.52,47.92,48.89,14709893,48.72,49.52,47.92,48.89,14709893,12.18,12.38,11.98,12.22,58839572
2018-03-23,48.32,48.99,47.65,48.36,13982599,48.32,48.99,47.65,48.36,13982599,12.08,12.25,11.91,12.09,55930397
2018-03-26,49.54,50.03,49.06,49.35,10203826,49.54,50.03,49.06,49.35,10203826,12.39,12.51,12.27,12.34,40815303
2018-03-27,49.03,49.53,48.54,48.75,7945830,49.03,49.53,48.54,48.75,7945830,12.26,12.38,12.14,12.19,31783320
2018-03-28,49.66,50.14,49.18,49.75,13066920,49.66,50.14,49.18,49.75,13066920,12.42,12.53,12.30,12.44,52267681
2018-03-29,50.35,50.93,49.78,50.47,14076480,50.35,50.93,49.78,50.47,14076480,12.59,12.73,12.44,12.62,56305921
2018-03-30,50.44,50.89,50.00,50.32,10531378,50.44,50.89,50.00,50.32,10531378,12.61,12.72,12.50,12.58,42125512
2018-04-02,50.14,50.97,49.31,50.03,15558155,50.14,50.97,49.31,50.03,15558155,12.53,12.74,12.33,12.51,62232620
2018-04-03,51.54,52.18,50.90,51.59,13573178,51.54,52.18,50.90,51.59,13573178,12.89,13.05,12.73,12.90,54292714
2018-04-04,51.61,52.03,51.18,51.52,9207960,51.61,52.03,51.18,51.52,9207960,12.90,13.01,12.79,12.88,36831840
2018-04-05,50.23,51.04,49.43,49.91,11791741,50.23,51.04,49.43,49.91,11791741,12.56,12.76,12.36,12.48,47166963
2018-04-06,49.52,50.20,48.84,49.56,8910137,49.52,50.20,48.84,49.56,8910137,12.38,12.55,12.21,12.39,35640550
2018-04-09,49.89,50.43,49.35,49.90,11088081,49.89,50.43,49.35,49.90,11088081,12.47,12.61,12.34,12.48,44352322
2018-04-10,50.47,50.93,50.01,50.76,10768175,50.47,50.93,50.01,50.76,10768175,12.62,12.73,12.50,12.69,43072700
2018-04-11,49.56,50.26,48.85,49.58,9570474,49.56,50.26,48.85,49.58,9570474,12.39,12.57,12.21,12.40,38281896
2018-04-12,50.41,51.00,49.82,50.51,12985418,50.41,51.00,49.82,50.51,12985418,12.60,12.75,12.46,12.63,51941671
2018-04-13,48.54,48.79,48.28,48.53,11617632,48.54,48.79,48.28,48.53,11617632,12.13,12.20,12.07,12.13,46470529
2018-04-16,47.97,48.37,47.58,48.02,10400545,47.97,48.37,47.58,48.02,10400545,11.99,12.09,11.89,12.00,41602179
2018-04-17,47.79,48.39,47.20,47.79,14075637,47.79,48.39,47.20,47.79,14075637,11.95,12.10,11.80,11.95,56302546
2018-04-18,48.52,49.14,47.89,48.28,12117046,48.52,49.14,47.89,48.28,12117046,12.13,12.29,11.97,12.07,48468184
2018-04-19,47.43,48.22,46.64,47.28,15575898,47.43,48.22,46.64,47.28,15575898,11.86,12.05,11.66,11.82,62303594
2018-04-20,46.88,47.61,46.15,46.85,13621667,46.88,47.61,46.15,46.85,13621667,11.72,11.90,11.54,11.71,54486668
2018-04-23,47.48,48.02,46.94,47.60,8336014,47.48,48.02,46.94,47.60,8336014,11.87,12.00,11.74,11.90,33344055
2018-04-24,48.69,49.23,48.16,48.73,7903475,48.69,49.23,48.16,48.73,7903475,12.17,12.31,12.04,12.18,31613900
2018-04-25,48.23,48.63,47.83,48.13,8533368,48.23,48.63,47.83,48.13,8533368,12.06,12.16,11.96,12.03,34133472
2018-04-26,47.83,48.28,47.37,47.52,10090068,47.83,48.28,47.37,47.52,10090068,11.96,12.07,11.84,11.88,40360271
2018-04-27,47.94,48.69,47.20,47.70,8620403,47.94,48.69,47.20,47.70,8620403,11.99,12.17,11.80,11.93,34481613
2018-04-30,48.11,48.70,47.52,48.17,15682279,48.11,48.70,47.52,48.17,15682279,12.03,12.17,11.88,12.04,62729117
2018-05-01,47.97,48.30,47.63,48.17,14102367,47.97,48.30,47.63,48.17,14102367,11.99,12.08,11.91,12.04,56409469
2018-05-02,47.85,48.25,47.44,47.84,9462111,47.85,48.25,47.44,47.84,9462111,11.96,12.06,11.86,11.96,37848445
2018-05-03,49.27,50.07,48.47,49.16,8859936,49.27,50.07,48.47,49.16,8859936,12.32,12.52,12.12,12.29,35439744
2018-05-04,48.26,48.86,47.65,48.46,13495451,48.26,48.86,47.65,48.46,13495451,12.06,12.22,11.91,12.11,53981805
2018-05-07,48.08,48.50,47.66,48.02,10016652,48.08,48.50,47.66,48.02,10016652,12.02,12.13,11.92,12.01,40066609
2018-05-08,47.78,48.19,47.37,47.88,14078301,47.78,48.19,47.37,47.88,14078301,11.95,12.05,11.84,11.97,56313205
2018-05-09,47.72,48.17,47.28,47.79,14884405,47.72,48.17,47.28,47.79,14884405,11.93,12.04,11.82,11.95,59537620
2018-05-10,48.94,49.29,48.58,48.59,11643650,48.94,49.29,48.58,48.59,11643650,12.23,12.32,12.15,12.15,46574600
2018-05-11,48.81,49.11,48.51,49.08,15197510,48.81,49.11,48.51,49.08,15197510,12.20,12.28,12.13,12.27,60790039
2018-05-14,48.36,49.20,47.53,48.42,8978732,48.36,49.20,47.53,48.42,8978732,12.09,12.30,11.88,12.11,35914927
2018-05-15,49.37,49.97,48.77,49.20,12341488,49.37,49.97,48.77,49.20,12341488,12.34,12.49,12.19,12.30,49365953
2018-05-16,48.62,49.47,47.77,48.95,10508514,48.62,49.47,47.77,48.95,10508514,12.15,12.37,11.94,12.24,42034055
2018-05-17,49.95,50.44,49.45,50.00,9017975,49.95,50.44,49.45,50.00,9017975,12.49,12.61,12.36,12.50,36071900
2018-05-18,49.64,50.07,49.21,49.46,11023329,49.64,50.07,49.21,49.46,11023329,12.41,12.52,12.30,12.37,44093314
2018-05-21,50.83,51.59,50.07,50.98,13589537,50.83,51.59,50.07,50.98,13589537,12.71,12.90,12.52,12.75,54358147
2018-05-22,53.46,54.14,52.77,53.46,12722969,53.46,54.14,52.77,53.46,12722969,13.36,13.54,13.19,13.37,50891876
2018-05-23,55.39,55.90,54.88,54.91,8554401,55.39,55.90,54.88,54.91,8554401,13.85,13.97,13.72,13.73,34217604
2018-05-24,53.73,54.09,53.37,53.93,13632148,53.73,54.09,53.37,53.93,13632148,13.43,13.52,13.34,13.48,54528591
2018-05-25,55.36,55.91,54.81,55.26,14972877,55.36,55.91,54.81,55.26,14972877,13.84,13.98,13.70,13.81,59891506
2018-05-28,57.36,57.63,57.08,57.11,13149715,57.36,57.63,57.08,57.11,13149715,14.34,14.41,14.27,14.28,52598859
2018-05-29,55.26,55.87,54.65,54.98,9080769,55.26,55.87,54.65,54.98,9080769,13.82,13.97,13.66,13.74,36323076
2018-05-30,56.55,57.08,56.01,56.71,13558274,56.55,57.08,56.01,56.71,13558274,14.14,14.27,14.00,14.18,54233096
2018-05-31,57.36,57.82,56.90,57.38,9582569,57.36,57.82,56.90,57.38,9582569,14.34,14.45,14.22,14.34,38330278
2018-06-01,59.67,60.54,58.80,59.67,13938840,59.67,60.54,58.80,59.67,13938840,14.92,15.14,14.70,14.92,55755359
2018-06-04,61.21,61.65,60.78,61.25,9486094,61.21,61.65,60.78,61.25,9486094,15.30,15.41,15.20,15.31,37944376
2018-06-05,60.91,61.61,60.21,61.07,14486893,60.91,61.61,60.21,61.07,14486893,15.23,15.40,15.05,15.27,57947572
2018-06-06,61.51,62.04,60.99,61.48,9395444,61.51,62.04,60.99,61.48,9395444,15.38,15.51,15.25,15.37,37581777
2018-06-07,61.73,62.54,60.92,61.66,10987131,61.73,62.54,60.92,61.66,10987131,15.43,15.64,15.23,15.41,43948524
2018-06-08,61.33,62.03,60.62,61.38,10971621,61.33,62.03,60.62,61.38,10971621,15.33,15.51,15.16,15.34,43886485
2018-06-11,62.62,63.34,61.89,62.59,9621482,62.62,63.34,61.89,62.59,9621482,15.65,15.84,15.47,15.65,38485929
2018-06-12,64.02,64.76,63.27,63.89,12661214,64.02,64.76,63.27,63.89,12661214,16.00,16.19,15.82,15.97,50644857
2018-06-13,64.25,64.95,63.56,63.71,13410503,64.25,64.95,63.56,63.71,13410503,16.06,16.24,15.89,15.93,53642011
2018-06-14,65.00,65.91,64.09,65.12,11661831,65.00,65.91,64.09,65.12,11661831,16.25,16.48,16.02,16.28,46647325
2018-06-15,64.06,64.66,63.46,64.05,14180445,64.06,64.66,63.46,64.05,14180445,16.01,16.16,15.87,16.01,56721781
2018-06-18,64.75,65.72,63.78,64.65,15252049,64.75,65.72,63.78,64.65,15252049,16.19,16.43,15.95,16.16,61008196
2018-06-19,65.76,66.60,64.93,65.72,13956670,65.76,66.60,64.93,65.72,13956670,16.44,16.65,16.23,16.43,55826682
2018-06-20,64.92,65.64,64.20,64.56,14005505,64.92,65.64,64.20,64.56,14005505,16.23,16.41,16.05,16.14,56022020
2018-06-21,64.49,65.15,63.83,64.09,13694943,64.49,65.15,63.83,64.09,13694943,16.12,16.29,15.96,16.02,54779772
2018-06-22,66.06,67.02,65.10,65.46,11149740,66.06,67.02,65.10,65.46,11149740,16.51,16.75,16.28,16.37,44598959
2018-06-25,65.14,65.83,64.45,65.17,14558027,65.14,65.83,64.45,65.17,14558027,16.28,16.46,16.11,16.29,58232110
2018-06-26,64.86,65.79,63.93,64.48,9116948,64.86,65.79,63.93,64.48,9116948,16.22,16.45,15.98,16.12,36467791
2018-06-27,63.72,64.08,63.36,63.56,10651715,63.72,64.08,63.36,63.56,10651715,15.93,16.02,15.84,15.89,42606858
2018-06-28,63.05,64.09,62.01,63.11,8514306,63.05,64.09,62.01,63.11,8514306,15.76,16.02,15.50,15.78,34057224
2018-06-29,63.25,64.27,62.24,62.81,13593561,63.25,64.27,62.24,62.81,13593561,15.81,16.07,15.56,15.70,54374242
2018-07-02,63.13,63.80,62.46,63.32,14987886,63.13,63.80,62.46,63.32,14987886,15.78,15.95,15.61,15.83,59951544
2018-07-03,65.87,66.51,65.24,65.75,12490594,65.87,66.51,65.24,65.75,12490594,16.47,16.63,16.31,16.44,49962374
2018-07-04,65.50,65.90,65.11,65.12,10820291,65.50,65.90,65.11,65.12,10820291,16.38,16.47,16.28,16.28,43281164
2018-07-05,65.73,66.51,64.95,65.01,8616406,65.73,66.51,64.95,65.01,8616406,16.43,16.63,16.24,16.25,34465623
2018-07-06,64.15,64.63,63.66,64.08,15241035,64.15,64.63,63.66,64.08,15241035,16.04,16.16,15.92,16.02,60964139
2018-07-09,63.82,64.31,63.34,63.57,11801141,63.82,64.31,63.34,63.57,11801141,15.96,16.08,15.83,15.89,47204566
2018-07-10,64.44,65.26,63.63,64.11,10398856,64.44,65.26,63.63,64.11,10398856,16.11,16.31,15.91,16.03,41595424
2018-07-11,66.04,66.95,65.14,66.26,13085764,66.04,66.95,65.14,66.26,13085764,16.51,16.74,16.28,16.57,52343057
2018-07-12,66.33,66.85,65.81,66.02,15491727,66.33,66.85,65.81,66.02,15491727,16.58,16.71,16.45,16.50,61966909
2018-07-13,67.09,67.86,66.32,66.96,15030711,67.09,67.86,66.32,66.96,15030711,16.77,16.96,16.58,16.74,60122843
2018-07-16,65.45,66.03,64.88,65.50,14801233,65.45,66.03,64.88,65.50,14801233,16.36,16.51,16.22,16.37,59204930
2018-07-17,66.22,66.58,65.85,66.08,13742163,66.22,66.58,65.85,66.08,13742163,16.55,16.65,16.46,16.52,54968651
2018-07-18,66.11,66.71,65.52,66.02,9421697,66.11,66.71,65.52,66.02,9421697,16.53,16.68,16.38,16.51,37686788
2018-07-19,67.62,68.27,66.97,67.41,12311688,67.62,68.27,66.97,67.41,12311688,16.90,17.07,16.74,16.85,49246751
2018-07-20,67.52,68.25,66.79,67.56,8447601,67.52,68.25,66.79,67.56,8447601,16.88,17.06,16.70,16.89,33790403
2018-07-23,68.18,68.98,67.38,68.42,9839654,68.18,68.98,67.38,68.42,9839654,17.05,17.25,16.85,17.10,39358617
2018-07-24,71.52,72.33,70.72,71.41,9769924,71.52,72.33,70.72,71.41,9769924,17.88,18.08,17.68,17.85,39079695
2018-07-25,72.02,72.95,71.09,71.77,15344821,72.02,72.95,71.09,71.77,15344821,18.00,18.24,17.77,17.94,61379285
2018-07-26,70.86,71.78,69.93,70.56,9894376,70.86,71.78,69.93,70.56,9894376,17.71,17.94,17.48,17.64,39577504
2018-07-27,72.30,73.13,71.46,72.18,12912544,72.30,73.13,71.46,72.18,12912544,18.07,18.28,17.87,18.04,51650175
2018-07-30,73.43,74.10,72.76,73.40,10077598,73.43,74.10,72.76,73.40,10077598,18.36,18.52,18.19,18.35,40310393
2018-07-31,72.49,74.01,70.97,72.48,8312697,72.49,74.01,70.97,72.48,8312697,18.12,18.50,17.74,18.12,33250790
2018-08-01,72.09,72.83,71.34,72.16,8979723,72.09,72.83,71.34,72.16,8979723,18.02,18.21,17.83,18.04,35918893
2018-08-02,74.39,75.11,73.66,73.74,12764506,74.39,75.11,73.66,73.74,12764506,18.60,18.78,18.42,18.44,51058026
2018-08-03,74.45,75.01,73.88,74.52,13305579,74.45,75.01,73.88,74.52,13305579,18.61,18.75,18.47,18.63,53222315
2018-08-06,74.27,75.13,73.41,74.35,12844055,74.27,75.13,73.41,74.35,12844055,18.57,18.78,18.35,18.59,51376221
2018-08-07,75.89,76.11,75.67,75.89,13310818,75.89,76.11,75.67,75.89,13310818,18.97,19.03,18.92,18.97,53243272
2018-08-08,76.31,77.70,74.91,76.14,12153234,76.31,77.70,74.91,76.14,12153234,19.08,19.43,18.73,19.03,48612937
2018-08-09,75.77,76.48,75.06,75.83,12395051,75.77,76.48,75.06,75.83,12395051,18.94,19.12,18.77,18.96,49580203
2018-08-10,76.44,77.22,75.65,76.21,10697789,76.44,77.22,75.65,76.21,10697789,19.11,19.31,18.91,19.05,42791158
2018-08-13,77.11,77.61,76.62,76.97,12438872,77.11,77.61,76.62,76.97,12438872,19.28,19.40,19.15,19.24,49755489
2018-08-14,78.40,78.53,78.27,78.38,8626302,78.40,78.53,78.27,78.38,8626302,19.60,19.63,19.57,19.59,34505208
2018-08-15,77.54,78.17,76.90,77.83,7988165,77.54,78.17,76.90,77.83,7988165,19.38,19.54,19.22,19.46,31952661
2018-08-16,77.98,78.90,77.06,78.06,9096095,77.98,78.90,77.06,78.06,9096095,19.49,19.73,19.26,19.52,36384381
2018-08-17,76.90,77.60,76.19,76.99,13913380,76.90,77.60,76.19,76.99,13913380,19.22,19.40,19.05,19.25,55653520
2018-08-20,76.11,77.01,75.21,76.03,15132539,76.11,77.01,75.21,76.03,15132539,19.03,19.25,18.80,19.01,60530158
2018-08-21,77.81,78.72,76.89,77.79,9750936,77.81,78.72,76.89,77.79,9750936,19.45,19.68,19.22,19.45,39003743
2018-08-22,76.98,78.14,75.82,76.88,14051074,76.98,78.14,75.82,76.88,14051074,19.24,19.53,18.96,19.22,56204296
2018-08-23,77.98,78.41,77.56,77.74,11129352,77.98,78.41,77.56,77.74,11129352,19.50,19.60,19.39,19.43,44517407
2018-08-24,76.05,77.01,75.09,76.10,12062208,76.05,77.01,75.09,76.10,12062208,19.01,19.25,18.77,19.03,48248833
2018-08-27,72.02,73.07,70.98,72.18,9692423,72.02,73.07,70.98,72.18,9692423,18.01,18.27,17.74,18.04,38769694
2018-08-28,73.72,74.85,72.60,73.74,9032137,73.72,74.85,72.60,73.74,9032137,18.43,18.71,18.15,18.44,36128547
2018-08-29,72.32,73.18,71.45,72.07,15051552,72.32,73.18,71.45,72.07,15051552,18.08,18.30,17.86,18.02,60206207
2018-08-30,74.11,75.58,72.64,74.45,11148177,74.11,75.58,72.64,74.45,11148177,18.53,18.89,18.16,18.61,44592709
2018-08-31,74.15,74.81,73.50,73.97,14101190,74.15,74.81,73.50,73.97,14101190,18.54,18.70,18.37,18.49,56404761
2018-09-03,74.36,75.21,73.52,74.28,8720968,74.36,75.21,73.52,74.28,8720968,18.59,18.80,18.38,18.57,34883871
2018-09-04,73.64,74.45,72.83,73.55,11787231,73.64,74.45,72.83,73.55,11787231,18.41,18.61,18.21,18.39,47148925
2018-09-05,76.02,76.62,75.42,76.03,8383314,76.02,76.62,75.42,76.03,8383314,19.01,19.16,18.86,19.01,33533256
2018-09-06,75.15,76.03,74.28,75.05,14387983,75.15,76.03,74.28,75.05,14387983,18.79,19.01,18.57,18.76,57551933
2018-09-07,76.09,76.85,75.33,75.53,14317497,76.09,76.85,75.33,75.53,14317497,19.02,19.21,18.83,18.88,57269989
2018-09-10,76.85,77.72,75.98,76.34,14315767,76.85,77.72,75.98,76.34,14315767,19.21,19.43,19.00,19.09,57263067
2018-09-11,77.64,78.23,77.05,77.59,8205170,77.64,78.23,77.05,77.59,8205170,19.41,19.56,19.26,19.40,32820680
2018-09-12,78.87,79.50,78.23,78.79,8388769,78.87,79.50,78.23,78.79,8388769,19.72,19.88,19.56,19.70,33555074
2018-09-13,78.28,79.36,77.21,77.86,11444203,78.28,79.36,77.21,77.86,11444203,19.57,19.84,19.30,19.46,45776813
2018-09-14,78.90,80.01,77.80,78.72,12006391,78.90,80.01,77.80,78.72,12006391,19.73,20.00,19.45,19.68,48025565
2018-09-17,80.34,81.05,79.63,80.22,11379707,80.34,81.05,79.63,80.22,11379707,20.08,20.26,19.91,20.06,45518826
2018-09-18,80.15,81.70,78.61,80.04,15187266,80.15,81.70,78.61,80.04,15187266,20.04,20.42,19.65,20.01,60749066
2018-09-19,79.04,79.32,78.76,78.76,13673724,79.04,79.32,78.76,78.76,13673724,19.76,19.83,19.69,19.69,54694895
2018-09-20,77.92,79.16,76.69,77.73,14332829,77.92,79.16,76.69,77.73,14332829,19.48,19.79,19.17,19.43,57331316
2018-09-21,77.88,78.94,76.82,77.71,14308092,77.88,78.94,76.82,77.71,14308092,19.47,19.74,19.21,19.43,57232369
2018-09-24,80.79,81.95,79.63,80.39,15200079,80.79,81.95,79.63,80.39,15200079,20.20,20.49,19.91,20.10,60800315
2018-09-25,82.45,83.10,81.81,81.81,8224563,82.45,83.10,81.81,81.81,8224563,20.61,20.77,20.45,20.45,32898254
2018-09-26,83.77,84.34,83.21,83.34,9540244,83.77,84.34,83.21,83.34,9540244,20.94,21.08,20.80,20.84,38160975
2018-09-27,83.68,84.02,83.34,83.56,12500692,83.68,84.02,83.34,83.56,12500692,20.92,21.00,20.83,20.89,50002768
2018-09-28,84.33,85.44,83.22,84.46,14626948,84.33,85.44,83.22,84.46,14626948,21.08,21.36,20.80,21.11,58507790
2018-10-01,84.51,84.91,84.10,84.29,10445800,84.51,84.91,84.10,84.29,10445800,21.13,21.23,21.03,21.07,41783199
2018-10-02,87.10,87.73,86.48,87.02,15719704,87.10,87.73,86.48,87.02,15719704,21.78,21.93,21.62,21.75,62878816
2018-10-03,87.70,88.93,86.47,87.53,14911476,87.70,88.93,86.47,87.53,14911476,21.93,22.23,21.62,21.88,59645904
2018-10-04,88.12,89.12,87.12,87.25,15494214,88.12,89.12,87.12,87.25,15494214,22.03,22.28,21.78,21.81,61976854
2018-10-05,87.37,88.30,86.44,87.10,10803026,87.37,88.30,86.44,87.10,10803026,21.84,22.07,21.61,21.78,43212105
2018-10-08,88.41,89.16,87.65,88.30,13047877,88.41,89.16,87.65,88.30,13047877,22.10,22.29,21.91,22.08,52191509
2018-10-09,86.17,86.77,85.58,85.71,15650462,86.17,86.77,85.58,85.71,15650462,21.54,21.69,21.40,21.43,62601846
2018-10-10,83.42,84.49,82.35,83.62,15072093,83.42,84.49,82.35,83.62,15072093,20.85,21.12,20.59,20.91,60288372
2018-10-11,85.32,85.98,84.66,85.47,13229094,85.32,85.98,84.66,85.47,13229094,21.33,21.50,21.16,21.37,52916376
2018-10-12,86.06,86.58,85.53,86.00,12396484,86.06,86.58,85.53,86.00,12396484,21.51,21.65,21.38,21.50,49585935
2018-10-15,86.15,87.05,85.25,85.85,12941007,86.15,87.05,85.25,85.85,12941007,21.54,21.76,21.31,21.46,51764028
2018-10-16,83.36,84.10,82.63,83.48,15700372,83.36,84.10,82.63,83.48,15700372,20.84,21.02,20.66,20.87,62801488
2018-10-17,83.38,84.46,82.30,82.81,11775501,83.38,84.46,82.30,82.81,11775501,20.84,21.11,20.57,20.70,47102002
2018-10-18,83.62,84.21,83.02,83.05,13366895,83.62,84.21,83.02,83.05,13366895,20.90,21.05,20.76,20.76,53467581
2018-10-19,81.72,83.10,80.34,82.19,7921003,81.72,83.10,80.34,82.19,7921003,20.43,20.78,20.08,20.55,31684010
2018-10-22,82.40,83.28,81.51,82.31,10615912,82.40,83.28,81.51,82.31,10615912,20.60,20.82,20.38,20.58,42463647
2018-10-23,79.54,80.62,78.47,79.52,9017274,79.54,80.62,78.47,79.52,9017274,19.89,20.16,19.62,19.88,36069095
2018-10-24,79.08,80.07,78.09,78.87,12796979,79.08,80.07,78.09,78.87,12796979,19.77,20.02,19.52,19.72,51187917
2018-10-25,78.60,79.63,77.58,78.03,11514508,78.60,79.63,77.58,78.03,11514508,19.65,19.91,19.39,19.51,46058031
2018-10-26,78.39,78.47,78.31,78.35,14259747,78.39,78.47,78.31,78.35,14259747,19.60,19.62,19.58,19.59,57038986
2018-10-29,79.37,80.24,78.49,79.03,10627178,79.37,80.24,78.49,79.03,10627178,19.84,20.06,19.62,19.76,42508714
2018-10-30,78.77,80.07,77.47,78.67,15474377,78.77,80.07,77.47,78.67,15474377,19.69,20.02,19.37,19.67,61897507
2018-10-31,81.77,82.28,81.27,81.60,11506969,81.77,82.28,81.27,81.60,11506969,20.44,20.57,20.32,20.40,46027878
2018-11-01,81.91,82.95,80.87,81.71,10761495,81.91,82.95,80.87,81.71,10761495,20.48,20.74,20.22,20.43,43045980
2018-11-02,81.99,82.82,81.16,81.68,8990847,81.99,82.82,81.16,81.68,8990847,20.50,20.70,20.29,20.42,35963390
2018-11-05,80.72,81.52,79.92,80.72,11379732,80.72,81.52,79.92,80.72,11379732,20.18,20.38,19.98,20.18,45518926
2018-11-06,80.46,81.04,79.88,79.95,14916018,80.46,81.04,79.88,79.95,14916018,20.11,20.26,19.97,19.99,59664072
2018-11-07,79.85,80.43,79.27,79.54,12505876,79.85,80.43,79.27,79.54,12505876,19.96,20.11,19.82,19.88,50023503
2018-11-08,81.51,82.30,80.73,81.30,14112664,81.51,82.30,80.73,81.30,14112664,20.38,20.57,20.18,20.32,56450655
2018-11-09,78.75,79.29,78.22,79.28,8106860,78.75,79.29,78.22,79.28,8106860,19.69,19.82,19.55,19.82,32427439
2018-11-12,81.11,81.75,80.47,80.65,7988732,81.11,81.75,80.47,80.65,7988732,20.28,20.44,20.12,20.16,31954926
2018-11-13,80.33,81.64,79.02,80.71,14034023,80.33,81.64,79.02,80.71,14034023,20.08,20.41,19.76,20.18,56136092
2018-11-14,76.83,77.71,75.95,76.64,14748863,76.83,77.71,75.95,76.64,14748863,19.21,19.43,18.99,19.16,58995452
2018-11-15,74.03,74.51,73.55,74.04,10052362,74.03,74.51,73.55,74.04,10052362,18.51,18.63,18.39,18.51,40209447
2018-11-16,73.85,74.57,73.14,73.92,10803944,73.85,74.57,73.14,73.92,10803944,18.46,18.64,18.29,18.48,43215778
2018-11-19,73.94,74.53,73.35,73.57,15543355,73.94,74.53,73.35,73.57,15543355,18.49,18.63,18.34,18.39,62173418
2018-11-20,73.69,74.98,72.39,73.39,14897417,73.69,74.98,72.39,73.39,14897417,18.42,18.75,18.10,18.35,59589667
2018-11-21,74.66,75.49,73.83,74.44,10245580,74.66,75.49,73.83,74.44,10245580,18.66,18.87,18.46,18.61,40982322
2018-11-22,74.30,75.19,73.42,74.22,11722434,74.30,75.19,73.42,74.22,11722434,18.58,18.80,18.35,18.55,46889736
2018-11-23,74.45,75.69,73.20,74.12,15500312,74.45,75.69,73.20,74.12,15500312,18.61,18.92,18.30,18.53,62001247
2018-11-26,73.45,74.27,72.63,73.14,12950062,73.45,74.27,72.63,73.14,12950062,18.36,18.57,18.16,18.29,51800249
2018-11-27,72.79,73.35,72.23,72.68,14868895,72.79,73.35,72.23,72.68,14868895,18.20,18.34,18.06,18.17,59475580
2018-11-28,73.41,73.74,73.07,73.55,10732553,73.41,73.74,73.07,73.55,10732553,18.35,18.44,18.27,18.39,42930211
2018-11-29,73.52,74.45,72.59,73.25,10430049,73.52,74.45,72.59,73.25,10430049,18.38,18.61,18.15,18.31,41720196
2018-11-30,74.70,75.55,73.84,74.86,15385945,74.70,75.55,73.84,74.86,15385945,18.67,18.89,18.46,18.72,61543778
2018-12-03,75.39,76.39,74.39,75.64,14344380,75.39,76.39,74.39,75.64,14344380,18.85,19.10,18.60,18.91,57377518
2018-12-04,73.39,74.02,72.76,73.12,9016820,73.39,74.02,72.76,73.12,9016820,18.35,18.51,18.19,18.28,36067278
2018-12-05,72.32,73.37,71.26,72.09,9320622,72.32,73.37,71.26,72.09,9320622,18.08,18.34,17.82,18.02,37282490
2018-12-06,72.31,73.24,71.38,72.04,10310685,72.31,73.24,71.38,72.04,10310685,18.08,18.31,17.85,18.01,41242741
2018-12-07,71.94,72.45,71.42,71.86,13283463,71.94,72.45,71.42,71.86,13283463,17.98,18.11,17.86,17.97,53133853
2018-12-10,71.69,72.59,70.79,71.38,9426500,71.69,72.59,70.79,71.38,9426500,17.92,18.15,17.70,17.84,37706000
2018-12-11,72.92,73.61,72.22,72.37,10766252,72.92,73.61,72.22,72.37,10766252,18.23,18.40,18.06,18.09,43065010
2018-12-12,71.19,71.93,70.46,70.81,11464963,71.19,71.93,70.46,70.81,11464963,17.80,17.98,17.61,17.70,45859854
2018-12-13,72.72,73.96,71.49,72.42,9754870,72.72,73.96,71.49,72.42,9754870,18.18,18.49,17.87,18.11,39019481
2018-12-14,73.34,74.18,72.50,73.02,9115528,73.34,74.18,72.50,73.02,9115528,18.33,18.54,18.12,18.25,36462111
2018-12-17,75.37,75.99,74.75,75.55,11257247,75.37,75.99,74.75,75.55,11257247,18.84,19.00,18.69,18.89,45028988
2018-12-18,77.49,78.32,76.67,77.64,10443292,77.49,78.32,76.67,77.64,10443292,19.37,19.58,19.17,19.41,41773168
2018-12-19,77.33,78.40,76.25,76.90,12799965,77.33,78.40,76.25,76.90,12799965,19.33,19.60,19.06,19.23,51199861
2018-12-20,75.19,75.88,74.50,75.56,10494418,75.19,75.88,74.50,75.56,10494418,18.80,18.97,18.62,18.89,41977673
2018-12-21,73.12,74.33,71.92,73.24,9022440,73.12,74.33,71.92,73.24,9022440,18.28,18.58,17.98,18.31,36089758
2018-12-24,71.68,72.41,70.95,71.80,11865758,71.68,72.41,70.95,71.80,11865758,17.92,18.10,17.74,17.95,47463030
2018-12-25,68.43,69.16,67.70,68.59,15328474,68.43,69.16,67.70,68.59,15328474,17.11,17.29,16.92,17.15,61313894
2018-12-26,66.65,67.38,65.92,66.92,10855465,66.65,67.38,65.92,66.92,10855465,16.66,16.85,16.48,16.73,43421861
2018-12-27,67.68,68.56,66.79,67.58,13913579,67.68,68.56,66.79,67.58,13913579,16.92,17.14,16.70,16.89,55654315
2018-12-28,68.74,69.56,67.92,68.35,11504509,68.74,69.56,67.92,68.35,11504509,17.18,17.39,16.98,17.09,46018034
2018-12-31,68.22,68.94,67.50,68.14,12496678,68.22,68.94,67.50,68.14,12496678,17.06,17.24,16.88,17.04,49986713
2019-01-01,69.57,70.08,69.05,69.64,14963586,69.57,70.08,69.05,69.64,14963586,17.39,17.52,17.26,17.41,59854345
2019-01-02,71.15,72.01,70.29,71.34,10227382,71.15,72.01,70.29,71.34,10227382,17.79,18.00,17.57,17.83,40909528
2019-01-03,72.74,73.35,72.14,72.69,12541649,72.74,73.35,72.14,72.69,12541649,18.19,18.34,18.04,18.17,50166596
2019-01-04,74.36,74.95,73.77,74.09,15740494,74.36,74.95,73.77,74.09,15740494,18.59,18.74,18.44,18.52,62961975
2019-01-07,73.71,74.22,73.21,73.55,14105267,73.71,74.22,73.21,73.55,14105267,18.43,18.55,18.30,18.39,56421066
2019-01-08,74.35,74.95,73.74,74.33,11202681,74.35,74.95,73.74,74.33,11202681,18.59,18.74,18.44,18.58,44810724
2019-01-09,73.97,74.90,73.05,74.16,14116321,73.97,74.90,73.05,74.16,14116321,18.49,18.73,18.26,18.54,56465285
2019-01-10,74.29,75.33,73.24,73.82,12353116,74.29,75.33,73.24,73.82,12353116,18.57,18.83,18.31,18.45,49412464
2019-01-11,75.36,76.21,74.51,75.64,12741400,75.36,76.21,74.51,75.64,12741400,18.84,19.05,18.63,18.91,50965599
2019-01-14,77.45,78.42,76.48,77.86,14718972,77.45,78.42,76.48,77.86,14718972,19.36,19.60,19.12,19.47,58875888
2019-01-15,77.17,77.63,76.72,76.84,14297060,77.17,77.63,76.72,76.84,14297060,19.29,19.41,19.18,19.21,57188241
2019-01-16,79.45,80.53,78.37,78.85,10302532,79.45,80.53,78.37,78.85,10302532,19.86,20.13,19.59,19.71,41210127
2019-01-17,77.82,78.75,76.89,78.31,12428377,77.82,78.75,76.89,78.31,12428377,19.45,19.69,19.22,19.58,49713510
2019-01-18,80.15,80.92,79.38,80.02,8950638,80.15,80.92,79.38,80.02,8950638,20.04,20.23,19.85,20.01,35802552
2019-01-21,83.32,85.11,81.53,83.01,15524221,83.32,85.11,81.53,83.01,15524221,20.83,21.28,20.38,20.75,62096886
2019-01-22,83.88,84.38,83.39,83.89,9267437,83.88,84.38,83.39,83.89,9267437,20.97,21.10,20.85,20.97,37069747
2019-01-23,87.62,89.14,86.10,87.30,13646700,87.62,89.14,86.10,87.30,13646700,21.91,22.28,21.53,21.83,54586800
2019-01-24,86.10,86.97,85.22,85.97,14884858,86.10,86.97,85.22,85.97,14884858,21.52,21.74,21.31,21.49,59539430
2019-01-25,83.12,83.92,82.33,82.80,8660673,83.12,83.92,82.33,82.80,8660673,20.78,20.98,20.58,20.70,34642693
2019-01-28,81.84,82.72,80.96,81.76,14028419,81.84,82.72,80.96,81.76,14028419,20.46,20.68,20.24,20.44,56113677
2019-01-29,82.33,82.83,81.83,81.88,10097885,82.33,82.83,81.83,81.88,10097885,20.58,20.71,20.46,20.47,40391539
2019-01-30,84.68,85.65,83.71,84.28,15545077,84.68,85.65,83.71,84.28,15545077,21.17,21.41,20.93,21.07,62180310
2019-01-31,83.70,84.91,82.50,83.95,13367789,83.70,84.91,82.50,83.95,13367789,20.93,21.23,20.62,20.99,53471156
2019-02-01,84.27,85.48,83.05,84.52,10301495,84.27,85.48,83.05,84.52,10301495,21.07,21.37,20.76,21.13,41205982
2019-02-04,87.66,89.20,86.11,86.46,13038007,87.66,89.20,86.11,86.46,13038007,21.91,22.30,21.53,21.61,52152026
2019-02-05,88.03,89.29,86.76,87.29,9761888,88.03,89.29,86.76,87.29,9761888,22.01,22.32,21.69,21.82,39047552
2019-02-06,85.27,86.14,84.41,85.25,9646729,85.27,86.14,84.41,85.25,9646729,21.32,21.53,21.10,21.31,38586915
2019-02-07,87.22,88.15,86.30,87.06,9565327,87.22,88.15,86.30,87.06,9565327,21.81,22.04,21.57,21.77,38261308
2019-02-08,87.20,88.43,85.97,87.26,10042357,87.20,88.43,85.97,87.26,10042357,21.80,22.11,21.49,21.82,40169428
2019-02-11,85.19,86.21,84.17,85.42,15657451,85.19,86.21,84.17,85.42,15657451,21.30,21.55,21.04,21.36,62629804
2019-02-12,87.48,88.47,86.49,87.28,13682711,87.48,88.47,86.49,87.28,13682711,21.87,22.12,21.62,21.82,54730843
2019-02-13,86.25,87.09,85.42,86.52,10680098,86.25,87.09,85.42,86.52,10680098,21.56,21.77,21.35,21.63,42720392
2019-02-14,87.83,88.19,87.47,87.77,9508102,87.83,88.19,87.47,87.77,9508102,21.96,22.05,21.87,21.94,38032406
2019-02-15,86.16,86.75,85.57,86.27,15455236,86.16,86.75,85.57,86.27,15455236,21.54,21.69,21.39,21.57,61820942
2019-02-18,83.14,83.96,82.33,83.43,13273533,83.14,83.96,82.33,83.43,13273533,20.79,20.99,20.58,20.86,53094132
2019-02-19,81.64,82.39,80.89,81.69,15108267,81.64,82.39,80.89,81.69,15108267,20.41,20.60,20.22,20.42,60433070
2019-02-20,82.12,82.90,81.35,81.78,10409802,82.12,82.90,81.35,81.78,10409802,20.53,20.72,20.34,20.44,41639209
2019-02-21,85.36,86.11,84.61,85.12,14319778,85.36,86.11,84.61,85.12,14319778,21.34,21.53,21.15,21.28,57279114
2019-02-22,85.45,86.27,84.63,85.37,9318140,85.45,86.27,84.63,85.37,9318140,21.36,21.57,21.16,21.34,37272560
2019-02-25,85.85,86.82,84.89,86.10,9386876,85.85,86.82,84.89,86.10,9386876,21.46,21.70,21.22,21.53,37547504
2019-02-26,83.79,84.44,83.14,84.10,11071946,83.79,84.44,83.14,84.10,11071946,20.95,21.11,20.78,21.03,44287786
2019-02-27,85.90,86.98,84.81,85.69,8766566,85.90,86.98,84.81,85.69,8766566,21.47,21.75,21.20,21.42,35066262
2019-02-28,85.30,86.04,84.57,85.48,8485281,85.30,86.04,84.57,85.48,8485281,21.33,21.51,21.14,21.37,33941125
2019-03-01,85.24,86.02,84.46,85.01,15417570,85.24,86.02,84.46,85.01,15417570,21.31,21.50,21.11,21.25,61670279
2019-03-04,82.16,82.87,81.45,82.28,10830026,82.16,82.87,81.45,82.28,10830026,20.54,20.72,20.36,20.57,43320104
2019-03-05,82.50,83.06,81.94,82.57,11908757,82.50,83.06,81.94,82.57,11908757,20.62,20.76,20.48,20.64,47635026
2019-03-06,80.35,81.04,79.65,80.26,11880881,80.35,81.04,79.65,80.26,11880881,20.09,20.26,19.91,20.06,47523525
2019-03-07,79.11,80.12,78.10,79.15,8374663,79.11,80.12,78.10,79.15,8374663,19.78,20.03,19.52,19.79,33498653
2019-03-08,78.70,79.77,77.63,78.76,13002247,78.70,79.77,77.63,78.76,13002247,19.68,19.94,19.41,19.69,52008988
2019-03-11,80.06,80.91,79.21,80.11,13598397,80.06,80.91,79.21,80.11,13598397,20.02,20.23,19.80,20.03,54393587
2019-03-12,79.61,80.32,78.91,79.71,15493483,79.61,80.32,78.91,79.71,15493483,19.90,20.08,19.73,19.93,61973933
2019-03-13,81.12,81.82,80.41,80.87,8366418,81.12,81.82,80.41,80.87,8366418,20.28,20.45,20.10,20.22,33465673
2019-03-14,80.27,81.09,79.46,80.04,13771358,80.27,81.09,79.46,80.04,13771358,20.07,20.27,19.87,20.01,55085431
2019-03-15,79.32,80.19,78.45,79.14,8913744,79.32,80.19,78.45,79.14,8913744,19.83,20.05,19.61,19.78,35654974
2019-03-18,79.10,79.93,78.26,79.15,10333273,79.10,79.93,78.26,79.15,10333273,19.77,19.98,19.56,19.79,41333093
2019-03-19,78.50,79.32,77.68,78.72,11498067,78.50,79.32,77.68,78.72,11498067,19.62,19.83,19.42,19.68,45992268
2019-03-20,77.99,78.67,77.31,78.39,11936707,77.99,78.67,77.31,78.39,11936707,19.50,19.67,19.33,19.60,47746827
2019-03-21,79.62,80.52,78.72,79.62,9767452,79.62,80.52,78.72,79.62,9767452,19.91,20.13,19.68,19.91,39069808
2019-03-22,82.32,83.55,81.10,81.97,10823685,82.32,83.55,81.10,81.97,10823685,20.58,20.89,20.28,20.49,43294739
2019-03-25,81.49,82.66,80.31,81.38,12223211,81.49,82.66,80.31,81.38,12223211,20.37,20.66,20.08,20.34,48892845
2019-03-26,80.45,81.61,79.30,80.31,10222660,80.45,81.61,79.30,80.31,10222660,20.11,20.40,19.82,20.08,40890640
2019-03-27,80.49,81.11,79.87,80.41,12275557,80.49,81.11,79.87,80.41,12275557,20.12,20.28,19.97,20.10,49102226
2019-03-28,80.75,81.95,79.56,80.76,12795633,80.75,81.95,79.56,80.76,12795633,20.19,20.49,19.89,20.19,51182532
2019-03-29,78.68,79.39,77.97,78.89,12872214,78.68,79.39,77.97,78.89,12872214,19.67,19.85,19.49,19.72,51488854
2019-04-01,78.60,79.51,77.69,78.58,10629199,78.60,79.51,77.69,78.58,10629199,19.65,19.88,19.42,19.65,42516797
2019-04-02,78.67,79.49,77.85,78.77,10029376,78.67,79.49,77.85,78.77,10029376,19.67,19.87,19.46,19.69,40117505
2019-04-03,81.91,83.22,80.60,81.64,12549716,81.91,83.22,80.60,81.64,12549716,20.48,20.80,20.15,20.41,50198863
2019-04-04,83.64,84.72,82.56,83.75,9648968,83.64,84.72,82.56,83.75,9648968,20.91,21.18,20.64,20.94,38595872
2019-04-05,83.57,83.94,83.20,83.41,9184293,83.57,83.94,83.20,83.41,9184293,20.89,20.99,20.80,20.85,36737172
2019-04-08,84.60,85.94,83.26,84.32,10490720,84.60,85.94,83.26,84.32,10490720,21.15,21.49,20.81,21.08,41962880
2019-04-09,83.31,84.22,82.40,83.15,15730357,83.31,84.22,82.40,83.15,15730357,20.83,21.06,20.60,20.79,62921429
2019-04-10,84.25,85.10,83.40,84.08,8558837,84.25,85.10,83.40,84.08,8558837,21.06,21.27,20.85,21.02,34235347
2019-04-11,84.62,85.61,83.62,84.50,11987111,84.62,85.61,83.62,84.50,11987111,21.15,21.40,20.91,21.12,47948443
2019-04-12,84.68,85.19,84.17,85.19,11565934,84.68,85.19,84.17,85.19,11565934,21.17,21.30,21.04,21.30,46263737
2019-04-15,86.17,87.39,84.95,86.27,14669392,86.17,87.39,84.95,86.27,14669392,21.54,21.85,21.24,21.57,58677567
2019-04-16,86.45,86.99,85.90,86.89,12911644,86.45,86.99,85.90,86.89,12911644,21.61,21.75,21.48,21.72,51646577
2019-04-17,85.82,86.77,84.88,85.78,14499361,85.82,86.77,84.88,85.78,14499361,21.46,21.69,21.22,21.45,57997444
2019-04-18,85.47,87.01,83.93,85.60,13446991,85.47,87.01,83.93,85.60,13446991,21.37,21.75,20.98,21.40,53787964
2019-04-19,84.53,85.41,83.65,84.46,13114940,84.53,85.41,83.65,84.46,13114940,21.13,21.35,20.91,21.11,52459761
2019-04-22,85.34,86.15,84.53,85.41,15377879,85.34,86.15,84.53,85.41,15377879,21.34,21.54,21.13,21.35,61511518
2019-04-23,84.54,86.05,83.02,84.87,8715551,84.54,86.05,83.02,84.87,8715551,21.13,21.51,20.76,21.22,34862205
2019-04-24,84.04,84.83,83.26,84.14,12165735,84.04,84.83,83.26,84.14,12165735,21.01,21.21,20.81,21.04,48662941
2019-04-25,86.21,86.99,85.44,85.90,14871356,86.21,86.99,85.44,85.90,14871356,21.55,21.75,21.36,21.47,59485423
2019-04-26,87.58,89.25,85.92,87.37,9205728,87.58,89.25,85.92,87.37,9205728,21.90,22.31,21.48,21.84,36822913
2019-04-29,89.03,89.63,88.43,88.76,13141805,89.03,89.63,88.43,88.76,13141805,22.26,22.41,22.11,22.19,52567219
2019-04-30,88.48,89.42,87.54,88.87,8091510,88.48,89.42,87.54,88.87,8091510,22.12,22.36,21.88,22.22,32366040
2019-05-01,88.26,88.85,87.66,88.36,10957201,88.26,88.85,87.66,88.36,10957201,22.06,22.21,21.92,22.09,43828806
2019-05-02,87.97,88.98,86.96,87.79,12959468,87.97,88.98,86.96,87.79,12959468,21.99,22.24,21.74,21.95,51837874
2019-05-03,85.12,85.25,85.00,85.23,10919729,85.12,85.25,85.00,85.23,10919729,21.28,21.31,21.25,21.31,43678914
2019-05-06,84.75,86.64,82.87,84.67,13873678,84.75,86.64,82.87,84.67,13873678,21.19,21.66,20.72,21.17,55494712
2019-05-07,86.69,87.57,85.82,86.91,10909119,86.69,87.57,85.82,86.91,10909119,21.67,21.89,21.45,21.73,43636475
2019-05-08,87.33,88.87,85.80,87.21,8541618,87.33,88.87,85.80,87.21,8541618,21.83,22.22,21.45,21.80,34166473
2019-05-09,84.24,85.73,82.75,84.42,15032205,84.24,85.73,82.75,84.42,15032205,21.06,21.43,20.69,21.11,60128818
2019-05-10,82.85,83.81,81.88,82.70,12543395,82.85,83.81,81.88,82.70,12543395,20.71,20.95,20.47,20.67,50173580
2019-05-13,82.29,83.09,81.49,82.28,11657690,82.29,83.09,81.49,82.28,11657690,20.57,20.77,20.37,20.57,46630760
2019-05-14,82.78,83.41,82.15,82.51,13780600,82.78,83.41,82.15,82.51,13780600,20.69,20.85,20.54,20.63,55122399
2019-05-15,81.03,81.74,80.31,80.83,8422794,81.03,81.74,80.31,80.83,8422794,20.26,20.44,20.08,20.21,33691177
2019-05-16,79.20,80.70,77.70,79.05,8364446,79.20,80.70,77.70,79.05,8364446,19.80,20.18,19.42,19.76,33457786
2019-05-17,76.63,77.27,75.99,77.02,10599415,76.63,77.27,75.99,77.02,10599415,19.16,19.32,19.00,19.26,42397661
2019-05-20,74.89,75.89,73.89,74.50,9151611,74.89,75.89,73.89,74.50,9151611,18.72,18.97,18.47,18.62,36606445
2019-05-21,75.11,76.59,73.64,74.80,12215608,75.11,76.59,73.64,74.80,12215608,18.78,19.15,18.41,18.70,48862433
2019-05-22,74.20,75.33,73.06,73.69,14193036,74.20,75.33,73.06,73.69,14193036,18.55,18.83,18.26,18.42,56772145
2019-05-23,74.33,74.92,73.74,73.94,8616766,74.33,74.92,73.74,73.94,8616766,18.58,18.73,18.44,18.48,34467062
2019-05-24,74.63,75.80,73.47,74.29,11121646,74.63,75.80,73.47,74.29,11121646,18.66,18.95,18.37,18.57,44486584
2019-05-27,75.05,75.93,74.18,74.27,10887924,75.05,75.93,74.18,74.27,10887924,18.76,18.98,18.54,18.57,43551696
2019-05-28,74.28,75.08,73.48,73.72,8788646,74.28,75.08,73.48,73.72,8788646,18.57,18.77,18.37,18.43,35154583
2019-05-29,74.50,74.86,74.14,74.22,9075488,74.50,74.86,74.14,74.22,9075488,18.62,18.71,18.53,18.56,36301951
2019-05-30,76.76,77.78,75.74,76.34,14880767,76.76,77.78,75.74,76.34,14880767,19.19,19.44,18.93,19.09,59523069
2019-05-31,76.37,77.02,75.73,76.05,10357604,76.37,77.02,75.73,76.05,10357604,19.09,19.25,18.93,19.01,41430414
2019-06-03,77.56,78.40,76.72,77.24,12982742,77.56,78.40,76.72,77.24,12982742,19.39,19.60,19.18,19.31,51930967
2019-06-04,79.95,80.98,78.93,79.60,12861873,79.95,80.98,78.93,79.60,12861873,19.99,20.24,19.73,19.90,51447492
2019-06-05,77.75,78.95,76.56,77.55,10135944,77.75,78.95,76.56,77.55,10135944,19.44,19.74,19.14,19.39,40543775
2019-06-06,77.71,78.75,76.67,77.24,15345305,77.71,78.75,76.67,77.24,15345305,19.43,19.69,19.17,19.31,61381220
2019-06-07,80.53,81.32,79.74,80.14,12415213,80.53,81.32,79.74,80.14,12415213,20.13,20.33,19.93,20.04,49660853
2019-06-10,79.99,80.75,79.22,79.63,12528723,79.99,80.75,79.22,79.63,12528723,20.00,20.19,19.81,19.91,50114892
2019-06-11,81.30,82.46,80.14,81.00,13618401,81.30,82.46,80.14,81.00,13618401,20.33,20.62,20.04,20.25,54473604
2019-06-12,80.74,81.66,79.82,80.48,8417907,80.74,81.66,79.82,80.48,8417907,20.19,20.41,19.96,20.12,33671629
2019-06-13,81.06,82.24,79.89,80.80,10867042,81.06,82.24,79.89,80.80,10867042,20.27,20.56,19.97,20.20,43468167
2019-06-14,81.67,82.33,81.00,81.22,7996083,81.67,82.33,81.00,81.22,7996083,20.42,20.58,20.25,20.30,31984332
2019-06-17,81.72,82.56,80.87,82.00,14633031,81.72,82.56,80.87,82.00,14633031,20.43,20.64,20.22,20.50,58532124
2019-06-18,84.67,85.29,84.05,85.24,12935875,84.67,85.29,84.05,85.24,12935875,21.17,21.32,21.01,21.31,51743501
2019-06-19,86.53,87.97,85.09,86.50,8692033,86.53,87.97,85.09,86.50,8692033,21.63,21.99,21.27,21.63,34768131
2019-06-20,86.08,86.95,85.21,86.39,14198988,86.08,86.95,85.21,86.39,14198988,21.52,21.74,21.30,21.60,56795953
2019-06-21,85.68,86.68,84.68,85.68,9846336,85.68,86.68,84.68,85.68,9846336,21.42,21.67,21.17,21.42,39385346
2019-06-24,84.89,86.07,83.71,84.62,14127177,84.89,86.07,83.71,84.62,14127177,21.22,21.52,20.93,21.16,56508709
2019-06-25,87.38,87.96,86.80,86.89,12316687,87.38,87.96,86.80,86.89,12316687,21.85,21.99,21.70,21.72,49266749
2019-06-26,88.97,89.78,88.16,88.41,9367273,88.97,89.78,88.16,88.41,9367273,22.24,22.45,22.04,22.10,37469092
2019-06-27,89.55,90.78,88.33,89.52,9553984,89.55,90.78,88.33,89.52,9553984,22.39,22.69,22.08,22.38,38215935
2019-06-28,88.67,90.13,87.20,88.13,10091963,88.67,90.13,87.20,88.13,10091963,22.17,22.53,21.80,22.03,40367851
2019-07-01,86.63,87.37,85.90,86.37,12522105,86.63,87.37,85.90,86.37,12522105,21.66,21.84,21.47,21.59,50088419
2019-07-02,86.22,87.16,85.28,86.36,11335998,86.22,87.16,85.28,86.36,11335998,21.55,21.79,21.32,21.59,45343994
2019-07-03,86.14,87.15,85.14,85.72,10745121,86.14,87.15,85.14,85.72,10745121,21.54,21.79,21.28,21.43,42980485
2019-07-04,85.34,85.93,84.74,85.39,12817679,85.34,85.93,84.74,85.39,12817679,21.33,21.48,21.18,21.35,51270717
2019-07-05,85.78,87.19,84.37,85.65,12827113,85.78,87.19,84.37,85.65,12827113,21.44,21.80,21.09,21.41,51308453
2019-07-08,85.72,86.55,84.89,86.42,12470694,85.72,86.55,84.89,86.42,12470694,21.43,21.64,21.22,21.61,49882776
2019-07-09,85.52,86.37,84.68,85.25,13287003,85.52,86.37,84.68,85.25,13287003,21.38,21.59,21.17,21.31,53148010
2019-07-10,86.90,87.72,86.08,86.81,14996097,86.90,87.72,86.08,86.81,14996097,21.72,21.93,21.52,21.70,59984389
2019-07-11,88.08,89.32,86.84,87.52,14286014,88.08,89.32,86.84,87.52,14286014,22.02,22.33,21.71,21.88,57144056
2019-07-12,83.85,84.77,82.92,83.72,9898639,83.85,84.77,82.92,83.72,9898639,20.96,21.19,20.73,20.93,39594557
2019-07-15,84.50,85.55,83.45,84.14,15267958,84.50,85.55,83.45,84.14,15267958,21.12,21.39,20.86,21.03,61071830
2019-07-16,84.89,85.87,83.91,85.00,9629281,84.89,85.87,83.91,85.00,9629281,21.22,21.47,20.98,21.25,38517125
2019-07-17,84.19,85.19,83.18,84.15,13328575,84.19,85.19,83.18,84.15,13328575,21.05,21.30,20.80,21.04,53314302
2019-07-18,84.62,85.69,83.55,84.76,15407289,84.62,85.69,83.55,84.76,15407289,21.16,21.42,20.89,21.19,61629155
2019-07-19,85.63,86.70,84.55,85.53,12472121,85.63,86.70,84.55,85.53,12472121,21.41,21.68,21.14,21.38,49888485
2019-07-22,87.94,88.40,87.48,87.90,11719144,87.94,88.40,87.48,87.90,11719144,21.98,22.10,21.87,21.97,46876574
2019-07-23,87.23,87.84,86.62,86.84,15408276,87.23,87.84,86.62,86.84,15408276,21.81,21.96,21.65,21.71,61633105
2019-07-24,86.47,87.69,85.25,86.17,9539512,86.47,87.69,85.25,86.17,9539512,21.62,21.92,21.31,21.54,38158049
2019-07-25,86.84,87.90,85.78,86.88,14608015,86.84,87.90,85.78,86.88,14608015,21.71,21.98,21.45,21.72,58432059
2019-07-26,89.81,91.15,88.47,90.27,9225729,89.81,91.15,88.47,90.27,9225729,22.45,22.79,22.12,22.57,36902917
2019-07-29,88.52,89.64,87.41,88.87,14312303,88.52,89.64,87.41,88.87,14312303,22.13,22.41,21.85,22.22,57249211
2019-07-30,89.24,90.29,88.19,89.51,11042092,89.24,90.29,88.19,89.51,11042092,22.31,22.57,22.05,22.38,44168368
2019-07-31,88.79,89.92,87.66,88.63,8037435,88.79,89.92,87.66,88.63,8037435,22.20,22.48,21.91,22.16,32149739
2019-08-01,87.08,88.11,86.05,86.66,9390509,87.08,88.11,86.05,86.66,9390509,21.77,22.03,21.51,21.66,37562037
2019-08-02,87.22,88.38,86.07,86.82,11652379,87.22,88.38,86.07,86.82,11652379,21.81,22.10,21.52,21.70,46609516
2019-08-05,88.45,89.72,87.18,88.56,14660630,88.45,89.72,87.18,88.56,14660630,22.11,22.43,21.79,22.14,58642519
2019-08-06,87.26,87.85,86.68,87.04,15591005,87.26,87.85,86.68,87.04,15591005,21.82,21.96,21.67,21.76,62364020
2019-08-07,87.31,87.95,86.67,87.01,12748100,87.31,87.95,86.67,87.01,12748100,21.83,21.99,21.67,21.75,50992399
2019-08-08,83.80,84.81,82.80,83.93,14568628,83.80,84.81,82.80,83.93,14568628,20.95,21.20,20.70,20.98,58274513
2019-08-09,82.92,84.01,81.83,83.02,9776679,82.92,84.01,81.83,83.02,9776679,20.73,21.00,20.46,20.75,39106716
2019-08-12,82.48,83.40,81.56,82.83,8228745,82.48,83.40,81.56,82.83,8228745,20.62,20.85,20.39,20.71,32914982
2019-08-13,84.59,85.93,83.24,84.83,14962686,84.59,85.93,83.24,84.83,14962686,21.15,21.48,20.81,21.21,59850743
2019-08-14,82.78,83.68,81.87,82.94,13650399,82.78,83.68,81.87,82.94,13650399,20.69,20.92,20.47,20.73,54601595
2019-08-15,85.94,86.65,85.23,85.62,12363037,85.94,86.65,85.23,85.62,12363037,21.48,21.66,21.31,21.40,49452148
2019-08-16,86.87,88.21,85.53,85.76,14796357,86.87,88.21,85.53,85.76,14796357,21.72,22.05,21.38,21.44,59185427
2019-08-19,85.84,87.20,84.47,85.76,11966766,85.84,87.20,84.47,85.76,11966766,21.46,21.80,21.12,21.44,47867062
2019-08-20,81.46,82.47,80.44,81.44,10059974,81.46,82.47,80.44,81.44,10059974,20.36,20.62,20.11,20.36,40239895
2019-08-21,84.86,86.14,83.57,84.89,9274672,84.86,86.14,83.57,84.89,9274672,21.21,21.54,20.89,21.22,37098689
2019-08-22,87.93,88.84,87.03,87.81,11241737,87.93,88.84,87.03,87.81,11241737,21.98,22.21,21.76,21.95,44966948
2019-08-23,89.37,89.99,88.75,89.03,15257019,89.37,89.99,88.75,89.03,15257019,22.34,22.50,22.19,22.26,61028077
2019-08-26,89.19,90.14,88.25,89.08,15173139,89.19,90.14,88.25,89.08,15173139,22.30,22.53,22.06,22.27,60692555
2019-08-27,88.04,88.95,87.12,87.99,9333070,88.04,88.95,87.12,87.99,9333070,22.01,22.24,21.78,22.00,37332278
2019-08-28,85.49,86.66,84.31,85.11,14746867,85.49,86.66,84.31,85.11,14746867,21.37,21.67,21.08,21.28,58987466
2019-08-29,85.82,86.65,84.99,86.29,13518791,85.82,86.65,84.99,86.29,13518791,21.46,21.66,21.25,21.57,54075164
2019-08-30,86.14,86.96,85.31,85.83,8764974,86.14,86.96,85.31,85.83,8764974,21.53,21.74,21.33,21.46,35059898
2019-09-02,84.75,85.65,83.84,84.87,12313389,84.75,85.65,83.84,84.87,12313389,21.19,21.41,20.96,21.22,49253555
2019-09-03,83.23,83.93,82.53,83.29,8824481,83.23,83.93,82.53,83.29,8824481,20.81,20.98,20.63,20.82,35297924
2019-09-04,83.92,84.98,82.86,83.95,11372546,83.92,84.98,82.86,83.95,11372546,20.98,21.25,20.71,20.99,45490185
2019-09-05,84.59,85.28,83.90,84.27,13367225,84.59,85.28,83.90,84.27,13367225,21.15,21.32,20.98,21.07,53468902
2019-09-06,85.90,86.76,85.04,85.87,11899061,85.90,86.76,85.04,85.87,11899061,21.47,21.69,21.26,21.47,47596243
2019-09-09,84.95,85.72,84.18,85.34,11241405,84.95,85.72,84.18,85.34,11241405,21.24,21.43,21.05,21.34,44965619
2019-09-10,88.43,89.53,87.33,88.54,10564967,88.43,89.53,87.33,88.54,10564967,22.11,22.38,21.83,22.14,42259866
2019-09-11,90.14,90.81,89.46,90.08,10347917,90.14,90.81,89.46,90.08,10347917,22.53,22.70,22.37,22.52,41391669
2019-09-12,92.09,93.18,90.99,92.15,10016662,92.09,93.18,90.99,92.15,10016662,23.02,23.30,22.75,23.04,40066649
2019-09-13,92.58,93.39,91.77,93.02,8733557,92.58,93.39,91.77,93.02,8733557,23.14,23.35,22.94,23.25,34934230
2019-09-16,91.73,93.11,90.35,91.81,14255706,91.73,93.11,90.35,91.81,14255706,22.93,23.28,22.59,22.95,57022826
2019-09-17,94.50,95.52,93.49,94.21,15744303,94.50,95.52,93.49,94.21,15744303,23.63,23.88,23.37,23.55,62977211
2019-09-18,95.61,96.59,94.62,95.16,13627689,95.61,96.59,94.62,95.16,13627689,23.90,24.15,23.66,23.79,54510755
2019-09-19,98.42,100.05,96.79,98.46,14145692,98.42,100.05,96.79,98.46,14145692,24.60,25.01,24.20,24.62,56582769
2019-09-20,97.30,97.93,96.67,96.84,10902411,97.30,97.93,96.67,96.84,10902411,24.33,24.48,24.17,24.21,43609643
2019-09-23,97.88,98.91,96.85,97.75,14244309,97.88,98.91,96.85,97.75,14244309,24.47,24.73,24.21,24.44,56977235
2019-09-24,98.06,98.68,97.43,97.50,11635711,98.06,98.68,97.43,97.50,11635711,24.51,24.67,24.36,24.38,46542846
2019-09-25,97.53,98.73,96.33,97.23,8199271,97.53,98.73,96.33,97.23,8199271,24.38,24.68,24.08,24.31,32797085
2019-09-26,99.28,100.33,98.22,98.92,11806070,99.28,100.33,98.22,98.92,11806070,24.82,25.08,24.56,24.73,47224281
2019-09-27,99.55,100.40,98.70,99.19,11978632,99.55,100.40,98.70,99.19,11978632,24.89,25.10,24.68,24.80,47914526
2019-09-30,99.86,100.75,98.97,99.48,8884955,99.86,100.75,98.97,99.48,8884955,24.97,25.19,24.74,24.87,35539818
2019-10-01,98.27,99.81,96.73,98.24,12677782,98.27,99.81,96.73,98.24,12677782,24.57,24.95,24.18,24.56,50711130
2019-10-02,99.56,100.26,98.87,99.02,10879474,99.56,100.26,98.87,99.02,10879474,24.89,25.07,24.72,24.76,43517897
2019-10-03,101.00,102.04,99.95,100.55,13448308,101.00,102.04,99.95,100.55,13448308,25.25,25.51,24.99,25.14,53793232
2019-10-04,100.08,100.90,99.26,99.91,10083973,100.08,100.90,99.26,99.91,10083973,25.02,25.23,24.81,24.98,40335892
2019-10-07,98.61,99.93,97.30,97.95,14730941,98.61,99.93,97.30,97.95,14730941,24.65,24.98,24.32,24.49,58923762
2019-10-08,99.29,99.85,98.74,99.14,8225394,99.29,99.85,98.74,99.14,8225394,24.82,24.96,24.68,24.78,32901574
2019-10-09,99.57,101.15,97.98,99.43,11503005,99.57,101.15,97.98,99.43,11503005,24.89,25.29,24.49,24.86,46012019
2019-10-10,100.66,102.58,98.75,100.39,13118354,100.66,102.58,98.75,100.39,13118354,25.17,25.65,24.69,25.10,52473417
2019-10-11,103.82,104.58,103.06,103.66,11339710,103.82,104.58,103.06,103.66,11339710,25.95,26.14,25.76,25.92,45358839
2019-10-14,106.97,107.78,106.16,106.66,9855295,106.97,107.78,106.16,106.66,9855295,26.74,26.95,26.54,26.67,39421178
2019-10-15,106.60,107.72,105.47,106.08,11578924,106.60,107.72,105.47,106.08,11578924,26.65,26.93,26.37,26.52,46315698
2019-10-16,105.33,107.15,103.52,105.02,11874974,105.33,107.15,103.52,105.02,11874974,26.33,26.79,25.88,26.25,47499898
2019-10-17,105.74,107.37,104.12,105.97,9915571,105.74,107.37,104.12,105.97,9915571,26.44,26.84,26.03,26.49,39662283
2019-10-18,107.67,108.81,106.53,107.68,10808312,107.67,108.81,106.53,107.68,10808312,26.92,27.20,26.63,26.92,43233247
2019-10-21,107.12,108.47,105.78,106.70,14598851,107.12,108.47,105.78,106.70,14598851,26.78,27.12,26.44,26.68,58395405
2019-10-22,104.63,105.56,103.71,103.96,10659742,104.63,105.56,103.71,103.96,10659742,26.16,26.39,25.93,25.99,42638968
2019-10-23,103.29,104.21,102.38,102.92,10251921,103.29,104.21,102.38,102.92,10251921,25.82,26.05,25.59,25.73,41007686
2019-10-24,101.31,102.55,100.07,100.77,15691237,101.31,102.55,100.07,100.77,15691237,25.33,25.64,25.02,25.19,62764949
2019-10-25,100.78,101.78,99.78,100.79,12137191,100.78,101.78,99.78,100.79,12137191,25.20,25.44,24.95,25.20,48548766
2019-10-28,102.03,103.07,100.99,101.62,13054679,102.03,103.07,100.99,101.62,13054679,25.51,25.77,25.25,25.40,52218718
2019-10-29,102.42,104.04,100.81,102.60,14905398,102.42,104.04,100.81,102.60,14905398,25.61,26.01,25.20,25.65,59621594
2019-10-30,100.89,101.88,99.90,101.07,7886397,100.89,101.88,99.90,101.07,7886397,25.22,25.47,24.98,25.27,31545587
2019-10-31,103.43,104.71,102.16,102.99,8090141,103.43,104.71,102.16,102.99,8090141,25.86,26.18,25.54,25.75,32360565
2019-11-01,109.05,110.19,107.91,108.36,14294872,109.05,110.19,107.91,108.36,14294872,27.26,27.55,26.98,27.09,57179488
2019-11-04,107.44,108.34,106.53,107.08,12870878,107.44,108.34,106.53,107.08,12870878,26.86,27.09,26.63,26.77,51483514
2019-11-05,106.81,108.15,105.47,107.38,9724334,106.81,108.15,105.47,107.38,9724334,26.70,27.04,26.37,26.85,38897336
2019-11-06,109.30,110.18,108.41,108.56,15617120,109.30,110.18,108.41,108.56,15617120,27.32,27.54,27.10,27.14,62468482
2019-11-07,110.74,112.03,109.44,110.40,8329673,110.74,112.03,109.44,110.40,8329673,27.68,28.01,27.36,27.60,33318693
2019-11-08,109.69,110.92,108.46,109.54,8704025,109.69,110.92,108.46,109.54,8704025,27.42,27.73,27.12,27.39,34816101
2019-11-11,109.86,110.82,108.90,109.50,8895478,109.86,110.82,108.90,109.50,8895478,27.47,27.71,27.22,27.38,35581913
2019-11-12,111.59,112.94,110.24,110.96,8714578,111.59,112.94,110.24,110.96,8714578,27.90,28.23,27.56,27.74,34858312
2019-11-13,111.33,112.92,109.73,111.35,9011871,111.33,112.92,109.73,111.35,9011871,27.83,28.23,27.43,27.84,36047484
2019-11-14,113.93,114.98,112.89,114.18,11034737,113.93,114.98,112.89,114.18,11034737,28.48,28.74,28.22,28.55,44138948
2019-11-15,118.41,120.48,116.34,117.90,8519324,118.41,120.48,116.34,117.90,8519324,29.60,30.12,29.08,29.47,34077295
2019-11-18,120.55,121.34,119.76,119.95,9737119,120.55,121.34,119.76,119.95,9737119,30.14,30.34,29.94,29.99,38948477
2019-11-19,118.51,119.87,117.14,118.29,12739633,118.51,119.87,117.14,118.29,12739633,29.63,29.97,29.29,29.57,50958533
2019-11-20,122.73,124.36,121.10,122.67,11511068,122.73,124.36,121.10,122.67,11511068,30.68,31.09,30.28,30.67,46044272
2019-11-21,123.06,124.52,121.59,122.85,10309127,123.06,124.52,121.59,122.85,10309127,30.76,31.13,30.40,30.71,41236508
2019-11-22,123.16,125.45,120.87,122.20,9765755,123.16,125.45,120.87,122.20,9765755,30.79,31.36,30.22,30.55,39063021
2019-11-25,126.35,127.62,125.08,125.89,9987411,126.35,127.62,125.08,125.89,9987411,31.59,31.90,31.27,31.47,39949645
2019-11-26,122.92,124.69,121.14,122.87,14735672,122.92,124.69,121.14,122.87,14735672,30.73,31.17,30.29,30.72,58942688
2019-11-27,124.19,125.68,122.69,124.17,8175831,124.19,125.68,122.69,124.17,8175831,31.05,31.42,30.67,31.04,32703325
2019-11-28,124.84,125.58,124.10,124.15,10873177,124.84,125.58,124.10,124.15,10873177,31.21,31.40,31.03,31.04,43492708
2019-11-29,128.08,129.79,126.37,127.79,11449067,128.08,129.79,126.37,127.79,11449067,32.02,32.45,31.59,31.95,45796268
2019-12-02,126.12,127.71,124.52,126.36,13225701,126.12,127.71,124.52,126.36,13225701,31.53,31.93,31.13,31.59,52902806
2019-12-03,125.22,125.87,124.58,124.90,9874296,125.22,125.87,124.58,124.90,9874296,31.31,31.47,31.14,31.23,39497183
2019-12-04,122.31,124.59,120.04,123.04,11743472,122.31,124.59,120.04,123.04,11743472,30.58,31.15,30.01,30.76,46973889
2019-12-05,119.84,121.34,118.34,119.56,10511105,119.84,121.34,118.34,119.56,10511105,29.96,30.34,29.59,29.89,42044419
2019-12-06,124.40,126.18,122.62,124.35,10974681,124.40,126.18,122.62,124.35,10974681,31.10,31.55,30.65,31.09,43898726
2019-12-09,121.51,122.86,120.16,121.29,13599860,121.51,122.86,120.16,121.29,13599860,30.38,30.72,30.04,30.32,54399440
2019-12-10,120.77,122.36,119.18,120.78,15370729,120.77,122.36,119.18,120.78,15370729,30.19,30.59,29.80,30.20,61482914
2019-12-11,122.28,123.45,121.12,121.93,9617097,122.28,123.45,121.12,121.93,9617097,30.57,30.86,30.28,30.48,38468388
2019-12-12,122.44,123.18,121.69,122.18,8218377,122.44,123.18,121.69,122.18,8218377,30.61,30.80,30.42,30.55,32873507
2019-12-13,123.06,124.53,121.58,122.50,8301159,123.06,124.53,121.58,122.50,8301159,30.76,31.13,30.40,30.63,33204637
2019-12-16,123.53,125.24,121.82,123.18,12036796,123.53,125.24,121.82,123.18,12036796,30.88,31.31,30.45,30.80,48147183
2019-12-17,124.25,125.46,123.04,123.84,10164261,124.25,125.46,123.04,123.84,10164261,31.06,31.37,30.76,30.96,40657044
2019-12-18,128.75,129.10,128.40,128.47,15045599,128.75,129.10,128.40,128.47,15045599,32.19,32.27,32.10,32.12,60182396
2019-12-19,127.38,129.21,125.55,128.03,12841269,127.38,129.21,125.55,128.03,12841269,31.85,32.30,31.39,32.01,51365075
2019-12-20,128.67,129.72,127.62,129.10,11425635,128.67,129.72,127.62,129.10,11425635,32.17,32.43,31.91,32.27,45702538
2019-12-23,131.63,133.27,129.99,131.37,12024490,131.63,133.27,129.99,131.37,12024490,32.91,33.32,32.50,32.84,48097960
2019-12-24,132.66,133.22,132.09,132.75,12894164,132.66,133.22,132.09,132.75,12894164,33.16,33.31,33.02,33.19,51576656
2019-12-25,139.71,140.92,138.50,138.65,15378499,139.71,140.92,138.50,138.65,15378499,34.93,35.23,34.62,34.66,61513997
2019-12-26,139.23,140.12,138.34,138.37,8732133,139.23,140.12,138.34,138.37,8732133,34.81,35.03,34.59,34.59,34928533
2019-12-27,138.52,139.49,137.56,138.34,12303490,138.52,139.49,137.56,138.34,12303490,34.63,34.87,34.39,34.58,49213959
2019-12-30,141.30,142.06,140.55,140.90,15013265,141.30,142.06,140.55,140.90,15013265,35.33,35.52,35.14,35.23,60053059
2019-12-31,142.11,143.83,140.40,141.31,15388438,142.11,143.83,140.40,141.31,15388438,35.53,35.96,35.10,35.33,61553752
2020-01-01,140.59,142.14,139.05,140.06,10780640,140.59,142.14,139.05,140.06,10780640,35.15,35.54,34.76,35.02,43122562
2020-01-02,142.88,144.32,141.44,143.60,12311792,142.88,144.32,141.44,143.60,12311792,35.72,36.08,35.36,35.90,49247169
2020-01-03,146.21,148.17,144.24,146.00,11703001,146.21,148.17,144.24,146.00,11703001,36.55,37.04,36.06,36.50,46812002
2020-01-06,148.75,151.57,145.94,148.13,10675483,148.75,151.57,145.94,148.13,10675483,37.19,37.89,36.48,37.03,42701930
2020-01-07,149.43,150.46,148.41,148.83,9513671,149.43,150.46,148.41,148.83,9513671,37.36,37.61,37.10,37.21,38054684
2020-01-08,151.37,153.42,149.32,151.61,9183753,151.37,153.42,149.32,151.61,9183753,37.84,38.36,37.33,37.90,36735014
2020-01-09,152.74,154.83,150.65,152.83,8125108,152.74,154.83,150.65,152.83,8125108,38.19,38.71,37.66,38.21,32500433
2020-01-10,154.58,156.39,152.77,154.43,15084394,154.58,156.39,152.77,154.43,15084394,38.65,39.10,38.19,38.61,60337576
2020-01-13,152.07,152.80,151.34,152.60,12816850,152.07,152.80,151.34,152.60,12816850,38.02,38.20,37.84,38.15,51267399
2020-01-14,146.25,148.21,144.28,146.40,15236807,146.25,148.21,144.28,146.40,15236807,36.56,37.05,36.07,36.60,60947226
2020-01-15,145.10,147.11,143.09,145.32,14837793,145.10,147.11,143.09,145.32,14837793,36.27,36.78,35.77,36.33,59351172
2020-01-16,145.80,147.47,144.12,145.18,11647849,145.80,147.47,144.12,145.18,11647849,36.45,36.87,36.03,36.30,46591396
2020-01-17,144.67,146.52,142.81,144.72,13132052,144.67,146.52,142.81,144.72,13132052,36.17,36.63,35.70,36.18,52528206
2020-01-20,146.45,148.37,144.54,146.65,8822273,146.45,148.37,144.54,146.65,8822273,36.61,37.09,36.13,36.66,35289091
2020-01-21,146.15,148.87,143.42,146.09,14646514,146.15,148.87,143.42,146.09,14646514,36.54,37.22,35.86,36.52,58586055
2020-01-22,152.36,155.22,149.49,151.59,13585628,152.36,155.22,149.49,151.59,13585628,38.09,38.81,37.37,37.90,54342513
2020-01-23,152.38,154.10,150.67,152.08,13131115,152.38,154.10,150.67,152.08,13131115,38.10,38.53,37.67,38.02,52524460
2020-01-24,157.31,158.35,156.27,157.11,13536958,157.31,158.35,156.27,157.11,13536958,39.33,39.59,39.07,39.28,54147831
2020-01-27,156.82,159.07,154.57,156.76,9679278,156.82,159.07,154.57,156.76,9679278,39.21,39.77,38.64,39.19,38717112
2020-01-28,153.55,154.88,152.23,153.68,12782029,153.55,154.88,152.23,153.68,12782029,38.39,38.72,38.06,38.42,51128117
2020-01-29,152.03,154.17,149.88,152.45,13574172,152.03,154.17,149.88,152.45,13574172,38.01,38.54,37.47,38.11,54296689
2020-01-30,153.07,155.17,150.96,152.42,10918656,153.07,155.17,150.96,152.42,10918656,38.27,38.79,37.74,38.10,43674624
2020-01-31,157.65,160.28,155.02,156.82,13599196,157.65,160.28,155.02,156.82,13599196,39.41,40.07,38.75,39.21,54396785
2020-02-03,158.23,158.95,157.50,158.56,13203899,158.23,158.95,157.50,158.56,13203899,39.56,39.74,39.38,39.64,52815597
2020-02-04,155.97,157.52,154.42,155.93,10606537,155.97,157.52,154.42,155.93,10606537,38.99,39.38,38.60,38.98,42426149
2020-02-05,157.18,158.86,155.49,156.54,12438621,157.18,158.86,155.49,156.54,12438621,39.29,39.72,38.87,39.13,49754484
2020-02-06,154.56,155.73,153.40,153.78,7961990,154.56,155.73,153.40,153.78,7961990,38.64,38.93,38.35,38.44,31847960
2020-02-07,146.72,148.64,144.81,147.10,10874083,146.72,148.64,144.81,147.10,10874083,36.68,37.16,36.20,36.77,43496330
2020-02-10,149.78,151.27,148.30,149.95,8722684,149.78,151.27,148.30,149.95,8722684,37.45,37.82,37.07,37.49,34890736
2020-02-11,152.92,154.82,151.01,152.44,15322477,152.92,154.82,151.01,152.44,15322477,38.23,38.71,37.75,38.11,61289908
2020-02-12,145.95,147.62,144.28,145.97,14253655,145.95,147.62,144.28,145.97,14253655,36.49,36.91,36.07,36.49,57014618
2020-02-13,145.61,147.80,143.42,146.00,13924080,145.61,147.80,143.42,146.00,13924080,36.40,36.95,35.85,36.50,55696320
2020-02-14,145.47,147.58,143.35,144.79,9930693,145.47,147.58,143.35,144.79,9930693,36.37,36.89,35.84,36.20,39722770
2020-02-17,143.19,144.41,141.97,143.40,12877666,143.19,144.41,141.97,143.40,12877666,35.80,36.10,35.49,35.85,51510663
2020-02-18,144.01,145.37,142.65,144.33,10948588,144.01,145.37,142.65,144.33,10948588,36.00,36.34,35.66,36.08,43794352
2020-02-19,142.43,143.50,141.36,142.63,10841980,142.43,143.50,141.36,142.63,10841980,35.61,35.87,35.34,35.66,43367919
2020-02-20,140.41,141.50,139.32,140.89,9667056,140.41,141.50,139.32,140.89,9667056,35.10,35.37,34.83,35.22,38668224
2020-02-21,142.72,143.98,141.46,143.06,13174106,142.72,143.98,141.46,143.06,13174106,35.68,35.99,35.37,35.76,52696424
2020-02-24,141.39,144.05,138.73,141.87,10182351,141.39,144.05,138.73,141.87,10182351,35.35,36.01,34.68,35.47,40729403
2020-02-25,142.39,142.96,141.82,142.37,8980357,142.39,142.96,141.82,142.37,8980357,35.60,35.74,35.46,35.59,35921426
2020-02-26,141.42,142.80,140.05,142.16,11346932,141.42,142.80,140.05,142.16,11346932,35.36,35.70,35.01,35.54,45387727
2020-02-27,144.31,145.62,142.99,144.83,10650014,144.31,145.62,142.99,144.83,10650014,36.08,36.41,35.75,36.21,42600057
2020-02-28,143.38,144.96,141.80,143.87,11881431,143.38,144.96,141.80,143.87,11881431,35.85,36.24,35.45,35.97,47525722
2020-03-02,138.94,140.05,137.83,137.98,7922256,138.94,140.05,137.83,137.98,7922256,34.73,35.01,34.46,34.49,31689025
2020-03-03,137.29,138.70,135.89,136.58,13946334,137.29,138.70,135.89,136.58,13946334,34.32,34.67,33.97,34.15,55785335
2020-03-04,133.56,134.67,132.44,134.13,9495443,133.56,134.67,132.44,134.13,9495443,33.39,33.67,33.11,33.53,37981771
2020-03-05,137.15,138.71,135.59,136.56,9521538,137.15,138.71,135.59,136.56,9521538,34.29,34.68,33.90,34.14,38086152
2020-03-06,138.99,139.56,138.41,138.76,14960461,138.99,139.56,138.41,138.76,14960461,34.75,34.89,34.60,34.69,59841844
2020-03-09,144.47,146.01,142.93,143.77,9127628,144.47,146.01,142.93,143.77,9127628,36.12,36.50,35.73,35.94,36510511
2020-03-10,145.01,147.35,142.67,145.39,14335598,145.01,147.35,142.67,145.39,14335598,36.25,36.84,35.67,36.35,57342391
2020-03-11,144.22,145.68,142.75,143.66,15118748,144.22,145.68,142.75,143.66,15118748,36.05,36.42,35.69,35.91,60474992
2020-03-12,139.85,141.36,138.34,139.47,8690167,139.85,141.36,138.34,139.47,8690167,34.96,35.34,34.58,34.87,34760668
2020-03-13,137.04,138.29,135.79,137.18,9634311,137.04,138.29,135.79,137.18,9634311,34.26,34.57,33.95,34.29,38537246
2020-03-16,132.37,133.69,131.04,133.55,8246926,132.37,133.69,131.04,133.55,8246926,33.09,33.42,32.76,33.39,32987702
2020-03-17,134.06,135.33,132.80,134.08,13750390,134.06,135.33,132.80,134.08,13750390,33.52,33.83,33.20,33.52,55001560
2020-03-18,126.00,127.39,124.62,126.33,12657559,126.00,127.39,124.62,126.33,12657559,31.50,31.85,31.15,31.58,50630235
2020-03-19,127.58,129.17,126.00,127.71,14242187,127.58,129.17,126.00,127.71,14242187,31.90,32.29,31.50,31.93,56968748
2020-03-20,129.73,130.75,128.72,129.44,13213223,129.73,130.75,128.72,129.44,13213223,32.43,32.69,32.18,32.36,52852890
2020-03-23,126.46,127.41,125.50,126.32,10278942,126.46,127.41,125.50,126.32,10278942,31.61,31.85,31.38,31.58,41115767
2020-03-24,127.11,128.92,125.30,127.18,12155540,127.11,128.92,125.30,127.18,12155540,31.78,32.23,31.32,31.80,48622159
2020-03-25,126.91,127.89,125.93,127.59,9611974,126.91,127.89,125.93,127.59,9611974,31.73,31.97,31.48,31.90,38447894
2020-03-26,131.09,132.81,129.37,131.50,13690871,131.09,132.81,129.37,131.50,13690871,32.77,33.20,32.34,32.87,54763482
2020-03-27,130.48,131.78,129.18,129.60,14611892,130.48,131.78,129.18,129.60,14611892,32.62,32.94,32.30,32.40,58447568
2020-03-30,131.72,133.87,129.58,132.03,8313373,131.72,133.87,129.58,132.03,8313373,32.93,33.47,32.40,33.01,33253491
2020-03-31,127.40,129.17,125.63,127.39,9340144,127.40,129.17,125.63,127.39,9340144,31.85,32.29,31.41,31.85,37360576
2020-04-01,125.28,125.82,124.73,124.73,13006870,125.28,125.82,124.73,124.73,13006870,31.32,31.46,31.18,31.18,52027479
2020-04-02,129.78,131.77,127.79,128.98,14595708,129.78,131.77,127.79,128.98,14595708,32.44,32.94,31.95,32.25,58382833
2020-04-03,128.02,129.26,126.77,128.39,10752002,128.02,129.26,126.77,128.39,10752002,32.00,32.31,31.69,32.10,43008009
2020-04-06,130.00,131.53,128.47,128.99,11176198,130.00,131.53,128.47,128.99,11176198,32.50,32.88,32.12,32.25,44704791
2020-04-07,135.06,136.66,133.46,134.90,13444207,135.06,136.66,133.46,134.90,13444207,33.76,34.17,33.36,33.73,53776827
2020-04-08,134.83,135.69,133.96,134.90,15081242,134.83,135.69,133.96,134.90,15081242,33.71,33.92,33.49,33.72,60324970
2020-04-09,140.11,141.31,138.91,140.25,14310913,140.11,141.31,138.91,140.25,14310913,35.03,35.33,34.73,35.06,57243653
2020-04-10,141.17,142.67,139.68,139.96,9527614,141.17,142.67,139.68,139.96,9527614,35.29,35.67,34.92,34.99,38110458
2020-04-13,142.40,144.24,140.56,142.63,14978402,142.40,144.24,140.56,142.63,14978402,35.60,36.06,35.14,35.66,59913608
2020-04-14,144.12,145.47,142.76,143.86,12763832,144.12,145.47,142.76,143.86,12763832,36.03,36.37,35.69,35.97,51055329
2020-04-15,144.41,145.49,143.33,143.82,13835188,144.41,145.49,143.33,143.82,13835188,36.10,36.37,35.83,35.95,55340752
2020-04-16,141.94,142.92,140.95,141.87,9890519,141.94,142.92,140.95,141.87,9890519,35.48,35.73,35.24,35.47,39562077
2020-04-17,145.06,145.37,144.75,144.80,10822724,145.06,145.37,144.75,144.80,10822724,36.27,36.34,36.19,36.20,43290896
2020-04-20,145.00,146.67,143.34,144.73,9709851,145.00,146.67,143.34,144.73,9709851,36.25,36.67,35.83,36.18,38839405
2020-04-21,147.27,149.50,145.04,147.09,11066932,147.27,149.50,145.04,147.09,11066932,36.82,37.37,36.26,36.77,44267728
2020-04-22,150.31,151.50,149.12,150.90,8154432,150.31,151.50,149.12,150.90,8154432,37.58,37.87,37.28,37.73,32617727
2020-04-23,153.27,154.46,152.07,153.03,11196902,153.27,154.46,152.07,153.03,11196902,38.32,38.62,38.02,38.26,44787607
2020-04-24,156.40,158.52,154.28,155.49,14471580,156.40,158.52,154.28,155.49,14471580,39.10,39.63,38.57,38.87,57886319
2020-04-27,156.32,157.99,154.65,156.80,9040449,156.32,157.99,154.65,156.80,9040449,39.08,39.50,38.66,39.20,36161796
2020-04-28,160.25,162.50,158.00,159.66,10383334,160.25,162.50,158.00,159.66,10383334,40.06,40.62,39.50,39.92,41533335
2020-04-29,164.56,166.14,162.99,164.43,8602531,164.56,166.14,162.99,164.43,8602531,41.14,41.53,40.75,41.11,34410125
2020-04-30,164.40,166.08,162.72,164.94,15236096,164.40,166.08,162.72,164.94,15236096,41.10,41.52,40.68,41.23,60944384
2020-05-01,157.25,160.16,154.35,157.33,11436569,157.25,160.16,154.35,157.33,11436569,39.31,40.04,38.59,39.33,45746277
2020-05-04,156.45,157.83,155.07,156.54,12043757,156.45,157.83,155.07,156.54,12043757,39.11,39.46,38.77,39.13,48175029
2020-05-05,154.02,156.27,151.76,153.76,12996437,154.02,156.27,151.76,153.76,12996437,38.50,39.07,37.94,38.44,51985747
2020-05-06,158.00,159.90,156.11,157.62,10034240,158.00,159.90,156.11,157.62,10034240,39.50,39.98,39.03,39.40,40136959
2020-05-07,154.77,156.00,153.54,153.61,12659274,154.77,156.00,153.54,153.61,12659274,38.69,39.00,38.39,38.40,50637096
2020-05-08,151.89,153.45,150.33,152.35,9335271,151.89,153.45,150.33,152.35,9335271,37.97,38.36,37.58,38.09,37341084
2020-05-11,153.40,155.77,151.04,153.53,12010627,153.40,155.77,151.04,153.53,12010627,38.35,38.94,37.76,38.38,48042507
2020-05-12,153.31,154.46,152.16,153.19,11000267,153.31,154.46,152.16,153.19,11000267,38.33,38.61,38.04,38.30,44001067
2020-05-13,154.88,156.62,153.14,154.93,9556402,154.88,156.62,153.14,154.93,9556402,38.72,39.16,38.29,38.73,38225608
2020-05-14,152.35,153.98,150.72,153.36,8675706,152.35,153.98,150.72,153.36,8675706,38.09,38.50,37.68,38.34,34702822
2020-05-15,159.13,161.62,156.64,159.09,11814270,159.13,161.62,156.64,159.09,11814270,39.78,40.41,39.16,39.77,47257081
2020-05-18,165.05,167.91,162.19,164.10,13310792,165.05,167.91,162.19,164.10,13310792,41.26,41.98,40.55,41.02,53243170
2020-05-19,169.11,171.53,166.69,168.02,9924264,169.11,171.53,166.69,168.02,9924264,42.28,42.88,41.67,42.01,39697057
2020-05-20,167.65,169.63,165.68,167.52,12228826,167.65,169.63,165.68,167.52,12228826,41.91,42.41,41.42,41.88,48915305
2020-05-21,167.05,168.83,165.26,167.08,11392330,167.05,168.83,165.26,167.08,11392330,41.76,42.21,41.32,41.77,45569320
2020-05-22,168.40,170.37,166.43,167.39,12712845,168.40,170.37,166.43,167.39,12712845,42.10,42.59,41.61,41.85,50851381
2020-05-25,164.59,165.94,163.24,164.91,10103734,164.59,165.94,163.24,164.91,10103734,41.15,41.48,40.81,41.23,40414935
2020-05-26,159.42,160.01,158.84,159.74,13665456,159.42,160.01,158.84,159.74,13665456,39.86,40.00,39.71,39.94,54661826
2020-05-27,166.34,168.36,164.33,165.45,8041678,166.34,168.36,164.33,165.45,8041678,41.59,42.09,41.08,41.36,32166712
2020-05-28,163.49,164.95,162.04,163.25,8390527,163.49,164.95,162.04,163.25,8390527,40.87,41.24,40.51,40.81,33562107
2020-05-29,164.78,166.58,162.97,165.24,8772322,164.78,166.58,162.97,165.24,8772322,41.19,41.65,40.74,41.31,35089287
2020-06-01,167.05,168.52,165.57,167.02,11083144,167.05,168.52,165.57,167.02,11083144,41.76,42.13,41.39,41.75,44332575
2020-06-02,168.29,170.28,166.29,168.19,14832450,168.29,170.28,166.29,168.19,14832450,42.07,42.57,41.57,42.05,59329801
2020-06-03,174.29,175.63,172.95,174.55,14470984,174.29,175.63,172.95,174.55,14470984,43.57,43.91,43.24,43.64,57883935
2020-06-04,175.24,177.27,173.22,175.22,12655770,175.24,177.27,173.22,175.22,12655770,43.81,44.32,43.31,43.80,50623082
2020-06-05,174.20,176.09,172.32,173.24,13967416,174.20,176.09,172.32,173.24,13967416,43.55,44.02,43.08,43.31,55869665
2020-06-08,174.96,177.53,172.39,174.76,9905246,174.96,177.53,172.39,174.76,9905246,43.74,44.38,43.10,43.69,39620985
2020-06-09,179.23,180.23,178.24,178.28,8024932,179.23,180.23,178.24,178.28,8024932,44.81,45.06,44.56,44.57,32099727
2020-06-10,177.15,179.04,175.25,178.57,14440773,177.15,179.04,175.25,178.57,14440773,44.29,44.76,43.81,44.64,57763091
2020-06-11,177.12,179.62,174.62,178.76,10901209,177.12,179.62,174.62,178.76,10901209,44.28,44.91,43.66,44.69,43604838
2020-06-12,178.69,180.43,176.96,178.59,14098772,178.69,180.43,176.96,178.59,14098772,44.67,45.11,44.24,44.65,56395088
2020-06-15,183.78,185.67,181.90,184.31,11893670,183.78,185.67,181.90,184.31,11893670,45.95,46.42,45.47,46.08,47574679
2020-06-16,177.85,179.29,176.40,178.51,14276592,177.85,179.29,176.40,178.51,14276592,44.46,44.82,44.10,44.63,57106369
2020-06-17,180.42,181.47,179.36,179.68,12931169,180.42,181.47,179.36,179.68,12931169,45.10,45.37,44.84,44.92,51724677
2020-06-18,183.97,185.96,181.97,183.76,11444970,183.97,185.96,181.97,183.76,11444970,45.99,46.49,45.49,45.94,45779878
2020-06-19,188.83,190.89,186.77,188.75,14824633,188.83,190.89,186.77,188.75,14824633,47.21,47.72,46.69,47.19,59298534
2020-06-22,192.96,195.25,190.66,192.59,8609440,192.96,195.25,190.66,192.59,8609440,48.24,48.81,47.66,48.15,34437759
2020-06-23,194.86,196.30,193.42,194.45,8690479,194.86,196.30,193.42,194.45,8690479,48.72,49.08,48.36,48.61,34761918
2020-06-24,194.26,196.78,191.74,193.58,11551713,194.26,196.78,191.74,193.58,11551713,48.57,49.20,47.94,48.40,46206853
2020-06-25,192.23,195.52,188.95,190.22,8120488,192.23,195.52,188.95,190.22,8120488,48.06,48.88,47.24,47.56,32481952
2020-06-26,191.75,195.07,188.44,190.89,9690464,191.75,195.07,188.44,190.89,9690464,47.94,48.77,47.11,47.72,38761856
2020-06-29,194.18,196.26,192.09,193.86,15574882,194.18,196.26,192.09,193.86,15574882,48.54,49.07,48.02,48.46,62299528
2020-06-30,189.53,191.21,187.85,189.28,10457366,189.53,191.21,187.85,189.28,10457366,47.38,47.80,46.96,47.32,41829466
2020-07-01,189.22,191.73,186.71,187.74,10026159,189.22,191.73,186.71,187.74,10026159,47.31,47.93,46.68,46.93,40104636
2020-07-02,188.33,190.16,186.50,188.38,15472672,188.33,190.16,186.50,188.38,15472672,47.08,47.54,46.63,47.09,61890688
2020-07-03,192.78,194.05,191.50,193.46,9397348,192.78,194.05,191.50,193.46,9397348,48.19,48.51,47.88,48.37,37589391
2020-07-06,196.28,200.06,192.50,195.86,13591490,196.28,200.06,192.50,195.86,13591490,49.07,50.01,48.12,48.96,54365959
2020-07-07,197.77,199.15,196.39,199.08,12107965,197.77,199.15,196.39,199.08,12107965,49.44,49.79,49.10,49.77,48431862
2020-07-08,197.74,199.19,196.29,196.50,10634470,197.74,199.19,196.29,196.50,10634470,49.43,49.80,49.07,49.12,42537882
2020-07-09,195.02,196.44,193.59,194.50,14919121,195.02,196.44,193.59,194.50,14919121,48.75,49.11,48.40,48.62,59676484
2020-07-10,193.36,195.34,191.38,194.32,8269746,193.36,195.34,191.38,194.32,8269746,48.34,48.83,47.84,48.58,33078983
2020-07-13,193.34,194.89,191.78,193.13,15694582,193.34,194.89,191.78,193.13,15694582,48.33,48.72,47.95,48.28,62778328
2020-07-14,191.16,193.00,189.33,190.51,8856261,191.16,193.00,189.33,190.51,8856261,47.79,48.25,47.33,47.63,35425044
2020-07-15,189.34,192.10,186.58,189.84,12845780,189.34,192.10,186.58,189.84,12845780,47.33,48.03,46.64,47.46,51383119
2020-07-16,192.76,193.53,191.99,193.09,13011374,192.76,193.53,191.99,193.09,13011374,48.19,48.38,48.00,48.27,52045495
2020-07-17,191.32,193.09,189.56,190.47,14586349,191.32,193.09,189.56,190.47,14586349,47.83,48.27,47.39,47.62,58345397
2020-07-20,190.19,192.52,187.86,190.83,8634080,190.19,192.52,187.86,190.83,8634080,47.55,48.13,46.96,47.71,34536319
2020-07-21,199.59,202.18,197.00,199.09,9261677,199.59,202.18,197.00,199.09,9261677,49.90,50.55,49.25,49.77,37046708
2020-07-22,202.68,204.69,200.67,201.51,14305198,202.68,204.69,200.67,201.51,14305198,50.67,51.17,50.17,50.38,57220793
2020-07-23,199.70,201.69,197.71,200.94,11370207,199.70,201.69,197.71,200.94,11370207,49.92,50.42,49.43,50.24,45480828
2020-07-24,201.84,203.76,199.93,200.34,9484647,201.84,203.76,199.93,200.34,9484647,50.46,50.94,49.98,50.09,37938588
2020-07-27,197.28,199.49,195.07,197.30,12888799,197.28,199.49,195.07,197.30,12888799,49.32,49.87,48.77,49.32,51555195
2020-07-28,198.70,200.87,196.53,197.33,13352191,198.70,200.87,196.53,197.33,13352191,49.68,50.22,49.13,49.33,53408762
2020-07-29,203.56,205.79,201.32,203.75,10963734,203.56,205.79,201.32,203.75,10963734,50.89,51.45,50.33,50.94,43854937
2020-07-30,203.63,206.14,201.12,203.15,10758459,203.63,206.14,201.12,203.15,10758459,50.91,51.54,50.28,50.79,43033834
2020-07-31,207.35,209.66,205.04,208.45,10609896,207.35,209.66,205.04,208.45,10609896,51.84,52.42,51.26,52.11,42439583
2020-08-03,206.81,209.94,203.69,206.33,14217297,206.81,209.94,203.69,206.33,14217297,51.70,52.49,50.92,51.58,56869188
2020-08-04,207.65,211.51,203.80,205.54,13356603,207.65,211.51,203.80,205.54,13356603,51.91,52.88,50.95,51.38,53426414
2020-08-05,196.81,199.59,194.04,196.93,13286818,196.81,199.59,194.04,196.93,13286818,49.20,49.90,48.51,49.23,53147274
2020-08-06,198.54,200.95,196.12,198.90,10016945,198.54,200.95,196.12,198.90,10016945,49.63,50.24,49.03,49.73,40067779
2020-08-07,200.05,202.39,197.72,198.95,13827225,200.05,202.39,197.72,198.95,13827225,50.01,50.60,49.43,49.74,55308901
2020-08-10,200.94,202.48,199.39,201.77,11769219,200.94,202.48,199.39,201.77,11769219,50.23,50.62,49.85,50.44,47076875
2020-08-11,206.26,209.98,202.54,205.33,10264755,206.26,209.98,202.54,205.33,10264755,51.57,52.50,50.64,51.33,41059021
2020-08-12,204.63,205.85,203.41,203.64,13199679,204.63,205.85,203.41,203.64,13199679,51.16,51.46,50.85,50.91,52798715
2020-08-13,202.71,204.70,200.73,202.43,13442067,202.71,204.70,200.73,202.43,13442067,50.68,51.18,50.18,50.61,53768268
2020-08-14,210.28,212.81,207.75,209.36,12086771,210.28,212.81,207.75,209.36,12086771,52.57,53.20,51.94,52.34,48347084
2020-08-17,217.01,219.26,214.75,216.57,15532167,217.01,219.26,214.75,216.57,15532167,54.25,54.82,53.69,54.14,62128668
2020-08-18,218.23,219.62,216.85,218.13,11699572,218.23,219.62,216.85,218.13,11699572,54.56,54.90,54.21,54.53,46798286
2020-08-19,226.55,228.51,224.58,225.53,12087809,226.55,228.51,224.58,225.53,12087809,56.64,57.13,56.15,56.38,48351237
2020-08-20,219.23,221.94,216.51,218.48,14578609,219.23,221.94,216.51,218.48,14578609,54.81,55.49,54.13,54.62,58314437
2020-08-21,217.06,219.47,214.65,217.36,12438574,217.06,219.47,214.65,217.36,12438574,54.27,54.87,53.66,54.34,49754295
2020-08-24,217.09,219.70,214.49,216.64,14383243,217.09,219.70,214.49,216.64,14383243,54.27,54.93,53.62,54.16,57532971
2020-08-25,215.64,217.96,213.32,214.74,12052978,215.64,217.96,213.32,214.74,12052978,53.91,54.49,53.33,53.68,48211912
2020-08-26,220.90,225.02,216.79,220.68,13596372,220.90,225.02,216.79,220.68,13596372,55.23,56.26,54.20,55.17,54385489
2020-08-27,219.10,222.74,215.47,219.88,10205945,219.10,222.74,215.47,219.88,10205945,54.78,55.68,53.87,54.97,40823779
2020-08-28,219.14,220.93,217.34,219.12,11171593,219.14,220.93,217.34,219.12,11171593,54.78,55.23,54.34,54.78,44686372
2020-08-31,226.84,230.01,223.67,227.04,8181713,226.84,230.01,223.67,227.04,8181713,56.71,57.50,55.92,56.76,32726851
2020-09-01,227.65,229.41,225.88,227.18,10595511,227.65,229.41,225.88,227.18,10595511,56.91,57.35,56.47,56.79,42382046
2020-09-02,224.95,227.91,221.99,224.82,11811878,224.95,227.91,221.99,224.82,11811878,56.24,56.98,55.50,56.21,47247512
2020-09-03,229.86,232.01,227.72,228.61,9105534,229.86,232.01,227.72,228.61,9105534,57.47,58.00,56.93,57.15,36422137
2020-09-04,230.94,233.37,228.51,231.95,15737281,230.94,233.37,228.51,231.95,15737281,57.74,58.34,57.13,57.99,62949124
2020-09-07,241.18,243.31,239.06,243.10,15037750,241.18,243.31,239.06,243.10,15037750,60.30,60.83,59.77,60.78,60150999
2020-09-08,243.75,245.84,241.66,243.17,10813545,243.75,245.84,241.66,243.17,10813545,60.94,61.46,60.42,60.79,43254179
2020-09-09,247.92,250.38,245.46,245.73,15684319,247.92,250.38,245.46,245.73,15684319,61.98,62.59,61.36,61.43,62737276
2020-09-10,243.96,246.04,241.87,244.68,13605426,243.96,246.04,241.87,244.68,13605426,60.99,61.51,60.47,61.17,54421705
2020-09-11,241.10,242.70,239.50,241.78,12764495,241.10,242.70,239.50,241.78,12764495,60.28,60.68,59.88,60.44,51057980
2020-09-14,238.82,240.71,236.94,237.68,15613115,238.82,240.71,236.94,237.68,15613115,59.71,60.18,59.23,59.42,62452459
2020-09-15,230.64,233.84,227.43,230.54,14874119,230.64,233.84,227.43,230.54,14874119,57.66,58.46,56.86,57.63,59496476
2020-09-16,234.21,236.90,231.52,233.79,13756824,234.21,236.90,231.52,233.79,13756824,58.55,59.22,57.88,58.45,55027298
2020-09-17,231.74,233.76,229.71,232.40,10556375,231.74,233.76,229.71,232.40,10556375,57.93,58.44,57.43,58.10,42225501
2020-09-18,228.66,230.80,226.52,229.04,14607094,228.66,230.80,226.52,229.04,14607094,57.16,57.70,56.63,57.26,58428374
2020-09-21,221.92,225.03,218.81,221.59,14833379,221.92,225.03,218.81,221.59,14833379,55.48,56.26,54.70,55.40,59333518
2020-09-22,215.39,217.28,213.50,215.74,10852603,215.39,217.28,213.50,215.74,10852603,53.85,54.32,53.38,53.94,43410412
2020-09-23,216.31,218.96,213.67,216.48,14305791,216.31,218.96,213.67,216.48,14305791,54.08,54.74,53.42,54.12,57223163
2020-09-24,213.19,215.37,211.02,213.94,14066717,213.19,215.37,211.02,213.94,14066717,53.30,53.84,52.75,53.49,56266870
2020-09-25,214.65,217.60,211.69,215.34,10919020,214.65,217.60,211.69,215.34,10919020,53.66,54.40,52.92,53.83,43676081
2020-09-28,212.67,214.35,210.99,212.67,11173599,212.67,214.35,210.99,212.67,11173599,53.17,53.59,52.75,53.17,44694396
2020-09-29,218.30,220.85,215.74,217.77,13380144,218.30,220.85,215.74,217.77,13380144,54.57,55.21,53.94,54.44,53520576
2020-09-30,223.84,225.79,221.90,222.23,11110934,223.84,225.79,221.90,222.23,11110934,55.96,56.45,55.47,55.56,44443737
2020-10-01,223.46,225.47,221.46,222.95,14497470,223.46,225.47,221.46,222.95,14497470,55.87,56.37,55.36,55.74,57989878
2020-10-02,225.19,226.41,223.97,224.99,11909601,225.19,226.41,223.97,224.99,11909601,56.30,56.60,55.99,56.25,47638403
2020-10-05,229.01,232.05,225.97,229.27,9113919,229.01,232.05,225.97,229.27,9113919,57.25,58.01,56.49,57.32,36455676
2020-10-06,237.28,240.72,233.85,235.83,10802266,237.28,240.72,233.85,235.83,10802266,59.32,60.18,58.46,58.96,43209063
2020-10-07,230.07,233.25,226.89,230.20,14774637,230.07,233.25,226.89,230.20,14774637,57.52,58.31,56.72,57.55,59098547
2020-10-08,227.43,230.72,224.14,227.91,9403567,227.43,230.72,224.14,227.91,9403567,56.86,57.68,56.04,56.98,37614269
2020-10-09,229.11,231.10,227.11,228.67,10937570,229.11,231.10,227.11,228.67,10937570,57.28,57.78,56.78,57.17,43750282
2020-10-12,226.39,229.11,223.66,226.86,10914187,226.39,229.11,223.66,226.86,10914187,56.60,57.28,55.91,56.71,43656748
2020-10-13,222.97,226.99,218.95,223.64,12198792,222.97,226.99,218.95,223.64,12198792,55.74,56.75,54.74,55.91,48795168
2020-10-14,224.87,226.39,223.35,225.54,12384405,224.87,226.39,223.35,225.54,12384405,56.22,56.60,55.84,56.39,49537619
2020-10-15,225.65,227.38,223.91,225.32,9603807,225.65,227.38,223.91,225.32,9603807,56.41,56.85,55.98,56.33,38415227
2020-10-16,224.57,227.91,221.24,225.84,12981920,224.57,227.91,221.24,225.84,12981920,56.14,56.98,55.31,56.46,51927679
2020-10-19,226.32,228.37,224.27,225.02,14861675,226.32,228.37,224.27,225.02,14861675,56.58,57.09,56.07,56.25,59446698
2020-10-20,227.62,230.07,225.16,227.28,15571733,227.62,230.07,225.16,227.28,15571733,56.90,57.52,56.29,56.82,62286932
2020-10-21,226.32,229.19,223.45,224.91,8114423,226.32,229.19,223.45,224.91,8114423,56.58,57.30,55.86,56.23,32457691
2020-10-22,228.34,230.82,225.87,227.88,8094790,228.34,230.82,225.87,227.88,8094790,57.09,57.70,56.47,56.97,32379159
2020-10-23,229.10,232.12,226.08,229.01,8715155,229.10,232.12,226.08,229.01,8715155,57.27,58.03,56.52,57.25,34860621
2020-10-26,229.23,232.43,226.03,229.47,12012620,229.23,232.43,226.03,229.47,12012620,57.31,58.11,56.51,57.37,48050480
2020-10-27,227.78,230.62,224.95,227.91,13206044,227.78,230.62,224.95,227.91,13206044,56.95,57.65,56.24,56.98,52824175
2020-10-28,233.17,234.93,231.42,232.13,10447242,233.17,234.93,231.42,232.13,10447242,58.29,58.73,57.85,58.03,41788967
2020-10-29,230.89,234.11,227.66,231.34,10664737,230.89,234.11,227.66,231.34,10664737,57.72,58.53,56.92,57.84,42658948
2020-10-30,227.60,231.07,224.13,228.18,14384561,227.60,231.07,224.13,228.18,14384561,56.90,57.77,56.03,57.04,57538245
2020-11-02,232.42,235.32,229.53,232.70,13706570,232.42,235.32,229.53,232.70,13706570,58.11,58.83,57.38,58.18,54826279
2020-11-03,233.52,235.08,231.96,233.50,12977056,233.52,235.08,231.96,233.50,12977056,58.38,58.77,57.99,58.37,51908225
2020-11-04,232.84,234.71,230.98,231.00,11122680,232.84,234.71,230.98,231.00,11122680,58.21,58.68,57.74,57.75,44490718
2020-11-05,238.76,241.00,236.51,237.56,14302505,238.76,241.00,236.51,237.56,14302505,59.69,60.25,59.13,59.39,57210018
2020-11-06,232.39,234.55,230.23,232.22,11821305,232.39,234.55,230.23,232.22,11821305,58.10,58.64,57.56,58.05,47285221
2020-11-09,239.78,243.27,236.29,238.41,11247088,239.78,243.27,236.29,238.41,11247088,59.95,60.82,59.07,59.60,44988351
2020-11-10,241.48,244.12,238.84,240.30,14747753,241.48,244.12,238.84,240.30,14747753,60.37,61.03,59.71,60.08,58991010
2020-11-11,239.89,242.09,237.68,239.54,10414075,239.89,242.09,237.68,239.54,10414075,59.97,60.52,59.42,59.89,41656298
2020-11-12,240.26,243.19,237.33,239.78,11020041,240.26,243.19,237.33,239.78,11020041,60.07,60.80,59.33,59.94,44080163
2020-11-13,238.97,241.04,236.90,238.75,13877853,238.97,241.04,236.90,238.75,13877853,59.74,60.26,59.22,59.69,55511411
2020-11-16,239.14,244.20,234.09,238.12,10690816,239.14,244.20,234.09,238.12,10690816,59.79,61.05,58.52,59.53,42763262
2020-11-17,240.40,243.46,237.34,238.30,15164503,240.40,243.46,237.34,238.30,15164503,60.10,60.87,59.33,59.58,60658013
2020-11-18,236.96,238.21,235.70,236.01,10633939,236.96,238.21,235.70,236.01,10633939,59.24,59.55,58.93,59.00,42535754
2020-11-19,238.78,241.67,235.89,239.93,13457989,238.78,241.67,235.89,239.93,13457989,59.70,60.42,58.97,59.98,53831954
2020-11-20,240.61,242.61,238.61,239.41,13725407,240.61,242.61,238.61,239.41,13725407,60.15,60.65,59.65,59.85,54901629
2020-11-23,248.12,251.29,244.94,246.27,12378494,248.12,251.29,244.94,246.27,12378494,62.03,62.82,61.24,61.57,49513976
2020-11-24,252.86,255.73,250.00,251.90,11659405,252.86,255.73,250.00,251.90,11659405,63.22,63.93,62.50,62.98,46637620
2020-11-25,259.16,262.57,255.75,258.73,9046553,259.16,262.57,255.75,258.73,9046553,64.79,65.64,63.94,64.68,36186210
2020-11-26,262.46,266.24,258.67,262.64,12674417,262.46,266.24,258.67,262.64,12674417,65.61,66.56,64.67,65.66,50697667
2020-11-27,263.91,267.02,260.80,263.54,13788047,263.91,267.02,260.80,263.54,13788047,65.98,66.75,65.20,65.89,55152187
2020-11-30,259.60,263.24,255.95,257.48,11438632,259.60,263.24,255.95,257.48,11438632,64.90,65.81,63.99,64.37,45754529
2020-12-01,264.61,268.15,261.06,264.45,14075978,264.61,268.15,261.06,264.45,14075978,66.15,67.04,65.27,66.11,56303911
2020-12-02,261.05,262.30,259.80,261.67,7981662,261.05,262.30,259.80,261.67,7981662,65.26,65.58,64.95,65.42,31926646
2020-12-03,262.18,264.84,259.53,260.34,11802572,262.18,264.84,259.53,260.34,11802572,65.55,66.21,64.88,65.08,47210289
2020-12-04,256.70,260.64,252.76,256.28,10966494,256.70,260.64,252.76,256.28,10966494,64.17,65.16,63.19,64.07,43865978
2020-12-07,264.81,267.94,261.68,263.56,14920493,264.81,267.94,261.68,263.56,14920493,66.20,66.98,65.42,65.89,59681970
2020-12-08,263.89,268.43,259.36,263.78,8338857,263.89,268.43,259.36,263.78,8338857,65.97,67.11,64.84,65.94,33355429
2020-12-09,267.25,271.54,262.95,266.62,8174787,267.25,271.54,262.95,266.62,8174787,66.81,67.88,65.74,66.66,32699149
2020-12-10,260.83,263.62,258.03,260.99,11109169,260.83,263.62,258.03,260.99,11109169,65.21,65.91,64.51,65.25,44436677
2020-12-11,266.03,269.63,262.43,265.22,15505469,266.03,269.63,262.43,265.22,15505469,66.51,67.41,65.61,66.30,62021877
2020-12-14,264.57,267.15,261.99,265.53,10672460,264.57,267.15,261.99,265.53,10672460,66.14,66.79,65.50,66.38,42689841
2020-12-15,258.07,262.03,254.10,257.32,10559094,258.07,262.03,254.10,257.32,10559094,64.52,65.51,63.53,64.33,42236374
2020-12-16,259.89,264.46,255.33,260.54,10067750,259.89,264.46,255.33,260.54,10067750,64.97,66.11,63.83,65.13,40271001
2020-12-17,262.36,264.35,260.36,263.47,8418413,262.36,264.35,260.36,263.47,8418413,65.59,66.09,65.09,65.87,33673652
2020-12-18,263.69,265.95,261.43,263.15,8804973,263.69,265.95,261.43,263.15,8804973,65.92,66.49,65.36,65.79,35219890
2020-12-21,253.48,255.45,251.52,253.16,15242230,253.48,255.45,251.52,253.16,15242230,63.37,63.86,62.88,63.29,60968920
2020-12-22,258.14,259.56,256.71,257.21,11194913,258.14,259.56,256.71,257.21,11194913,64.53,64.89,64.18,64.30,44779651
2020-12-23,260.83,264.06,257.61,261.33,9765264,260.83,264.06,257.61,261.33,9765264,65.21,66.01,64.40,65.33,39061058
2020-12-24,254.62,258.25,251.00,254.40,10208458,254.62,258.25,251.00,254.40,10208458,63.66,64.56,62.75,63.60,40833832
2020-12-25,260.85,265.73,255.97,261.24,12398830,260.85,265.73,255.97,261.24,12398830,65.21,66.43,63.99,65.31,49595321
2020-12-28,269.59,272.31,266.87,268.76,11574478,269.59,272.31,266.87,268.76,11574478,67.40,68.08,66.72,67.19,46297913
2020-12-29,275.26,278.77,271.75,275.72,8806604,275.26,278.77,271.75,275.72,8806604,68.81,69.69,67.94,68.93,35226415
2020-12-30,271.63,274.77,268.48,271.25,10173220,271.63,274.77,268.48,271.25,10173220,67.91,68.69,67.12,67.81,40692882
2020-12-31,264.81,268.84,260.78,264.63,9224383,264.81,268.84,260.78,264.63,9224383,66.20,67.21,65.20,66.16,36897533
2021-01-01,266.66,267.98,265.33,267.33,10106452,266.66,267.98,265.33,267.33,10106452,66.66,66.99,66.33,66.83,40425808
2021-01-04,267.02,271.38,262.66,266.74,9602787,267.02,271.38,262.66,266.74,9602787,66.75,67.84,65.66,66.68,38411150
2021-01-05,260.70,262.62,258.78,259.35,11098023,260.70,262.62,258.78,259.35,11098023,65.18,65.65,64.70,64.84,44392091
2021-01-06,258.03,261.68,254.39,258.72,14579595,258.03,261.68,254.39,258.72,14579595,64.51,65.42,63.60,64.68,58318382
2021-01-07,261.17,263.45,258.88,259.64,14615065,261.17,263.45,258.88,259.64,14615065,65.29,65.86,64.72,64.91,58460261
2021-01-08,263.60,266.35,260.85,263.38,9914348,263.60,266.35,260.85,263.38,9914348,65.90,66.59,65.21,65.84,39657392
2021-01-11,264.72,266.97,262.47,264.44,15024414,264.72,266.97,262.47,264.44,15024414,66.18,66.74,65.62,66.11,60097656
2021-01-12,272.08,277.51,266.64,271.52,15335522,272.08,277.51,266.64,271.52,15335522,68.02,69.38,66.66,67.88,61342087
2021-01-13,266.01,268.65,263.37,265.59,10533824,266.01,268.65,263.37,265.59,10533824,66.50,67.16,65.84,66.40,42135297
2021-01-14,266.09,267.31,264.88,266.76,10478578,266.09,267.31,264.88,266.76,10478578,66.52,66.83,66.22,66.69,41914313
2021-01-15,274.34,277.75,270.92,274.05,9708032,274.34,277.75,270.92,274.05,9708032,68.58,69.44,67.73,68.51,38832128
2021-01-18,279.28,281.81,276.74,279.21,11405757,279.28,281.81,276.74,279.21,11405757,69.82,70.45,69.19,69.80,45623028
2021-01-19,277.18,279.58,274.79,276.91,11220789,277.18,279.58,274.79,276.91,11220789,69.30,69.89,68.70,69.23,44883155
2021-01-20,280.82,284.73,276.90,280.68,12132215,280.82,284.73,276.90,280.68,12132215,70.20,71.18,69.23,70.17,48528859
2021-01-21,277.33,279.21,275.45,277.36,10083761,277.33,279.21,275.45,277.36,10083761,69.33,69.80,68.86,69.34,40335043
2021-01-22,270.65,274.52,266.78,271.64,13163183,270.65,274.52,266.78,271.64,13163183,67.66,68.63,66.69,67.91,52652730
2021-01-25,270.31,272.08,268.53,269.70,11915840,270.31,272.08,268.53,269.70,11915840,67.58,68.02,67.13,67.43,47663361
2021-01-26,276.14,279.65,272.63,273.45,11798833,276.14,279.65,272.63,273.45,11798833,69.03,69.91,68.16,68.36,47195332
2021-01-27,270.29,273.08,267.50,267.91,14867884,270.29,273.08,267.50,267.91,14867884,67.57,68.27,66.87,66.98,59471537
2021-01-28,274.83,279.60,270.06,275.16,12429505,274.83,279.60,270.06,275.16,12429505,68.71,69.90,67.52,68.79,49718020
2021-01-29,281.96,284.70,279.22,281.45,8702786,281.96,284.70,279.22,281.45,8702786,70.49,71.17,69.80,70.36,34811144
2021-02-01,281.60,285.59,277.60,282.32,10023193,281.60,285.59,277.60,282.32,10023193,70.40,71.40,69.40,70.58,40092774
2021-02-02,281.47,283.37,279.58,281.20,12727147,281.47,283.37,279.58,281.20,12727147,70.37,70.84,69.89,70.30,50908587
2021-02-03,281.75,285.98,277.53,280.74,8794438,281.75,285.98,277.53,280.74,8794438,70.44,71.49,69.38,70.19,35177752
2021-02-04,279.90,281.16,278.64,280.92,8647747,279.90,281.16,278.64,280.92,8647747,69.98,70.29,69.66,70.23,34590988
2021-02-05,283.74,287.59,279.89,282.85,12596140,283.74,287.59,279.89,282.85,12596140,70.94,71.90,69.97,70.71,50384560
2021-02-08,290.80,294.59,287.00,290.30,8597546,290.80,294.59,287.00,290.30,8597546,72.70,73.65,71.75,72.58,34390184
2021-02-09,297.69,299.37,296.01,297.28,8813770,297.69,299.37,296.01,297.28,8813770,74.42,74.84,74.00,74.32,35255081
2021-02-10,300.39,304.11,296.68,300.64,9409176,300.39,304.11,296.68,300.64,9409176,75.10,76.03,74.17,75.16,37636705
2021-02-11,306.99,311.23,302.74,305.41,9055704,306.99,311.23,302.74,305.41,9055704,76.75,77.81,75.69,76.35,36222817
2021-02-12,300.51,305.27,295.75,302.44,7908667,300.51,305.27,295.75,302.44,7908667,75.13,76.32,73.94,75.61,31634666
2021-02-15,303.89,306.66,301.13,302.89,9125675,303.89,306.66,301.13,302.89,9125675,75.97,76.66,75.28,75.72,36502701
2021-02-16,300.77,304.62,296.91,299.53,12929864,300.77,304.62,296.91,299.53,12929864,75.19,76.16,74.23,74.88,51719456
2021-02-17,305.14,307.67,302.61,304.42,12944445,305.14,307.67,302.61,304.42,12944445,76.28,76.92,75.65,76.10,51777778
2021-02-18,308.77,312.80,304.74,309.10,13652198,308.77,312.80,304.74,309.10,13652198,77.19,78.20,76.18,77.27,54608791
2021-02-19,309.49,311.37,307.61,308.28,15415641,309.49,311.37,307.61,308.28,15415641,77.37,77.84,76.90,77.07,61662564
2021-02-22,313.41,314.70,312.12,312.56,13400116,313.41,314.70,312.12,312.56,13400116,78.35,78.68,78.03,78.14,53600466
2021-02-23,300.57,304.35,296.78,300.03,14707193,300.57,304.35,296.78,300.03,14707193,75.14,76.09,74.19,75.01,58828771
2021-02-24,295.11,298.79,291.44,296.67,8880843,295.11,298.79,291.44,296.67,8880843,73.78,74.70,72.86,74.17,35523371
2021-02-25,304.85,307.71,301.99,305.14,14462251,304.85,307.71,301.99,305.14,14462251,76.21,76.93,75.50,76.29,57849006
2021-02-26,292.29,294.92,289.65,291.33,9565135,292.29,294.92,289.65,291.33,9565135,73.07,73.73,72.41,72.83,38260539
2021-03-01,297.58,299.90,295.26,298.35,10107108,297.58,299.90,295.26,298.35,10107108,74.39,74.98,73.81,74.59,40428431
2021-03-02,296.27,299.20,293.35,296.93,13669516,296.27,299.20,293.35,296.93,13669516,74.07,74.80,73.34,74.23,54678066
2021-03-03,299.25,302.40,296.10,298.71,8090118,299.25,302.40,296.10,298.71,8090118,74.81,75.60,74.02,74.68,32360472
2021-03-04,301.75,307.15,296.35,301.87,8091002,301.75,307.15,296.35,301.87,8091002,75.44,76.79,74.09,75.47,32364006
2021-03-05,303.49,305.82,301.17,303.68,8215223,303.49,305.82,301.17,303.68,8215223,75.87,76.45,75.29,75.92,32860890
2021-03-08,300.17,304.52,295.82,298.51,14096035,300.17,304.52,295.82,298.51,14096035,75.04,76.13,73.96,74.63,56384140
2021-03-09,293.97,297.67,290.26,294.14,9683199,293.97,297.67,290.26,294.14,9683199,73.49,74.42,72.57,73.54,38732796
2021-03-10,295.53,298.99,292.08,293.80,13651949,295.53,298.99,292.08,293.80,13651949,73.88,74.75,73.02,73.45,54607795
2021-03-11,294.90,297.93,291.87,293.28,15181048,294.90,297.93,291.87,293.28,15181048,73.72,74.48,72.97,73.32,60724193
2021-03-12,301.26,305.41,297.11,300.87,8923149,301.26,305.41,297.11,300.87,8923149,75.32,76.35,74.28,75.22,35692595
2021-03-15,301.87,305.42,298.33,299.73,14711410,301.87,305.42,298.33,299.73,14711410,75.47,76.36,74.58,74.93,58845641
2021-03-16,307.38,310.47,304.28,308.28,11202838,307.38,310.47,304.28,308.28,11202838,76.84,77.62,76.07,77.07,44811351
2021-03-17,313.55,318.32,308.78,314.06,14040855,313.55,318.32,308.78,314.06,14040855,78.39,79.58,77.20,78.51,56163418
2021-03-18,314.98,317.40,312.56,313.59,13391319,314.98,317.40,312.56,313.59,13391319,78.74,79.35,78.14,78.40,53565278
2021-03-19,311.09,314.94,307.25,309.96,13884780,311.09,314.94,307.25,309.96,13884780,77.77,78.73,76.81,77.49,55539121
2021-03-22,315.80,320.33,311.27,313.92,9101792,315.80,320.33,311.27,313.92,9101792,78.95,80.08,77.82,78.48,36407166
2021-03-23,312.19,315.08,309.30,311.78,13344000,312.19,315.08,309.30,311.78,13344000,78.05,78.77,77.33,77.94,53376001
2021-03-24,318.00,321.34,314.66,316.54,13614686,318.00,321.34,314.66,316.54,13614686,79.50,80.34,78.66,79.14,54458744
2021-03-25,302.11,305.05,299.16,301.84,15253747,302.11,305.05,299.16,301.84,15253747,75.53,76.26,74.79,75.46,61014987
2021-03-26,306.82,310.56,303.09,306.08,13681669,306.82,310.56,303.09,306.08,13681669,76.71,77.64,75.77,76.52,54726677
2021-03-29,300.56,304.74,296.38,300.74,13594027,300.56,304.74,296.38,300.74,13594027,75.14,76.19,74.10,75.19,54376110
2021-03-30,294.09,296.93,291.25,293.36,12326848,294.09,296.93,291.25,293.36,12326848,73.52,74.23,72.81,73.34,49307391
2021-03-31,293.76,296.26,291.27,293.95,13862109,293.76,296.26,291.27,293.95,13862109,73.44,74.06,72.82,73.49,55448435
2021-04-01,295.95,300.29,291.62,294.97,9592243,295.95,300.29,291.62,294.97,9592243,73.99,75.07,72.90,73.74,38368971
2021-04-02,288.42,291.56,285.27,288.70,8074724,288.42,291.56,285.27,288.70,8074724,72.10,72.89,71.32,72.17,32298896
2021-04-05,294.14,296.90,291.38,292.86,13102401,294.14,296.90,291.38,292.86,13102401,73.53,74.23,72.84,73.22,52409603
2021-04-06,291.34,294.78,287.90,294.54,15439343,291.34,294.78,287.90,294.54,15439343,72.84,73.70,71.97,73.64,61757372
2021-04-07,296.25,299.66,292.84,295.02,14366417,296.25,299.66,292.84,295.02,14366417,74.06,74.91,73.21,73.76,57465668
2021-04-08,300.49,302.87,298.12,300.65,9461458,300.49,302.87,298.12,300.65,9461458,75.12,75.72,74.53,75.16,37845831
2021-04-09,312.25,316.50,307.99,312.24,9205819,312.25,316.50,307.99,312.24,9205819,78.06,79.13,77.00,78.06,36823277
2021-04-12,319.88,323.87,315.88,318.65,15661439,319.88,323.87,315.88,318.65,15661439,79.97,80.97,78.97,79.66,62645754
2021-04-13,322.82,325.73,319.91,321.36,13050265,322.82,325.73,319.91,321.36,13050265,80.70,81.43,79.98,80.34,52201060
2021-04-14,315.75,317.69,313.81,317.46,11788883,315.75,317.69,313.81,317.46,11788883,78.94,79.42,78.45,79.36,47155530
2021-04-15,323.11,326.60,319.61,322.65,8223812,323.11,326.60,319.61,322.65,8223812,80.78,81.65,79.90,80.66,32895246
2021-04-16,321.36,326.04,316.69,320.13,10080947,321.36,326.04,316.69,320.13,10080947,80.34,81.51,79.17,80.03,40323786
2021-04-19,316.01,321.48,310.54,315.70,13426934,316.01,321.48,310.54,315.70,13426934,79.00,80.37,77.63,78.92,53707735
2021-04-20,324.82,327.86,321.79,324.22,14514243,324.82,327.86,321.79,324.22,14514243,81.21,81.96,80.45,81.06,58056973
2021-04-21,324.68,326.65,322.71,325.36,8871478,324.68,326.65,322.71,325.36,8871478,81.17,81.66,80.68,81.34,35485912
2021-04-22,320.05,324.06,316.04,319.15,10319660,320.05,324.06,316.04,319.15,10319660,80.01,81.02,79.01,79.79,41278639
2021-04-23,319.38,320.92,317.83,318.01,13142697,319.38,320.92,317.83,318.01,13142697,79.84,80.23,79.46,79.50,52570789
2021-04-26,323.58,326.27,320.89,322.14,9555639,323.58,326.27,320.89,322.14,9555639,80.89,81.57,80.22,80.53,38222555
2021-04-27,332.68,336.20,329.15,333.17,11742672,332.68,336.20,329.15,333.17,11742672,83.17,84.05,82.29,83.29,46970686
2021-04-28,344.80,347.36,342.24,344.78,14266628,344.80,347.36,342.24,344.78,14266628,86.20,86.84,85.56,86.20,57066513
2021-04-29,338.66,341.66,335.66,340.94,13471175,338.66,341.66,335.66,340.94,13471175,84.66,85.42,83.91,85.24,53884702
2021-04-30,345.20,348.21,342.19,343.94,12149687,345.20,348.21,342.19,343.94,12149687,86.30,87.05,85.55,85.98,48598747
2021-05-03,359.28,364.73,353.83,359.62,12970504,359.28,364.73,353.83,359.62,12970504,89.82,91.18,88.46,89.90,51882015
2021-05-04,360.15,365.78,354.52,360.86,13068243,360.15,365.78,354.52,360.86,13068243,90.04,91.44,88.63,90.22,52272971
2021-05-05,356.05,359.66,352.45,355.43,13725366,356.05,359.66,352.45,355.43,13725366,89.01,89.91,88.11,88.86,54901463
2021-05-06,365.94,370.27,361.61,365.89,10181521,365.94,370.27,361.61,365.89,10181521,91.49,92.57,90.40,91.47,40726085
2021-05-07,367.41,370.52,364.30,366.39,12140959,367.41,370.52,364.30,366.39,12140959,91.85,92.63,91.07,91.60,48563834
2021-05-10,359.62,361.95,357.29,358.95,12847027,359.62,361.95,357.29,358.95,12847027,89.91,90.49,89.32,89.74,51388109
2021-05-11,369.74,375.16,364.32,369.42,10830561,369.74,375.16,364.32,369.42,10830561,92.43,93.79,91.08,92.35,43322243
2021-05-12,362.49,367.75,357.22,359.59,9194712,362.49,367.75,357.22,359.59,9194712,90.62,91.94,89.31,89.90,36778848
2021-05-13,361.61,364.63,358.59,358.61,13047198,361.61,364.63,358.59,358.61,13047198,90.40,91.16,89.65,89.65,52188791
2021-05-14,366.24,369.32,363.16,367.16,9123701,366.24,369.32,363.16,367.16,9123701,91.56,92.33,90.79,91.79,36494805
2021-05-17,370.69,378.05,363.32,371.34,14731763,370.69,378.05,363.32,371.34,14731763,92.67,94.51,90.83,92.83,58927053
2021-05-18,363.80,366.68,360.92,365.69,13537256,363.80,366.68,360.92,365.69,13537256,90.95,91.67,90.23,91.42,54149023
2021-05-19,383.52,387.28,379.75,382.54,8833166,383.52,387.28,379.75,382.54,8833166,95.88,96.82,94.94,95.64,35332665
2021-05-20,390.57,393.16,387.98,390.95,13411176,390.57,393.16,387.98,390.95,13411176,97.64,98.29,96.99,97.74,53644704
2021-05-21,385.14,388.96,381.32,385.67,12420989,385.14,388.96,381.32,385.67,12420989,96.29,97.24,95.33,96.42,49683958
2021-05-24,384.08,386.76,381.40,383.36,15699970,384.08,386.76,381.40,383.36,15699970,96.02,96.69,95.35,95.84,62799879
2021-05-25,384.79,388.93,380.66,383.42,14409981,384.79,388.93,380.66,383.42,14409981,96.20,97.23,95.17,95.86,57639924
2021-05-26,384.64,388.84,380.44,384.12,8347585,384.64,388.84,380.44,384.12,8347585,96.16,97.21,95.11,96.03,33390341
2021-05-27,375.73,382.76,368.70,375.92,9482494,375.73,382.76,368.70,375.92,9482494,93.93,95.69,92.17,93.98,37929978
2021-05-28,372.32,377.42,367.22,372.52,10083188,372.32,377.42,367.22,372.52,10083188,93.08,94.35,91.80,93.13,40332751
2021-05-31,368.03,372.87,363.18,366.89,8265871,368.03,372.87,363.18,366.89,8265871,92.01,93.22,90.79,91.72,33063482
2021-06-01,377.32,379.71,374.94,377.74,9149286,377.32,379.71,374.94,377.74,9149286,94.33,94.93,93.73,94.44,36597145
2021-06-02,389.76,395.11,384.41,387.59,14023507,389.76,395.11,384.41,387.59,14023507,97.44,98.78,96.10,96.90,56094027
2021-06-03,384.24,387.54,380.94,383.94,11660391,384.24,387.54,380.94,383.94,11660391,96.06,96.89,95.23,95.99,46641563
2021-06-04,384.61,386.54,382.67,383.27,13111760,384.61,386.54,382.67,383.27,13111760,96.15,96.64,95.67,95.82,52447042
2021-06-07,378.68,382.32,375.04,380.01,10444419,378.68,382.32,375.04,380.01,10444419,94.67,95.58,93.76,95.00,41777678
2021-06-08,389.81,395.93,383.70,388.99,12540824,389.81,395.93,383.70,388.99,12540824,97.45,98.98,95.92,97.25,50163296
2021-06-09,394.66,398.99,390.33,393.33,12483626,394.66,398.99,390.33,393.33,12483626,98.66,99.75,97.58,98.33,49934502
2021-06-10,394.50,399.62,389.39,395.67,9434256,394.50,399.62,389.39,395.67,9434256,98.63,99.90,97.35,98.92,37737023
2021-06-11,405.68,410.59,400.78,405.07,12939994,405.68,410.59,400.78,405.07,12939994,101.42,102.65,100.19,101.27,51759975
2021-06-14,402.76,409.99,395.54,401.83,12847081,402.76,409.99,395.54,401.83,12847081,100.69,102.50,98.88,100.46,51388322
2021-06-15,400.09,403.84,396.35,400.04,12873613,400.09,403.84,396.35,400.04,12873613,100.02,100.96,99.09,100.01,51494452
2021-06-16,399.59,403.57,395.60,401.11,12585296,399.59,403.57,395.60,401.11,12585296,99.90,100.89,98.90,100.28,50341184
2021-06-17,389.48,394.86,384.10,389.72,11234497,389.48,394.86,384.10,389.72,11234497,97.37,98.72,96.03,97.43,44937988
2021-06-18,389.87,393.90,385.83,389.93,8487676,389.87,393.90,385.83,389.93,8487676,97.47,98.47,96.46,97.48,33950704
2021-06-21,382.64,385.54,379.74,382.22,9816129,382.64,385.54,379.74,382.22,9816129,95.66,96.38,94.94,95.56,39264515
2021-06-22,385.93,387.65,384.21,386.60,12484964,385.93,387.65,384.21,386.60,12484964,96.48,96.91,96.05,96.65,49939855
2021-06-23,378.56,381.39,375.72,379.91,12361613,378.56,381.39,375.72,379.91,12361613,94.64,95.35,93.93,94.98,49446453
2021-06-24,381.16,388.02,374.29,381.94,14061506,381.16,388.02,374.29,381.94,14061506,95.29,97.01,93.57,95.49,56246025
2021-06-25,375.92,380.73,371.11,375.98,14334867,375.92,380.73,371.11,375.98,14334867,93.98,95.18,92.78,94.00,57339469
2021-06-28,382.08,384.91,379.25,381.49,10204045,382.08,384.91,379.25,381.49,10204045,95.52,96.23,94.81,95.37,40816178
2021-06-29,376.09,379.13,373.05,374.59,9960006,376.09,379.13,373.05,374.59,9960006,94.02,94.78,93.26,93.65,39840025
2021-06-30,373.14,378.37,367.91,372.47,8055384,373.14,378.37,367.91,372.47,8055384,93.28,94.59,91.98,93.12,32221535
2021-07-01,370.03,374.39,365.67,369.82,13667914,370.03,374.39,365.67,369.82,13667914,92.51,93.60,91.42,92.46,54671655
2021-07-02,366.26,371.44,361.07,367.23,14645984,366.26,371.44,361.07,367.23,14645984,91.56,92.86,90.27,91.81,58583936
2021-07-05,364.04,367.70,360.37,364.57,9675817,364.04,367.70,360.37,364.57,9675817,91.01,91.93,90.09,91.14,38703266
2021-07-06,364.48,367.86,361.10,362.82,8482021,364.48,367.86,361.10,362.82,8482021,91.12,91.96,90.28,90.71,33928084
2021-07-07,354.34,359.10,349.57,354.32,11826833,354.34,359.10,349.57,354.32,11826833,88.58,89.78,87.39,88.58,47307334
2021-07-08,349.66,354.76,344.57,351.31,9747029,349.66,354.76,344.57,351.31,9747029,87.42,88.69,86.14,87.83,38988118
2021-07-09,353.38,357.43,349.34,352.41,10468532,353.38,357.43,349.34,352.41,10468532,88.35,89.36,87.33,88.10,41874128
2021-07-12,346.62,350.48,342.75,346.69,10648165,346.62,350.48,342.75,346.69,10648165,86.65,87.62,85.69,86.67,42592659
2021-07-13,342.30,348.05,336.55,342.80,13025032,342.30,348.05,336.55,342.80,13025032,85.57,87.01,84.14,85.70,52100128
2021-07-14,348.50,354.13,342.86,348.15,15472847,348.50,354.13,342.86,348.15,15472847,87.12,88.53,85.72,87.04,61891386
2021-07-15,353.99,357.71,350.27,354.06,8668724,353.99,357.71,350.27,354.06,8668724,88.50,89.43,87.57,88.51,34674897
2021-07-16,351.93,357.04,346.82,352.08,8101921,351.93,357.04,346.82,352.08,8101921,87.98,89.26,86.71,88.02,32407685
2021-07-19,358.18,362.34,354.02,357.30,14631116,358.18,362.34,354.02,357.30,14631116,89.55,90.59,88.50,89.33,58524466
2021-07-20,89.20,90.33,88.06,89.59,41851853,89.20,90.33,88.06,89.59,41851853,89.20,90.33,88.06,89.59,41851853
2021-07-21,91.73,92.63,90.83,91.56,58736046,91.73,92.63,90.83,91.56,58736046,91.73,92.63,90.83,91.56,58736046
2021-07-22,91.86,92.44,91.28,91.30,35667309,91.86,92.44,91.28,91.30,35667309,91.86,92.44,91.28,91.30,35667309
2021-07-23,92.02,93.17,90.87,91.89,37317854,92.02,93.17,90.87,91.89,37317854,92.02,93.17,90.87,91.89,37317854
2021-07-26,93.44,93.98,92.90,92.92,50628633,93.44,93.98,92.90,92.92,50628633,93.44,93.98,92.90,92.92,50628633
2021-07-27,92.68,94.23,91.13,92.80,40746458,92.68,94.23,91.13,92.80,40746458,92.68,94.23,91.13,92.80,40746458
2021-07-28,92.34,93.67,91.01,92.07,33599814,92.34,93.67,91.01,92.07,33599814,92.34,93.67,91.01,92.07,33599814
2021-07-29,94.75,95.54,93.96,94.90,45444353,94.75,95.54,93.96,94.90,45444353,94.75,95.54,93.96,94.90,45444353
2021-07-30,93.58,94.21,92.94,93.42,61964228,93.58,94.21,92.94,93.42,61964228,93.58,94.21,92.94,93.42,61964228
2021-08-02,91.50,92.81,90.18,92.02,54340433,91.50,92.81,90.18,92.02,54340433,91.50,92.81,90.18,92.02,54340433
2021-08-03,93.44,94.66,92.23,92.91,60002841,93.44,94.66,92.23,92.91,60002841,93.44,94.66,92.23,92.91,60002841
2021-08-04,92.43,93.31,91.55,92.14,55078943,92.43,93.31,91.55,92.14,55078943,92.43,93.31,91.55,92.14,55078943
2021-08-05,92.26,92.65,91.87,92.04,44304174,92.26,92.65,91.87,92.04,44304174,92.26,92.65,91.87,92.04,44304174
2021-08-06,95.05,96.21,93.89,95.21,41056132,95.05,96.21,93.89,95.21,41056132,95.05,96.21,93.89,95.21,41056132
2021-08-09,92.50,93.42,91.57,91.76,46950582,92.50,93.42,91.57,91.76,46950582,92.50,93.42,91.57,91.76,46950582
2021-08-10,93.25,94.60,91.90,92.70,46967559,93.25,94.60,91.90,92.70,46967559,93.25,94.60,91.90,92.70,46967559
2021-08-11,94.83,95.78,93.89,95.17,43656780,94.83,95.78,93.89,95.17,43656780,94.83,95.78,93.89,95.17,43656780
2021-08-12,94.46,96.00,92.91,94.83,61972329,94.46,96.00,92.91,94.83,61972329,94.46,96.00,92.91,94.83,61972329
2021-08-13,92.66,93.74,91.58,92.80,47477118,92.66,93.74,91.58,92.80,47477118,92.66,93.74,91.58,92.80,47477118
2021-08-16,92.32,93.53,91.11,92.27,58733561,92.32,93.53,91.11,92.27,58733561,92.32,93.53,91.11,92.27,58733561
2021-08-17,93.33,94.31,92.34,93.44,47771682,93.33,94.31,92.34,93.44,47771682,93.33,94.31,92.34,93.44,47771682
2021-08-18,90.50,91.35,89.66,90.51,33399374,90.50,91.35,89.66,90.51,33399374,90.50,91.35,89.66,90.51,33399374
2021-08-19,92.79,93.42,92.15,92.73,59455585,92.79,93.42,92.15,92.73,59455585,92.79,93.42,92.15,92.73,59455585
2021-08-20,94.31,96.33,92.29,94.27,55278580,94.31,96.33,92.29,94.27,55278580,94.31,96.33,92.29,94.27,55278580
2021-08-23,94.86,96.08,93.63,94.62,62270276,94.86,96.08,93.63,94.62,62270276,94.86,96.08,93.63,94.62,62270276
2021-08-24,95.07,96.01,94.14,94.55,42019625,95.07,96.01,94.14,94.55,42019625,95.07,96.01,94.14,94.55,42019625
2021-08-25,93.95,94.99,92.91,94.21,46565570,93.95,94.99,92.91,94.21,46565570,93.95,94.99,92.91,94.21,46565570
2021-08-26,98.16,99.59,96.73,97.80,56268413,98.16,99.59,96.73,97.80,56268413,98.16,99.59,96.73,97.80,56268413
2021-08-27,99.21,100.66,97.75,98.88,39805404,99.21,100.66,97.75,98.88,39805404,99.21,100.66,97.75,98.88,39805404
2021-08-30,101.85,102.82,100.87,101.00,49004273,101.85,102.82,100.87,101.00,49004273,101.85,102.82,100.87,101.00,49004273
2021-08-31,100.44,101.25,99.62,100.11,45844083,100.44,101.25,99.62,100.11,45844083,100.44,101.25,99.62,100.11,45844083
2021-09-01,104.45,105.79,103.11,104.22,59337342,104.45,105.79,103.11,104.22,59337342,104.45,105.79,103.11,104.22,59337342
2021-09-02,105.51,107.46,103.57,105.11,33699864,105.51,107.46,103.57,105.11,33699864,105.51,107.46,103.57,105.11,33699864
2021-09-03,105.24,106.46,104.01,105.75,48610103,105.24,106.46,104.01,105.75,48610103,105.24,106.46,104.01,105.75,48610103
2021-09-06,105.41,106.20,104.61,105.11,52446902,105.41,106.20,104.61,105.11,52446902,105.41,106.20,104.61,105.11,52446902
2021-09-07,103.10,104.04,102.16,103.26,45439104,103.10,104.04,102.16,103.26,45439104,103.10,104.04,102.16,103.26,45439104
2021-09-08,105.32,106.53,104.11,106.33,47340974,105.32,106.53,104.11,106.33,47340974,105.32,106.53,104.11,106.33,47340974
2021-09-09,108.49,109.97,107.01,108.07,34056521,108.49,109.97,107.01,108.07,34056521,108.49,109.97,107.01,108.07,34056521
2021-09-10,108.34,109.39,107.30,108.44,56084743,108.34,109.39,107.30,108.44,56084743,108.34,109.39,107.30,108.44,56084743
2021-09-13,108.58,109.68,107.48,108.80,45716933,108.58,109.68,107.48,108.80,45716933,108.58,109.68,107.48,108.80,45716933
2021-09-14,108.43,109.70,107.15,108.57,43701921,108.43,109.70,107.15,108.57,43701921,108.43,109.70,107.15,108.57,43701921
2021-09-15,105.71,107.09,104.33,105.14,45272272,105.71,107.09,104.33,105.14,45272272,105.71,107.09,104.33,105.14,45272272
2021-09-16,105.45,106.85,104.06,105.99,33343750,105.45,106.85,104.06,105.99,33343750,105.45,106.85,104.06,105.99,33343750
2021-09-17,106.45,108.53,104.36,106.25,33729371,106.45,108.53,104.36,106.25,33729371,106.45,108.53,104.36,106.25,33729371
2021-09-20,107.86,108.93,106.80,107.65,56422381,107.86,108.93,106.80,107.65,56422381,107.86,108.93,106.80,107.65,56422381
2021-09-21,108.82,109.58,108.06,108.45,47748513,108.82,109.58,108.06,108.45,47748513,108.82,109.58,108.06,108.45,47748513
2021-09-22,111.78,113.65,109.91,111.01,35847460,111.78,113.65,109.91,111.01,35847460,111.78,113.65,109.91,111.01,35847460
2021-09-23,110.25,111.38,109.13,110.17,32310562,110.25,111.38,109.13,110.17,32310562,110.25,111.38,109.13,110.17,32310562
2021-09-24,109.26,110.13,108.40,109.04,43901494,109.26,110.13,108.40,109.04,43901494,109.26,110.13,108.40,109.04,43901494
2021-09-27,109.69,110.61,108.77,108.97,31503942,109.69,110.61,108.77,108.97,31503942,109.69,110.61,108.77,108.97,31503942
2021-09-28,109.48,110.32,108.63,109.14,56083346,109.48,110.32,108.63,109.14,56083346,109.48,110.32,108.63,109.14,56083346
2021-09-29,109.70,110.38,109.03,109.15,44279746,109.70,110.38,109.03,109.15,44279746,109.70,110.38,109.03,109.15,44279746
2021-09-30,111.70,112.88,110.53,111.35,50448940,111.70,112.88,110.53,111.35,50448940,111.70,112.88,110.53,111.35,50448940
2021-10-01,109.02,110.48,107.56,109.41,41340514,109.02,110.48,107.56,109.41,41340514,109.02,110.48,107.56,109.41,41340514
2021-10-04,110.72,111.77,109.67,110.54,44286302,110.72,111.77,109.67,110.54,44286302,110.72,111.77,109.67,110.54,44286302
2021-10-05,110.21,111.80,108.61,109.74,32737384,110.21,111.80,108.61,109.74,32737384,110.21,111.80,108.61,109.74,32737384
2021-10-06,112.99,114.57,111.41,112.68,34012749,112.99,114.57,111.41,112.68,34012749,112.99,114.57,111.41,112.68,34012749
2021-10-07,115.39,117.00,113.78,115.49,53731653,115.39,117.00,113.78,115.49,53731653,115.39,117.00,113.78,115.49,53731653
2021-10-08,113.71,115.31,112.11,113.50,34252472,113.71,115.31,112.11,113.50,34252472,113.71,115.31,112.11,113.50,34252472
2021-10-11,114.21,115.23,113.20,114.32,61757725,114.21,115.23,113.20,114.32,61757725,114.21,115.23,113.20,114.32,61757725
2021-10-12,115.81,117.51,114.11,115.80,32268858,115.81,117.51,114.11,115.80,32268858,115.81,117.51,114.11,115.80,32268858
2021-10-13,116.52,118.27,114.76,116.52,46883639,116.52,118.27,114.76,116.52,46883639,116.52,118.27,114.76,116.52,46883639
2021-10-14,116.17,117.51,114.83,115.39,40653716,116.17,117.51,114.83,115.39,40653716,116.17,117.51,114.83,115.39,40653716
2021-10-15,118.53,119.85,117.21,118.43,60354804,118.53,119.85,117.21,118.43,60354804,118.53,119.85,117.21,118.43,60354804
2021-10-18,117.48,118.69,116.27,117.03,32822167,117.48,118.69,116.27,117.03,32822167,117.48,118.69,116.27,117.03,32822167
2021-10-19,120.80,121.70,119.89,120.30,46841895,120.80,121.70,119.89,120.30,46841895,120.80,121.70,119.89,120.30,46841895
2021-10-20,121.06,122.67,119.46,121.09,54226955,121.06,122.67,119.46,121.09,54226955,121.06,122.67,119.46,121.09,54226955
2021-10-21,118.93,120.15,117.72,119.05,40326935,118.93,120.15,117.72,119.05,40326935,118.93,120.15,117.72,119.05,40326935
2021-10-22,116.25,118.15,114.34,115.71,54633470,116.25,118.15,114.34,115.71,54633470,116.25,118.15,114.34,115.71,54633470
2021-10-25,116.86,118.00,115.72,116.99,43586673,116.86,118.00,115.72,116.99,43586673,116.86,118.00,115.72,116.99,43586673
2021-10-26,115.81,117.66,113.97,116.14,61158526,115.81,117.66,113.97,116.14,61158526,115.81,117.66,113.97,116.14,61158526
2021-10-27,119.56,121.30,117.82,119.41,36019533,119.56,121.30,117.82,119.41,36019533,119.56,121.30,117.82,119.41,36019533
2021-10-28,116.20,117.33,115.08,116.19,38323785,116.20,117.33,115.08,116.19,38323785,116.20,117.33,115.08,116.19,38323785
2021-10-29,116.06,117.02,115.09,116.03,57696648,116.06,117.02,115.09,116.03,57696648,116.06,117.02,115.09,116.03,57696648
2021-11-01,118.00,119.98,116.02,118.48,38962088,118.00,119.98,116.02,118.48,38962088,118.00,119.98,116.02,118.48,38962088
2021-11-02,121.82,123.14,120.51,120.78,45066922,121.82,123.14,120.51,120.78,45066922,121.82,123.14,120.51,120.78,45066922
2021-11-03,120.22,121.60,118.84,120.25,43693781,120.22,121.60,118.84,120.25,43693781,120.22,121.60,118.84,120.25,43693781
2021-11-04,118.04,118.86,117.22,118.44,49334498,118.04,118.86,117.22,118.44,49334498,118.04,118.86,117.22,118.44,49334498
2021-11-05,121.10,122.03,120.17,120.58,60423571,121.10,122.03,120.17,120.58,60423571,121.10,122.03,120.17,120.58,60423571
2021-11-08,117.57,118.96,116.19,117.33,49536614,117.57,118.96,116.19,117.33,49536614,117.57,118.96,116.19,117.33,49536614
2021-11-09,117.52,118.70,116.34,117.23,47987536,117.52,118.70,116.34,117.23,47987536,117.52,118.70,116.34,117.23,47987536
2021-11-10,118.16,120.00,116.31,117.70,36543766,118.16,120.00,116.31,117.70,36543766,118.16,120.00,116.31,117.70,36543766
2021-11-11,117.13,117.99,116.28,117.72,48115821,117.13,117.99,116.28,117.72,48115821,117.13,117.99,116.28,117.72,48115821
2021-11-12,115.93,117.59,114.27,116.13,55738219,115.93,117.59,114.27,116.13,55738219,115.93,117.59,114.27,116.13,55738219
2021-11-15,119.55,120.62,118.48,119.35,51978484,119.55,120.62,118.48,119.35,51978484,119.55,120.62,118.48,119.35,51978484
2021-11-16,120.38,121.40,119.35,120.46,58171400,120.38,121.40,119.35,120.46,58171400,120.38,121.40,119.35,120.46,58171400
2021-11-17,119.65,121.52,117.77,119.70,58919440,119.65,121.52,117.77,119.70,58919440,119.65,121.52,117.77,119.70,58919440
2021-11-18,121.44,122.87,120.02,120.31,59925994,121.44,122.87,120.02,120.31,59925994,121.44,122.87,120.02,120.31,59925994
2021-11-19,124.33,125.60,123.06,124.22,41548304,124.33,125.60,123.06,124.22,41548304,124.33,125.60,123.06,124.22,41548304
2021-11-22,125.85,127.71,123.99,125.55,47382926,125.85,127.71,123.99,125.55,47382926,125.85,127.71,123.99,125.55,47382926
2021-11-23,123.93,124.66,123.20,124.57,58735415,123.93,124.66,123.20,124.57,58735415,123.93,124.66,123.20,124.57,58735415
2021-11-24,123.12,124.72,121.51,123.42,52213829,123.12,124.72,121.51,123.42,52213829,123.12,124.72,121.51,123.42,52213829
2021-11-25,121.58,122.86,120.29,121.46,52317271,121.58,122.86,120.29,121.46,52317271,121.58,122.86,120.29,121.46,52317271
2021-11-26,119.76,121.61,117.91,119.32,31668409,119.76,121.61,117.91,119.32,31668409,119.76,121.61,117.91,119.32,31668409
2021-11-29,116.07,117.64,114.50,116.62,37587981,116.07,117.64,114.50,116.62,37587981,116.07,117.64,114.50,116.62,37587981
2021-11-30,118.35,120.17,116.54,118.39,56492715,118.35,120.17,116.54,118.39,56492715,118.35,120.17,116.54,118.39,56492715
2021-12-01,115.85,118.14,113.56,115.45,56695534,115.85,118.14,113.56,115.45,56695534,115.85,118.14,113.56,115.45,56695534
2021-12-02,120.55,122.38,118.73,120.56,38918773,120.55,122.38,118.73,120.56,38918773,120.55,122.38,118.73,120.56,38918773
2021-12-03,120.95,121.98,119.92,120.90,57313203,120.95,121.98,119.92,120.90,57313203,120.95,121.98,119.92,120.90,57313203
2021-12-06,117.20,118.09,116.30,117.29,31898688,117.20,118.09,116.30,117.29,31898688,117.20,118.09,116.30,117.29,31898688
2021-12-07,119.70,120.61,118.78,119.06,34908943,119.70,120.61,118.78,119.06,34908943,119.70,120.61,118.78,119.06,34908943
2021-12-08,122.75,123.68,121.82,122.12,42172528,122.75,123.68,121.82,122.12,42172528,122.75,123.68,121.82,122.12,42172528
2021-12-09,119.35,120.05,118.65,119.61,59654921,119.35,120.05,118.65,119.61,59654921,119.35,120.05,118.65,119.61,59654921
2021-12-10,119.04,120.37,117.70,119.45,38288044,119.04,120.37,117.70,119.45,38288044,119.04,120.37,117.70,119.45,38288044
2021-12-13,118.95,120.09,117.80,119.21,61550235,118.95,120.09,117.80,119.21,61550235,118.95,120.09,117.80,119.21,61550235
2021-12-14,124.27,125.43,123.11,123.16,38199308,124.27,125.43,123.11,123.16,38199308,124.27,125.43,123.11,123.16,38199308
2021-12-15,121.87,123.40,120.34,121.63,42833415,121.87,123.40,120.34,121.63,42833415,121.87,123.40,120.34,121.63,42833415
2021-12-16,121.96,123.25,120.67,121.47,54124695,121.96,123.25,120.67,121.47,54124695,121.96,123.25,120.67,121.47,54124695
2021-12-17,116.34,118.11,114.58,116.80,47979316,116.34,118.11,114.58,116.80,47979316,116.34,118.11,114.58,116.80,47979316
2021-12-20,117.63,118.87,116.38,118.61,54086360,117.63,118.87,116.38,118.61,54086360,117.63,118.87,116.38,118.61,54086360
2021-12-21,120.46,121.78,119.13,119.89,32117512,120.46,121.78,119.13,119.89,32117512,120.46,121.78,119.13,119.89,32117512
2021-12-22,119.08,120.54,117.62,118.93,45273517,119.08,120.54,117.62,118.93,45273517,119.08,120.54,117.62,118.93,45273517
2021-12-23,123.60,124.72,122.48,122.90,58187285,123.60,124.72,122.48,122.90,58187285,123.60,124.72,122.48,122.90,58187285
2021-12-24,119.23,121.04,117.42,120.02,44733245,119.23,121.04,117.42,120.02,44733245,119.23,121.04,117.42,120.02,44733245
2021-12-27,120.85,122.53,119.18,121.03,32628443,120.85,122.53,119.18,121.03,32628443,120.85,122.53,119.18,121.03,32628443
2021-12-28,120.67,121.24,120.09,120.69,62252109,120.67,121.24,120.09,120.69,62252109,120.67,121.24,120.09,120.69,62252109
2021-12-29,123.30,124.16,122.45,122.47,32097441,123.30,124.16,122.45,122.47,32097441,123.30,124.16,122.45,122.47,32097441
2021-12-30,123.10,124.90,121.29,123.23,57297754,123.10,124.90,121.29,123.23,57297754,123.10,124.90,121.29,123.23,57297754
2021-12-31,121.20,122.69,119.71,121.04,58724655,121.20,122.69,119.71,121.04,58724655,121.20,122.69,119.71,121.04,58724655
2022-01-03,122.67,123.67,121.68,123.06,33828743,122.67,123.67,121.68,123.06,33828743,122.67,123.67,121.68,123.06,33828743
2022-01-04,126.58,127.38,125.78,126.74,32108383,126.58,127.38,125.78,126.74,32108383,126.58,127.38,125.78,126.74,32108383
2022-01-05,127.60,129.27,125.93,128.39,40205996,127.60,129.27,125.93,128.39,40205996,127.60,129.27,125.93,128.39,40205996
2022-01-06,129.92,132.07,127.77,129.42,57888156,129.92,132.07,127.77,129.42,57888156,129.92,132.07,127.77,129.42,57888156
2022-01-07,133.43,134.46,132.40,133.07,37400383,133.43,134.46,132.40,133.07,37400383,133.43,134.46,132.40,133.07,37400383
2022-01-10,131.35,132.66,130.05,131.30,40414243,131.35,132.66,130.05,131.30,40414243,131.35,132.66,130.05,131.30,40414243
2022-01-11,134.86,136.72,133.00,134.22,49441066,134.86,136.72,133.00,134.22,49441066,134.86,136.72,133.00,134.22,49441066
2022-01-12,133.58,134.20,132.96,133.13,53953539,133.58,134.20,132.96,133.13,53953539,133.58,134.20,132.96,133.13,53953539
2022-01-13,132.42,134.60,130.24,132.71,32994595,132.42,134.60,130.24,132.71,32994595,132.42,134.60,130.24,132.71,32994595
2022-01-14,133.58,135.09,132.07,133.06,58652704,133.58,135.09,132.07,133.06,58652704,133.58,135.09,132.07,133.06,58652704
2022-01-17,129.43,130.13,128.74,129.51,35188464,129.43,130.13,128.74,129.51,35188464,129.43,130.13,128.74,129.51,35188464
2022-01-18,132.12,132.88,131.37,131.74,33144448,132.12,132.88,131.37,131.74,33144448,132.12,132.88,131.37,131.74,33144448
2022-01-19,135.99,137.17,134.82,135.64,45364713,135.99,137.17,134.82,135.64,45364713,135.99,137.17,134.82,135.64,45364713
2022-01-20,135.56,137.01,134.12,135.56,33385186,135.56,137.01,134.12,135.56,33385186,135.56,137.01,134.12,135.56,33385186
2022-01-21,132.47,133.80,131.13,132.55,40550750,132.47,133.80,131.13,132.55,40550750,132.47,133.80,131.13,132.55,40550750
2022-01-24,133.40,135.06,131.73,134.05,35661643,133.40,135.06,131.73,134.05,35661643,133.40,135.06,131.73,134.05,35661643
2022-01-25,135.48,136.34,134.62,135.57,53007016,135.48,136.34,134.62,135.57,53007016,135.48,136.34,134.62,135.57,53007016
2022-01-26,134.02,135.96,132.09,133.98,51840426,134.02,135.96,132.09,133.98,51840426,134.02,135.96,132.09,133.98,51840426
2022-01-27,133.24,133.92,132.57,133.11,38003330,133.24,133.92,132.57,133.11,38003330,133.24,133.92,132.57,133.11,38003330
2022-01-28,129.09,130.13,128.05,128.57,60733655,129.09,130.13,128.05,128.57,60733655,129.09,130.13,128.05,128.57,60733655
2022-01-31,127.73,128.76,126.69,127.31,39220493,127.73,128.76,126.69,127.31,39220493,127.73,128.76,126.69,127.31,39220493
2022-02-01,130.34,131.85,128.83,129.53,57292811,130.34,131.85,128.83,129.53,57292811,130.34,131.85,128.83,129.53,57292811
2022-02-02,126.00,127.42,124.59,125.38,60898983,126.00,127.42,124.59,125.38,60898983,126.00,127.42,124.59,125.38,60898983
2022-02-03,124.44,125.75,123.12,124.40,52364563,124.44,125.75,123.12,124.40,52364563,124.44,125.75,123.12,124.40,52364563
2022-02-04,125.52,126.75,124.29,125.28,54183500,125.52,126.75,124.29,125.28,54183500,125.52,126.75,124.29,125.28,54183500
2022-02-07,125.79,126.73,124.86,126.08,53510307,125.79,126.73,124.86,126.08,53510307,125.79,126.73,124.86,126.08,53510307
2022-02-08,124.60,126.39,122.81,124.87,36038683,124.60,126.39,122.81,124.87,36038683,124.60,126.39,122.81,124.87,36038683
2022-02-09,128.94,130.10,127.77,127.91,35871665,128.94,130.10,127.77,127.91,35871665,128.94,130.10,127.77,127.91,35871665
2022-02-10,133.93,135.04,132.81,133.09,56993497,133.93,135.04,132.81,133.09,56993497,133.93,135.04,132.81,133.09,56993497
2022-02-11,131.39,132.68,130.11,131.21,32732141,131.39,132.68,130.11,131.21,32732141,131.39,132.68,130.11,131.21,32732141
2022-02-14,129.59,130.63,128.56,129.60,56077351,129.59,130.63,128.56,129.60,56077351,129.59,130.63,128.56,129.60,56077351
2022-02-15,129.69,131.13,128.25,130.33,48716519,129.69,131.13,128.25,130.33,48716519,129.69,131.13,128.25,130.33,48716519
2022-02-16,127.75,129.15,126.35,127.72,59227561,127.75,129.15,126.35,127.72,59227561,127.75,129.15,126.35,127.72,59227561
2022-02-17,129.68,130.84,128.51,129.57,57669555,129.68,130.84,128.51,129.57,57669555,129.68,130.84,128.51,129.57,57669555
2022-02-18,130.16,131.93,128.40,129.64,57581210,130.16,131.93,128.40,129.64,57581210,130.16,131.93,128.40,129.64,57581210
2022-02-21,130.34,132.44,128.23,129.44,44461774,130.34,132.44,128.23,129.44,44461774,130.34,132.44,128.23,129.44,44461774
2022-02-22,126.25,127.67,124.83,126.57,42862963,126.25,127.67,124.83,126.57,42862963,126.25,127.67,124.83,126.57,42862963
2022-02-23,129.16,130.44,127.89,128.79,47710130,129.16,130.44,127.89,128.79,47710130,129.16,130.44,127.89,128.79,47710130
2022-02-24,132.11,132.96,131.27,131.55,36579575,132.11,132.96,131.27,131.55,36579575,132.11,132.96,131.27,131.55,36579575
2022-02-25,131.42,133.38,129.46,131.60,34412489,131.42,133.38,129.46,131.60,34412489,131.42,133.38,129.46,131.60,34412489
2022-02-28,129.48,132.00,126.97,129.24,33282612,129.48,132.00,126.97,129.24,33282612,129.48,132.00,126.97,129.24,33282612
2022-03-01,131.16,133.23,129.09,130.64,47148008,131.16,133.23,129.09,130.64,47148008,131.16,133.23,129.09,130.64,47148008
2022-03-02,132.44,134.27,130.61,132.55,58290441,132.44,134.27,130.61,132.55,58290441,132.44,134.27,130.61,132.55,58290441
2022-03-03,134.05,136.02,132.08,133.72,53570922,134.05,136.02,132.08,133.72,53570922,134.05,136.02,132.08,133.72,53570922
2022-03-04,134.20,135.41,133.00,133.97,43931495,134.20,135.41,133.00,133.97,43931495,134.20,135.41,133.00,133.97,43931495
2022-03-07,132.37,133.06,131.68,132.22,36831675,132.37,133.06,131.68,132.22,36831675,132.37,133.06,131.68,132.22,36831675
2022-03-08,135.81,137.33,134.28,135.81,44618418,135.81,137.33,134.28,135.81,44618418,135.81,137.33,134.28,135.81,44618418
2022-03-09,135.81,137.34,134.29,136.34,33250218,135.81,137.34,134.29,136.34,33250218,135.81,137.34,134.29,136.34,33250218
2022-03-10,139.43,141.59,137.27,138.99,36442086,139.43,141.59,137.27,138.99,36442086,139.43,141.59,137.27,138.99,36442086
2022-03-11,141.84,143.89,139.80,141.93,56939706,141.84,143.89,139.80,141.93,56939706,141.84,143.89,139.80,141.93,56939706
2022-03-14,140.47,142.28,138.65,139.91,45975267,140.47,142.28,138.65,139.91,45975267,140.47,142.28,138.65,139.91,45975267
2022-03-15,139.91,141.49,138.32,138.93,35564410,139.91,141.49,138.32,138.93,35564410,139.91,141.49,138.32,138.93,35564410
2022-03-16,141.81,143.19,140.42,142.17,32175845,141.81,143.19,140.42,142.17,32175845,141.81,143.19,140.42,142.17,32175845
2022-03-17,140.47,141.90,139.04,139.90,53923282,140.47,141.90,139.04,139.90,53923282,140.47,141.90,139.04,139.90,53923282
2022-03-18,139.39,142.06,136.71,138.86,61944172,139.39,142.06,136.71,138.86,61944172,139.39,142.06,136.71,138.86,61944172
2022-03-21,140.61,142.31,138.91,140.49,53384862,140.61,142.31,138.91,140.49,53384862,140.61,142.31,138.91,140.49,53384862
2022-03-22,137.90,139.62,136.19,137.83,56804357,137.90,139.62,136.19,137.83,56804357,137.90,139.62,136.19,137.83,56804357
2022-03-23,135.76,137.59,133.93,136.70,32320028,135.76,137.59,133.93,136.70,32320028,135.76,137.59,133.93,136.70,32320028
2022-03-24,133.81,134.95,132.67,134.54,34924346,133.81,134.95,132.67,134.54,34924346,133.81,134.95,132.67,134.54,34924346
2022-03-25,133.60,134.42,132.78,134.34,62688091,133.60,134.42,132.78,134.34,62688091,133.60,134.42,132.78,134.34,62688091
2022-03-28,134.25,136.09,132.42,133.75,36764211,134.25,136.09,132.42,133.75,36764211,134.25,136.09,132.42,133.75,36764211
2022-03-29,133.22,134.29,132.15,133.69,51543854,133.22,134.29,132.15,133.69,51543854,133.22,134.29,132.15,133.69,51543854
2022-03-30,131.14,132.18,130.09,131.29,34417681,131.14,132.18,130.09,131.29,34417681,131.14,132.18,130.09,131.29,34417681
2022-03-31,131.07,133.11,129.03,130.33,55162207,131.07,133.11,129.03,130.33,55162207,131.07,133.11,129.03,130.33,55162207
2022-04-01,129.95,131.03,128.86,129.79,42917846,129.95,131.03,128.86,129.79,42917846,129.95,131.03,128.86,129.79,42917846
2022-04-04,129.82,131.09,128.55,128.93,59324034,129.82,131.09,128.55,128.93,59324034,129.82,131.09,128.55,128.93,59324034
2022-04-05,132.74,133.98,131.50,132.59,34853610,132.74,133.98,131.50,132.59,34853610,132.74,133.98,131.50,132.59,34853610
2022-04-06,132.39,133.40,131.39,131.48,62621815,132.39,133.40,131.39,131.48,62621815,132.39,133.40,131.39,131.48,62621815
2022-04-07,130.06,132.52,127.61,130.14,57415907,130.06,132.52,127.61,130.14,57415907,130.06,132.52,127.61,130.14,57415907
2022-04-08,132.50,134.65,130.34,132.74,52579265,132.50,134.65,130.34,132.74,52579265,132.50,134.65,130.34,132.74,52579265
2022-04-11,131.26,133.04,129.49,131.21,58288405,131.26,133.04,129.49,131.21,58288405,131.26,133.04,129.49,131.21,58288405
2022-04-12,128.97,130.47,127.48,128.73,38306260,128.97,130.47,127.48,128.73,38306260,128.97,130.47,127.48,128.73,38306260
2022-04-13,124.16,125.09,123.24,124.37,46329910,124.16,125.09,123.24,124.37,46329910,124.16,125.09,123.24,124.37,46329910
2022-04-14,125.62,126.60,124.64,125.04,58508231,125.62,126.60,124.64,125.04,58508231,125.62,126.60,124.64,125.04,58508231
2022-04-15,127.22,128.17,126.27,127.02,37022821,127.22,128.17,126.27,127.02,37022821,127.22,128.17,126.27,127.02,37022821
2022-04-18,129.22,131.40,127.04,128.84,43934971,129.22,131.40,127.04,128.84,43934971,129.22,131.40,127.04,128.84,43934971
2022-04-19,127.13,128.67,125.60,126.56,42187408,127.13,128.67,125.60,126.56,42187408,127.13,128.67,125.60,126.56,42187408
2022-04-20,126.35,129.24,123.46,126.42,38057824,126.35,129.24,123.46,126.42,38057824,126.35,129.24,123.46,126.42,38057824
2022-04-21,125.58,126.76,124.40,124.65,44892788,125.58,126.76,124.40,124.65,44892788,125.58,126.76,124.40,124.65,44892788
2022-04-22,126.47,127.65,125.29,125.79,44905907,126.47,127.65,125.29,125.79,44905907,126.47,127.65,125.29,125.79,44905907
2022-04-25,123.24,124.03,122.46,122.63,52114225,123.24,124.03,122.46,122.63,52114225,123.24,124.03,122.46,122.63,52114225
2022-04-26,125.98,127.57,124.38,126.03,56302426,125.98,127.57,124.38,126.03,56302426,125.98,127.57,124.38,126.03,56302426
2022-04-27,126.39,128.01,124.78,126.41,60023892,126.39,128.01,124.78,126.41,60023892,126.39,128.01,124.78,126.41,60023892
2022-04-28,125.07,125.66,124.48,125.16,61489131,125.07,125.66,124.48,125.16,61489131,125.07,125.66,124.48,125.16,61489131
2022-04-29,122.65,124.25,121.06,121.87,37056839,122.65,124.25,121.06,121.87,37056839,122.65,124.25,121.06,121.87,37056839
2022-05-02,124.27,126.80,121.75,123.92,57511014,124.27,126.80,121.75,123.92,57511014,124.27,126.80,121.75,123.92,57511014
2022-05-03,126.61,128.17,125.05,126.77,38066893,126.61,128.17,125.05,126.77,38066893,126.61,128.17,125.05,126.77,38066893
2022-05-04,123.15,124.71,121.59,122.62,38303628,123.15,124.71,121.59,122.62,38303628,123.15,124.71,121.59,122.62,38303628
2022-05-05,121.80,123.14,120.47,121.16,52105586,121.80,123.14,120.47,121.16,52105586,121.80,123.14,120.47,121.16,52105586
2022-05-06,122.38,123.82,120.93,122.97,46459948,122.38,123.82,120.93,122.97,46459948,122.38,123.82,120.93,122.97,46459948
2022-05-09,124.52,125.54,123.50,124.13,43016175,124.52,125.54,123.50,124.13,43016175,124.52,125.54,123.50,124.13,43016175
2022-05-10,122.94,124.99,120.89,122.76,60607805,122.94,124.99,120.89,122.76,60607805,122.94,124.99,120.89,122.76,60607805
2022-05-11,121.67,123.70,119.63,121.85,60370924,121.67,123.70,119.63,121.85,60370924,121.67,123.70,119.63,121.85,60370924
2022-05-12,121.58,122.12,121.05,121.07,59833566,121.58,122.12,121.05,121.07,59833566,121.58,122.12,121.05,121.07,59833566
2022-05-13,119.97,120.39,119.55,120.29,42618200,119.97,120.39,119.55,120.29,42618200,119.97,120.39,119.55,120.29,42618200
2022-05-16,117.33,119.06,115.61,117.70,31820475,117.33,119.06,115.61,117.70,31820475,117.33,119.06,115.61,117.70,31820475
2022-05-17,115.92,118.02,113.82,115.73,46646210,115.92,118.02,113.82,115.73,46646210,115.92,118.02,113.82,115.73,46646210
2022-05-18,118.42,120.00,116.83,118.99,53984399,118.42,120.00,116.83,118.99,53984399,118.42,120.00,116.83,118.99,53984399
2022-05-19,116.79,118.05,115.52,117.00,39045867,116.79,118.05,115.52,117.00,39045867,116.79,118.05,115.52,117.00,39045867
2022-05-20,114.97,115.72,114.22,115.28,49777365,114.97,115.72,114.22,115.28,49777365,114.97,115.72,114.22,115.28,49777365
2022-05-23,113.35,115.27,111.42,113.22,34468065,113.35,115.27,111.42,113.22,34468065,113.35,115.27,111.42,113.22,34468065
2022-05-24,113.37,114.67,112.06,113.87,35363474,113.37,114.67,112.06,113.87,35363474,113.37,114.67,112.06,113.87,35363474
2022-05-25,110.82,112.12,109.52,110.65,50051666,110.82,112.12,109.52,110.65,50051666,110.82,112.12,109.52,110.65,50051666
2022-05-26,108.30,109.49,107.12,108.68,58015453,108.30,109.49,107.12,108.68,58015453,108.30,109.49,107.12,108.68,58015453
2022-05-27,108.81,110.21,107.40,108.57,33688211,108.81,110.21,107.40,108.57,33688211,108.81,110.21,107.40,108.57,33688211
2022-05-30,111.60,112.59,110.62,111.59,62649692,111.60,112.59,110.62,111.59,62649692,111.60,112.59,110.62,111.59,62649692
2022-05-31,112.25,113.39,111.10,112.75,38127653,112.25,113.39,111.10,112.75,38127653,112.25,113.39,111.10,112.75,38127653
2022-06-01,109.96,111.15,108.77,110.00,59697238,109.96,111.15,108.77,110.00,59697238,109.96,111.15,108.77,110.00,59697238
2022-06-02,111.15,112.66,109.63,110.83,40136589,111.15,112.66,109.63,110.83,40136589,111.15,112.66,109.63,110.83,40136589
2022-06-03,108.92,109.83,108.01,108.32,43236165,108.92,109.83,108.01,108.32,43236165,108.92,109.83,108.01,108.32,43236165
2022-06-06,107.83,109.11,106.55,108.43,34736796,107.83,109.11,106.55,108.43,34736796,107.83,109.11,106.55,108.43,34736796
2022-06-07,106.23,107.66,104.80,106.95,44290949,106.23,107.66,104.80,106.95,44290949,106.23,107.66,104.80,106.95,44290949
2022-06-08,106.23,107.72,104.73,105.98,49297194,106.23,107.72,104.73,105.98,49297194,106.23,107.72,104.73,105.98,49297194
2022-06-09,106.02,106.61,105.43,106.14,60922379,106.02,106.61,105.43,106.14,60922379,106.02,106.61,105.43,106.14,60922379
2022-06-10,108.32,110.16,106.48,108.19,53980674,108.32,110.16,106.48,108.19,53980674,108.32,110.16,106.48,108.19,53980674
2022-06-13,108.32,109.28,107.37,107.60,45051110,108.32,109.28,107.37,107.60,45051110,108.32,109.28,107.37,107.60,45051110
2022-06-14,107.70,108.27,107.13,107.55,46536994,107.70,108.27,107.13,107.55,46536994,107.70,108.27,107.13,107.55,46536994
2022-06-15,105.49,106.44,104.53,104.96,38943063,105.49,106.44,104.53,104.96,38943063,105.49,106.44,104.53,104.96,38943063
2022-06-16,105.10,105.81,104.38,104.75,56196600,105.10,105.81,104.38,104.75,56196600,105.10,105.81,104.38,104.75,56196600
2022-06-17,104.06,105.13,103.00,104.08,61833638,104.06,105.13,103.00,104.08,61833638,104.06,105.13,103.00,104.08,61833638
2022-06-20,102.44,103.35,101.53,103.07,46798927,102.44,103.35,101.53,103.07,46798927,102.44,103.35,101.53,103.07,46798927
2022-06-21,100.89,101.97,99.81,101.23,35840491,100.89,101.97,99.81,101.23,35840491,100.89,101.97,99.81,101.23,35840491
2022-06-22,104.06,104.95,103.17,103.70,57767260,104.06,104.95,103.17,103.70,57767260,104.06,104.95,103.17,103.70,57767260
2022-06-23,102.26,103.21,101.32,101.81,61582925,102.26,103.21,101.32,101.81,61582925,102.26,103.21,101.32,101.81,61582925
2022-06-24,99.97,101.15,98.80,100.16,58011400,99.97,101.15,98.80,100.16,58011400,99.97,101.15,98.80,100.16,58011400
2022-06-27,98.07,98.84,97.30,98.00,31853147,98.07,98.84,97.30,98.00,31853147,98.07,98.84,97.30,98.00,31853147
2022-06-28,99.59,100.54,98.65,99.44,56089673,99.59,100.54,98.65,99.44,56089673,99.59,100.54,98.65,99.44,56089673
2022-06-29,96.56,98.28,94.83,96.97,50145854,96.56,98.28,94.83,96.97,50145854,96.56,98.28,94.83,96.97,50145854
2022-06-30,97.11,97.50,96.73,96.79,48507269,97.11,97.50,96.73,96.79,48507269,97.11,97.50,96.73,96.79,48507269
2022-07-01,97.11,99.03,95.20,97.00,58344577,97.11,99.03,95.20,97.00,58344577,97.11,99.03,95.20,97.00,58344577
2022-07-04,96.86,97.54,96.18,97.53,39867618,96.86,97.54,96.18,97.53,39867618,96.86,97.54,96.18,97.53,39867618
2022-07-05,96.50,97.55,95.45,96.41,47611891,96.50,97.55,95.45,96.41,47611891,96.50,97.55,95.45,96.41,47611891
2022-07-06,96.27,96.93,95.62,96.49,50334381,96.27,96.93,95.62,96.49,50334381,96.27,96.93,95.62,96.49,50334381
2022-07-07,94.69,95.55,93.84,94.48,41029500,94.69,95.55,93.84,94.48,41029500,94.69,95.55,93.84,94.48,41029500
2022-07-08,94.69,95.83,93.55,95.35,36504804,94.69,95.83,93.55,95.35,36504804,94.69,95.83,93.55,95.35,36504804
2022-07-11,97.36,98.05,96.68,97.33,48525864,97.36,98.05,96.68,97.33,48525864,97.36,98.05,96.68,97.33,48525864
2022-07-12,93.74,94.63,92.84,93.72,62209246,93.74,94.63,92.84,93.72,62209246,93.74,94.63,92.84,93.72,62209246
2022-07-13,94.04,95.04,93.03,93.78,43099251,94.04,95.04,93.03,93.78,43099251,94.04,95.04,93.03,93.78,43099251
2022-07-14,90.88,91.74,90.03,91.16,48368862,90.88,91.74,90.03,91.16,48368862,90.88,91.74,90.03,91.16,48368862
2022-07-15,89.26,90.11,88.41,89.16,62661429,89.26,90.11,88.41,89.16,62661429,89.26,90.11,88.41,89.16,62661429
2022-07-18,87.59,88.37,86.82,87.38,47593894,87.59,88.37,86.82,87.38,47593894,87.59,88.37,86.82,87.38,47593894
2022-07-19,86.34,86.74,85.94,85.94,36744736,86.34,86.74,85.94,85.94,36744736,86.34,86.74,85.94,85.94,36744736
2022-07-20,85.13,85.99,84.27,85.06,55342354,85.13,85.99,84.27,85.06,55342354,85.13,85.99,84.27,85.06,55342354
2022-07-21,85.67,86.14,85.21,85.27,40674723,85.67,86.14,85.21,85.27,40674723,85.67,86.14,85.21,85.27,40674723
2022-07-22,86.87,87.71,86.02,86.47,52965368,86.87,87.71,86.02,86.47,52965368,86.87,87.71,86.02,86.47,52965368
2022-07-25,85.56,86.37,84.76,85.12,34474485,85.56,86.37,84.76,85.12,34474485,85.56,86.37,84.76,85.12,34474485
2022-07-26,85.96,87.48,84.45,85.44,45566550,85.96,87.48,84.45,85.44,45566550,85.96,87.48,84.45,85.44,45566550
2022-07-27,84.31,84.85,83.77,84.11,47001216,84.31,84.85,83.77,84.11,47001216,84.31,84.85,83.77,84.11,47001216
2022-07-28,83.19,84.06,82.33,82.94,50299185,83.19,84.06,82.33,82.94,50299185,83.19,84.06,82.33,82.94,50299185
2022-07-29,84.78,85.72,83.84,84.30,54274783,84.78,85.72,83.84,84.30,54274783,84.78,85.72,83.84,84.30,54274783
2022-08-01,82.12,82.95,81.29,81.84,36067883,82.12,82.95,81.29,81.84,36067883,82.12,82.95,81.29,81.84,36067883
2022-08-02,80.24,81.15,79.33,79.68,57671626,80.24,81.15,79.33,79.68,57671626,80.24,81.15,79.33,79.68,57671626
2022-08-03,77.96,78.60,77.32,77.95,53391291,77.96,78.60,77.32,77.95,53391291,77.96,78.60,77.32,77.95,53391291
2022-08-04,77.82,79.32,76.33,77.77,43429299,77.82,79.32,76.33,77.77,43429299,77.82,79.32,76.33,77.77,43429299
2022-08-05,77.40,78.59,76.22,77.07,39326635,77.40,78.59,76.22,77.07,39326635,77.40,78.59,76.22,77.07,39326635
2022-08-08,80.04,81.34,78.73,79.80,62178029,80.04,81.34,78.73,79.80,62178029,80.04,81.34,78.73,79.80,62178029
2022-08-09,79.05,79.71,78.39,78.83,57818570,79.05,79.71,78.39,78.83,57818570,79.05,79.71,78.39,78.83,57818570
2022-08-10,78.09,79.16,77.03,78.22,37378096,78.09,79.16,77.03,78.22,37378096,78.09,79.16,77.03,78.22,37378096
2022-08-11,77.97,79.02,76.93,78.47,41114029,77.97,79.02,76.93,78.47,41114029,77.97,79.02,76.93,78.47,41114029
2022-08-12,78.51,79.31,77.72,78.48,50719506,78.51,79.31,77.72,78.48,50719506,78.51,79.31,77.72,78.48,50719506
2022-08-15,79.80,80.41,79.19,79.51,39803059,79.80,80.41,79.19,79.51,39803059,79.80,80.41,79.19,79.51,39803059
2022-08-16,82.02,82.97,81.07,81.82,52102040,82.02,82.97,81.07,81.82,52102040,82.02,82.97,81.07,81.82,52102040
2022-08-17,79.83,80.65,79.01,79.63,39319986,79.83,80.65,79.01,79.63,39319986,79.83,80.65,79.01,79.63,39319986
2022-08-18,80.35,81.07,79.63,80.28,61529344,80.35,81.07,79.63,80.28,61529344,80.35,81.07,79.63,80.28,61529344
2022-08-19,83.08,84.10,82.06,82.60,33449227,83.08,84.10,82.06,82.60,33449227,83.08,84.10,82.06,82.60,33449227
2022-08-22,84.02,84.49,83.55,84.24,40148787,84.02,84.49,83.55,84.24,40148787,84.02,84.49,83.55,84.24,40148787
2022-08-23,83.25,83.65,82.85,83.12,62330711,83.25,83.65,82.85,83.12,62330711,83.25,83.65,82.85,83.12,62330711
2022-08-24,81.44,82.51,80.37,81.48,62403227,81.44,82.51,80.37,81.48,62403227,81.44,82.51,80.37,81.48,62403227
2022-08-25,82.55,83.17,81.93,82.21,53215491,82.55,83.17,81.93,82.21,53215491,82.55,83.17,81.93,82.21,53215491
2022-08-26,83.05,83.60,82.49,82.86,38668145,83.05,83.60,82.49,82.86,38668145,83.05,83.60,82.49,82.86,38668145
2022-08-29,82.42,83.50,81.34,82.24,36068208,82.42,83.50,81.34,82.24,36068208,82.42,83.50,81.34,82.24,36068208
2022-08-30,82.42,83.11,81.73,82.18,49244934,82.42,83.11,81.73,82.18,49244934,82.42,83.11,81.73,82.18,49244934
2022-08-31,80.78,81.09,80.47,80.56,60332945,80.78,81.09,80.47,80.56,60332945,80.78,81.09,80.47,80.56,60332945
2022-09-01,79.52,80.57,78.48,79.44,35013985,79.52,80.57,78.48,79.44,35013985,79.52,80.57,78.48,79.44,35013985
2022-09-02,78.78,79.15,78.40,78.88,40672109,78.78,79.15,78.40,78.88,40672109,78.78,79.15,78.40,78.88,40672109
2022-09-05,78.40,79.56,77.24,78.14,42951166,78.40,79.56,77.24,78.14,42951166,78.40,79.56,77.24,78.14,42951166
2022-09-06,76.86,77.55,76.17,77.44,41794184,76.86,77.55,76.17,77.44,41794184,76.86,77.55,76.17,77.44,41794184
2022-09-07,77.84,78.63,77.06,78.38,54066595,77.84,78.63,77.06,78.38,54066595,77.84,78.63,77.06,78.38,54066595
2022-09-08,77.34,78.24,76.44,77.59,49559762,77.34,78.24,76.44,77.59,49559762,77.34,78.24,76.44,77.59,49559762
2022-09-09,77.10,77.28,76.93,77.26,50406495,77.10,77.28,76.93,77.26,50406495,77.10,77.28,76.93,77.26,50406495
2022-09-12,77.68,78.83,76.52,77.75,61394431,77.68,78.83,76.52,77.75,61394431,77.68,78.83,76.52,77.75,61394431
2022-09-13,79.99,81.01,78.97,79.61,60527367,79.99,81.01,78.97,79.61,60527367,79.99,81.01,78.97,79.61,60527367
2022-09-14,82.35,83.02,81.68,82.06,49974872,82.35,83.02,81.68,82.06,49974872,82.35,83.02,81.68,82.06,49974872
2022-09-15,81.74,82.31,81.16,81.41,58995698,81.74,82.31,81.16,81.41,58995698,81.74,82.31,81.16,81.41,58995698
2022-09-16,79.58,80.30,78.86,78.95,34228537,79.58,80.30,78.86,78.95,34228537,79.58,80.30,78.86,78.95,34228537
2022-09-19,76.95,77.45,76.45,76.68,62115663,76.95,77.45,76.45,76.68,62115663,76.95,77.45,76.45,76.68,62115663
2022-09-20,78.91,80.00,77.83,79.03,45909822,78.91,80.00,77.83,79.03,45909822,78.91,80.00,77.83,79.03,45909822
2022-09-21,80.38,80.97,79.79,80.07,51908448,80.38,80.97,79.79,80.07,51908448,80.38,80.97,79.79,80.07,51908448
2022-09-22,79.22,80.03,78.41,79.01,55680486,79.22,80.03,78.41,79.01,55680486,79.22,80.03,78.41,79.01,55680486
2022-09-23,77.71,78.26,77.16,77.80,46217820,77.71,78.26,77.16,77.80,46217820,77.71,78.26,77.16,77.80,46217820
2022-09-26,76.14,77.35,74.94,75.61,52331963,76.14,77.35,74.94,75.61,52331963,76.14,77.35,74.94,75.61,52331963
2022-09-27,76.32,76.94,75.70,76.12,54841287,76.32,76.94,75.70,76.12,54841287,76.32,76.94,75.70,76.12,54841287
2022-09-28,76.09,77.05,75.13,76.67,35071063,76.09,77.05,75.13,76.67,35071063,76.09,77.05,75.13,76.67,35071063
2022-09-29,77.03,77.88,76.18,76.97,35279222,77.03,77.88,76.18,76.97,35279222,77.03,77.88,76.18,76.97,35279222
2022-09-30,76.47,76.92,76.01,76.18,61444780,76.47,76.92,76.01,76.18,61444780,76.47,76.92,76.01,76.18,61444780
2022-10-03,75.92,76.47,75.37,75.97,40132351,75.92,76.47,75.37,75.97,40132351,75.92,76.47,75.37,75.97,40132351
2022-10-04,75.62,76.18,75.07,75.88,52582743,75.62,76.18,75.07,75.88,52582743,75.62,76.18,75.07,75.88,52582743
2022-10-05,73.29,74.41,72.18,73.26,37976108,73.29,74.41,72.18,73.26,37976108,73.29,74.41,72.18,73.26,37976108
2022-10-06,73.58,73.84,73.33,73.33,55318694,73.58,73.84,73.33,73.33,55318694,73.58,73.84,73.33,73.33,55318694
2022-10-07,74.20,75.61,72.79,73.68,53402035,74.20,75.61,72.79,73.68,53402035,74.20,75.61,72.79,73.68,53402035
2022-10-10,68.98,69.41,68.54,68.76,61305307,68.98,69.41,68.54,68.76,61305307,68.98,69.41,68.54,68.76,61305307
2022-10-11,67.72,68.36,67.08,67.70,36769469,67.72,68.36,67.08,67.70,36769469,67.72,68.36,67.08,67.70,36769469
2022-10-12,68.09,69.13,67.05,67.95,57431948,68.09,69.13,67.05,67.95,57431948,68.09,69.13,67.05,67.95,57431948
2022-10-13,68.39,68.96,67.82,68.58,36169332,68.39,68.96,67.82,68.58,36169332,68.39,68.96,67.82,68.58,36169332
2022-10-14,66.41,67.30,65.52,66.16,50469240,66.41,67.30,65.52,66.16,50469240,66.41,67.30,65.52,66.16,50469240
2022-10-17,69.40,70.12,68.67,69.58,52044252,69.40,70.12,68.67,69.58,52044252,69.40,70.12,68.67,69.58,52044252
2022-10-18,70.09,70.81,69.37,69.96,50917004,70.09,70.81,69.37,69.96,50917004,70.09,70.81,69.37,69.96,50917004
2022-10-19,71.55,72.13,70.98,71.37,54617464,71.55,72.13,70.98,71.37,54617464,71.55,72.13,70.98,71.37,54617464
2022-10-20,71.32,72.60,70.04,70.91,40104748,71.32,72.60,70.04,70.91,40104748,71.32,72.60,70.04,70.91,40104748
2022-10-21,70.13,71.18,69.08,70.20,43241040,70.13,71.18,69.08,70.20,43241040,70.13,71.18,69.08,70.20,43241040
2022-10-24,69.30,70.40,68.21,68.73,51795602,69.30,70.40,68.21,68.73,51795602,69.30,70.40,68.21,68.73,51795602
2022-10-25,71.61,72.46,70.76,71.30,53610414,71.61,72.46,70.76,71.30,53610414,71.61,72.46,70.76,71.30,53610414
2022-10-26,72.69,73.16,72.22,72.47,33947943,72.69,73.16,72.22,72.47,33947943,72.69,73.16,72.22,72.47,33947943
2022-10-27,72.46,73.47,71.46,72.33,56934423,72.46,73.47,71.46,72.33,56934423,72.46,73.47,71.46,72.33,56934423
2022-10-28,71.26,72.06,70.46,71.07,58429693,71.26,72.06,70.46,71.07,58429693,71.26,72.06,70.46,71.07,58429693
2022-10-31,69.98,71.09,68.88,70.10,32501932,69.98,71.09,68.88,70.10,32501932,69.98,71.09,68.88,70.10,32501932
2022-11-01,71.78,72.70,70.86,71.77,38942203,71.78,72.70,70.86,71.77,38942203,71.78,72.70,70.86,71.77,38942203
2022-11-02,71.12,72.06,70.18,71.31,56603785,71.12,72.06,70.18,71.31,56603785,71.12,72.06,70.18,71.31,56603785
2022-11-03,69.64,70.82,68.47,69.05,56764031,69.64,70.82,68.47,69.05,56764031,69.64,70.82,68.47,69.05,56764031
2022-11-04,70.86,71.55,70.18,70.61,53631492,70.86,71.55,70.18,70.61,53631492,70.86,71.55,70.18,70.61,53631492
2022-11-07,70.63,71.23,70.03,70.28,43557307,70.63,71.23,70.03,70.28,43557307,70.63,71.23,70.03,70.28,43557307
2022-11-08,72.77,73.78,71.76,72.73,43543746,72.77,73.78,71.76,72.73,43543746,72.77,73.78,71.76,72.73,43543746
2022-11-09,74.11,74.91,73.31,73.90,54974866,74.11,74.91,73.31,73.90,54974866,74.11,74.91,73.31,73.90,54974866
2022-11-10,75.59,76.59,74.58,75.24,48219001,75.59,76.59,74.58,75.24,48219001,75.59,76.59,74.58,75.24,48219001
2022-11-11,74.87,75.94,73.80,75.01,50714267,74.87,75.94,73.80,75.01,50714267,74.87,75.94,73.80,75.01,50714267
2022-11-14,78.03,79.03,77.02,77.90,56248986,78.03,79.03,77.02,77.90,56248986,78.03,79.03,77.02,77.90,56248986
2022-11-15,78.56,79.39,77.74,78.64,59306745,78.56,79.39,77.74,78.64,59306745,78.56,79.39,77.74,78.64,59306745
2022-11-16,77.07,78.21,75.94,77.27,41230274,77.07,78.21,75.94,77.27,41230274,77.07,78.21,75.94,77.27,41230274
2022-11-17,77.76,78.67,76.85,77.77,34122084,77.76,78.67,76.85,77.77,34122084,77.76,78.67,76.85,77.77,34122084
2022-11-18,76.16,76.99,75.34,75.81,41031870,76.16,76.99,75.34,75.81,41031870,76.16,76.99,75.34,75.81,41031870
2022-11-21,75.98,76.77,75.19,75.74,61630593,75.98,76.77,75.19,75.74,61630593,75.98,76.77,75.19,75.74,61630593
2022-11-22,76.03,76.65,75.42,75.69,43963750,76.03,76.65,75.42,75.69,43963750,76.03,76.65,75.42,75.69,43963750
2022-11-23,78.13,78.59,77.66,78.07,47236980,78.13,78.59,77.66,78.07,47236980,78.13,78.59,77.66,78.07,47236980
2022-11-24,78.36,79.45,77.27,78.61,36722841,78.36,79.45,77.27,78.61,36722841,78.36,79.45,77.27,78.61,36722841
2022-11-25,77.08,77.74,76.42,77.07,48539492,77.08,77.74,76.42,77.07,48539492,77.08,77.74,76.42,77.07,48539492
2022-11-28,75.95,76.68,75.21,75.71,62780270,75.95,76.68,75.21,75.71,62780270,75.95,76.68,75.21,75.71,62780270
2022-11-29,75.65,76.29,75.01,75.92,55980530,75.65,76.29,75.01,75.92,55980530,75.65,76.29,75.01,75.92,55980530
2022-11-30,75.43,76.49,74.36,75.32,38420606,75.43,76.49,74.36,75.32,38420606,75.43,76.49,74.36,75.32,38420606
2022-12-01,74.58,75.49,73.67,74.11,53725977,74.58,75.49,73.67,74.11,53725977,74.58,75.49,73.67,74.11,53725977
2022-12-02,74.37,74.76,73.98,74.51,56917985,74.37,74.76,73.98,74.51,56917985,74.37,74.76,73.98,74.51,56917985
2022-12-05,72.04,72.33,71.75,72.15,42626028,72.04,72.33,71.75,72.15,42626028,72.04,72.33,71.75,72.15,42626028
2022-12-06,73.95,75.04,72.87,73.87,31953561,73.95,75.04,72.87,73.87,31953561,73.95,75.04,72.87,73.87,31953561
2022-12-07,73.53,74.00,73.05,73.29,52558382,73.53,74.00,73.05,73.29,52558382,73.53,74.00,73.05,73.29,52558382
2022-12-08,71.87,72.67,71.08,71.97,49233872,71.87,72.67,71.08,71.97,49233872,71.87,72.67,71.08,71.97,49233872
2022-12-09,71.53,72.06,71.00,72.02,37557219,71.53,72.06,71.00,72.02,37557219,71.53,72.06,71.00,72.02,37557219
2022-12-12,72.53,73.24,71.83,72.29,43915122,72.53,73.24,71.83,72.29,43915122,72.53,73.24,71.83,72.29,43915122
2022-12-13,69.94,70.90,68.98,69.88,39194029,69.94,70.90,68.98,69.88,39194029,69.94,70.90,68.98,69.88,39194029
2022-12-14,68.28,68.60,67.96,68.25,45787065,68.28,68.60,67.96,68.25,45787065,68.28,68.60,67.96,68.25,45787065
2022-12-15,67.58,68.45,66.72,67.42,41993354,67.58,68.45,66.72,67.42,41993354,67.58,68.45,66.72,67.42,41993354
2022-12-16,67.57,68.08,67.07,67.46,41978042,67.57,68.08,67.07,67.46,41978042,67.57,68.08,67.07,67.46,41978042
2022-12-19,66.85,67.50,66.20,66.67,39585194,66.85,67.50,66.20,66.67,39585194,66.85,67.50,66.20,66.67,39585194
2022-12-20,66.16,67.14,65.19,66.22,38660682,66.16,67.14,65.19,66.22,38660682,66.16,67.14,65.19,66.22,38660682
2022-12-21,66.49,67.37,65.60,66.47,51018965,66.49,67.37,65.60,66.47,51018965,66.49,67.37,65.60,66.47,51018965
2022-12-22,66.62,66.96,66.27,66.95,38548567,66.62,66.96,66.27,66.95,38548567,66.62,66.96,66.27,66.95,38548567
2022-12-23,68.01,68.91,67.11,68.04,42742897,68.01,68.91,67.11,68.04,42742897,68.01,68.91,67.11,68.04,42742897
2022-12-26,68.20,69.35,67.04,68.18,52618666,68.20,69.35,67.04,68.18,52618666,68.20,69.35,67.04,68.18,52618666
2022-12-27,66.81,67.64,65.98,66.63,44890030,66.81,67.64,65.98,66.63,44890030,66.81,67.64,65.98,66.63,44890030
2022-12-28,66.20,67.02,65.37,65.83,54978534,66.20,67.02,65.37,65.83,54978534,66.20,67.02,65.37,65.83,54978534
2022-12-29,65.56,66.57,64.55,65.52,62806214,65.56,66.57,64.55,65.52,62806214,65.56,66.57,64.55,65.52,62806214
2022-12-30,65.70,66.54,64.87,65.63,55010369,65.70,66.54,64.87,65.63,55010369,65.70,66.54,64.87,65.63,55010369
2023-01-02,67.04,67.46,66.61,67.11,43546705,67.04,67.46,66.61,67.11,43546705,67.04,67.46,66.61,67.11,43546705
2023-01-03,65.30,66.03,64.56,65.29,49694743,65.30,66.03,64.56,65.29,49694743,65.30,66.03,64.56,65.29,49694743
2023-01-04,67.13,67.80,66.46,67.39,34700783,67.13,67.80,66.46,67.39,34700783,67.13,67.80,66.46,67.39,34700783
2023-01-05,68.32,69.06,67.58,68.00,43116785,68.32,69.06,67.58,68.00,43116785,68.32,69.06,67.58,68.00,43116785
2023-01-06,68.41,68.88,67.94,68.50,40686090,68.41,68.88,67.94,68.50,40686090,68.41,68.88,67.94,68.50,40686090
2023-01-09,68.98,69.99,67.96,69.13,32614445,68.98,69.99,67.96,69.13,32614445,68.98,69.99,67.96,69.13,32614445
2023-01-10,70.44,71.07,69.82,70.70,52812141,70.44,71.07,69.82,70.70,52812141,70.44,71.07,69.82,70.70,52812141
2023-01-11,70.84,71.75,69.92,70.60,43841724,70.84,71.75,69.92,70.60,43841724,70.84,71.75,69.92,70.60,43841724
2023-01-12,72.20,72.45,71.96,72.01,42325434,72.20,72.45,71.96,72.01,42325434,72.20,72.45,71.96,72.01,42325434
2023-01-13,73.50,73.88,73.13,73.58,53872604,73.50,73.88,73.13,73.58,53872604,73.50,73.88,73.13,73.58,53872604
2023-01-16,73.81,74.67,72.95,73.07,40429252,73.81,74.67,72.95,73.07,40429252,73.81,74.67,72.95,73.07,40429252
2023-01-17,72.03,72.71,71.35,71.93,41617842,72.03,72.71,71.35,71.93,41617842,72.03,72.71,71.35,71.93,41617842
2023-01-18,74.40,75.38,73.42,74.38,57561524,74.40,75.38,73.42,74.38,57561524,74.40,75.38,73.42,74.38,57561524
2023-01-19,74.75,76.14,73.35,74.72,35580073,74.75,76.14,73.35,74.72,35580073,74.75,76.14,73.35,74.72,35580073
2023-01-20,76.18,77.68,74.67,76.18,45487507,76.18,77.68,74.67,76.18,45487507,76.18,77.68,74.67,76.18,45487507
2023-01-23,76.32,76.82,75.82,76.81,54097183,76.32,76.82,75.82,76.81,54097183,76.32,76.82,75.82,76.81,54097183
2023-01-24,77.20,78.10,76.30,77.01,45348841,77.20,78.10,76.30,77.01,45348841,77.20,78.10,76.30,77.01,45348841
2023-01-25,77.79,79.04,76.53,77.82,44601541,77.79,79.04,76.53,77.82,44601541,77.79,79.04,76.53,77.82,44601541
2023-01-26,79.39,80.81,77.97,79.10,37933783,79.39,80.81,77.97,79.10,37933783,79.39,80.81,77.97,79.10,37933783
2023-01-27,77.21,77.84,76.57,77.77,41047769,77.21,77.84,76.57,77.77,41047769,77.21,77.84,76.57,77.77,41047769
2023-01-30,81.56,82.47,80.66,81.40,43852540,81.56,82.47,80.66,81.40,43852540,81.56,82.47,80.66,81.40,43852540
2023-01-31,84.75,85.60,83.90,84.62,58223880,84.75,85.60,83.90,84.62,58223880,84.75,85.60,83.90,84.62,58223880
2023-02-01,83.88,84.14,83.63,84.08,33448960,83.88,84.14,83.63,84.08,33448960,83.88,84.14,83.63,84.08,33448960
2023-02-02,82.67,83.83,81.51,83.23,50587765,82.67,83.83,81.51,83.23,50587765,82.67,83.83,81.51,83.23,50587765
2023-02-03,85.87,87.04,84.71,85.91,47226029,85.87,87.04,84.71,85.91,47226029,85.87,87.04,84.71,85.91,47226029
2023-02-06,87.92,88.97,86.87,87.67,33209498,87.92,88.97,86.87,87.67,33209498,87.92,88.97,86.87,87.67,33209498
2023-02-07,87.60,88.42,86.78,87.86,46768137,87.60,88.42,86.78,87.86,46768137,87.60,88.42,86.78,87.86,46768137
2023-02-08,91.75,92.59,90.90,91.19,36596251,91.75,92.59,90.90,91.19,36596251,91.75,92.59,90.90,91.19,36596251
2023-02-09,91.09,92.11,90.07,91.30,46623875,91.09,92.11,90.07,91.30,46623875,91.09,92.11,90.07,91.30,46623875
2023-02-10,94.64,96.54,92.73,94.62,41171821,94.64,96.54,92.73,94.62,41171821,94.64,96.54,92.73,94.62,41171821
2023-02-13,97.93,99.60,96.26,98.03,49911664,97.93,99.60,96.26,98.03,49911664,97.93,99.60,96.26,98.03,49911664
2023-02-14,98.32,99.11,97.54,98.31,34273292,98.32,99.11,97.54,98.31,34273292,98.32,99.11,97.54,98.31,34273292
2023-02-15,100.95,102.45,99.45,100.72,42491705,100.95,102.45,99.45,100.72,42491705,100.95,102.45,99.45,100.72,42491705
2023-02-16,102.22,104.13,100.31,101.86,62353678,102.22,104.13,100.31,101.86,62353678,102.22,104.13,100.31,101.86,62353678
2023-02-17,102.94,104.16,101.71,102.97,51435906,102.94,104.16,101.71,102.97,51435906,102.94,104.16,101.71,102.97,51435906
2023-02-20,102.77,104.71,100.82,102.62,60042304,102.77,104.71,100.82,102.62,60042304,102.77,104.71,100.82,102.62,60042304
2023-02-21,101.87,103.14,100.60,101.94,62935123,101.87,103.14,100.60,101.94,62935123,101.87,103.14,100.60,101.94,62935123
2023-02-22,103.71,104.76,102.66,103.67,38893991,103.71,104.76,102.66,103.67,38893991,103.71,104.76,102.66,103.67,38893991
2023-02-23,105.16,106.61,103.71,105.30,39390950,105.16,106.61,103.71,105.30,39390950,105.16,106.61,103.71,105.30,39390950
2023-02-24,108.36,109.54,107.18,108.38,60660868,108.36,109.54,107.18,108.38,60660868,108.36,109.54,107.18,108.38,60660868
2023-02-27,106.51,108.07,104.96,107.07,46964030,106.51,108.07,104.96,107.07,46964030,106.51,108.07,104.96,107.07,46964030
2023-02-28,107.76,109.01,106.51,108.36,32379562,107.76,109.01,106.51,108.36,32379562,107.76,109.01,106.51,108.36,32379562
2023-03-01,109.15,109.83,108.48,108.94,49706641,109.15,109.83,108.48,108.94,49706641,109.15,109.83,108.48,108.94,49706641
2023-03-02,110.35,111.21,109.49,110.69,35948125,110.35,111.21,109.49,110.69,35948125,110.35,111.21,109.49,110.69,35948125
2023-03-03,110.12,111.86,108.37,109.92,54686164,110.12,111.86,108.37,109.92,54686164,110.12,111.86,108.37,109.92,54686164
2023-03-06,109.34,110.61,108.07,108.95,53179880,109.34,110.61,108.07,108.95,53179880,109.34,110.61,108.07,108.95,53179880
2023-03-07,107.82,108.27,107.38,107.98,46265965,107.82,108.27,107.38,107.98,46265965,107.82,108.27,107.38,107.98,46265965
2023-03-08,109.76,111.69,107.83,110.07,50662343,109.76,111.69,107.83,110.07,50662343,109.76,111.69,107.83,110.07,50662343
2023-03-09,108.02,109.50,106.54,108.08,56071976,108.02,109.50,106.54,108.08,56071976,108.02,109.50,106.54,108.08,56071976
2023-03-10,103.50,104.90,102.10,104.12,62193595,103.50,104.90,102.10,104.12,62193595,103.50,104.90,102.10,104.12,62193595
2023-03-13,104.87,105.66,104.09,104.52,51201423,104.87,105.66,104.09,104.52,51201423,104.87,105.66,104.09,104.52,51201423
2023-03-14,104.63,105.74,103.52,103.96,59089744,104.63,105.74,103.52,103.96,59089744,104.63,105.74,103.52,103.96,59089744
2023-03-15,104.03,105.18,102.87,103.68,41281908,104.03,105.18,102.87,103.68,41281908,104.03,105.18,102.87,103.68,41281908
2023-03-16,104.21,105.67,102.76,104.52,36223152,104.21,105.67,102.76,104.52,36223152,104.21,105.67,102.76,104.52,36223152
2023-03-17,102.79,103.77,101.80,102.68,42511081,102.79,103.77,101.80,102.68,42511081,102.79,103.77,101.80,102.68,42511081
2023-03-20,98.80,100.08,97.51,98.85,58051119,98.80,100.08,97.51,98.85,58051119,98.80,100.08,97.51,98.85,58051119
2023-03-21,101.28,102.66,99.90,100.85,50824229,101.28,102.66,99.90,100.85,50824229,101.28,102.66,99.90,100.85,50824229
2023-03-22,101.52,102.34,100.69,101.55,45505727,101.52,102.34,100.69,101.55,45505727,101.52,102.34,100.69,101.55,45505727
2023-03-23,103.26,103.72,102.80,103.61,35981103,103.26,103.72,102.80,103.61,35981103,103.26,103.72,102.80,103.61,35981103
2023-03-24,106.35,107.59,105.12,106.03,36520883,106.35,107.59,105.12,106.03,36520883,106.35,107.59,105.12,106.03,36520883
2023-03-27,105.36,106.18,104.53,105.97,36585961,105.36,106.18,104.53,105.97,36585961,105.36,106.18,104.53,105.97,36585961
2023-03-28,106.21,107.03,105.39,106.48,46871697,106.21,107.03,105.39,106.48,46871697,106.21,107.03,105.39,106.48,46871697
2023-03-29,108.51,109.90,107.13,108.33,58808799,108.51,109.90,107.13,108.33,58808799,108.51,109.90,107.13,108.33,58808799
2023-03-30,111.91,113.89,109.94,111.18,55399674,111.91,113.89,109.94,111.18,55399674,111.91,113.89,109.94,111.18,55399674
2023-03-31,110.19,111.71,108.67,110.46,37558470,110.19,111.71,108.67,110.46,37558470,110.19,111.71,108.67,110.46,37558470
2023-04-03,108.45,109.30,107.59,108.25,32511511,108.45,109.30,107.59,108.25,32511511,108.45,109.30,107.59,108.25,32511511
2023-04-04,107.56,109.08,106.05,107.32,58052232,107.56,109.08,106.05,107.32,58052232,107.56,109.08,106.05,107.32,58052232
2023-04-05,106.62,107.90,105.33,106.70,61065650,106.62,107.90,105.33,106.70,61065650,106.62,107.90,105.33,106.70,61065650
2023-04-06,105.54,106.63,104.45,105.73,57525732,105.54,106.63,104.45,105.73,57525732,105.54,106.63,104.45,105.73,57525732
2023-04-07,108.58,109.29,107.87,108.26,51686343,108.58,109.29,107.87,108.26,51686343,108.58,109.29,107.87,108.26,51686343
2023-04-10,110.07,111.48,108.66,109.71,54095068,110.07,111.48,108.66,109.71,54095068,110.07,111.48,108.66,109.71,54095068
2023-04-11,112.82,114.30,111.35,112.92,51761368,112.82,114.30,111.35,112.92,51761368,112.82,114.30,111.35,112.92,51761368
2023-04-12,113.39,115.15,111.63,113.23,32101716,113.39,115.15,111.63,113.23,32101716,113.39,115.15,111.63,113.23,32101716
2023-04-13,108.50,109.18,107.82,108.89,60730557,108.50,109.18,107.82,108.89,60730557,108.50,109.18,107.82,108.89,60730557
2023-04-14,109.16,110.33,107.99,109.48,40343025,109.16,110.33,107.99,109.48,40343025,109.16,110.33,107.99,109.48,40343025
2023-04-17,113.48,114.46,112.51,113.51,56262411,113.48,114.46,112.51,113.51,56262411,113.48,114.46,112.51,113.51,56262411
2023-04-18,116.61,117.38,115.84,116.70,48982578,116.61,117.38,115.84,116.70,48982578,116.61,117.38,115.84,116.70,48982578
2023-04-19,112.77,114.03,111.52,113.00,44061110,112.77,114.03,111.52,113.00,44061110,112.77,114.03,111.52,113.00,44061110
2023-04-20,111.82,112.85,110.79,111.29,33182923,111.82,112.85,110.79,111.29,33182923,111.82,112.85,110.79,111.29,33182923
2023-04-21,112.65,113.58,111.73,112.27,52556656,112.65,113.58,111.73,112.27,52556656,112.65,113.58,111.73,112.27,52556656
2023-04-24,111.67,112.66,110.68,111.11,46139429,111.67,112.66,110.68,111.11,46139429,111.67,112.66,110.68,111.11,46139429
2023-04-25,114.97,116.37,113.56,115.33,36130470,114.97,116.37,113.56,115.33,36130470,114.97,116.37,113.56,115.33,36130470
2023-04-26,115.45,117.13,113.77,115.52,53031835,115.45,117.13,113.77,115.52,53031835,115.45,117.13,113.77,115.52,53031835
2023-04-27,113.99,115.24,112.74,114.17,42596817,113.99,115.24,112.74,114.17,42596817,113.99,115.24,112.74,114.17,42596817
2023-04-28,114.72,115.98,113.47,115.21,31510848,114.72,115.98,113.47,115.21,31510848,114.72,115.98,113.47,115.21,31510848
2023-05-01,113.96,114.99,112.93,113.68,61682801,113.96,114.99,112.93,113.68,61682801,113.96,114.99,112.93,113.68,61682801
2023-05-02,113.11,114.63,111.58,113.33,35757660,113.11,114.63,111.58,113.33,35757660,113.11,114.63,111.58,113.33,35757660
2023-05-03,111.76,112.86,110.65,111.69,46461462,111.76,112.86,110.65,111.69,46461462,111.76,112.86,110.65,111.69,46461462
2023-05-04,108.29,109.65,106.93,108.91,35045915,108.29,109.65,106.93,108.91,35045915,108.29,109.65,106.93,108.91,35045915
2023-05-05,111.22,112.64,109.81,110.16,61645458,111.22,112.64,109.81,110.16,61645458,111.22,112.64,109.81,110.16,61645458
2023-05-08,109.20,110.05,108.36,108.61,46599700,109.20,110.05,108.36,108.61,46599700,109.20,110.05,108.36,108.61,46599700
2023-05-09,110.67,111.50,109.85,110.17,36226253,110.67,111.50,109.85,110.17,36226253,110.67,111.50,109.85,110.17,36226253
2023-05-10,113.05,114.28,111.83,112.09,32937736,113.05,114.28,111.83,112.09,32937736,113.05,114.28,111.83,112.09,32937736
2023-05-11,114.14,115.42,112.86,114.84,60089970,114.14,115.42,112.86,114.84,60089970,114.14,115.42,112.86,114.84,60089970
2023-05-12,117.14,117.95,116.33,117.13,47036160,117.14,117.95,116.33,117.13,47036160,117.14,117.95,116.33,117.13,47036160
2023-05-15,119.60,121.36,117.84,119.93,45019676,119.60,121.36,117.84,119.93,45019676,119.60,121.36,117.84,119.93,45019676
2023-05-16,120.79,122.15,119.43,120.84,39618738,120.79,122.15,119.43,120.84,39618738,120.79,122.15,119.43,120.84,39618738
2023-05-17,120.70,122.78,118.62,120.65,50925281,120.70,122.78,118.62,120.65,50925281,120.70,122.78,118.62,120.65,50925281
2023-05-18,119.23,120.40,118.07,119.51,57236957,119.23,120.40,118.07,119.51,57236957,119.23,120.40,118.07,119.51,57236957
2023-05-19,118.68,120.01,117.36,117.79,49050427,118.68,120.01,117.36,117.79,49050427,118.68,120.01,117.36,117.79,49050427
2023-05-22,118.89,120.04,117.75,118.97,44558311,118.89,120.04,117.75,118.97,44558311,118.89,120.04,117.75,118.97,44558311
2023-05-23,119.79,120.74,118.83,119.48,39733063,119.79,120.74,118.83,119.48,39733063,119.79,120.74,118.83,119.48,39733063
2023-05-24,119.27,120.14,118.40,120.06,39017465,119.27,120.14,118.40,120.06,39017465,119.27,120.14,118.40,120.06,39017465
2023-05-25,116.75,118.43,115.08,116.46,38558112,116.75,118.43,115.08,116.46,38558112,116.75,118.43,115.08,116.46,38558112
2023-05-26,122.64,123.42,121.87,121.88,51729291,122.64,123.42,121.87,121.88,51729291,122.64,123.42,121.87,121.88,51729291
2023-05-29,125.02,126.28,123.75,124.83,48277285,125.02,126.28,123.75,124.83,48277285,125.02,126.28,123.75,124.83,48277285
2023-05-30,125.33,126.96,123.69,125.71,35071284,125.33,126.96,123.69,125.71,35071284,125.33,126.96,123.69,125.71,35071284
2023-05-31,128.17,128.93,127.41,128.24,49546251,128.17,128.93,127.41,128.24,49546251,128.17,128.93,127.41,128.24,49546251
2023-06-01,130.12,131.48,128.75,129.26,43726797,130.12,131.48,128.75,129.26,43726797,130.12,131.48,128.75,129.26,43726797
2023-06-02,134.18,135.64,132.73,133.37,42814408,134.18,135.64,132.73,133.37,42814408,134.18,135.64,132.73,133.37,42814408
2023-06-05,132.72,133.94,131.49,133.12,42041187,132.72,133.94,131.49,133.12,42041187,132.72,133.94,131.49,133.12,42041187
2023-06-06,135.56,137.97,133.15,135.64,51899574,135.56,137.97,133.15,135.64,51899574,135.56,137.97,133.15,135.64,51899574
2023-06-07,139.46,141.45,137.47,139.23,49771533,139.46,141.45,137.47,139.23,49771533,139.46,141.45,137.47,139.23,49771533
2023-06-08,137.44,138.84,136.05,137.08,54815444,137.44,138.84,136.05,137.08,54815444,137.44,138.84,136.05,137.08,54815444
2023-06-09,138.98,139.89,138.06,139.40,34560532,138.98,139.89,138.06,139.40,34560532,138.98,139.89,138.06,139.40,34560532
2023-06-12,139.17,140.94,137.39,138.97,39696896,139.17,140.94,137.39,138.97,39696896,139.17,140.94,137.39,138.97,39696896
2023-06-13,139.57,140.61,138.53,138.86,38701502,139.57,140.61,138.53,138.86,38701502,139.57,140.61,138.53,138.86,38701502
2023-06-14,137.46,138.79,136.13,137.75,58612381,137.46,138.79,136.13,137.75,58612381,137.46,138.79,136.13,137.75,58612381
2023-06-15,142.38,144.19,140.57,141.80,42064521,142.38,144.19,140.57,141.80,42064521,142.38,144.19,140.57,141.80,42064521
2023-06-16,150.04,152.49,147.59,150.44,60885565,150.04,152.49,147.59,150.44,60885565,150.04,152.49,147.59,150.44,60885565
2023-06-19,148.77,150.38,147.15,149.39,34619770,148.77,150.38,147.15,149.39,34619770,148.77,150.38,147.15,149.39,34619770
2023-06-20,148.65,148.92,148.37,148.83,33803898,148.65,148.92,148.37,148.83,33803898,148.65,148.92,148.37,148.83,33803898
2023-06-21,150.22,151.05,149.38,150.91,61715994,150.22,151.05,149.38,150.91,61715994,150.22,151.05,149.38,150.91,61715994
2023-06-22,149.94,151.75,148.13,149.93,47725553,149.94,151.75,148.13,149.93,47725553,149.94,151.75,148.13,149.93,47725553
2023-06-23,149.47,150.52,148.42,150.01,49171955,149.47,150.52,148.42,150.01,49171955,149.47,150.52,148.42,150.01,49171955
2023-06-26,149.80,151.04,148.57,150.50,57169233,149.80,151.04,148.57,150.50,57169233,149.80,151.04,148.57,150.50,57169233
2023-06-27,153.55,155.43,151.67,153.39,48446730,153.55,155.43,151.67,153.39,48446730,153.55,155.43,151.67,153.39,48446730
2023-06-28,149.95,151.01,148.89,150.16,32178277,149.95,151.01,148.89,150.16,32178277,149.95,151.01,148.89,150.16,32178277
2023-06-29,149.98,151.09,148.88,149.06,43569324,149.98,151.09,148.88,149.06,43569324,149.98,151.09,148.88,149.06,43569324
2023-06-30,152.20,152.51,151.89,152.22,52419430,152.20,152.51,151.89,152.22,52419430,152.20,152.51,151.89,152.22,52419430
2023-07-03,151.19,153.98,148.39,151.31,40254000,151.19,153.98,148.39,151.31,40254000,151.19,153.98,148.39,151.31,40254000
2023-07-04,149.08,150.60,147.56,148.19,50453685,149.08,150.60,147.56,148.19,50453685,149.08,150.60,147.56,148.19,50453685
2023-07-05,147.27,149.13,145.40,146.34,46250068,147.27,149.13,145.40,146.34,46250068,147.27,149.13,145.40,146.34,46250068
2023-07-06,148.21,149.34,147.09,148.25,51455816,148.21,149.34,147.09,148.25,51455816,148.21,149.34,147.09,148.25,51455816
2023-07-07,146.74,149.01,144.47,146.93,57914597,146.74,149.01,144.47,146.93,57914597,146.74,149.01,144.47,146.93,57914597
2023-07-10,147.39,148.98,145.80,147.89,54185888,147.39,148.98,145.80,147.89,54185888,147.39,148.98,145.80,147.89,54185888
2023-07-11,146.04,148.11,143.97,146.86,33171131,146.04,148.11,143.97,146.86,33171131,146.04,148.11,143.97,146.86,33171131
2023-07-12,149.10,151.24,146.96,149.23,45008082,149.10,151.24,146.96,149.23,45008082,149.10,151.24,146.96,149.23,45008082
2023-07-13,152.65,153.92,151.38,151.56,37736844,152.65,153.92,151.38,151.56,37736844,152.65,153.92,151.38,151.56,37736844
2023-07-14,154.50,155.32,153.68,154.74,42186646,154.50,155.32,153.68,154.74,42186646,154.50,155.32,153.68,154.74,42186646
2023-07-17,152.57,154.12,151.02,152.25,46651300,152.57,154.12,151.02,152.25,46651300,152.57,154.12,151.02,152.25,46651300
2023-07-18,153.70,156.00,151.39,154.23,42872195,153.70,156.00,151.39,154.23,42872195,153.70,156.00,151.39,154.23,42872195
2023-07-19,158.14,160.46,155.82,158.62,47651459,158.14,160.46,155.82,158.62,47651459,158.14,160.46,155.82,158.62,47651459
2023-07-20,161.67,163.56,159.78,161.02,50300356,161.67,163.56,159.78,161.02,50300356,161.67,163.56,159.78,161.02,50300356
2023-07-21,167.78,170.19,165.38,167.42,38150412,167.78,170.19,165.38,167.42,38150412,167.78,170.19,165.38,167.42,38150412
2023-07-24,170.97,173.01,168.94,170.63,48968662,170.97,173.01,168.94,170.63,48968662,170.97,173.01,168.94,170.63,48968662
2023-07-25,168.43,171.25,165.60,168.12,45125679,168.43,171.25,165.60,168.12,45125679,168.43,171.25,165.60,168.12,45125679
2023-07-26,165.27,167.65,162.89,165.15,41332110,165.27,167.65,162.89,165.15,41332110,165.27,167.65,162.89,165.15,41332110
2023-07-27,167.46,169.72,165.19,166.15,59703584,167.46,169.72,165.19,166.15,59703584,167.46,169.72,165.19,166.15,59703584
2023-07-28,162.10,162.96,161.24,162.13,42581927,162.10,162.96,161.24,162.13,42581927,162.10,162.96,161.24,162.13,42581927
2023-07-31,163.37,164.70,162.04,163.93,38605778,163.37,164.70,162.04,163.93,38605778,163.37,164.70,162.04,163.93,38605778
2023-08-01,163.73,165.24,162.22,164.07,62321274,163.73,165.24,162.22,164.07,62321274,163.73,165.24,162.22,164.07,62321274
2023-08-02,168.82,170.92,166.71,169.05,57561993,168.82,170.92,166.71,169.05,57561993,168.82,170.92,166.71,169.05,57561993
2023-08-03,173.74,175.49,172.00,173.15,39873558,173.74,175.49,172.00,173.15,39873558,173.74,175.49,172.00,173.15,39873558
2023-08-04,168.67,170.79,166.55,169.92,46337096,168.67,170.79,166.55,169.92,46337096,168.67,170.79,166.55,169.92,46337096
2023-08-07,174.77,176.89,172.66,174.50,50043986,174.77,176.89,172.66,174.50,50043986,174.77,176.89,172.66,174.50,50043986
2023-08-08,175.93,177.14,174.72,175.69,35947186,175.93,177.14,174.72,175.69,35947186,175.93,177.14,174.72,175.69,35947186
2023-08-09,177.28,179.38,175.18,177.59,41121715,177.28,179.38,175.18,177.59,41121715,177.28,179.38,175.18,177.59,41121715
2023-08-10,179.80,182.16,177.44,180.09,62740303,179.80,182.16,177.44,180.09,62740303,179.80,182.16,177.44,180.09,62740303
2023-08-11,179.91,181.34,178.49,179.97,36047828,179.91,181.34,178.49,179.97,36047828,179.91,181.34,178.49,179.97,36047828
2023-08-14,180.07,181.87,178.28,179.34,42703875,180.07,181.87,178.28,179.34,42703875,180.07,181.87,178.28,179.34,42703875
2023-08-15,178.06,180.38,175.74,178.47,50780758,178.06,180.38,175.74,178.47,50780758,178.06,180.38,175.74,178.47,50780758
2023-08-16,183.68,186.76,180.60,183.88,51386069,183.68,186.76,180.60,183.88,51386069,183.68,186.76,180.60,183.88,51386069
2023-08-17,194.61,196.92,192.31,195.54,41906670,194.61,196.92,192.31,195.54,41906670,194.61,196.92,192.31,195.54,41906670
2023-08-18,197.23,198.87,195.59,198.18,44288520,197.23,198.87,195.59,198.18,44288520,197.23,198.87,195.59,198.18,44288520
2023-08-21,192.18,195.99,188.37,191.95,43587095,192.18,195.99,188.37,191.95,43587095,192.18,195.99,188.37,191.95,43587095
2023-08-22,197.60,199.93,195.27,197.90,59734814,197.60,199.93,195.27,197.90,59734814,197.60,199.93,195.27,197.90,59734814
2023-08-23,198.36,201.46,195.25,197.89,50807847,198.36,201.46,195.25,197.89,50807847,198.36,201.46,195.25,197.89,50807847
2023-08-24,201.72,203.56,199.88,201.12,40555789,201.72,203.56,199.88,201.12,40555789,201.72,203.56,199.88,201.12,40555789
2023-08-25,200.18,202.01,198.35,200.79,60127642,200.18,202.01,198.35,200.79,60127642,200.18,202.01,198.35,200.79,60127642
2023-08-28,206.68,208.38,204.97,206.19,33365537,206.68,208.38,204.97,206.19,33365537,206.68,208.38,204.97,206.19,33365537
2023-08-29,204.59,205.93,203.25,203.55,61303313,204.59,205.93,203.25,203.55,61303313,204.59,205.93,203.25,203.55,61303313
2023-08-30,210.65,212.00,209.30,210.80,47361278,210.65,212.00,209.30,210.80,47361278,210.65,212.00,209.30,210.80,47361278
2023-08-31,211.06,213.77,208.35,211.92,51666888,211.06,213.77,208.35,211.92,51666888,211.06,213.77,208.35,211.92,51666888
2023-09-01,214.33,216.57,212.08,214.69,40454743,214.33,216.57,212.08,214.69,40454743,214.33,216.57,212.08,214.69,40454743
2023-09-04,219.09,220.64,217.55,217.85,61984823,219.09,220.64,217.55,217.85,61984823,219.09,220.64,217.55,217.85,61984823
2023-09-05,218.69,221.86,215.53,218.51,39938712,218.69,221.86,215.53,218.51,39938712,218.69,221.86,215.53,218.51,39938712
2023-09-06,217.89,219.37,216.40,217.96,47473014,217.89,219.37,216.40,217.96,47473014,217.89,219.37,216.40,217.96,47473014
2023-09-07,220.95,223.85,218.06,219.87,49230149,220.95,223.85,218.06,219.87,49230149,220.95,223.85,218.06,219.87,49230149
2023-09-08,219.43,223.73,215.13,219.28,33925610,219.43,223.73,215.13,219.28,33925610,219.43,223.73,215.13,219.28,33925610
2023-09-11,221.44,225.00,217.88,222.11,60291488,221.44,225.00,217.88,222.11,60291488,221.44,225.00,217.88,222.11,60291488
2023-09-12,224.38,228.25,220.51,224.01,54224239,224.38,228.25,220.51,224.01,54224239,224.38,228.25,220.51,224.01,54224239
2023-09-13,227.36,228.70,226.03,227.75,59760871,227.36,228.70,226.03,227.75,59760871,227.36,228.70,226.03,227.75,59760871
2023-09-14,231.13,234.09,228.17,232.70,51130263,231.13,234.09,228.17,232.70,51130263,231.13,234.09,228.17,232.70,51130263
2023-09-15,238.57,241.56,235.58,239.09,47558955,238.57,241.56,235.58,239.09,47558955,238.57,241.56,235.58,239.09,47558955
2023-09-18,241.49,244.01,238.98,240.58,35874475,241.49,244.01,238.98,240.58,35874475,241.49,244.01,238.98,240.58,35874475
2023-09-19,244.33,247.97,240.68,243.66,36809802,244.33,247.97,240.68,243.66,36809802,244.33,247.97,240.68,243.66,36809802
2023-09-20,257.27,259.53,255.01,256.22,33041029,257.27,259.53,255.01,256.22,33041029,257.27,259.53,255.01,256.22,33041029
2023-09-21,259.47,262.55,256.40,259.08,62824409,259.47,262.55,256.40,259.08,62824409,259.47,262.55,256.40,259.08,62824409
2023-09-22,258.31,259.50,257.12,258.04,35729756,258.31,259.50,257.12,258.04,35729756,258.31,259.50,257.12,258.04,35729756
2023-09-25,266.36,270.13,262.60,265.15,52512860,266.36,270.13,262.60,265.15,52512860,266.36,270.13,262.60,265.15,52512860
2023-09-26,264.16,268.35,259.98,262.50,57212518,264.16,268.35,259.98,262.50,57212518,264.16,268.35,259.98,262.50,57212518
2023-09-27,270.97,274.18,267.75,268.89,57262603,270.97,274.18,267.75,268.89,57262603,270.97,274.18,267.75,268.89,57262603
2023-09-28,269.77,273.99,265.56,268.87,44052516,269.77,273.99,265.56,268.87,44052516,269.77,273.99,265.56,268.87,44052516
2023-09-29,270.34,274.59,266.09,270.41,59046816,270.34,274.59,266.09,270.41,59046816,270.34,274.59,266.09,270.41,59046816
2023-10-02,277.17,282.06,272.29,277.72,53875034,277.17,282.06,272.29,277.72,53875034,277.17,282.06,272.29,277.72,53875034
2023-10-03,276.72,280.13,273.31,276.02,50892972,276.72,280.13,273.31,276.02,50892972,276.72,280.13,273.31,276.02,50892972
2023-10-04,266.28,269.33,263.23,266.28,55467533,266.28,269.33,263.23,266.28,55467533,266.28,269.33,263.23,266.28,55467533
2023-10-05,261.04,264.27,257.82,260.92,35415711,261.04,264.27,257.82,260.92,35415711,261.04,264.27,257.82,260.92,35415711
2023-10-06,263.01,265.48,260.54,263.18,41618313,263.01,265.48,260.54,263.18,41618313,263.01,265.48,260.54,263.18,41618313
2023-10-09,270.82,273.86,267.78,270.10,60140517,270.82,273.86,267.78,270.10,60140517,270.82,273.86,267.78,270.10,60140517
2023-10-10,281.96,285.21,278.71,280.37,46431284,281.96,285.21,278.71,280.37,46431284,281.96,285.21,278.71,280.37,46431284
2023-10-11,283.23,286.33,280.14,282.77,52546739,283.23,286.33,280.14,282.77,52546739,283.23,286.33,280.14,282.77,52546739
2023-10-12,286.04,290.44,281.64,285.74,47376014,286.04,290.44,281.64,285.74,47376014,286.04,290.44,281.64,285.74,47376014
2023-10-13,293.21,295.10,291.32,292.23,58600473,293.21,295.10,291.32,292.23,58600473,293.21,295.10,291.32,292.23,58600473
2023-10-16,290.90,294.50,287.30,292.09,52979177,290.90,294.50,287.30,292.09,52979177,290.90,294.50,287.30,292.09,52979177
2023-10-17,292.23,293.60,290.85,291.82,59103830,292.23,293.60,290.85,291.82,59103830,292.23,293.60,290.85,291.82,59103830
2023-10-18,289.31,292.35,286.27,290.56,39126804,289.31,292.35,286.27,290.56,39126804,289.31,292.35,286.27,290.56,39126804
2023-10-19,284.23,286.98,281.48,283.28,41464012,284.23,286.98,281.48,283.28,41464012,284.23,286.98,281.48,283.28,41464012
2023-10-20,293.94,297.20,290.69,293.74,44045115,293.94,297.20,290.69,293.74,44045115,293.94,297.20,290.69,293.74,44045115
2023-10-23,288.90,291.12,286.68,288.56,58723439,288.90,291.12,286.68,288.56,58723439,288.90,291.12,286.68,288.56,58723439
2023-10-24,285.42,289.87,280.97,285.38,45898744,285.42,289.87,280.97,285.38,45898744,285.42,289.87,280.97,285.38,45898744
2023-10-25,278.87,281.83,275.92,278.40,47110888,278.87,281.83,275.92,278.40,47110888,278.87,281.83,275.92,278.40,47110888
2023-10-26,278.28,279.86,276.70,277.59,43889480,278.28,279.86,276.70,277.59,43889480,278.28,279.86,276.70,277.59,43889480
2023-10-27,278.22,280.86,275.58,278.09,41772141,278.22,280.86,275.58,278.09,41772141,278.22,280.86,275.58,278.09,41772141
2023-10-30,280.20,283.12,277.28,279.48,43660505,280.20,283.12,277.28,279.48,43660505,280.20,283.12,277.28,279.48,43660505
2023-10-31,277.93,280.23,275.64,277.41,62533933,277.93,280.23,275.64,277.41,62533933,277.93,280.23,275.64,277.41,62533933
2023-11-01,274.49,277.01,271.96,275.65,34787873,274.49,277.01,271.96,275.65,34787873,274.49,277.01,271.96,275.65,34787873
2023-11-02,273.15,277.84,268.45,274.01,48966585,273.15,277.84,268.45,274.01,48966585,273.15,277.84,268.45,274.01,48966585
2023-11-03,270.61,273.99,267.23,271.60,31764458,270.61,273.99,267.23,271.60,31764458,270.61,273.99,267.23,271.60,31764458
2023-11-06,275.05,277.75,272.36,274.51,36877898,275.05,277.75,272.36,274.51,36877898,275.05,277.75,272.36,274.51,36877898
2023-11-07,273.97,277.87,270.08,272.64,42230843,273.97,277.87,270.08,272.64,42230843,273.97,277.87,270.08,272.64,42230843
2023-11-08,274.91,279.56,270.26,275.03,34695470,274.91,279.56,270.26,275.03,34695470,274.91,279.56,270.26,275.03,34695470
2023-11-09,275.31,278.38,272.24,276.08,40345595,275.31,278.38,272.24,276.08,40345595,275.31,278.38,272.24,276.08,40345595
2023-11-10,281.32,285.87,276.77,282.19,55962730,281.32,285.87,276.77,282.19,55962730,281.32,285.87,276.77,282.19,55962730
2023-11-13,290.31,293.63,286.99,289.10,44665745,290.31,293.63,286.99,289.10,44665745,290.31,293.63,286.99,289.10,44665745
2023-11-14,288.69,290.53,286.85,288.59,40400741,288.69,290.53,286.85,288.59,40400741,288.69,290.53,286.85,288.59,40400741
2023-11-15,288.13,290.94,285.32,286.74,49769740,288.13,290.94,285.32,286.74,49769740,288.13,290.94,285.32,286.74,49769740
2023-11-16,283.38,287.04,279.73,281.87,49490806,283.38,287.04,279.73,281.87,49490806,283.38,287.04,279.73,281.87,49490806
2023-11-17,287.31,289.35,285.28,285.61,41694571,287.31,289.35,285.28,285.61,41694571,287.31,289.35,285.28,285.61,41694571
2023-11-20,289.88,292.67,287.10,288.93,40158307,289.88,292.67,287.10,288.93,40158307,289.88,292.67,287.10,288.93,40158307
2023-11-21,293.42,297.15,289.68,293.80,61147183,293.42,297.15,289.68,293.80,61147183,293.42,297.15,289.68,293.80,61147183
2023-11-22,298.69,302.05,295.34,298.65,31778052,298.69,302.05,295.34,298.65,31778052,298.69,302.05,295.34,298.65,31778052
2023-11-23,304.88,308.68,301.08,303.82,59380974,304.88,308.68,301.08,303.82,59380974,304.88,308.68,301.08,303.82,59380974
2023-11-24,302.93,305.54,300.31,303.77,58189926,302.93,305.54,300.31,303.77,58189926,302.93,305.54,300.31,303.77,58189926
2023-11-27,312.17,314.99,309.34,312.40,41628192,312.17,314.99,309.34,312.40,41628192,312.17,314.99,309.34,312.40,41628192
2023-11-28,319.97,323.79,316.16,320.79,32188702,319.97,323.79,316.16,320.79,32188702,319.97,323.79,316.16,320.79,32188702
2023-11-29,329.68,333.32,326.05,329.42,51315434,329.68,333.32,326.05,329.42,51315434,329.68,333.32,326.05,329.42,51315434
2023-11-30,332.46,335.53,329.39,331.88,40650274,332.46,335.53,329.39,331.88,40650274,332.46,335.53,329.39,331.88,40650274
2023-12-01,336.25,338.44,334.06,335.05,58031634,336.25,338.44,334.06,335.05,58031634,336.25,338.44,334.06,335.05,58031634
2023-12-04,328.68,331.31,326.05,329.95,39169153,328.68,331.31,326.05,329.95,39169153,328.68,331.31,326.05,329.95,39169153
2023-12-05,326.53,329.58,323.49,327.73,43717976,326.53,329.58,323.49,327.73,43717976,326.53,329.58,323.49,327.73,43717976
2023-12-06,333.18,337.66,328.70,332.59,51302181,333.18,337.66,328.70,332.59,51302181,333.18,337.66,328.70,332.59,51302181
2023-12-07,329.40,332.23,326.57,328.41,39711054,329.40,332.23,326.57,328.41,39711054,329.40,332.23,326.57,328.41,39711054
2023-12-08,341.12,343.44,338.80,339.67,51601554,341.12,343.44,338.80,339.67,51601554,341.12,343.44,338.80,339.67,51601554
2023-12-11,339.15,343.28,335.02,338.33,38397821,339.15,343.28,335.02,338.33,38397821,339.15,343.28,335.02,338.33,38397821
2023-12-12,352.13,356.33,347.93,350.83,53138040,352.13,356.33,347.93,350.83,53138040,352.13,356.33,347.93,350.83,53138040
2023-12-13,362.31,364.14,360.48,360.87,59712255,362.31,364.14,360.48,360.87,59712255,362.31,364.14,360.48,360.87,59712255
2023-12-14,371.92,374.41,369.42,370.79,61468666,371.92,374.41,369.42,370.79,61468666,371.92,374.41,369.42,370.79,61468666
2023-12-15,380.11,380.84,379.39,379.90,52859505,380.11,380.84,379.39,379.90,52859505,380.11,380.84,379.39,379.90,52859505
2023-12-18,382.82,389.15,376.48,381.58,41591065,382.82,389.15,376.48,381.58,41591065,382.82,389.15,376.48,381.58,41591065
2023-12-19,381.29,384.84,377.74,379.43,34349291,381.29,384.84,377.74,379.43,34349291,381.29,384.84,377.74,379.43,34349291
2023-12-20,384.07,387.75,380.40,382.62,47633288,384.07,387.75,380.40,382.62,47633288,384.07,387.75,380.40,382.62,47633288
2023-12-21,385.25,387.14,383.36,384.80,51521683,385.25,387.14,383.36,384.80,51521683,385.25,387.14,383.36,384.80,51521683
2023-12-22,389.85,394.34,385.36,390.84,42992481,389.85,394.34,385.36,390.84,42992481,389.85,394.34,385.36,390.84,42992481
2023-12-25,394.83,399.52,390.15,394.69,62162162,394.83,399.52,390.15,394.69,62162162,394.83,399.52,390.15,394.69,62162162
2023-12-26,408.36,412.47,404.25,406.88,53343588,408.36,412.47,404.25,406.88,53343588,408.36,412.47,404.25,406.88,53343588
2023-12-27,413.12,417.06,409.18,410.44,62255312,413.12,417.06,409.18,410.44,62255312,413.12,417.06,409.18,410.44,62255312
2023-12-28,423.24,425.35,421.13,421.17,49177921,423.24,425.35,421.13,421.17,49177921,423.24,425.35,421.13,421.17,49177921
2023-12-29,422.70,425.11,420.30,421.35,41977062,422.70,425.11,420.30,421.35,41977062,422.70,425.11,420.30,421.35,41977062
