Date,Open,High,Low,Close,Volume,UnadjustedOpen,UnadjustedHigh,UnadjustedLow,UnadjustedClose,UnadjustedVolume,AdjustedOpen,AdjustedHigh,AdjustedLow,AdjustedClose,AdjustedVolume
2018-01-02,180.96,182.97,178.94,180.47,29445493,180.96,182.97,178.94,180.47,29445493,180.96,182.97,178.94,180.47,29445493
2018-01-03,181.28,183.65,178.91,181.41,20769345,181.28,183.65,178.91,181.41,20769345,181.28,183.65,178.91,181.41,20769345
2018-01-04,187.81,190.05,185.57,187.57,21303940,187.81,190.05,185.57,187.57,21303940,187.81,190.05,185.57,187.57,21303940
2018-01-05,193.83,196.05,191.60,192.95,23587596,193.83,196.05,191.60,192.95,23587596,193.83,196.05,191.60,192.95,23587596
2018-01-08,195.96,197.78,194.14,195.84,17656149,195.96,197.78,194.14,195.84,17656149,195.96,197.78,194.14,195.84,17656149
2018-01-09,199.08,201.68,196.48,199.40,22822042,199.08,201.68,196.48,199.40,22822042,199.08,201.68,196.48,199.40,22822042
2018-01-10,201.72,203.86,199.59,201.75,30292693,201.72,203.86,199.59,201.75,30292693,201.72,203.86,199.59,201.75,30292693
2018-01-11,194.71,196.13,193.28,194.45,23766083,194.71,196.13,193.28,194.45,23766083,194.71,196.13,193.28,194.45,23766083
2018-01-12,199.28,201.18,197.38,198.28,25309297,199.28,201.18,197.38,198.28,25309297,199.28,201.18,197.38,198.28,25309297
2018-01-15,199.31,201.81,196.80,198.90,32158207,199.31,201.81,196.80,198.90,32158207,199.31,201.81,196.80,198.90,32158207
2018-01-16,202.19,205.00,199.39,201.67,28470354,202.19,205.00,199.39,201.67,28470354,202.19,205.00,199.39,201.67,28470354
2018-01-17,203.24,204.94,201.53,203.30,25568084,203.24,204.94,201.53,203.30,25568084,203.24,204.94,201.53,203.30,25568084
2018-01-18,204.27,207.16,201.39,203.95,25645589,204.27,207.16,201.39,203.95,25645589,204.27,207.16,201.39,203.95,25645589
2018-01-19,200.21,203.48,196.93,200.09,34711978,200.21,203.48,196.93,200.09,34711978,200.21,203.48,196.93,200.09,34711978
2018-01-22,203.67,206.61,200.72,203.98,25358889,203.67,206.61,200.72,203.98,25358889,203.67,206.61,200.72,203.98,25358889
2018-01-23,199.51,201.24,197.79,198.46,27417234,199.51,201.24,197.79,198.46,27417234,199.51,201.24,197.79,198.46,27417234
2018-01-24,195.55,197.80,193.30,195.41,22119856,195.55,197.80,193.30,195.41,22119856,195.55,197.80,193.30,195.41,22119856
2018-01-25,197.12,199.31,194.92,198.05,26352480,197.12,199.31,194.92,198.05,26352480,197.12,199.31,194.92,198.05,26352480
2018-01-26,201.69,203.13,200.26,201.06,31700977,201.69,203.13,200.26,201.06,31700977,201.69,203.13,200.26,201.06,31700977
2018-01-29,204.17,206.55,201.80,202.38,25473312,204.17,206.55,201.80,202.38,25473312,204.17,206.55,201.80,202.38,25473312
2018-01-30,207.01,209.41,204.62,205.61,17774316,207.01,209.41,204.62,205.61,17774316,207.01,209.41,204.62,205.61,17774316
2018-01-31,212.77,215.87,209.68,212.36,18991530,212.77,215.87,209.68,212.36,18991530,212.77,215.87,209.68,212.36,18991530
2018-02-01,207.27,210.12,204.41,207.85,29167365,207.27,210.12,204.41,207.85,29167365,207.27,210.12,204.41,207.85,29167365
2018-02-02,209.86,211.52,208.21,209.87,31399693,209.86,211.52,208.21,209.87,31399693,209.86,211.52,208.21,209.87,31399693
2018-02-05,204.68,207.06,202.29,204.17,25109015,204.68,207.06,202.29,204.17,25109015,204.68,207.06,202.29,204.17,25109015
2018-02-06,206.06,208.18,203.93,204.86,27099291,206.06,208.18,203.93,204.86,27099291,206.06,208.18,203.93,204.86,27099291
2018-02-07,204.77,208.15,201.38,204.23,17859173,204.77,208.15,201.38,204.23,17859173,204.77,208.15,201.38,204.23,17859173
2018-02-08,204.27,206.37,202.17,205.21,22386844,204.27,206.37,202.17,205.21,22386844,204.27,206.37,202.17,205.21,22386844
2018-02-09,207.87,209.56,206.17,207.61,19194895,207.87,209.56,206.17,207.61,19194895,207.87,209.56,206.17,207.61,19194895
2018-02-12,207.76,210.38,205.14,207.06,31805891,207.76,210.38,205.14,207.06,31805891,207.76,210.38,205.14,207.06,31805891
2018-02-13,205.69,208.59,202.80,205.30,24813687,205.69,208.59,202.80,205.30,24813687,205.69,208.59,202.80,205.30,24813687
2018-02-14,199.09,200.96,197.23,199.24,34502828,199.09,200.96,197.23,199.24,34502828,199.09,200.96,197.23,199.24,34502828
2018-02-15,196.57,198.95,194.19,196.14,25177644,196.57,198.95,194.19,196.14,25177644,196.57,198.95,194.19,196.14,25177644
2018-02-16,191.57,194.52,188.62,190.02,21541825,191.57,194.52,188.62,190.02,21541825,191.57,194.52,188.62,190.02,21541825
2018-02-19,188.49,190.64,186.33,188.23,20154831,188.49,190.64,186.33,188.23,20154831,188.49,190.64,186.33,188.23,20154831
2018-02-20,188.45,190.63,186.28,188.45,34728926,188.45,190.63,186.28,188.45,34728926,188.45,190.63,186.28,188.45,34728926
2018-02-21,191.69,194.14,189.24,192.03,23038998,191.69,194.14,189.24,192.03,23038998,191.69,194.14,189.24,192.03,23038998
2018-02-22,182.66,184.60,180.72,183.58,21405477,182.66,184.60,180.72,183.58,21405477,182.66,184.60,180.72,183.58,21405477
2018-02-23,187.35,188.69,186.01,187.27,33340500,187.35,188.69,186.01,187.27,33340500,187.35,188.69,186.01,187.27,33340500
2018-02-26,184.53,186.96,182.10,184.14,33446456,184.53,186.96,182.10,184.14,33446456,184.53,186.96,182.10,184.14,33446456
2018-02-27,190.92,194.46,187.38,189.90,28297580,190.92,194.46,187.38,189.90,28297580,190.92,194.46,187.38,189.90,28297580
2018-02-28,191.09,192.65,189.53,191.26,31311163,191.09,192.65,189.53,191.26,31311163,191.09,192.65,189.53,191.26,31311163
2018-03-01,193.40,194.41,192.39,192.71,28227262,193.40,194.41,192.39,192.71,28227262,193.40,194.41,192.39,192.71,28227262
2018-03-02,194.83,197.50,192.17,194.81,18184201,194.83,197.50,192.17,194.81,18184201,194.83,197.50,192.17,194.81,18184201
2018-03-05,200.76,203.26,198.27,200.38,31398512,200.76,203.26,198.27,200.38,31398512,200.76,203.26,198.27,200.38,31398512
2018-03-06,202.05,204.25,199.86,202.88,20207741,202.05,204.25,199.86,202.88,20207741,202.05,204.25,199.86,202.88,20207741
2018-03-07,200.25,203.19,197.31,200.03,31308698,200.25,203.19,197.31,200.03,31308698,200.25,203.19,197.31,200.03,31308698
2018-03-08,196.12,198.84,193.40,195.56,21200257,196.12,198.84,193.40,195.56,21200257,196.12,198.84,193.40,195.56,21200257
2018-03-09,197.72,199.32,196.11,198.25,17681678,197.72,199.32,196.11,198.25,17681678,197.72,199.32,196.11,198.25,17681678
2018-03-12,203.33,206.35,200.31,202.91,22339513,203.33,206.35,200.31,202.91,22339513,203.33,206.35,200.31,202.91,22339513
2018-03-13,203.04,204.88,201.19,203.13,17811812,203.04,204.88,201.19,203.13,17811812,203.04,204.88,201.19,203.13,17811812
2018-03-14,201.93,203.19,200.66,201.32,19454853,201.93,203.19,200.66,201.32,19454853,201.93,203.19,200.66,201.32,19454853
2018-03-15,201.94,203.94,199.94,201.69,20918988,201.94,203.94,199.94,201.69,20918988,201.94,203.94,199.94,201.69,20918988
2018-03-16,201.59,203.66,199.52,202.63,25837404,201.59,203.66,199.52,202.63,25837404,201.59,203.66,199.52,202.63,25837404
2018-03-19,202.15,204.74,199.56,202.16,18505666,202.15,204.74,199.56,202.16,18505666,202.15,204.74,199.56,202.16,18505666
2018-03-20,203.44,205.36,201.51,202.84,34301326,203.44,205.36,201.51,202.84,34301326,203.44,205.36,201.51,202.84,34301326
2018-03-21,200.27,201.78,198.75,200.50,18275818,200.27,201.78,198.75,200.50,18275818,200.27,201.78,198.75,200.50,18275818
2018-03-22,199.50,201.27,197.74,197.85,34562584,199.50,201.27,197.74,197.85,34562584,199.50,201.27,197.74,197.85,34562584
2018-03-23,200.07,202.40,197.74,199.56,28053807,200.07,202.40,197.74,199.56,28053807,200.07,202.40,197.74,199.56,28053807
2018-03-26,199.16,203.74,194.58,199.25,19407640,199.16,203.74,194.58,199.25,19407640,199.16,203.74,194.58,199.25,19407640
2018-03-27,195.60,197.41,193.79,195.08,32495620,195.60,197.41,193.79,195.08,32495620,195.60,197.41,193.79,195.08,32495620
2018-03-28,194.89,197.51,192.27,194.78,34694635,194.89,197.51,192.27,194.78,34694635,194.89,197.51,192.27,194.78,34694635
2018-03-29,196.27,197.31,195.23,195.44,25126974,196.27,197.31,195.23,195.44,25126974,196.27,197.31,195.23,195.44,25126974
2018-03-30,200.38,203.06,197.70,200.57,19132086,200.38,203.06,197.70,200.57,19132086,200.38,203.06,197.70,200.57,19132086
2018-04-02,202.15,205.20,199.10,201.99,25559177,202.15,205.20,199.10,201.99,25559177,202.15,205.20,199.10,201.99,25559177
2018-04-03,206.16,207.43,204.90,205.93,30295438,206.16,207.43,204.90,205.93,30295438,206.16,207.43,204.90,205.93,30295438
2018-04-04,211.11,215.01,207.22,210.58,30595966,211.11,215.01,207.22,210.58,30595966,211.11,215.01,207.22,210.58,30595966
2018-04-05,213.70,215.47,211.93,213.21,22119425,213.70,215.47,211.93,213.21,22119425,213.70,215.47,211.93,213.21,22119425
2018-04-06,211.06,213.20,208.92,210.61,22249535,211.06,213.20,208.92,210.61,22249535,211.06,213.20,208.92,210.61,22249535
2018-04-09,212.13,214.88,209.38,211.73,28308662,212.13,214.88,209.38,211.73,28308662,212.13,214.88,209.38,211.73,28308662
2018-04-10,215.72,218.67,212.76,215.36,22908493,215.72,218.67,212.76,215.36,22908493,215.72,218.67,212.76,215.36,22908493
2018-04-11,210.12,211.72,208.52,209.99,27745036,210.12,211.72,208.52,209.99,27745036,210.12,211.72,208.52,209.99,27745036
2018-04-12,212.76,214.20,211.32,211.39,29527871,212.76,214.20,211.32,211.39,29527871,212.76,214.20,211.32,211.39,29527871
2018-04-13,206.79,209.12,204.46,207.37,22702590,206.79,209.12,204.46,207.37,22702590,206.79,209.12,204.46,207.37,22702590
2018-04-16,199.26,202.19,196.33,198.35,19452984,199.26,202.19,196.33,198.35,19452984,199.26,202.19,196.33,198.35,19452984
2018-04-17,205.28,208.58,201.98,205.19,28001330,205.28,208.58,201.98,205.19,28001330,205.28,208.58,201.98,205.19,28001330
2018-04-18,207.36,209.66,205.07,207.17,27370787,207.36,209.66,205.07,207.17,27370787,207.36,209.66,205.07,207.17,27370787
2018-04-19,203.73,205.77,201.70,203.39,31199037,203.73,205.77,201.70,203.39,31199037,203.73,205.77,201.70,203.39,31199037
2018-04-20,206.92,209.81,204.04,207.40,31578402,206.92,209.81,204.04,207.40,31578402,206.92,209.81,204.04,207.40,31578402
2018-04-23,210.40,213.72,207.08,210.05,29667934,210.40,213.72,207.08,210.05,29667934,210.40,213.72,207.08,210.05,29667934
2018-04-24,219.08,222.62,215.55,218.24,22962403,219.08,222.62,215.55,218.24,22962403,219.08,222.62,215.55,218.24,22962403
2018-04-25,215.84,217.46,214.21,216.63,29677637,215.84,217.46,214.21,216.63,29677637,215.84,217.46,214.21,216.63,29677637
2018-04-26,223.26,225.98,220.53,221.14,23590176,223.26,225.98,220.53,221.14,23590176,223.26,225.98,220.53,221.14,23590176
2018-04-27,221.70,224.39,219.00,221.07,24947700,221.70,224.39,219.00,221.07,24947700,221.70,224.39,219.00,221.07,24947700
2018-04-30,225.45,227.07,223.83,224.20,24167607,225.45,227.07,223.83,224.20,24167607,225.45,227.07,223.83,224.20,24167607
2018-05-01,226.34,229.16,223.53,224.83,22682113,226.34,229.16,223.53,224.83,22682113,226.34,229.16,223.53,224.83,22682113
2018-05-02,228.07,230.27,225.88,227.17,28674701,228.07,230.27,225.88,227.17,28674701,228.07,230.27,225.88,227.17,28674701
2018-05-03,227.28,229.03,225.53,225.72,28597899,227.28,229.03,225.53,225.72,28597899,227.28,229.03,225.53,225.72,28597899
2018-05-04,229.90,231.40,228.40,228.83,32999316,229.90,231.40,228.40,228.83,32999316,229.90,231.40,228.40,228.83,32999316
2018-05-07,226.44,228.33,224.56,225.49,18318798,226.44,228.33,224.56,225.49,18318798,226.44,228.33,224.56,225.49,18318798
2018-05-08,224.36,227.25,221.47,222.17,33345764,224.36,227.25,221.47,222.17,33345764,224.36,227.25,221.47,222.17,33345764
2018-05-09,227.31,229.48,225.13,225.86,34039107,227.31,229.48,225.13,225.86,34039107,227.31,229.48,225.13,225.86,34039107
2018-05-10,221.33,223.67,218.98,221.38,29729578,221.33,223.67,218.98,221.38,29729578,221.33,223.67,218.98,221.38,29729578
2018-05-11,221.89,223.68,220.10,221.94,33762870,221.89,223.68,220.10,221.94,33762870,221.89,223.68,220.10,221.94,33762870
2018-05-14,212.68,214.39,210.96,212.11,22911067,212.68,214.39,210.96,212.11,22911067,212.68,214.39,210.96,212.11,22911067
2018-05-15,212.59,214.66,210.52,212.93,19866748,212.59,214.66,210.52,212.93,19866748,212.59,214.66,210.52,212.93,19866748
2018-05-16,222.20,224.97,219.43,222.08,33148655,222.20,224.97,219.43,222.08,33148655,222.20,224.97,219.43,222.08,33148655
2018-05-17,217.57,220.73,214.41,216.45,33411473,217.57,220.73,214.41,216.45,33411473,217.57,220.73,214.41,216.45,33411473
2018-05-18,216.60,217.49,215.71,216.38,30445662,216.60,217.49,215.71,216.38,30445662,216.60,217.49,215.71,216.38,30445662
2018-05-21,219.99,223.00,216.98,221.06,19039191,219.99,223.00,216.98,221.06,19039191,219.99,223.00,216.98,221.06,19039191
2018-05-22,224.99,227.42,222.56,226.10,33047219,224.99,227.42,222.56,226.10,33047219,224.99,227.42,222.56,226.10,33047219
2018-05-23,223.34,226.47,220.21,223.85,18969153,223.34,226.47,220.21,223.85,18969153,223.34,226.47,220.21,223.85,18969153
2018-05-24,218.62,220.03,217.20,219.48,28714809,218.62,220.03,217.20,219.48,28714809,218.62,220.03,217.20,219.48,28714809
2018-05-25,221.34,224.76,217.91,221.72,27973481,221.34,224.76,217.91,221.72,27973481,221.34,224.76,217.91,221.72,27973481
2018-05-28,224.59,228.02,221.17,224.80,22877491,224.59,228.02,221.17,224.80,22877491,224.59,228.02,221.17,224.80,22877491
2018-05-29,215.55,217.02,214.08,215.98,30798019,215.55,217.02,214.08,215.98,30798019,215.55,217.02,214.08,215.98,30798019
2018-05-30,227.72,229.99,225.44,227.84,21046477,227.72,229.99,225.44,227.84,21046477,227.72,229.99,225.44,227.84,21046477
2018-05-31,226.81,227.54,226.08,226.33,25352820,226.81,227.54,226.08,226.33,25352820,226.81,227.54,226.08,226.33,25352820
2018-06-01,227.57,230.95,224.19,228.69,28243907,227.57,230.95,224.19,228.69,28243907,227.57,230.95,224.19,228.69,28243907
2018-06-04,223.41,227.67,219.14,223.70,31895951,223.41,227.67,219.14,223.70,31895951,223.41,227.67,219.14,223.70,31895951
2018-06-05,223.85,226.56,221.13,222.47,19088522,223.85,226.56,221.13,222.47,19088522,223.85,226.56,221.13,222.47,19088522
2018-06-06,224.46,227.42,221.51,223.69,28874995,224.46,227.42,221.51,223.69,28874995,224.46,227.42,221.51,223.69,28874995
2018-06-07,221.52,223.22,219.82,220.07,31202121,221.52,223.22,219.82,220.07,31202121,221.52,223.22,219.82,220.07,31202121
2018-06-08,216.94,218.77,215.10,216.05,33448651,216.94,218.77,215.10,216.05,33448651,216.94,218.77,215.10,216.05,33448651
2018-06-11,218.29,220.83,215.76,218.38,33816191,218.29,220.83,215.76,218.38,33816191,218.29,220.83,215.76,218.38,33816191
2018-06-12,220.74,222.96,218.52,219.89,27356244,220.74,222.96,218.52,219.89,27356244,220.74,222.96,218.52,219.89,27356244
2018-06-13,225.03,226.23,223.82,224.80,30074731,225.03,226.23,223.82,224.80,30074731,225.03,226.23,223.82,224.80,30074731
2018-06-14,222.84,225.61,220.08,222.77,28958726,222.84,225.61,220.08,222.77,28958726,222.84,225.61,220.08,222.77,28958726
2018-06-15,222.73,225.35,220.12,222.92,21486192,222.73,225.35,220.12,222.92,21486192,222.73,225.35,220.12,222.92,21486192
2018-06-18,227.43,229.04,225.81,227.32,23424221,227.43,229.04,225.81,227.32,23424221,227.43,229.04,225.81,227.32,23424221
2018-06-19,228.41,231.70,225.13,228.25,24103699,228.41,231.70,225.13,228.25,24103699,228.41,231.70,225.13,228.25,24103699
2018-06-20,233.73,237.15,230.30,233.12,31673380,233.73,237.15,230.30,233.12,31673380,233.73,237.15,230.30,233.12,31673380
2018-06-21,231.86,234.78,228.93,232.95,26274079,231.86,234.78,228.93,232.95,26274079,231.86,234.78,228.93,232.95,26274079
2018-06-22,232.17,234.91,229.42,230.62,25787624,232.17,234.91,229.42,230.62,25787624,232.17,234.91,229.42,230.62,25787624
2018-06-25,232.96,235.23,230.69,232.79,26915739,232.96,235.23,230.69,232.79,26915739,232.96,235.23,230.69,232.79,26915739
2018-06-26,230.55,233.83,227.28,232.05,21072997,230.55,233.83,227.28,232.05,21072997,230.55,233.83,227.28,232.05,21072997
2018-06-27,232.72,233.59,231.84,232.09,21357699,232.72,233.59,231.84,232.09,21357699,232.72,233.59,231.84,232.09,21357699
2018-06-28,235.40,237.88,232.93,234.72,23520326,235.40,237.88,232.93,234.72,23520326,235.40,237.88,232.93,234.72,23520326
2018-06-29,235.78,237.15,234.40,234.89,19436949,235.78,237.15,234.40,234.89,19436949,235.78,237.15,234.40,234.89,19436949
2018-07-02,240.27,244.05,236.50,240.20,24407760,240.27,244.05,236.50,240.20,24407760,240.27,244.05,236.50,240.20,24407760
2018-07-03,235.42,238.14,232.71,235.74,19001385,235.42,238.14,232.71,235.74,19001385,235.42,238.14,232.71,235.74,19001385
2018-07-04,242.90,245.90,239.91,242.04,25416556,242.90,245.90,239.91,242.04,25416556,242.90,245.90,239.91,242.04,25416556
2018-07-05,246.43,248.37,244.49,247.10,29216648,246.43,248.37,244.49,247.10,29216648,246.43,248.37,244.49,247.10,29216648
2018-07-06,240.89,244.29,237.48,240.87,24227171,240.89,244.29,237.48,240.87,24227171,240.89,244.29,237.48,240.87,24227171
2018-07-09,242.95,245.65,240.26,242.47,32916065,242.95,245.65,240.26,242.47,32916065,242.95,245.65,240.26,242.47,32916065
2018-07-10,243.16,244.34,241.98,242.58,31489092,243.16,244.34,241.98,242.58,31489092,243.16,244.34,241.98,242.58,31489092
2018-07-11,239.73,243.15,236.30,240.42,31748866,239.73,243.15,236.30,240.42,31748866,239.73,243.15,236.30,240.42,31748866
2018-07-12,245.34,247.45,243.24,245.46,27178590,245.34,247.45,243.24,245.46,27178590,245.34,247.45,243.24,245.46,27178590
2018-07-13,243.31,248.10,238.53,243.50,24517984,243.31,248.10,238.53,243.50,24517984,243.31,248.10,238.53,243.50,24517984
2018-07-16,244.07,247.58,240.57,245.05,18608929,244.07,247.58,240.57,245.05,18608929,244.07,247.58,240.57,245.05,18608929
2018-07-17,246.02,248.49,243.54,245.73,21238572,246.02,248.49,243.54,245.73,21238572,246.02,248.49,243.54,245.73,21238572
2018-07-18,249.82,252.50,247.14,249.24,25705933,249.82,252.50,247.14,249.24,25705933,249.82,252.50,247.14,249.24,25705933
2018-07-19,248.26,250.88,245.63,247.18,19070637,248.26,250.88,245.63,247.18,19070637,248.26,250.88,245.63,247.18,19070637
2018-07-20,249.49,252.20,246.79,248.89,28973345,249.49,252.20,246.79,248.89,28973345,249.49,252.20,246.79,248.89,28973345
2018-07-23,247.36,248.90,245.81,247.31,33622115,247.36,248.90,245.81,247.31,33622115,247.36,248.90,245.81,247.31,33622115
2018-07-24,251.54,254.91,248.18,251.75,28559550,251.54,254.91,248.18,251.75,28559550,251.54,254.91,248.18,251.75,28559550
2018-07-25,247.50,250.12,244.88,246.18,33685248,247.50,250.12,244.88,246.18,33685248,247.50,250.12,244.88,246.18,33685248
2018-07-26,243.41,245.26,241.56,244.78,31767538,243.41,245.26,241.56,244.78,31767538,243.41,245.26,241.56,244.78,31767538
2018-07-27,249.72,251.76,247.68,250.46,22643000,249.72,251.76,247.68,250.46,22643000,249.72,251.76,247.68,250.46,22643000
2018-07-30,246.24,248.50,243.97,245.08,28676221,246.24,248.50,243.97,245.08,28676221,246.24,248.50,243.97,245.08,28676221
2018-07-31,249.23,252.11,246.36,249.08,26448609,249.23,252.11,246.36,249.08,26448609,249.23,252.11,246.36,249.08,26448609
2018-08-01,254.89,258.16,251.62,254.91,29991135,254.89,258.16,251.62,254.91,29991135,254.89,258.16,251.62,254.91,29991135
2018-08-02,256.48,258.66,254.31,256.17,32369157,256.48,258.66,254.31,256.17,32369157,256.48,258.66,254.31,256.17,32369157
2018-08-03,253.45,256.80,250.10,254.77,25049793,253.45,256.80,250.10,254.77,25049793,253.45,256.80,250.10,254.77,25049793
2018-08-06,249.81,253.06,246.56,250.56,19508201,249.81,253.06,246.56,250.56,19508201,249.81,253.06,246.56,250.56,19508201
2018-08-07,250.17,252.73,247.62,249.45,23981024,250.17,252.73,247.62,249.45,23981024,250.17,252.73,247.62,249.45,23981024
2018-08-08,247.90,251.49,244.30,246.61,27363108,247.90,251.49,244.30,246.61,27363108,247.90,251.49,244.30,246.61,27363108
2018-08-09,246.04,248.26,243.82,245.26,28564464,246.04,248.26,243.82,245.26,28564464,246.04,248.26,243.82,245.26,28564464
2018-08-10,246.07,248.74,243.40,246.60,32211821,246.07,248.74,243.40,246.60,32211821,246.07,248.74,243.40,246.60,32211821
2018-08-13,248.04,249.69,246.39,247.44,22428384,248.04,249.69,246.39,247.44,22428384,248.04,249.69,246.39,247.44,22428384
2018-08-14,242.96,245.20,240.71,242.26,33913059,242.96,245.20,240.71,242.26,33913059,242.96,245.20,240.71,242.26,33913059
2018-08-15,240.50,242.83,238.17,239.54,23098004,240.50,242.83,238.17,239.54,23098004,240.50,242.83,238.17,239.54,23098004
2018-08-16,235.73,238.87,232.58,236.76,34693829,235.73,238.87,232.58,236.76,34693829,235.73,238.87,232.58,236.76,34693829
2018-08-17,238.83,242.85,234.81,239.33,24659805,238.83,242.85,234.81,239.33,24659805,238.83,242.85,234.81,239.33,24659805
2018-08-20,247.36,251.44,243.28,246.57,21077416,247.36,251.44,243.28,246.57,21077416,247.36,251.44,243.28,246.57,21077416
2018-08-21,241.08,242.66,239.49,241.82,22974018,241.08,242.66,239.49,241.82,22974018,241.08,242.66,239.49,241.82,22974018
2018-08-22,239.84,242.31,237.38,239.24,31043794,239.84,242.31,237.38,239.24,31043794,239.84,242.31,237.38,239.24,31043794
2018-08-23,237.55,238.43,236.66,237.28,28775848,237.55,238.43,236.66,237.28,28775848,237.55,238.43,236.66,237.28,28775848
2018-08-24,238.14,240.72,235.55,238.86,28918766,238.14,240.72,235.55,238.86,28918766,238.14,240.72,235.55,238.86,28918766
2018-08-27,237.05,237.40,236.69,236.95,25655938,237.05,237.40,236.69,236.95,25655938,237.05,237.40,236.69,236.95,25655938
2018-08-28,240.63,242.67,238.60,240.23,25638841,240.63,242.67,238.60,240.23,25638841,240.63,242.67,238.60,240.23,25638841
2018-08-29,252.35,255.37,249.34,252.18,20034255,252.35,255.37,249.34,252.18,20034255,252.35,255.37,249.34,252.18,20034255
2018-08-30,244.42,246.77,242.07,244.47,18687727,244.42,246.77,242.07,244.47,18687727,244.42,246.77,242.07,244.47,18687727
2018-08-31,245.27,246.39,244.14,245.55,27992696,245.27,246.39,244.14,245.55,27992696,245.27,246.39,244.14,245.55,27992696
2018-09-03,243.78,246.77,240.79,244.47,22226219,243.78,246.77,240.79,244.47,22226219,243.78,246.77,240.79,244.47,22226219
2018-09-04,242.15,245.48,238.83,242.59,22486227,242.15,245.48,238.83,242.59,22486227,242.15,245.48,238.83,242.59,22486227
2018-09-05,236.00,238.36,233.64,235.13,17837260,236.00,238.36,233.64,235.13,17837260,236.00,238.36,233.64,235.13,17837260
2018-09-06,240.10,242.59,237.60,240.29,24539872,240.10,242.59,237.60,240.29,24539872,240.10,242.59,237.60,240.29,24539872
2018-09-07,244.78,247.50,242.07,245.62,21025374,244.78,247.50,242.07,245.62,21025374,244.78,247.50,242.07,245.62,21025374
2018-09-10,250.00,253.09,246.92,247.84,31434836,250.00,253.09,246.92,247.84,31434836,250.00,253.09,246.92,247.84,31434836
2018-09-11,244.32,247.77,240.86,244.54,32690415,244.32,247.77,240.86,244.54,32690415,244.32,247.77,240.86,244.54,32690415
2018-09-12,245.99,248.06,243.91,245.18,31064664,245.99,248.06,243.91,245.18,31064664,245.99,248.06,243.91,245.18,31064664
2018-09-13,239.30,240.74,237.86,239.42,27607806,239.30,240.74,237.86,239.42,27607806,239.30,240.74,237.86,239.42,27607806
2018-09-14,235.17,236.80,233.54,235.54,31659949,235.17,236.80,233.54,235.54,31659949,235.17,236.80,233.54,235.54,31659949
2018-09-17,234.04,236.26,231.82,235.54,31429825,234.04,236.26,231.82,235.54,31429825,234.04,236.26,231.82,235.54,31429825
2018-09-18,225.39,228.40,222.38,227.41,34981243,225.39,228.40,222.38,227.41,34981243,225.39,228.40,222.38,227.41,34981243
2018-09-19,227.70,229.97,225.44,225.85,30716828,227.70,229.97,225.44,225.85,30716828,227.70,229.97,225.44,225.85,30716828
2018-09-20,226.26,230.20,222.32,225.38,25306030,226.26,230.20,222.32,225.38,25306030,226.26,230.20,222.32,225.38,25306030
2018-09-21,219.74,222.88,216.59,218.98,30214245,219.74,222.88,216.59,218.98,30214245,219.74,222.88,216.59,218.98,30214245
2018-09-24,220.91,223.69,218.13,221.55,19391989,220.91,223.69,218.13,221.55,19391989,220.91,223.69,218.13,221.55,19391989
2018-09-25,215.77,218.16,213.38,215.89,17643996,215.77,218.16,213.38,215.89,17643996,215.77,218.16,213.38,215.89,17643996
2018-09-26,217.76,219.55,215.97,218.38,21560947,217.76,219.55,215.97,218.38,21560947,217.76,219.55,215.97,218.38,21560947
2018-09-27,213.12,215.03,211.22,213.36,22375853,213.12,215.03,211.22,213.36,22375853,213.12,215.03,211.22,213.36,22375853
2018-09-28,219.08,221.37,216.79,218.91,18364361,219.08,221.37,216.79,218.91,18364361,219.08,221.37,216.79,218.91,18364361
2018-10-01,215.76,218.98,212.54,216.03,23947936,215.76,218.98,212.54,216.03,23947936,215.76,218.98,212.54,216.03,23947936
2018-10-02,216.03,218.67,213.40,215.17,32634882,216.03,218.67,213.40,215.17,32634882,216.03,218.67,213.40,215.17,32634882
2018-10-03,215.15,219.04,211.27,215.38,19631309,215.15,219.04,211.27,215.38,19631309,215.15,219.04,211.27,215.38,19631309
2018-10-04,209.43,211.05,207.80,210.28,22462076,209.43,211.05,207.80,210.28,22462076,209.43,211.05,207.80,210.28,22462076
2018-10-05,206.96,210.09,203.84,208.51,22835213,206.96,210.09,203.84,208.51,22835213,206.96,210.09,203.84,208.51,22835213
2018-10-08,205.79,208.87,202.71,206.28,28665912,205.79,208.87,202.71,206.28,28665912,205.79,208.87,202.71,206.28,28665912
2018-10-09,208.28,210.78,205.78,208.89,20299153,208.28,210.78,205.78,208.89,20299153,208.28,210.78,205.78,208.89,20299153
2018-10-10,209.54,211.25,207.84,209.65,21271728,209.54,211.25,207.84,209.65,21271728,209.54,211.25,207.84,209.65,21271728
2018-10-11,213.54,214.73,212.34,212.43,30570735,213.54,214.73,212.34,212.43,30570735,213.54,214.73,212.34,212.43,30570735
2018-10-12,214.65,216.92,212.39,214.39,28014555,214.65,216.92,212.39,214.39,28014555,214.65,216.92,212.39,214.39,28014555
2018-10-15,222.17,225.03,219.32,220.83,33802395,222.17,225.03,219.32,220.83,33802395,222.17,225.03,219.32,220.83,33802395
2018-10-16,215.02,217.09,212.94,215.86,23949252,215.02,217.09,212.94,215.86,23949252,215.02,217.09,212.94,215.86,23949252
2018-10-17,216.17,219.53,212.81,215.37,28506121,216.17,219.53,212.81,215.37,28506121,216.17,219.53,212.81,215.37,28506121
2018-10-18,218.77,221.39,216.15,218.80,20275150,218.77,221.39,216.15,218.80,20275150,218.77,221.39,216.15,218.80,20275150
2018-10-19,215.58,217.74,213.42,215.33,27098156,215.58,217.74,213.42,215.33,27098156,215.58,217.74,213.42,215.33,27098156
2018-10-22,214.32,218.39,210.24,213.59,27716797,214.32,218.39,210.24,213.59,27716797,214.32,218.39,210.24,213.59,27716797
2018-10-23,218.81,221.14,216.49,218.54,19778389,218.81,221.14,216.49,218.54,19778389,218.81,221.14,216.49,218.54,19778389
2018-10-24,218.97,221.12,216.82,218.94,32958080,218.97,221.12,216.82,218.94,32958080,218.97,221.12,216.82,218.94,32958080
2018-10-25,218.86,220.50,217.23,219.58,18182385,218.86,220.50,217.23,219.58,18182385,218.86,220.50,217.23,219.58,18182385
2018-10-26,215.22,216.54,213.90,215.12,25339912,215.22,216.54,213.90,215.12,25339912,215.22,216.54,213.90,215.12,25339912
2018-10-29,210.75,213.00,208.49,210.00,17595799,210.75,213.00,208.49,210.00,17595799,210.75,213.00,208.49,210.00,17595799
2018-10-30,211.26,213.08,209.43,211.62,29719178,211.26,213.08,209.43,211.62,29719178,211.26,213.08,209.43,211.62,29719178
2018-10-31,211.28,214.74,207.81,212.63,20765240,211.28,214.74,207.81,212.63,20765240,211.28,214.74,207.81,212.63,20765240
2018-11-01,208.70,210.66,206.74,207.78,21970561,208.70,210.66,206.74,207.78,21970561,208.70,210.66,206.74,207.78,21970561
2018-11-02,204.30,205.70,202.91,205.68,33939927,204.30,205.70,202.91,205.68,33939927,204.30,205.70,202.91,205.68,33939927
2018-11-05,203.51,206.08,200.94,202.83,32946949,203.51,206.08,200.94,202.83,32946949,203.51,206.08,200.94,202.83,32946949
2018-11-06,199.79,203.05,196.52,201.01,23469770,199.79,203.05,196.52,201.01,23469770,199.79,203.05,196.52,201.01,23469770
2018-11-07,193.48,194.41,192.54,192.73,29583387,193.48,194.41,192.54,192.73,29583387,193.48,194.41,192.54,192.73,29583387
2018-11-08,192.78,194.96,190.59,193.10,31833538,192.78,194.96,190.59,193.10,31833538,192.78,194.96,190.59,193.10,31833538
2018-11-09,192.16,193.83,190.48,192.60,29992144,192.16,193.83,190.48,192.60,29992144,192.16,193.83,190.48,192.60,29992144
2018-11-12,194.30,197.87,190.74,193.21,28492224,194.30,197.87,190.74,193.21,28492224,194.30,197.87,190.74,193.21,28492224
2018-11-13,194.48,196.32,192.64,193.28,32895530,194.48,196.32,192.64,193.28,32895530,194.48,196.32,192.64,193.28,32895530
2018-11-14,194.36,198.27,190.45,193.21,18492033,194.36,198.27,190.45,193.21,18492033,194.36,198.27,190.45,193.21,18492033
2018-11-15,196.17,198.79,193.54,197.06,33965720,196.17,198.79,193.54,197.06,33965720,196.17,198.79,193.54,197.06,33965720
2018-11-16,197.08,199.22,194.95,196.41,20037314,197.08,199.22,194.95,196.41,20037314,197.08,199.22,194.95,196.41,20037314
2018-11-19,195.68,197.04,194.33,196.71,25392919,195.68,197.04,194.33,196.71,25392919,195.68,197.04,194.33,196.71,25392919
2018-11-20,195.06,197.87,192.25,195.14,33867215,195.06,197.87,192.25,195.14,33867215,195.06,197.87,192.25,195.14,33867215
2018-11-21,191.52,193.36,189.68,192.24,30726801,191.52,193.36,189.68,192.24,30726801,191.52,193.36,189.68,192.24,30726801
2018-11-22,189.04,192.10,185.98,189.41,20852022,189.04,192.10,185.98,189.41,20852022,189.04,192.10,185.98,189.41,20852022
2018-11-23,188.75,190.29,187.21,189.00,22869611,188.75,190.29,187.21,189.00,22869611,188.75,190.29,187.21,189.00,22869611
2018-11-26,188.27,189.48,187.06,188.64,22315351,188.27,189.48,187.06,188.64,22315351,188.27,189.48,187.06,188.64,22315351
2018-11-27,184.86,187.77,181.95,184.76,19161284,184.86,187.77,181.95,184.76,19161284,184.86,187.77,181.95,184.76,19161284
2018-11-28,183.64,187.16,180.13,182.81,24162202,183.64,187.16,180.13,182.81,24162202,183.64,187.16,180.13,182.81,24162202
2018-11-29,183.32,186.16,180.48,182.43,18332415,183.32,186.16,180.48,182.43,18332415,183.32,186.16,180.48,182.43,18332415
2018-11-30,186.49,188.74,184.24,186.03,22395112,186.49,188.74,184.24,186.03,22395112,186.49,188.74,184.24,186.03,22395112
2018-12-03,186.63,188.40,184.87,187.48,33399058,186.63,188.40,184.87,187.48,33399058,186.63,188.40,184.87,187.48,33399058
2018-12-04,188.50,191.58,185.41,188.03,30917539,188.50,191.58,185.41,188.03,30917539,188.50,191.58,185.41,188.03,30917539
2018-12-05,183.25,185.40,181.10,183.64,17947780,183.25,185.40,181.10,183.64,17947780,183.25,185.40,181.10,183.64,17947780
2018-12-06,187.42,189.32,185.52,187.05,21987363,187.42,189.32,185.52,187.05,21987363,187.42,189.32,185.52,187.05,21987363
2018-12-07,182.58,184.52,180.64,181.99,23565557,182.58,184.52,180.64,181.99,23565557,182.58,184.52,180.64,181.99,23565557
2018-12-10,181.75,184.30,179.20,182.20,30793926,181.75,184.30,179.20,182.20,30793926,181.75,184.30,179.20,182.20,30793926
2018-12-11,186.77,188.27,185.26,185.34,22228909,186.77,188.27,185.26,185.34,22228909,186.77,188.27,185.26,185.34,22228909
2018-12-12,186.57,189.33,183.81,186.03,27664700,186.57,189.33,183.81,186.03,27664700,186.57,189.33,183.81,186.03,27664700
2018-12-13,184.70,186.49,182.92,184.76,33421535,184.70,186.49,182.92,184.76,33421535,184.70,186.49,182.92,184.76,33421535
2018-12-14,185.97,187.36,184.57,184.59,22190840,185.97,187.36,184.57,184.59,22190840,185.97,187.36,184.57,184.59,22190840
2018-12-17,181.02,182.64,179.40,181.40,33585538,181.02,182.64,179.40,181.40,33585538,181.02,182.64,179.40,181.40,33585538
2018-12-18,183.08,184.29,181.88,182.76,27262711,183.08,184.29,181.88,182.76,27262711,183.08,184.29,181.88,182.76,27262711
2018-12-19,180.04,182.78,177.30,179.92,21590736,180.04,182.78,177.30,179.92,21590736,180.04,182.78,177.30,179.92,21590736
2018-12-20,181.75,184.01,179.48,182.18,22205839,181.75,184.01,179.48,182.18,22205839,181.75,184.01,179.48,182.18,22205839
2018-12-21,184.41,186.73,182.09,185.04,24524334,184.41,186.73,182.09,185.04,24524334,184.41,186.73,182.09,185.04,24524334
2018-12-24,182.56,184.26,180.85,182.41,25478429,182.56,184.26,180.85,182.41,25478429,182.56,184.26,180.85,182.41,25478429
2018-12-25,182.09,183.81,180.37,181.82,26147293,182.09,183.81,180.37,181.82,26147293,182.09,183.81,180.37,181.82,26147293
2018-12-26,188.57,189.69,187.45,188.67,30589616,188.57,189.69,187.45,188.67,30589616,188.57,189.69,187.45,188.67,30589616
2018-12-27,188.84,190.67,187.01,190.58,33875249,188.84,190.67,187.01,190.58,33875249,188.84,190.67,187.01,190.58,33875249
2018-12-28,194.78,197.15,192.41,193.70,22611985,194.78,197.15,192.41,193.70,22611985,194.78,197.15,192.41,193.70,22611985
2018-12-31,196.02,197.95,194.09,196.60,33662087,196.02,197.95,194.09,196.60,33662087,196.02,197.95,194.09,196.60,33662087
2019-01-01,196.60,198.48,194.72,195.18,19116911,196.60,198.48,194.72,195.18,19116911,196.60,198.48,194.72,195.18,19116911
2019-01-02,191.96,193.81,190.11,191.56,34003202,191.96,193.81,190.11,191.56,34003202,191.96,193.81,190.11,191.56,34003202
2019-01-03,196.11,197.78,194.44,195.09,29472981,196.11,197.78,194.44,195.09,29472981,196.11,197.78,194.44,195.09,29472981
2019-01-04,195.65,196.95,194.35,195.43,19233192,195.65,196.95,194.35,195.43,19233192,195.65,196.95,194.35,195.43,19233192
2019-01-07,193.84,194.62,193.06,193.58,17861120,193.84,194.62,193.06,193.58,17861120,193.84,194.62,193.06,193.58,17861120
2019-01-08,195.60,197.63,193.57,195.05,20691413,195.60,197.63,193.57,195.05,20691413,195.60,197.63,193.57,195.05,20691413
2019-01-09,192.83,194.13,191.54,193.08,34030679,192.83,194.13,191.54,193.08,34030679,192.83,194.13,191.54,193.08,34030679
2019-01-10,200.14,201.51,198.77,200.47,26882500,200.14,201.51,198.77,200.47,26882500,200.14,201.51,198.77,200.47,26882500
2019-01-11,206.57,208.03,205.11,205.82,33503556,206.57,208.03,205.11,205.82,33503556,206.57,208.03,205.11,205.82,33503556
2019-01-14,205.23,207.87,202.58,204.04,34816728,205.23,207.87,202.58,204.04,34816728,205.23,207.87,202.58,204.04,34816728
2019-01-15,203.66,206.73,200.59,201.67,26044195,203.66,206.73,200.59,201.67,26044195,203.66,206.73,200.59,201.67,26044195
2019-01-16,204.01,205.54,202.48,204.01,28177390,204.01,205.54,202.48,204.01,28177390,204.01,205.54,202.48,204.01,28177390
2019-01-17,210.24,212.60,207.87,209.63,31144796,210.24,212.60,207.87,209.63,31144796,210.24,212.60,207.87,209.63,31144796
2019-01-18,213.06,215.36,210.76,211.36,32379200,213.06,215.36,210.76,211.36,32379200,213.06,215.36,210.76,211.36,32379200
2019-01-21,212.45,214.80,210.10,213.81,29701723,212.45,214.80,210.10,213.81,29701723,212.45,214.80,210.10,213.81,29701723
2019-01-22,212.85,215.31,210.39,213.56,29826235,212.85,215.31,210.39,213.56,29826235,212.85,215.31,210.39,213.56,29826235
2019-01-23,212.33,215.03,209.64,210.14,17669301,212.33,215.03,209.64,210.14,17669301,212.33,215.03,209.64,210.14,17669301
2019-01-24,206.31,208.94,203.68,206.12,21373283,206.31,208.94,203.68,206.12,21373283,206.31,208.94,203.68,206.12,21373283
2019-01-25,209.93,212.08,207.77,209.59,22411568,209.93,212.08,207.77,209.59,22411568,209.93,212.08,207.77,209.59,22411568
2019-01-28,210.41,213.13,207.69,209.63,28951725,210.41,213.13,207.69,209.63,28951725,210.41,213.13,207.69,209.63,28951725
2019-01-29,208.49,209.31,207.68,209.17,28263109,208.49,209.31,207.68,209.17,28263109,208.49,209.31,207.68,209.17,28263109
2019-01-30,213.75,215.10,212.40,212.71,17931524,213.75,215.10,212.40,212.71,17931524,213.75,215.10,212.40,212.71,17931524
2019-01-31,209.07,211.54,206.60,210.21,18907893,209.07,211.54,206.60,210.21,18907893,209.07,211.54,206.60,210.21,18907893
2019-02-01,213.79,216.86,210.72,213.42,29339420,213.79,216.86,210.72,213.42,29339420,213.79,216.86,210.72,213.42,29339420
2019-02-04,211.25,214.98,207.53,211.00,20512057,211.25,214.98,207.53,211.00,20512057,211.25,214.98,207.53,211.00,20512057
2019-02-05,213.88,216.79,210.98,212.57,26821140,213.88,216.79,210.98,212.57,26821140,213.88,216.79,210.98,212.57,26821140
2019-02-06,209.23,211.81,206.66,208.25,17817447,209.23,211.81,206.66,208.25,17817447,209.23,211.81,206.66,208.25,17817447
2019-02-07,207.36,208.67,206.05,206.93,21721746,207.36,208.67,206.05,206.93,21721746,207.36,208.67,206.05,206.93,21721746
2019-02-08,209.95,212.78,207.12,209.46,26610240,209.95,212.78,207.12,209.46,26610240,209.95,212.78,207.12,209.46,26610240
2019-02-11,208.42,210.60,206.25,207.70,19005797,208.42,210.60,206.25,207.70,19005797,208.42,210.60,206.25,207.70,19005797
2019-02-12,206.59,208.79,204.39,206.62,24697504,206.59,208.79,204.39,206.62,24697504,206.59,208.79,204.39,206.62,24697504
2019-02-13,207.69,210.01,205.36,208.05,33794132,207.69,210.01,205.36,208.05,33794132,207.69,210.01,205.36,208.05,33794132
2019-02-14,211.08,214.64,207.51,210.22,33024412,211.08,214.64,207.51,210.22,33024412,211.08,214.64,207.51,210.22,33024412
2019-02-15,214.45,216.84,212.07,214.75,21694117,214.45,216.84,212.07,214.75,21694117,214.45,216.84,212.07,214.75,21694117
2019-02-18,213.87,216.78,210.97,214.26,32205733,213.87,216.78,210.97,214.26,32205733,213.87,216.78,210.97,214.26,32205733
2019-02-19,211.99,214.50,209.48,211.57,33028301,211.99,214.50,209.48,211.57,33028301,211.99,214.50,209.48,211.57,33028301
2019-02-20,212.60,215.06,210.14,212.52,23524900,212.60,215.06,210.14,212.52,23524900,212.60,215.06,210.14,212.52,23524900
2019-02-21,209.13,211.74,206.51,208.33,27788295,209.13,211.74,206.51,208.33,27788295,209.13,211.74,206.51,208.33,27788295
2019-02-22,211.38,215.07,207.68,211.33,34487826,211.38,215.07,207.68,211.33,34487826,211.38,215.07,207.68,211.33,34487826
2019-02-25,211.58,213.22,209.93,212.00,18278234,211.58,213.22,209.93,212.00,18278234,211.58,213.22,209.93,212.00,18278234
2019-02-26,209.23,210.74,207.72,209.46,18962046,209.23,210.74,207.72,209.46,18962046,209.23,210.74,207.72,209.46,18962046
2019-02-27,207.48,209.24,205.71,207.86,30498451,207.48,209.24,205.71,207.86,30498451,207.48,209.24,205.71,207.86,30498451
2019-02-28,212.23,213.86,210.60,212.58,33009290,212.23,213.86,210.60,212.58,33009290,212.23,213.86,210.60,212.58,33009290
2019-03-01,210.42,212.28,208.55,211.43,33958655,210.42,212.28,208.55,211.43,33958655,210.42,212.28,208.55,211.43,33958655
2019-03-04,214.70,217.66,211.75,214.18,22517921,214.70,217.66,211.75,214.18,22517921,214.70,217.66,211.75,214.18,22517921
2019-03-05,216.49,219.63,213.34,215.80,20664842,216.49,219.63,213.34,215.80,20664842,216.49,219.63,213.34,215.80,20664842
2019-03-06,214.66,217.07,212.25,214.80,20148957,214.66,217.07,212.25,214.80,20148957,214.66,217.07,212.25,214.80,20148957
2019-03-07,216.38,220.03,212.73,216.47,22333400,216.38,220.03,212.73,216.47,22333400,216.38,220.03,212.73,216.47,22333400
2019-03-08,213.96,215.40,212.53,213.70,22364287,213.96,215.40,212.53,213.70,22364287,213.96,215.40,212.53,213.70,22364287
2019-03-11,217.49,220.68,214.29,218.26,34001221,217.49,220.68,214.29,218.26,34001221,217.49,220.68,214.29,218.26,34001221
2019-03-12,222.53,223.70,221.35,222.37,32282410,222.53,223.70,221.35,222.37,32282410,222.53,223.70,221.35,222.37,32282410
2019-03-13,217.25,219.80,214.71,217.93,18924317,217.25,219.80,214.71,217.93,18924317,217.25,219.80,214.71,217.93,18924317
2019-03-14,222.71,224.94,220.48,223.04,33070857,222.71,224.94,220.48,223.04,33070857,222.71,224.94,220.48,223.04,33070857
2019-03-15,220.92,223.36,218.48,220.42,18398868,220.92,223.36,218.48,220.42,18398868,220.92,223.36,218.48,220.42,18398868
2019-03-18,226.26,228.30,224.22,224.89,33682766,226.26,228.30,224.22,224.89,33682766,226.26,228.30,224.22,224.89,33682766
2019-03-19,224.43,226.71,222.14,223.97,24024865,224.43,226.71,222.14,223.97,24024865,224.43,226.71,222.14,223.97,24024865
2019-03-20,232.15,232.62,231.69,232.36,29394791,232.15,232.62,231.69,232.36,29394791,232.15,232.62,231.69,232.36,29394791
2019-03-21,235.84,239.19,232.50,233.20,22310566,235.84,239.19,232.50,233.20,22310566,235.84,239.19,232.50,233.20,22310566
2019-03-22,238.21,243.28,233.14,237.06,34263901,238.21,243.28,233.14,237.06,34263901,238.21,243.28,233.14,237.06,34263901
2019-03-25,232.79,236.17,229.40,231.66,21832940,232.79,236.17,229.40,231.66,21832940,232.79,236.17,229.40,231.66,21832940
2019-03-26,235.22,239.00,231.44,234.73,21583629,235.22,239.00,231.44,234.73,21583629,235.22,239.00,231.44,234.73,21583629
2019-03-27,236.03,238.09,233.98,236.08,30207100,236.03,238.09,233.98,236.08,30207100,236.03,238.09,233.98,236.08,30207100
2019-03-28,235.00,239.05,230.96,234.91,18822833,235.00,239.05,230.96,234.91,18822833,235.00,239.05,230.96,234.91,18822833
2019-03-29,230.34,231.53,229.15,229.83,26575330,230.34,231.53,229.15,229.83,26575330,230.34,231.53,229.15,229.83,26575330
2019-04-01,223.64,226.48,220.80,223.92,17974038,223.64,226.48,220.80,223.92,17974038,223.64,226.48,220.80,223.92,17974038
2019-04-02,224.32,228.21,220.44,224.36,33677472,224.32,228.21,220.44,224.36,33677472,224.32,228.21,220.44,224.36,33677472
2019-04-03,231.17,234.11,228.22,229.65,27925315,231.17,234.11,228.22,229.65,27925315,231.17,234.11,228.22,229.65,27925315
2019-04-04,231.96,233.82,230.10,233.44,18891025,231.96,233.82,230.10,233.44,18891025,231.96,233.82,230.10,233.44,18891025
2019-04-05,228.69,230.87,226.50,229.24,21538776,228.69,230.87,226.50,229.24,21538776,228.69,230.87,226.50,229.24,21538776
2019-04-08,230.65,233.78,227.53,230.22,20017890,230.65,233.78,227.53,230.22,20017890,230.65,233.78,227.53,230.22,20017890
2019-04-09,233.27,236.00,230.55,232.60,22670396,233.27,236.00,230.55,232.60,22670396,233.27,236.00,230.55,232.60,22670396
2019-04-10,233.09,236.00,230.19,231.73,31588389,233.09,236.00,230.19,231.73,31588389,233.09,236.00,230.19,231.73,31588389
2019-04-11,238.16,240.06,236.25,238.36,34427937,238.16,240.06,236.25,238.36,34427937,238.16,240.06,236.25,238.36,34427937
2019-04-12,235.37,237.06,233.68,234.70,31334126,235.37,237.06,233.68,234.70,31334126,235.37,237.06,233.68,234.70,31334126
2019-04-15,240.58,244.34,236.83,239.72,17783053,240.58,244.34,236.83,239.72,17783053,240.58,244.34,236.83,239.72,17783053
2019-04-16,239.71,241.64,237.79,241.13,18388347,239.71,241.64,237.79,241.13,18388347,239.71,241.64,237.79,241.13,18388347
2019-04-17,248.66,250.88,246.44,249.19,32493004,248.66,250.88,246.44,249.19,32493004,248.66,250.88,246.44,249.19,32493004
2019-04-18,252.83,255.22,250.44,252.53,34480125,252.83,255.22,250.44,252.53,34480125,252.83,255.22,250.44,252.53,34480125
2019-04-19,252.85,254.93,250.76,251.39,25700474,252.85,254.93,250.76,251.39,25700474,252.85,254.93,250.76,251.39,25700474
2019-04-22,257.65,261.16,254.13,257.53,21672745,257.65,261.16,254.13,257.53,21672745,257.65,261.16,254.13,257.53,21672745
2019-04-23,252.02,254.12,249.91,252.36,34137675,252.02,254.12,249.91,252.36,34137675,252.02,254.12,249.91,252.36,34137675
2019-04-24,258.95,261.84,256.06,259.41,31253999,258.95,261.84,256.06,259.41,31253999,258.95,261.84,256.06,259.41,31253999
2019-04-25,251.83,254.78,248.88,251.71,25969325,251.83,254.78,248.88,251.71,25969325,251.83,254.78,248.88,251.71,25969325
2019-04-26,250.53,254.31,246.75,251.53,24002252,250.53,254.31,246.75,251.53,24002252,250.53,254.31,246.75,251.53,24002252
2019-04-29,254.35,257.27,251.42,253.74,26387743,254.35,257.27,251.42,253.74,26387743,254.35,257.27,251.42,253.74,26387743
2019-04-30,253.67,256.68,250.66,252.33,19507834,253.67,256.68,250.66,252.33,19507834,253.67,256.68,250.66,252.33,19507834
2019-05-01,256.36,259.34,253.38,254.71,20700735,256.36,259.34,253.38,254.71,20700735,256.36,259.34,253.38,254.71,20700735
2019-05-02,250.31,252.97,247.65,248.93,24077972,250.31,252.97,247.65,248.93,24077972,250.31,252.97,247.65,248.93,24077972
2019-05-03,251.22,255.20,247.25,249.74,30738222,251.22,255.20,247.25,249.74,30738222,251.22,255.20,247.25,249.74,30738222
2019-05-06,246.28,248.76,243.81,244.62,20983071,246.28,248.76,243.81,244.62,20983071,246.28,248.76,243.81,244.62,20983071
2019-05-07,242.03,244.98,239.08,243.19,25551378,242.03,244.98,239.08,243.19,25551378,242.03,244.98,239.08,243.19,25551378
2019-05-08,241.55,243.92,239.18,240.76,25711932,241.55,243.92,239.18,240.76,25711932,241.55,243.92,239.18,240.76,25711932
2019-05-09,245.68,247.72,243.63,245.50,33761577,245.68,247.72,243.63,245.50,33761577,245.68,247.72,243.63,245.50,33761577
2019-05-10,236.91,239.50,234.32,236.72,27620195,236.91,239.50,234.32,236.72,27620195,236.91,239.50,234.32,236.72,27620195
2019-05-13,236.33,237.75,234.90,237.24,18742883,236.33,237.75,234.90,237.24,18742883,236.33,237.75,234.90,237.24,18742883
2019-05-14,244.60,247.04,242.15,244.63,23597164,244.60,247.04,242.15,244.63,23597164,244.60,247.04,242.15,244.63,23597164
2019-05-15,255.24,257.06,253.42,254.43,33813807,255.24,257.06,253.42,254.43,33813807,255.24,257.06,253.42,254.43,33813807
2019-05-16,253.39,256.04,250.74,254.68,34403945,253.39,256.04,250.74,254.68,34403945,253.39,256.04,250.74,254.68,34403945
2019-05-17,260.20,263.92,256.48,258.30,27366041,260.20,263.92,256.48,258.30,27366041,260.20,263.92,256.48,258.30,27366041
2019-05-20,256.42,259.51,253.34,255.26,19210437,256.42,259.51,253.34,255.26,19210437,256.42,259.51,253.34,255.26,19210437
2019-05-21,252.46,255.47,249.44,251.33,28590763,252.46,255.47,249.44,251.33,28590763,252.46,255.47,249.44,251.33,28590763
2019-05-22,260.46,263.56,257.35,259.29,18210082,260.46,263.56,257.35,259.29,18210082,260.46,263.56,257.35,259.29,18210082
2019-05-23,265.01,267.52,262.50,263.67,22487164,265.01,267.52,262.50,263.67,22487164,265.01,267.52,262.50,263.67,22487164
2019-05-24,265.12,266.79,263.44,266.34,17586037,265.12,266.79,263.44,266.34,17586037,265.12,266.79,263.44,266.34,17586037
2019-05-27,273.00,276.79,269.20,273.97,22486587,273.00,276.79,269.20,273.97,22486587,273.00,276.79,269.20,273.97,22486587
2019-05-28,274.13,278.22,270.05,273.80,33394853,274.13,278.22,270.05,273.80,33394853,274.13,278.22,270.05,273.80,33394853
2019-05-29,272.69,274.45,270.92,272.37,21998353,272.69,274.45,270.92,272.37,21998353,272.69,274.45,270.92,272.37,21998353
2019-05-30,266.87,269.57,264.17,268.39,23906452,266.87,269.57,264.17,268.39,23906452,266.87,269.57,264.17,268.39,23906452
2019-05-31,268.40,271.58,265.21,269.55,33320161,268.40,271.58,265.21,269.55,33320161,268.40,271.58,265.21,269.55,33320161
2019-06-03,272.52,275.53,269.51,273.28,21623965,272.52,275.53,269.51,273.28,21623965,272.52,275.53,269.51,273.28,21623965
2019-06-04,277.36,281.53,273.20,276.94,20000482,277.36,281.53,273.20,276.94,20000482,277.36,281.53,273.20,276.94,20000482
2019-06-05,275.01,276.25,273.78,274.76,27302312,275.01,276.25,273.78,274.76,27302312,275.01,276.25,273.78,274.76,27302312
2019-06-06,264.19,264.54,263.83,264.02,21874707,264.19,264.54,263.83,264.02,21874707,264.19,264.54,263.83,264.02,21874707
2019-06-07,271.22,275.37,267.08,270.63,25882428,271.22,275.37,267.08,270.63,25882428,271.22,275.37,267.08,270.63,25882428
2019-06-10,275.02,279.39,270.65,273.23,17672419,275.02,279.39,270.65,273.23,17672419,275.02,279.39,270.65,273.23,17672419
2019-06-11,269.08,273.55,264.60,270.17,19719552,269.08,273.55,264.60,270.17,19719552,269.08,273.55,264.60,270.17,19719552
2019-06-12,275.47,278.31,272.62,274.88,24544469,275.47,278.31,272.62,274.88,24544469,275.47,278.31,272.62,274.88,24544469
2019-06-13,281.13,284.45,277.82,281.26,19195276,281.13,284.45,277.82,281.26,19195276,281.13,284.45,277.82,281.26,19195276
2019-06-14,284.43,286.12,282.73,283.82,31741257,284.43,286.12,282.73,283.82,31741257,284.43,286.12,282.73,283.82,31741257
2019-06-17,284.10,288.83,279.38,281.54,20194114,284.10,288.83,279.38,281.54,20194114,284.10,288.83,279.38,281.54,20194114
2019-06-18,279.34,283.34,275.34,280.30,30314992,279.34,283.34,275.34,280.30,30314992,279.34,283.34,275.34,280.30,30314992
2019-06-19,281.94,285.18,278.70,280.87,19349065,281.94,285.18,278.70,280.87,19349065,281.94,285.18,278.70,280.87,19349065
2019-06-20,285.58,287.16,284.01,285.16,17993740,285.58,287.16,284.01,285.16,17993740,285.58,287.16,284.01,285.16,17993740
2019-06-21,286.56,287.98,285.13,287.44,31539496,286.56,287.98,285.13,287.44,31539496,286.56,287.98,285.13,287.44,31539496
2019-06-24,291.18,294.97,287.38,289.79,29789480,291.18,294.97,287.38,289.79,29789480,291.18,294.97,287.38,289.79,29789480
2019-06-25,280.93,283.50,278.35,280.42,31891470,280.93,283.50,278.35,280.42,31891470,280.93,283.50,278.35,280.42,31891470
2019-06-26,288.52,290.88,286.16,289.29,19258146,288.52,290.88,286.16,289.29,19258146,288.52,290.88,286.16,289.29,19258146
2019-06-27,287.70,291.26,284.15,288.21,28429288,287.70,291.26,284.15,288.21,28429288,287.70,291.26,284.15,288.21,28429288
2019-06-28,289.60,293.73,285.47,290.59,19950211,289.60,293.73,285.47,290.59,19950211,289.60,293.73,285.47,290.59,19950211
2019-07-01,286.20,289.13,283.26,286.43,30053190,286.20,289.13,283.26,286.43,30053190,286.20,289.13,283.26,286.43,30053190
2019-07-02,283.19,285.20,281.18,284.62,23407434,283.19,285.20,281.18,284.62,23407434,283.19,285.20,281.18,284.62,23407434
2019-07-03,281.44,284.76,278.11,279.24,20630079,281.44,284.76,278.11,279.24,20630079,281.44,284.76,278.11,279.24,20630079
2019-07-04,283.15,285.99,280.31,281.68,29524420,283.15,285.99,280.31,281.68,29524420,283.15,285.99,280.31,281.68,29524420
2019-07-05,282.98,285.35,280.60,282.93,20378557,282.98,285.35,280.60,282.93,20378557,282.98,285.35,280.60,282.93,20378557
2019-07-08,284.35,287.76,280.93,285.27,24179728,284.35,287.76,280.93,285.27,24179728,284.35,287.76,280.93,285.27,24179728
2019-07-09,290.50,293.93,287.08,288.05,24468601,290.50,293.93,287.08,288.05,24468601,290.50,293.93,287.08,288.05,24468601
2019-07-10,285.32,289.00,281.63,282.95,30468001,285.32,289.00,281.63,282.95,30468001,285.32,289.00,281.63,282.95,30468001
2019-07-11,277.57,281.57,273.58,277.14,30838157,277.57,281.57,273.58,277.14,30838157,277.57,281.57,273.58,277.14,30838157
2019-07-12,273.99,277.73,270.25,273.31,19225815,273.99,277.73,270.25,273.31,19225815,273.99,277.73,270.25,273.31,19225815
2019-07-15,270.17,272.04,268.30,271.67,26719753,270.17,272.04,268.30,271.67,26719753,270.17,272.04,268.30,271.67,26719753
2019-07-16,277.29,280.63,273.96,276.19,22980321,277.29,280.63,273.96,276.19,22980321,277.29,280.63,273.96,276.19,22980321
2019-07-17,276.23,278.36,274.10,276.94,20216709,276.23,278.36,274.10,276.94,20216709,276.23,278.36,274.10,276.94,20216709
2019-07-18,275.77,278.90,272.63,276.31,29875732,275.77,278.90,272.63,276.31,29875732,275.77,278.90,272.63,276.31,29875732
2019-07-19,272.21,276.35,268.07,272.45,27853930,272.21,276.35,268.07,272.45,27853930,272.21,276.35,268.07,272.45,27853930
2019-07-22,280.36,282.86,277.85,281.15,19318211,280.36,282.86,277.85,281.15,19318211,280.36,282.86,277.85,281.15,19318211
2019-07-23,277.19,281.04,273.33,277.68,26781246,277.19,281.04,273.33,277.68,26781246,277.19,281.04,273.33,277.68,26781246
2019-07-24,286.50,288.97,284.02,284.93,22545835,286.50,288.97,284.02,284.93,22545835,286.50,288.97,284.02,284.93,22545835
2019-07-25,281.39,284.13,278.66,281.08,17509237,281.39,284.13,278.66,281.08,17509237,281.39,284.13,278.66,281.08,17509237
2019-07-26,284.68,287.17,282.18,283.07,31080116,284.68,287.17,282.18,283.07,31080116,284.68,287.17,282.18,283.07,31080116
2019-07-29,283.23,286.86,279.59,282.03,19177169,283.23,286.86,279.59,282.03,19177169,283.23,286.86,279.59,282.03,19177169
2019-07-30,285.20,288.36,282.03,285.20,22378419,285.20,288.36,282.03,285.20,22378419,285.20,288.36,282.03,285.20,22378419
2019-07-31,276.02,279.60,272.44,276.71,34823841,276.02,279.60,272.44,276.71,34823841,276.02,279.60,272.44,276.71,34823841
2019-08-01,273.84,277.92,269.75,272.85,30249930,273.84,277.92,269.75,272.85,30249930,273.84,277.92,269.75,272.85,30249930
2019-08-02,270.81,273.17,268.45,269.75,34774040,270.81,273.17,268.45,269.75,34774040,270.81,273.17,268.45,269.75,34774040
2019-08-05,264.13,265.84,262.41,264.07,17835554,264.13,265.84,262.41,264.07,17835554,264.13,265.84,262.41,264.07,17835554
2019-08-06,265.10,268.38,261.83,263.29,26031761,265.10,268.38,261.83,263.29,26031761,265.10,268.38,261.83,263.29,26031761
2019-08-07,268.22,272.27,264.18,267.47,30246728,268.22,272.27,264.18,267.47,30246728,268.22,272.27,264.18,267.47,30246728
2019-08-08,267.96,270.98,264.95,267.98,29988693,267.96,270.98,264.95,267.98,29988693,267.96,270.98,264.95,267.98,29988693
2019-08-09,273.25,275.12,271.37,271.64,24234682,273.25,275.12,271.37,271.64,24234682,273.25,275.12,271.37,271.64,24234682
2019-08-12,272.49,274.56,270.42,272.22,25732378,272.49,274.56,270.42,272.22,25732378,272.49,274.56,270.42,272.22,25732378
2019-08-13,271.92,275.47,268.37,272.12,23436985,271.92,275.47,268.37,272.12,23436985,271.92,275.47,268.37,272.12,23436985
2019-08-14,269.81,272.09,267.53,270.06,34863076,269.81,272.09,267.53,270.06,34863076,269.81,272.09,267.53,270.06,34863076
2019-08-15,271.07,273.91,268.24,269.67,32686133,271.07,273.91,268.24,269.67,32686133,271.07,273.91,268.24,269.67,32686133
2019-08-16,269.27,272.43,266.11,268.78,27140625,269.27,272.43,266.11,268.78,27140625,269.27,272.43,266.11,268.78,27140625
2019-08-19,269.60,271.46,267.73,268.89,28754194,269.60,271.46,267.73,268.89,28754194,269.60,271.46,267.73,268.89,28754194
2019-08-20,267.73,271.05,264.40,267.68,29660360,267.73,271.05,264.40,267.68,29660360,267.73,271.05,264.40,267.68,29660360
2019-08-21,271.61,274.32,268.91,273.81,32495954,271.61,274.32,268.91,273.81,32495954,271.61,274.32,268.91,273.81,32495954
2019-08-22,275.46,278.49,272.44,275.29,26380819,275.46,278.49,272.44,275.29,26380819,275.46,278.49,272.44,275.29,26380819
2019-08-23,283.06,284.93,281.19,282.63,32980698,283.06,284.93,281.19,282.63,32980698,283.06,284.93,281.19,282.63,32980698
2019-08-26,281.35,284.99,277.71,281.60,17820380,281.35,284.99,277.71,281.60,17820380,281.35,284.99,277.71,281.60,17820380
2019-08-27,282.18,286.54,277.81,281.27,22739666,282.18,286.54,277.81,281.27,22739666,282.18,286.54,277.81,281.27,22739666
2019-08-28,278.69,281.09,276.29,277.10,20133887,278.69,281.09,276.29,277.10,20133887,278.69,281.09,276.29,277.10,20133887
2019-08-29,274.28,276.98,271.57,274.99,30111784,274.28,276.98,271.57,274.99,30111784,274.28,276.98,271.57,274.99,30111784
2019-08-30,282.41,285.78,279.03,279.35,28602922,282.41,285.78,279.03,279.35,28602922,282.41,285.78,279.03,279.35,28602922
2019-09-02,278.47,280.86,276.08,277.16,24883448,278.47,280.86,276.08,277.16,24883448,278.47,280.86,276.08,277.16,24883448
2019-09-03,273.07,275.54,270.61,272.97,21139320,273.07,275.54,270.61,272.97,21139320,273.07,275.54,270.61,272.97,21139320
2019-09-04,268.26,271.12,265.41,267.08,18232836,268.26,271.12,265.41,267.08,18232836,268.26,271.12,265.41,267.08,18232836
2019-09-05,268.73,272.33,265.14,268.57,29155484,268.73,272.33,265.14,268.57,29155484,268.73,272.33,265.14,268.57,29155484
2019-09-06,267.27,270.64,263.89,267.02,30456446,267.27,270.64,263.89,267.02,30456446,267.27,270.64,263.89,267.02,30456446
2019-09-09,271.61,275.15,268.08,273.29,22609604,271.61,275.15,268.08,273.29,22609604,271.61,275.15,268.08,273.29,22609604
2019-09-10,279.30,282.68,275.92,278.53,23637771,279.30,282.68,275.92,278.53,23637771,279.30,282.68,275.92,278.53,23637771
2019-09-11,275.81,278.28,273.35,276.32,33834840,275.81,278.28,273.35,276.32,33834840,275.81,278.28,273.35,276.32,33834840
2019-09-12,281.11,283.92,278.31,280.43,19815933,281.11,283.92,278.31,280.43,19815933,281.11,283.92,278.31,280.43,19815933
2019-09-13,282.69,286.69,278.70,283.13,17845498,282.69,286.69,278.70,283.13,17845498,282.69,286.69,278.70,283.13,17845498
2019-09-16,283.76,287.51,280.01,283.06,31901072,283.76,287.51,280.01,283.06,31901072,283.76,287.51,280.01,283.06,31901072
2019-09-17,274.13,276.38,271.88,273.50,23080167,274.13,276.38,271.88,273.50,23080167,274.13,276.38,271.88,273.50,23080167
2019-09-18,275.42,279.99,270.85,275.91,24402796,275.42,279.99,270.85,275.91,24402796,275.42,279.99,270.85,275.91,24402796
2019-09-19,271.41,274.52,268.30,271.04,26872553,271.41,274.52,268.30,271.04,26872553,271.41,274.52,268.30,271.04,26872553
2019-09-20,272.36,275.23,269.49,272.38,28231792,272.36,275.23,269.49,272.38,28231792,272.36,275.23,269.49,272.38,28231792
2019-09-23,266.46,269.43,263.48,266.49,32828986,266.46,269.43,263.48,266.49,32828986,266.46,269.43,263.48,266.49,32828986
2019-09-24,264.63,268.95,260.31,265.07,27175280,264.63,268.95,260.31,265.07,27175280,264.63,268.95,260.31,265.07,27175280
2019-09-25,259.97,262.52,257.41,258.58,18307012,259.97,262.52,257.41,258.58,18307012,259.97,262.52,257.41,258.58,18307012
2019-09-26,259.47,262.53,256.41,258.62,32848740,259.47,262.53,256.41,258.62,32848740,259.47,262.53,256.41,258.62,32848740
2019-09-27,252.71,255.95,249.48,253.15,18960526,252.71,255.95,249.48,253.15,18960526,252.71,255.95,249.48,253.15,18960526
2019-09-30,247.77,250.51,245.03,247.58,21775891,247.77,250.51,245.03,247.58,21775891,247.77,250.51,245.03,247.58,21775891
2019-10-01,245.13,246.90,243.35,246.14,23027835,245.13,246.90,243.35,246.14,23027835,245.13,246.90,243.35,246.14,23027835
2019-10-02,252.42,256.07,248.78,250.18,34464918,252.42,256.07,248.78,250.18,34464918,252.42,256.07,248.78,250.18,34464918
2019-10-03,250.48,252.82,248.15,249.27,18948033,250.48,252.82,248.15,249.27,18948033,250.48,252.82,248.15,249.27,18948033
2019-10-04,246.70,250.00,243.40,246.69,22451366,246.70,250.00,243.40,246.69,22451366,246.70,250.00,243.40,246.69,22451366
2019-10-07,240.95,243.02,238.88,241.40,21042009,240.95,243.02,238.88,241.40,21042009,240.95,243.02,238.88,241.40,21042009
2019-10-08,240.90,243.06,238.74,240.55,32657090,240.90,243.06,238.74,240.55,32657090,240.90,243.06,238.74,240.55,32657090
2019-10-09,240.27,244.48,236.05,239.54,28361434,240.27,244.48,236.05,239.54,28361434,240.27,244.48,236.05,239.54,28361434
2019-10-10,234.73,237.13,232.34,234.13,34758118,234.73,237.13,232.34,234.13,34758118,234.73,237.13,232.34,234.13,34758118
2019-10-11,237.97,239.31,236.62,238.17,33149389,237.97,239.31,236.62,238.17,33149389,237.97,239.31,236.62,238.17,33149389
2019-10-14,245.49,249.07,241.90,245.50,33560191,245.49,249.07,241.90,245.50,33560191,245.49,249.07,241.90,245.50,33560191
2019-10-15,244.21,245.73,242.69,244.67,28834249,244.21,245.73,242.69,244.67,28834249,244.21,245.73,242.69,244.67,28834249
2019-10-16,246.00,248.91,243.09,245.38,33513884,246.00,248.91,243.09,245.38,33513884,246.00,248.91,243.09,245.38,33513884
2019-10-17,247.77,249.80,245.75,247.20,26153247,247.77,249.80,245.75,247.20,26153247,247.77,249.80,245.75,247.20,26153247
2019-10-18,242.49,245.59,239.40,241.52,18870092,242.49,245.59,239.40,241.52,18870092,242.49,245.59,239.40,241.52,18870092
2019-10-21,243.70,247.32,240.07,242.48,19656628,243.70,247.32,240.07,242.48,19656628,243.70,247.32,240.07,242.48,19656628
2019-10-22,246.38,250.12,242.65,244.51,29632690,246.38,250.12,242.65,244.51,29632690,246.38,250.12,242.65,244.51,29632690
2019-10-23,252.31,254.48,250.15,252.01,33308346,252.31,254.48,250.15,252.01,33308346,252.31,254.48,250.15,252.01,33308346
2019-10-24,251.42,254.37,248.47,252.13,33069303,251.42,254.37,248.47,252.13,33069303,251.42,254.37,248.47,252.13,33069303
2019-10-25,249.00,252.51,245.49,248.46,18607618,249.00,252.51,245.49,248.46,18607618,249.00,252.51,245.49,248.46,18607618
2019-10-28,255.31,259.09,251.52,254.80,34024640,255.31,259.09,251.52,254.80,34024640,255.31,259.09,251.52,254.80,34024640
2019-10-29,251.86,254.73,249.00,252.02,23169871,251.86,254.73,249.00,252.02,23169871,251.86,254.73,249.00,252.02,23169871
2019-10-30,247.27,249.53,245.01,246.57,27540114,247.27,249.53,245.01,246.57,27540114,247.27,249.53,245.01,246.57,27540114
2019-10-31,253.87,257.46,250.27,252.04,31107334,253.87,257.46,250.27,252.04,31107334,253.87,257.46,250.27,252.04,31107334
2019-11-01,256.99,259.70,254.28,255.87,19040515,256.99,259.70,254.28,255.87,19040515,256.99,259.70,254.28,255.87,19040515
2019-11-04,253.28,256.72,249.85,252.62,20117582,253.28,256.72,249.85,252.62,20117582,253.28,256.72,249.85,252.62,20117582
2019-11-05,255.81,259.84,251.78,254.82,31698382,255.81,259.84,251.78,254.82,31698382,255.81,259.84,251.78,254.82,31698382
2019-11-06,259.35,261.07,257.64,259.46,33469099,259.35,261.07,257.64,259.46,33469099,259.35,261.07,257.64,259.46,33469099
2019-11-07,258.30,261.06,255.55,257.66,22719861,258.30,261.06,255.55,257.66,22719861,258.30,261.06,255.55,257.66,22719861
2019-11-08,261.62,266.51,256.74,261.93,26919493,261.62,266.51,256.74,261.93,26919493,261.62,266.51,256.74,261.93,26919493
2019-11-11,259.78,263.37,256.20,260.41,29808806,259.78,263.37,256.20,260.41,29808806,259.78,263.37,256.20,260.41,29808806
2019-11-12,259.66,261.04,258.28,260.88,22158938,259.66,261.04,258.28,260.88,22158938,259.66,261.04,258.28,260.88,22158938
2019-11-13,262.44,264.03,260.86,263.00,17681883,262.44,264.03,260.86,263.00,17681883,262.44,264.03,260.86,263.00,17681883
2019-11-14,261.41,264.92,257.91,261.35,31246693,261.41,264.92,257.91,261.35,31246693,261.41,264.92,257.91,261.35,31246693
2019-11-15,253.84,255.75,251.92,253.58,28591416,253.84,255.75,251.92,253.58,28591416,253.84,255.75,251.92,253.58,28591416
2019-11-18,253.75,256.45,251.05,252.75,20824588,253.75,256.45,251.05,252.75,20824588,253.75,256.45,251.05,252.75,20824588
2019-11-19,251.64,254.69,248.60,252.88,20879605,251.64,254.69,248.60,252.88,20879605,251.64,254.69,248.60,252.88,20879605
2019-11-20,259.53,263.10,255.97,259.49,22760685,259.53,263.10,255.97,259.49,22760685,259.53,263.10,255.97,259.49,22760685
2019-11-21,263.66,265.57,261.75,263.48,23610787,263.66,265.57,261.75,263.48,23610787,263.66,265.57,261.75,263.48,23610787
2019-11-22,266.25,268.07,264.43,265.81,22532369,266.25,268.07,264.43,265.81,22532369,266.25,268.07,264.43,265.81,22532369
2019-11-25,264.53,266.86,262.20,262.52,20876706,264.53,266.86,262.20,262.52,20876706,264.53,266.86,262.20,262.52,20876706
2019-11-26,264.25,266.73,261.78,264.73,30912070,264.25,266.73,261.78,264.73,30912070,264.25,266.73,261.78,264.73,30912070
2019-11-27,261.58,265.42,257.74,261.00,23267383,261.58,265.42,257.74,261.00,23267383,261.58,265.42,257.74,261.00,23267383
2019-11-28,258.23,260.22,256.25,258.84,29260784,258.23,260.22,256.25,258.84,29260784,258.23,260.22,256.25,258.84,29260784
2019-11-29,257.27,259.85,254.68,257.60,21563704,257.27,259.85,254.68,257.60,21563704,257.27,259.85,254.68,257.60,21563704
2019-12-02,259.59,262.84,256.33,259.55,20440865,259.59,262.84,256.33,259.55,20440865,259.59,262.84,256.33,259.55,20440865
2019-12-03,254.77,258.61,250.93,252.81,32812121,254.77,258.61,250.93,252.81,32812121,254.77,258.61,250.93,252.81,32812121
2019-12-04,257.71,261.56,253.85,257.73,22025626,257.71,261.56,253.85,257.73,22025626,257.71,261.56,253.85,257.73,22025626
2019-12-05,258.73,261.82,255.65,258.11,34709120,258.73,261.82,255.65,258.11,34709120,258.73,261.82,255.65,258.11,34709120
2019-12-06,259.82,261.54,258.11,258.87,19208594,259.82,261.54,258.11,258.87,19208594,259.82,261.54,258.11,258.87,19208594
2019-12-09,256.79,259.25,254.33,257.07,23006065,256.79,259.25,254.33,257.07,23006065,256.79,259.25,254.33,257.07,23006065
2019-12-10,258.11,260.94,255.27,258.90,34940307,258.11,260.94,255.27,258.90,34940307,258.11,260.94,255.27,258.90,34940307
2019-12-11,264.25,266.15,262.35,264.57,28158229,264.25,266.15,262.35,264.57,28158229,264.25,266.15,262.35,264.57,28158229
2019-12-12,266.15,267.74,264.55,266.34,17706007,266.15,267.74,264.55,266.34,17706007,266.15,267.74,264.55,266.34,17706007
2019-12-13,267.88,272.21,263.54,267.72,26415220,267.88,272.21,263.54,267.72,26415220,267.88,272.21,263.54,267.72,26415220
2019-12-16,269.75,271.84,267.67,269.87,27482269,269.75,271.84,267.67,269.87,27482269,269.75,271.84,267.67,269.87,27482269
2019-12-17,262.71,265.07,260.35,261.33,31596778,262.71,265.07,260.35,261.33,31596778,262.71,265.07,260.35,261.33,31596778
2019-12-18,271.88,275.42,268.34,271.19,26564702,271.88,275.42,268.34,271.19,26564702,271.88,275.42,268.34,271.19,26564702
2019-12-19,273.89,276.23,271.56,271.61,24502960,273.89,276.23,271.56,271.61,24502960,273.89,276.23,271.56,271.61,24502960
2019-12-20,274.83,277.12,272.53,276.11,25067004,274.83,277.12,272.53,276.11,25067004,274.83,277.12,272.53,276.11,25067004
2019-12-23,289.68,293.06,286.30,288.62,29338804,289.68,293.06,286.30,288.62,29338804,289.68,293.06,286.30,288.62,29338804
2019-12-24,295.27,298.94,291.60,294.97,21949291,295.27,298.94,291.60,294.97,21949291,295.27,298.94,291.60,294.97,21949291
2019-12-25,299.77,301.96,297.59,300.93,27719351,299.77,301.96,297.59,300.93,27719351,299.77,301.96,297.59,300.93,27719351
2019-12-26,302.76,306.30,299.22,302.73,32242885,302.76,306.30,299.22,302.73,32242885,302.76,306.30,299.22,302.73,32242885
2019-12-27,303.57,307.00,300.13,302.89,32442985,303.57,307.00,300.13,302.89,32442985,303.57,307.00,300.13,302.89,32442985
2019-12-30,294.75,298.36,291.13,295.52,18327869,294.75,298.36,291.13,295.52,18327869,294.75,298.36,291.13,295.52,18327869
2019-12-31,279.27,283.81,274.73,278.78,19276038,279.27,283.81,274.73,278.78,19276038,279.27,283.81,274.73,278.78,19276038
2020-01-01,272.36,276.07,268.65,272.23,24297397,272.36,276.07,268.65,272.23,24297397,272.36,276.07,268.65,272.23,24297397
2020-01-02,267.65,270.57,264.72,266.73,17810337,267.65,270.57,264.72,266.73,17810337,267.65,270.57,264.72,266.73,17810337
2020-01-03,268.22,270.63,265.82,268.86,31157585,268.22,270.63,265.82,268.86,31157585,268.22,270.63,265.82,268.86,31157585
2020-01-06,260.72,262.30,259.15,260.39,22694019,260.72,262.30,259.15,260.39,22694019,260.72,262.30,259.15,260.39,22694019
2020-01-07,253.19,256.24,250.13,253.02,34228537,253.19,256.24,250.13,253.02,34228537,253.19,256.24,250.13,253.02,34228537
2020-01-08,254.89,258.51,251.27,254.78,29472623,254.89,258.51,251.27,254.78,29472623,254.89,258.51,251.27,254.78,29472623
2020-01-09,258.10,260.56,255.65,256.80,26512529,258.10,260.56,255.65,256.80,26512529,258.10,260.56,255.65,256.80,26512529
2020-01-10,257.56,260.57,254.54,256.99,17911974,257.56,260.57,254.54,256.99,17911974,257.56,260.57,254.54,256.99,17911974
2020-01-13,258.05,261.74,254.36,257.37,23094722,258.05,261.74,254.36,257.37,23094722,258.05,261.74,254.36,257.37,23094722
2020-01-14,261.15,262.82,259.48,260.83,20926132,261.15,262.82,259.48,260.83,20926132,261.15,262.82,259.48,260.83,20926132
2020-01-15,264.62,267.77,261.47,263.09,18186774,264.62,267.77,261.47,263.09,18186774,264.62,267.77,261.47,263.09,18186774
2020-01-16,272.03,273.33,270.73,271.38,28859174,272.03,273.33,270.73,271.38,28859174,272.03,273.33,270.73,271.38,28859174
2020-01-17,267.29,270.73,263.84,267.71,29120135,267.29,270.73,263.84,267.71,29120135,267.29,270.73,263.84,267.71,29120135
2020-01-20,270.48,273.76,267.21,269.01,27458158,270.48,273.76,267.21,269.01,27458158,270.48,273.76,267.21,269.01,27458158
2020-01-21,272.09,273.46,270.73,272.58,31271932,272.09,273.46,270.73,272.58,31271932,272.09,273.46,270.73,272.58,31271932
2020-01-22,278.89,281.95,275.83,276.81,26528162,278.89,281.95,275.83,276.81,26528162,278.89,281.95,275.83,276.81,26528162
2020-01-23,273.60,277.69,269.51,273.99,34477444,273.60,277.69,269.51,273.99,34477444,273.60,277.69,269.51,273.99,34477444
2020-01-24,279.11,282.60,275.61,278.55,31447312,279.11,282.60,275.61,278.55,31447312,279.11,282.60,275.61,278.55,31447312
2020-01-27,267.16,270.39,263.93,268.18,23177179,267.16,270.39,263.93,268.18,23177179,267.16,270.39,263.93,268.18,23177179
2020-01-28,272.57,274.35,270.80,270.83,33157023,272.57,274.35,270.80,270.83,33157023,272.57,274.35,270.80,270.83,33157023
2020-01-29,265.57,268.91,262.22,266.99,18502334,265.57,268.91,262.22,266.99,18502334,265.57,268.91,262.22,266.99,18502334
2020-01-30,263.94,267.82,260.06,262.92,23152620,263.94,267.82,260.06,262.92,23152620,263.94,267.82,260.06,262.92,23152620
2020-01-31,261.24,262.68,259.79,259.92,30055808,261.24,262.68,259.79,259.92,30055808,261.24,262.68,259.79,259.92,30055808
2020-02-03,256.65,258.92,254.37,256.12,29702199,256.65,258.92,254.37,256.12,29702199,256.65,258.92,254.37,256.12,29702199
2020-02-04,253.86,256.92,250.79,253.73,22319333,253.86,256.92,250.79,253.73,22319333,253.86,256.92,250.79,253.73,22319333
2020-02-05,249.61,251.50,247.71,249.33,19203567,249.61,251.50,247.71,249.33,19203567,249.61,251.50,247.71,249.33,19203567
2020-02-06,242.54,244.94,240.14,242.76,31570013,242.54,244.94,240.14,242.76,31570013,242.54,244.94,240.14,242.76,31570013
2020-02-07,237.56,238.47,236.65,237.80,19462270,237.56,238.47,236.65,237.80,19462270,237.56,238.47,236.65,237.80,19462270
2020-02-10,233.58,236.51,230.66,234.12,21325489,233.58,236.51,230.66,234.12,21325489,233.58,236.51,230.66,234.12,21325489
2020-02-11,231.12,232.81,229.44,230.07,27968437,231.12,232.81,229.44,230.07,27968437,231.12,232.81,229.44,230.07,27968437
2020-02-12,231.44,234.93,227.94,230.76,21523333,231.44,234.93,227.94,230.76,21523333,231.44,234.93,227.94,230.76,21523333
2020-02-13,231.44,234.07,228.82,231.34,22118781,231.44,234.07,228.82,231.34,22118781,231.44,234.07,228.82,231.34,22118781
2020-02-14,232.57,236.20,228.94,232.47,27805577,232.57,236.20,228.94,232.47,27805577,232.57,236.20,228.94,232.47,27805577
2020-02-17,236.41,239.06,233.76,234.44,18282397,236.41,239.06,233.76,234.44,18282397,236.41,239.06,233.76,234.44,18282397
2020-02-18,234.18,236.23,232.13,235.22,17992293,234.18,236.23,232.13,235.22,17992293,234.18,236.23,232.13,235.22,17992293
2020-02-19,228.14,230.88,225.40,228.71,34285121,228.14,230.88,225.40,228.71,34285121,228.14,230.88,225.40,228.71,34285121
2020-02-20,223.59,225.14,222.04,222.66,34850890,223.59,225.14,222.04,222.66,34850890,223.59,225.14,222.04,222.66,34850890
2020-02-21,221.37,223.50,219.25,220.22,20219550,221.37,223.50,219.25,220.22,20219550,221.37,223.50,219.25,220.22,20219550
2020-02-24,214.89,215.88,213.90,215.50,30534658,214.89,215.88,213.90,215.50,30534658,214.89,215.88,213.90,215.50,30534658
2020-02-25,216.31,218.61,214.02,216.95,28672527,216.31,218.61,214.02,216.95,28672527,216.31,218.61,214.02,216.95,28672527
2020-02-26,208.49,210.55,206.43,209.06,22447449,208.49,210.55,206.43,209.06,22447449,208.49,210.55,206.43,209.06,22447449
2020-02-27,208.63,210.15,207.11,209.24,19030673,208.63,210.15,207.11,209.24,19030673,208.63,210.15,207.11,209.24,19030673
2020-02-28,206.06,208.40,203.73,204.65,24719871,206.06,208.40,203.73,204.65,24719871,206.06,208.40,203.73,204.65,24719871
2020-03-02,205.90,206.96,204.85,206.01,22739498,205.90,206.96,204.85,206.01,22739498,205.90,206.96,204.85,206.01,22739498
2020-03-03,207.99,210.49,205.48,207.66,21242752,207.99,210.49,205.48,207.66,21242752,207.99,210.49,205.48,207.66,21242752
2020-03-04,210.10,211.52,208.68,208.74,29170244,210.10,211.52,208.68,208.74,29170244,210.10,211.52,208.68,208.74,29170244
2020-03-05,205.98,208.06,203.91,205.68,22014545,205.98,208.06,203.91,205.68,22014545,205.98,208.06,203.91,205.68,22014545
2020-03-06,202.04,203.73,200.35,201.85,30080957,202.04,203.73,200.35,201.85,30080957,202.04,203.73,200.35,201.85,30080957
2020-03-09,200.80,204.02,197.57,199.87,28838323,200.80,204.02,197.57,199.87,28838323,200.80,204.02,197.57,199.87,28838323
2020-03-10,195.97,198.03,193.91,196.66,33371874,195.97,198.03,193.91,196.66,33371874,195.97,198.03,193.91,196.66,33371874
2020-03-11,194.97,197.17,192.77,195.15,30269337,194.97,197.17,192.77,195.15,30269337,194.97,197.17,192.77,195.15,30269337
2020-03-12,196.32,198.16,194.47,195.98,32241741,196.32,198.16,194.47,195.98,32241741,196.32,198.16,194.47,195.98,32241741
2020-03-13,193.56,196.36,190.76,193.23,20264009,193.56,196.36,190.76,193.23,20264009,193.56,196.36,190.76,193.23,20264009
2020-03-16,193.06,196.02,190.11,192.99,30885338,193.06,196.02,190.11,192.99,30885338,193.06,196.02,190.11,192.99,30885338
2020-03-17,197.66,199.20,196.11,197.85,26937135,197.66,199.20,196.11,197.85,26937135,197.66,199.20,196.11,197.85,26937135
2020-03-18,194.14,196.85,191.43,194.07,22218891,194.14,196.85,191.43,194.07,22218891,194.14,196.85,191.43,194.07,22218891
2020-03-19,189.52,190.93,188.12,189.08,24997530,189.52,190.93,188.12,189.08,24997530,189.52,190.93,188.12,189.08,24997530
2020-03-20,180.02,181.95,178.10,180.13,23791156,180.02,181.95,178.10,180.13,23791156,180.02,181.95,178.10,180.13,23791156
2020-03-23,181.92,183.13,180.70,180.92,18089106,181.92,183.13,180.70,180.92,18089106,181.92,183.13,180.70,180.92,18089106
2020-03-24,183.55,185.72,181.37,182.87,26892129,183.55,185.72,181.37,182.87,26892129,183.55,185.72,181.37,182.87,26892129
2020-03-25,182.34,183.77,180.92,182.70,30076882,182.34,183.77,180.92,182.70,30076882,182.34,183.77,180.92,182.70,30076882
2020-03-26,179.57,180.69,178.46,178.84,34128882,179.57,180.69,178.46,178.84,34128882,179.57,180.69,178.46,178.84,34128882
2020-03-27,178.24,179.78,176.70,176.78,34096317,178.24,179.78,176.70,176.78,34096317,178.24,179.78,176.70,176.78,34096317
2020-03-30,170.19,171.29,169.10,170.28,23321802,170.19,171.29,169.10,170.28,23321802,170.19,171.29,169.10,170.28,23321802
2020-03-31,170.86,173.14,168.58,171.02,27235850,170.86,173.14,168.58,171.02,27235850,170.86,173.14,168.58,171.02,27235850
2020-04-01,175.91,178.35,173.47,175.63,24770630,175.91,178.35,173.47,175.63,24770630,175.91,178.35,173.47,175.63,24770630
2020-04-02,177.57,178.78,176.35,177.65,18356080,177.57,178.78,176.35,177.65,18356080,177.57,178.78,176.35,177.65,18356080
2020-04-03,178.05,180.00,176.09,177.76,31399276,178.05,180.00,176.09,177.76,31399276,178.05,180.00,176.09,177.76,31399276
2020-04-06,179.97,181.65,178.28,179.45,23609242,179.97,181.65,178.28,179.45,23609242,179.97,181.65,178.28,179.45,23609242
2020-04-07,180.15,182.47,177.83,180.47,32746940,180.15,182.47,177.83,180.47,32746940,180.15,182.47,177.83,180.47,32746940
2020-04-08,178.26,179.86,176.67,177.90,25202201,178.26,179.86,176.67,177.90,25202201,178.26,179.86,176.67,177.90,25202201
2020-04-09,175.28,177.07,173.50,175.03,21689869,175.28,177.07,173.50,175.03,21689869,175.28,177.07,173.50,175.03,21689869
2020-04-10,175.70,177.11,174.28,175.78,31745080,175.70,177.11,174.28,175.78,31745080,175.70,177.11,174.28,175.78,31745080
2020-04-13,179.33,180.08,178.58,178.60,28790901,179.33,180.08,178.58,178.60,28790901,179.33,180.08,178.58,178.60,28790901
2020-04-14,171.61,172.38,170.85,171.05,25023964,171.61,172.38,170.85,171.05,25023964,171.61,172.38,170.85,171.05,25023964
2020-04-15,173.20,174.84,171.55,172.97,26572902,173.20,174.84,171.55,172.97,26572902,173.20,174.84,171.55,172.97,26572902
2020-04-16,168.75,170.83,166.66,168.96,30870129,168.75,170.83,166.66,168.96,30870129,168.75,170.83,166.66,168.96,30870129
2020-04-17,173.87,175.92,171.82,173.65,22645565,173.87,175.92,171.82,173.65,22645565,173.87,175.92,171.82,173.65,22645565
2020-04-20,178.01,179.77,176.25,177.36,22407644,178.01,179.77,176.25,177.36,22407644,178.01,179.77,176.25,177.36,22407644
2020-04-21,179.83,182.38,177.27,179.25,31005491,179.83,182.38,177.27,179.25,31005491,179.83,182.38,177.27,179.25,31005491
2020-04-22,184.69,185.86,183.53,183.63,17839612,184.69,185.86,183.53,183.63,17839612,184.69,185.86,183.53,183.63,17839612
2020-04-23,187.78,191.30,184.25,186.88,28483298,187.78,191.30,184.25,186.88,28483298,187.78,191.30,184.25,186.88,28483298
2020-04-24,191.69,194.39,188.99,190.82,25638723,191.69,194.39,188.99,190.82,25638723,191.69,194.39,188.99,190.82,25638723
2020-04-27,188.47,190.78,186.16,187.22,30088728,188.47,190.78,186.16,187.22,30088728,188.47,190.78,186.16,187.22,30088728
2020-04-28,191.86,193.84,189.87,190.96,22639248,191.86,193.84,189.87,190.96,22639248,191.86,193.84,189.87,190.96,22639248
2020-04-29,194.37,196.50,192.24,194.75,33668401,194.37,196.50,192.24,194.75,33668401,194.37,196.50,192.24,194.75,33668401
2020-04-30,199.28,200.87,197.69,198.96,22645247,199.28,200.87,197.69,198.96,22645247,199.28,200.87,197.69,198.96,22645247
2020-05-01,196.17,197.20,195.13,196.04,22503638,196.17,197.20,195.13,196.04,22503638,196.17,197.20,195.13,196.04,22503638
2020-05-04,199.59,201.28,197.90,200.20,23885531,199.59,201.28,197.90,200.20,23885531,199.59,201.28,197.90,200.20,23885531
2020-05-05,204.99,206.22,203.76,204.23,20884983,204.99,206.22,203.76,204.23,20884983,204.99,206.22,203.76,204.23,20884983
2020-05-06,205.99,208.17,203.81,205.79,24274239,205.99,208.17,203.81,205.79,24274239,205.99,208.17,203.81,205.79,24274239
2020-05-07,211.71,213.43,210.00,211.35,33611685,211.71,213.43,210.00,211.35,33611685,211.71,213.43,210.00,211.35,33611685
2020-05-08,213.71,216.24,211.19,212.12,29181045,213.71,216.24,211.19,212.12,29181045,213.71,216.24,211.19,212.12,29181045
2020-05-11,211.22,214.50,207.95,211.64,17509784,211.22,214.50,207.95,211.64,17509784,211.22,214.50,207.95,211.64,17509784
2020-05-12,219.89,222.91,216.87,218.43,20768875,219.89,222.91,216.87,218.43,20768875,219.89,222.91,216.87,218.43,20768875
2020-05-13,221.14,224.77,217.51,221.10,31280042,221.14,224.77,217.51,221.10,31280042,221.14,224.77,217.51,221.10,31280042
2020-05-14,218.44,219.62,217.26,217.97,26416981,218.44,219.62,217.26,217.97,26416981,218.44,219.62,217.26,217.97,26416981
2020-05-15,212.55,215.69,209.42,212.43,25118996,212.55,215.69,209.42,212.43,25118996,212.55,215.69,209.42,212.43,25118996
2020-05-18,207.80,210.32,205.27,208.25,20787445,207.80,210.32,205.27,208.25,20787445,207.80,210.32,205.27,208.25,20787445
2020-05-19,205.47,206.45,204.49,204.62,21575751,205.47,206.45,204.49,204.62,21575751,205.47,206.45,204.49,204.62,21575751
2020-05-20,205.05,207.05,203.05,205.29,26407377,205.05,207.05,203.05,205.29,26407377,205.05,207.05,203.05,205.29,26407377
2020-05-21,207.34,208.79,205.88,208.71,18931825,207.34,208.79,205.88,208.71,18931825,207.34,208.79,205.88,208.71,18931825
2020-05-22,202.68,203.92,201.45,202.84,25166570,202.68,203.92,201.45,202.84,25166570,202.68,203.92,201.45,202.84,25166570
2020-05-25,210.00,211.00,209.00,209.83,20678405,210.00,211.00,209.00,209.83,20678405,210.00,211.00,209.00,209.83,20678405
2020-05-26,218.00,220.68,215.31,217.57,20745248,218.00,220.68,215.31,217.57,20745248,218.00,220.68,215.31,217.57,20745248
2020-05-27,219.08,220.43,217.73,218.07,32107420,219.08,220.43,217.73,218.07,32107420,219.08,220.43,217.73,218.07,32107420
2020-05-28,215.44,216.91,213.98,216.09,34128483,215.44,216.91,213.98,216.09,34128483,215.44,216.91,213.98,216.09,34128483
2020-05-29,216.95,218.83,215.07,216.35,30272165,216.95,218.83,215.07,216.35,30272165,216.95,218.83,215.07,216.35,30272165
2020-06-01,220.98,223.42,218.54,221.61,26571364,220.98,223.42,218.54,221.61,26571364,220.98,223.42,218.54,221.61,26571364
2020-06-02,227.40,229.76,225.05,226.97,19895400,227.40,229.76,225.05,226.97,19895400,227.40,229.76,225.05,226.97,19895400
2020-06-03,228.68,230.60,226.76,229.84,25677654,228.68,230.60,226.76,229.84,25677654,228.68,230.60,226.76,229.84,25677654
2020-06-04,233.29,235.57,231.02,231.25,31375147,233.29,235.57,231.02,231.25,31375147,233.29,235.57,231.02,231.25,31375147
2020-06-05,232.13,234.65,229.62,232.85,23100079,232.13,234.65,229.62,232.85,23100079,232.13,234.65,229.62,232.85,23100079
2020-06-08,233.37,235.62,231.13,231.46,20328569,233.37,235.62,231.13,231.46,20328569,233.37,235.62,231.13,231.46,20328569
2020-06-09,228.63,231.43,225.84,227.46,26093819,228.63,231.43,225.84,227.46,26093819,228.63,231.43,225.84,227.46,26093819
2020-06-10,223.72,226.09,221.35,223.58,24661566,223.72,226.09,221.35,223.58,24661566,223.72,226.09,221.35,223.58,24661566
2020-06-11,224.48,227.41,221.54,223.26,21184548,224.48,227.41,221.54,223.26,21184548,224.48,227.41,221.54,223.26,21184548
2020-06-12,225.54,226.93,224.15,225.97,26737367,225.54,226.93,224.15,225.97,26737367,225.54,226.93,224.15,225.97,26737367
2020-06-15,223.93,226.40,221.46,224.97,21683741,223.93,226.40,221.46,224.97,21683741,223.93,226.40,221.46,224.97,21683741
2020-06-16,224.63,227.57,221.68,224.47,21563691,224.63,227.57,221.68,224.47,21563691,224.63,227.57,221.68,224.47,21563691
2020-06-17,226.55,227.98,225.13,226.31,25966015,226.55,227.98,225.13,226.31,25966015,226.55,227.98,225.13,226.31,25966015
2020-06-18,227.94,229.17,226.71,227.10,26609152,227.94,229.17,226.71,227.10,26609152,227.94,229.17,226.71,227.10,26609152
2020-06-19,239.67,241.48,237.86,238.03,17505443,239.67,241.48,237.86,238.03,17505443,239.67,241.48,237.86,238.03,17505443
2020-06-22,234.75,236.59,232.92,234.15,30605674,234.75,236.59,232.92,234.15,30605674,234.75,236.59,232.92,234.15,30605674
2020-06-23,238.92,241.71,236.14,238.26,25294791,238.92,241.71,236.14,238.26,25294791,238.92,241.71,236.14,238.26,25294791
2020-06-24,242.52,245.24,239.79,241.07,26335046,242.52,245.24,239.79,241.07,26335046,242.52,245.24,239.79,241.07,26335046
2020-06-25,245.27,247.86,242.69,246.11,24453171,245.27,247.86,242.69,246.11,24453171,245.27,247.86,242.69,246.11,24453171
2020-06-26,243.26,245.42,241.09,243.28,18930536,243.26,245.42,241.09,243.28,18930536,243.26,245.42,241.09,243.28,18930536
2020-06-29,242.10,244.55,239.64,242.10,33950348,242.10,244.55,239.64,242.10,33950348,242.10,244.55,239.64,242.10,33950348
2020-06-30,241.09,243.68,238.51,241.14,28177186,241.09,243.68,238.51,241.14,28177186,241.09,243.68,238.51,241.14,28177186
2020-07-01,246.11,249.51,242.72,245.93,32851721,246.11,249.51,242.72,245.93,32851721,246.11,249.51,242.72,245.93,32851721
2020-07-02,247.03,249.72,244.33,245.67,29524794,247.03,249.72,244.33,245.67,29524794,247.03,249.72,244.33,245.67,29524794
2020-07-03,238.89,241.87,235.91,237.74,20091113,238.89,241.87,235.91,237.74,20091113,238.89,241.87,235.91,237.74,20091113
2020-07-06,238.19,241.18,235.20,237.66,21690607,238.19,241.18,235.20,237.66,21690607,238.19,241.18,235.20,237.66,21690607
2020-07-07,237.92,240.74,235.10,238.46,33842625,237.92,240.74,235.10,238.46,33842625,237.92,240.74,235.10,238.46,33842625
2020-07-08,238.97,240.98,236.96,239.09,23651304,238.97,240.98,236.96,239.09,23651304,238.97,240.98,236.96,239.09,23651304
2020-07-09,238.25,241.11,235.40,237.86,20470860,238.25,241.11,235.40,237.86,20470860,238.25,241.11,235.40,237.86,20470860
2020-07-10,241.62,243.56,239.68,242.76,24564045,241.62,243.56,239.68,242.76,24564045,241.62,243.56,239.68,242.76,24564045
2020-07-13,240.25,243.27,237.22,240.22,23853912,240.25,243.27,237.22,240.22,23853912,240.25,243.27,237.22,240.22,23853912
2020-07-14,245.62,248.23,243.02,244.68,24797209,245.62,248.23,243.02,244.68,24797209,245.62,248.23,243.02,244.68,24797209
2020-07-15,248.85,249.64,248.05,249.38,22940113,248.85,249.64,248.05,249.38,22940113,248.85,249.64,248.05,249.38,22940113
2020-07-16,247.35,249.56,245.14,247.13,30837679,247.35,249.56,245.14,247.13,30837679,247.35,249.56,245.14,247.13,30837679
2020-07-17,245.33,248.34,242.31,245.38,23432007,245.33,248.34,242.31,245.38,23432007,245.33,248.34,242.31,245.38,23432007
2020-07-20,244.30,247.43,241.17,245.34,33692119,244.30,247.43,241.17,245.34,33692119,244.30,247.43,241.17,245.34,33692119
2020-07-21,243.34,247.78,238.90,245.40,21227693,243.34,247.78,238.90,245.40,21227693,243.34,247.78,238.90,245.40,21227693
2020-07-22,251.03,252.91,249.15,250.02,23402663,251.03,252.91,249.15,250.02,23402663,251.03,252.91,249.15,250.02,23402663
2020-07-23,250.58,255.12,246.05,249.00,25067523,250.58,255.12,246.05,249.00,25067523,250.58,255.12,246.05,249.00,25067523
2020-07-24,252.96,257.22,248.70,252.32,32649550,252.96,257.22,248.70,252.32,32649550,252.96,257.22,248.70,252.32,32649550
2020-07-27,256.63,258.98,254.28,255.27,30041215,256.63,258.98,254.28,255.27,30041215,256.63,258.98,254.28,255.27,30041215
2020-07-28,257.03,260.07,253.99,257.21,20325651,257.03,260.07,253.99,257.21,20325651,257.03,260.07,253.99,257.21,20325651
2020-07-29,255.47,258.16,252.79,255.92,24129513,255.47,258.16,252.79,255.92,24129513,255.47,258.16,252.79,255.92,24129513
2020-07-30,253.81,257.26,250.37,255.07,19155475,253.81,257.26,250.37,255.07,19155475,253.81,257.26,250.37,255.07,19155475
2020-07-31,252.68,256.06,249.30,252.14,31954815,252.68,256.06,249.30,252.14,31954815,252.68,256.06,249.30,252.14,31954815
2020-08-03,255.12,256.92,253.32,253.51,18328756,255.12,256.92,253.32,253.51,18328756,255.12,256.92,253.32,253.51,18328756
2020-08-04,247.19,250.50,243.89,248.30,17609335,247.19,250.50,243.89,248.30,17609335,247.19,250.50,243.89,248.30,17609335
2020-08-05,244.57,246.52,242.62,245.17,27012503,244.57,246.52,242.62,245.17,27012503,244.57,246.52,242.62,245.17,27012503
2020-08-06,248.04,249.99,246.09,247.37,18125876,248.04,249.99,246.09,247.37,18125876,248.04,249.99,246.09,247.37,18125876
2020-08-07,245.25,249.26,241.24,245.71,23913910,245.25,249.26,241.24,245.71,23913910,245.25,249.26,241.24,245.71,23913910
2020-08-10,250.92,254.89,246.95,250.26,20722166,250.92,254.89,246.95,250.26,20722166,250.92,254.89,246.95,250.26,20722166
2020-08-11,259.55,262.14,256.95,258.21,22507030,259.55,262.14,256.95,258.21,22507030,259.55,262.14,256.95,258.21,22507030
2020-08-12,257.14,260.22,254.06,257.37,19384760,257.14,260.22,254.06,257.37,19384760,257.14,260.22,254.06,257.37,19384760
2020-08-13,257.41,260.19,254.63,258.49,32918874,257.41,260.19,254.63,258.49,32918874,257.41,260.19,254.63,258.49,32918874
2020-08-14,258.57,262.01,255.14,257.63,25383079,258.57,262.01,255.14,257.63,25383079,258.57,262.01,255.14,257.63,25383079
2020-08-17,254.04,257.64,250.44,254.04,20536342,254.04,257.64,250.44,254.04,20536342,254.04,257.64,250.44,254.04,20536342
2020-08-18,250.27,254.09,246.46,251.41,19161947,250.27,254.09,246.46,251.41,19161947,250.27,254.09,246.46,251.41,19161947
2020-08-19,260.20,264.26,256.14,259.77,18387261,260.20,264.26,256.14,259.77,18387261,260.20,264.26,256.14,259.77,18387261
2020-08-20,259.62,263.47,255.77,260.06,28196065,259.62,263.47,255.77,260.06,28196065,259.62,263.47,255.77,260.06,28196065
2020-08-21,262.14,264.86,259.42,261.43,31662568,262.14,264.86,259.42,261.43,31662568,262.14,264.86,259.42,261.43,31662568
2020-08-24,265.38,268.81,261.94,264.49,28713389,265.38,268.81,261.94,264.49,28713389,265.38,268.81,261.94,264.49,28713389
2020-08-25,260.37,264.06,256.68,261.04,31096003,260.37,264.06,256.68,261.04,31096003,260.37,264.06,256.68,261.04,31096003
2020-08-26,256.47,258.82,254.12,256.59,28580513,256.47,258.82,254.12,256.59,28580513,256.47,258.82,254.12,256.59,28580513
2020-08-27,258.66,261.89,255.42,257.73,33011401,258.66,261.89,255.42,257.73,33011401,258.66,261.89,255.42,257.73,33011401
2020-08-28,260.84,263.99,257.70,261.69,33259932,260.84,263.99,257.70,261.69,33259932,260.84,263.99,257.70,261.69,33259932
2020-08-31,259.09,262.16,256.03,258.44,31270123,259.09,262.16,256.03,258.44,31270123,259.09,262.16,256.03,258.44,31270123
2020-09-01,256.65,261.32,251.98,257.55,17565234,256.65,261.32,251.98,257.55,17565234,256.65,261.32,251.98,257.55,17565234
2020-09-02,253.22,256.01,250.44,253.25,32891929,253.22,256.01,250.44,253.25,32891929,253.22,256.01,250.44,253.25,32891929
2020-09-03,256.16,258.42,253.90,254.32,26286667,256.16,258.42,253.90,254.32,26286667,256.16,258.42,253.90,254.32,26286667
2020-09-04,256.10,256.89,255.30,256.44,21388966,256.10,256.89,255.30,256.44,21388966,256.10,256.89,255.30,256.44,21388966
2020-09-07,260.83,262.60,259.05,260.08,20994347,260.83,262.60,259.05,260.08,20994347,260.83,262.60,259.05,260.08,20994347
2020-09-08,263.36,265.83,260.90,262.18,28268080,263.36,265.83,260.90,262.18,28268080,263.36,265.83,260.90,262.18,28268080
2020-09-09,267.43,270.02,264.83,267.19,28570067,267.43,270.02,264.83,267.19,28570067,267.43,270.02,264.83,267.19,28570067
2020-09-10,264.23,267.01,261.45,263.35,30025329,264.23,267.01,261.45,263.35,30025329,264.23,267.01,261.45,263.35,30025329
2020-09-11,263.06,266.71,259.42,263.65,19172721,263.06,266.71,259.42,263.65,19172721,263.06,266.71,259.42,263.65,19172721
2020-09-14,260.26,264.69,255.83,260.43,33333729,260.26,264.69,255.83,260.43,33333729,260.26,264.69,255.83,260.43,33333729
2020-09-15,258.30,261.48,255.11,257.67,26598312,258.30,261.48,255.11,257.67,26598312,258.30,261.48,255.11,257.67,26598312
2020-09-16,258.59,260.83,256.34,259.09,30585719,258.59,260.83,256.34,259.09,30585719,258.59,260.83,256.34,259.09,30585719
2020-09-17,265.75,271.34,260.16,265.54,22483316,265.75,271.34,260.16,265.54,22483316,265.75,271.34,260.16,265.54,22483316
2020-09-18,262.47,265.67,259.26,263.66,32007344,262.47,265.67,259.26,263.66,32007344,262.47,265.67,259.26,263.66,32007344
2020-09-21,264.86,267.08,262.64,263.66,24780485,264.86,267.08,262.64,263.66,24780485,264.86,267.08,262.64,263.66,24780485
2020-09-22,274.53,278.45,270.61,273.91,33870343,274.53,278.45,270.61,273.91,33870343,274.53,278.45,270.61,273.91,33870343
2020-09-23,275.01,277.82,272.20,274.10,18081561,275.01,277.82,272.20,274.10,18081561,275.01,277.82,272.20,274.10,18081561
2020-09-24,270.51,274.91,266.12,270.06,32740811,270.51,274.91,266.12,270.06,32740811,270.51,274.91,266.12,270.06,32740811
2020-09-25,273.22,277.17,269.28,273.49,25898317,273.22,277.17,269.28,273.49,25898317,273.22,277.17,269.28,273.49,25898317
2020-09-28,272.55,276.03,269.07,273.34,31554851,272.55,276.03,269.07,273.34,31554851,272.55,276.03,269.07,273.34,31554851
2020-09-29,275.76,279.80,271.73,274.45,30900334,275.76,279.80,271.73,274.45,30900334,275.76,279.80,271.73,274.45,30900334
2020-09-30,269.92,272.47,267.37,268.71,17625134,269.92,272.47,267.37,268.71,17625134,269.92,272.47,267.37,268.71,17625134
2020-10-01,268.22,271.12,265.33,267.74,18086008,268.22,271.12,265.33,267.74,18086008,268.22,271.12,265.33,267.74,18086008
2020-10-02,269.62,273.01,266.24,269.82,22307403,269.62,273.01,266.24,269.82,22307403,269.62,273.01,266.24,269.82,22307403
2020-10-05,273.52,278.07,268.97,274.80,28416927,273.52,278.07,268.97,274.80,28416927,273.52,278.07,268.97,274.80,28416927
2020-10-06,280.92,282.22,279.62,282.06,26675609,280.92,282.22,279.62,282.06,26675609,280.92,282.22,279.62,282.06,26675609
2020-10-07,276.09,276.78,275.41,275.94,29029697,276.09,276.78,275.41,275.94,29029697,276.09,276.78,275.41,275.94,29029697
2020-10-08,273.56,276.67,270.45,274.79,34741443,273.56,276.67,270.45,274.79,34741443,273.56,276.67,270.45,274.79,34741443
2020-10-09,276.32,278.76,273.88,276.84,23822185,276.32,278.76,273.88,276.84,23822185,276.32,278.76,273.88,276.84,23822185
2020-10-12,278.21,281.33,275.10,278.36,18814038,278.21,281.33,275.10,278.36,18814038,278.21,281.33,275.10,278.36,18814038
2020-10-13,272.09,276.84,267.33,271.47,34469717,272.09,276.84,267.33,271.47,34469717,272.09,276.84,267.33,271.47,34469717
2020-10-14,274.72,277.97,271.48,273.45,27749964,274.72,277.97,271.48,273.45,27749964,274.72,277.97,271.48,273.45,27749964
2020-10-15,280.40,281.59,279.20,280.60,30233691,280.40,281.59,279.20,280.60,30233691,280.40,281.59,279.20,280.60,30233691
2020-10-16,276.05,278.71,273.40,277.45,20482078,276.05,278.71,273.40,277.45,20482078,276.05,278.71,273.40,277.45,20482078
2020-10-19,278.15,281.62,274.68,277.08,17767827,278.15,281.62,274.68,277.08,17767827,278.15,281.62,274.68,277.08,17767827
2020-10-20,286.96,289.44,284.48,287.39,19195727,286.96,289.44,284.48,287.39,19195727,286.96,289.44,284.48,287.39,19195727
2020-10-21,290.80,294.13,287.46,289.83,21980511,290.80,294.13,287.46,289.83,21980511,290.80,294.13,287.46,289.83,21980511
2020-10-22,291.37,295.17,287.58,289.35,24842397,291.37,295.17,287.58,289.35,24842397,291.37,295.17,287.58,289.35,24842397
2020-10-23,294.67,296.49,292.85,294.60,23002523,294.67,296.49,292.85,294.60,23002523,294.67,296.49,292.85,294.60,23002523
2020-10-26,298.96,300.87,297.05,297.46,26308075,298.96,300.87,297.05,297.46,26308075,298.96,300.87,297.05,297.46,26308075
2020-10-27,308.14,311.62,304.66,309.51,25751910,308.14,311.62,304.66,309.51,25751910,308.14,311.62,304.66,309.51,25751910
2020-10-28,312.66,316.34,308.99,314.08,21230323,312.66,316.34,308.99,314.08,21230323,312.66,316.34,308.99,314.08,21230323
2020-10-29,312.11,313.74,310.47,311.14,20414194,312.11,313.74,310.47,311.14,20414194,312.11,313.74,310.47,311.14,20414194
2020-10-30,309.77,314.43,305.12,311.43,24942249,309.77,314.43,305.12,311.43,24942249,309.77,314.43,305.12,311.43,24942249
2020-11-02,319.02,324.99,313.05,316.25,26458439,319.02,324.99,313.05,316.25,26458439,319.02,324.99,313.05,316.25,26458439
2020-11-03,316.18,319.15,313.21,316.63,30766334,316.18,319.15,313.21,316.63,30766334,316.18,319.15,313.21,316.63,30766334
2020-11-04,308.82,311.44,306.20,309.93,21135745,308.82,311.44,306.20,309.93,21135745,308.82,311.44,306.20,309.93,21135745
2020-11-05,312.00,313.86,310.15,310.91,30874523,312.00,313.86,310.15,310.91,30874523,312.00,313.86,310.15,310.91,30874523
2020-11-06,312.53,316.34,308.71,310.18,28701231,312.53,316.34,308.71,310.18,28701231,312.53,316.34,308.71,310.18,28701231
2020-11-09,317.25,320.20,314.30,316.08,34764142,317.25,320.20,314.30,316.08,34764142,317.25,320.20,314.30,316.08,34764142
2020-11-10,325.35,328.00,322.70,325.08,27793882,325.35,328.00,322.70,325.08,27793882,325.35,328.00,322.70,325.08,27793882
2020-11-11,322.10,323.05,321.14,321.23,23554860,322.10,323.05,321.14,321.23,23554860,322.10,323.05,321.14,321.23,23554860
2020-11-12,325.13,327.92,322.34,324.95,18103429,325.13,327.92,322.34,324.95,18103429,325.13,327.92,322.34,324.95,18103429
2020-11-13,327.42,330.28,324.57,326.67,24285714,327.42,330.28,324.57,326.67,24285714,327.42,330.28,324.57,326.67,24285714
2020-11-16,336.84,339.36,334.32,337.10,30693486,336.84,339.36,334.32,337.10,30693486,336.84,339.36,334.32,337.10,30693486
2020-11-17,333.76,336.82,330.70,334.61,18403304,333.76,336.82,330.70,334.61,18403304,333.76,336.82,330.70,334.61,18403304
2020-11-18,335.07,338.79,331.36,337.51,18873109,335.07,338.79,331.36,337.51,18873109,335.07,338.79,331.36,337.51,18873109
2020-11-19,345.67,351.78,339.57,344.93,22521082,345.67,351.78,339.57,344.93,22521082,345.67,351.78,339.57,344.93,22521082
2020-11-20,350.28,355.87,344.69,349.66,20454262,350.28,355.87,344.69,349.66,20454262,350.28,355.87,344.69,349.66,20454262
2020-11-23,350.31,355.32,345.30,350.52,26320541,350.31,355.32,345.30,350.52,26320541,350.31,355.32,345.30,350.52,26320541
2020-11-24,357.92,360.92,354.91,357.33,21599322,357.92,360.92,354.91,357.33,21599322,357.92,360.92,354.91,357.33,21599322
2020-11-25,349.98,352.38,347.59,347.97,17517135,349.98,352.38,347.59,347.97,17517135,349.98,352.38,347.59,347.97,17517135
2020-11-26,354.93,358.49,351.37,352.04,31039694,354.93,358.49,351.37,352.04,31039694,354.93,358.49,351.37,352.04,31039694
2020-11-27,355.40,360.95,349.86,353.98,34410965,355.40,360.95,349.86,353.98,34410965,355.40,360.95,349.86,353.98,34410965
2020-11-30,350.15,354.91,345.40,350.11,26462595,350.15,354.91,345.40,350.11,26462595,350.15,354.91,345.40,350.11,26462595
2020-12-01,343.46,346.59,340.33,344.83,21197968,343.46,346.59,340.33,344.83,21197968,343.46,346.59,340.33,344.83,21197968
2020-12-02,346.13,347.27,344.98,345.03,24655767,346.13,347.27,344.98,345.03,24655767,346.13,347.27,344.98,345.03,24655767
2020-12-03,358.74,360.91,356.58,356.64,29139965,358.74,360.91,356.58,356.64,29139965,358.74,360.91,356.58,356.64,29139965
2020-12-04,364.45,368.10,360.80,365.88,19316048,364.45,368.10,360.80,365.88,19316048,364.45,368.10,360.80,365.88,19316048
2020-12-07,370.64,375.47,365.81,368.47,30912429,370.64,375.47,365.81,368.47,30912429,370.64,375.47,365.81,368.47,30912429
2020-12-08,365.80,370.39,361.22,365.16,25636580,365.80,370.39,361.22,365.16,25636580,365.80,370.39,361.22,365.16,25636580
2020-12-09,368.48,371.53,365.43,367.58,20941344,368.48,371.53,365.43,367.58,20941344,368.48,371.53,365.43,367.58,20941344
2020-12-10,363.28,367.60,358.96,361.63,27592483,363.28,367.60,358.96,361.63,27592483,363.28,367.60,358.96,361.63,27592483
2020-12-11,363.37,367.32,359.42,364.62,32543795,363.37,367.32,359.42,364.62,32543795,363.37,367.32,359.42,364.62,32543795
2020-12-14,368.26,373.79,362.73,368.25,29521843,368.26,373.79,362.73,368.25,29521843,368.26,373.79,362.73,368.25,29521843
2020-12-15,368.73,374.47,363.00,368.72,32361485,368.73,374.47,363.00,368.72,32361485,368.73,374.47,363.00,368.72,32361485
2020-12-16,368.93,372.40,365.46,367.32,20529952,368.93,372.40,365.46,367.32,20529952,368.93,372.40,365.46,367.32,20529952
2020-12-17,375.69,380.01,371.38,375.77,31652410,375.69,380.01,371.38,375.77,31652410,375.69,380.01,371.38,375.77,31652410
2020-12-18,387.40,390.89,383.91,386.96,21155134,387.40,390.89,383.91,386.96,21155134,387.40,390.89,383.91,386.96,21155134
2020-12-21,391.20,396.28,386.12,391.12,30240529,391.20,396.28,386.12,391.12,30240529,391.20,396.28,386.12,391.12,30240529
2020-12-22,394.70,402.16,387.25,393.45,32366848,394.70,402.16,387.25,393.45,32366848,394.70,402.16,387.25,393.45,32366848
2020-12-23,399.10,403.03,395.17,398.84,33667501,399.10,403.03,395.17,398.84,33667501,399.10,403.03,395.17,398.84,33667501
2020-12-24,400.50,406.07,394.92,404.20,32073382,400.50,406.07,394.92,404.20,32073382,400.50,406.07,394.92,404.20,32073382
2020-12-25,394.46,400.12,388.81,391.44,30396543,394.46,400.12,388.81,391.44,30396543,394.46,400.12,388.81,391.44,30396543
2020-12-28,392.10,397.86,386.34,394.62,29921564,392.10,397.86,386.34,394.62,29921564,392.10,397.86,386.34,394.62,29921564
2020-12-29,402.71,410.14,395.28,404.88,19010832,402.71,410.14,395.28,404.88,19010832,402.71,410.14,395.28,404.88,19010832
2020-12-30,417.27,420.86,413.68,414.76,24902075,417.27,420.86,413.68,414.76,24902075,417.27,420.86,413.68,414.76,24902075
2020-12-31,427.16,430.87,423.45,424.20,29843864,427.16,430.87,423.45,424.20,29843864,427.16,430.87,423.45,424.20,29843864
2021-01-01,416.20,422.03,410.37,414.84,25920058,416.20,422.03,410.37,414.84,25920058,416.20,422.03,410.37,414.84,25920058
2021-01-04,408.26,412.68,403.85,407.37,30083608,408.26,412.68,403.85,407.37,30083608,408.26,412.68,403.85,407.37,30083608
2021-01-05,415.93,419.08,412.79,416.32,24475764,415.93,419.08,412.79,416.32,24475764,415.93,419.08,412.79,416.32,24475764
2021-01-06,408.19,412.43,403.95,408.80,30710055,408.19,412.43,403.95,408.80,30710055,408.19,412.43,403.95,408.80,30710055
2021-01-07,406.68,409.34,404.02,404.55,25621242,406.68,409.34,404.02,404.55,25621242,406.68,409.34,404.02,404.55,25621242
2021-01-08,394.38,398.10,390.65,395.08,32082969,394.38,398.10,390.65,395.08,32082969,394.38,398.10,390.65,395.08,32082969
2021-01-11,396.44,401.78,391.11,393.85,26220811,396.44,401.78,391.11,393.85,26220811,396.44,401.78,391.11,393.85,26220811
2021-01-12,396.64,402.00,391.29,399.14,25746053,396.64,402.00,391.29,399.14,25746053,396.64,402.00,391.29,399.14,25746053
2021-01-13,401.94,407.59,396.30,401.37,25490244,401.94,407.59,396.30,401.37,25490244,401.94,407.59,396.30,401.37,25490244
2021-01-14,412.76,415.80,409.73,415.57,32015452,412.76,415.80,409.73,415.57,32015452,412.76,415.80,409.73,415.57,32015452
2021-01-15,408.65,414.12,403.19,409.13,24755089,408.65,414.12,403.19,409.13,24755089,408.65,414.12,403.19,409.13,24755089
2021-01-18,413.93,419.56,408.30,413.20,32957983,413.93,419.56,408.30,413.20,32957983,413.93,419.56,408.30,413.20,32957983
2021-01-19,421.28,425.55,417.02,419.95,19053914,421.28,425.55,417.02,419.95,19053914,421.28,425.55,417.02,419.95,19053914
2021-01-20,427.30,433.46,421.13,425.48,20059897,427.30,433.46,421.13,425.48,20059897,427.30,433.46,421.13,425.48,20059897
2021-01-21,423.48,427.02,419.95,424.10,19698976,423.48,427.02,419.95,424.10,19698976,423.48,427.02,419.95,424.10,19698976
2021-01-22,428.67,432.25,425.08,430.22,19593526,428.67,432.25,425.08,430.22,19593526,428.67,432.25,425.08,430.22,19593526
2021-01-25,430.17,435.67,424.67,431.13,24273135,430.17,435.67,424.67,431.13,24273135,430.17,435.67,424.67,431.13,24273135
2021-01-26,423.25,429.13,417.37,424.77,32820067,423.25,429.13,417.37,424.77,32820067,423.25,429.13,417.37,424.77,32820067
2021-01-27,422.04,429.16,414.91,424.17,32810702,422.04,429.16,414.91,424.17,32810702,422.04,429.16,414.91,424.17,32810702
2021-01-28,420.70,425.11,416.28,419.04,27926494,420.70,425.11,416.28,419.04,27926494,420.70,425.11,416.28,419.04,27926494
2021-01-29,432.91,438.79,427.04,432.98,33927675,432.91,438.79,427.04,432.98,33927675,432.91,438.79,427.04,432.98,33927675
2021-02-01,431.59,436.60,426.58,430.36,30556361,431.59,436.60,426.58,430.36,30556361,431.59,436.60,426.58,430.36,30556361
2021-02-02,446.22,449.86,442.59,445.62,21744178,446.22,449.86,442.59,445.62,21744178,446.22,449.86,442.59,445.62,21744178
2021-02-03,433.01,437.63,428.39,431.56,29064895,433.01,437.63,428.39,431.56,29064895,433.01,437.63,428.39,431.56,29064895
2021-02-04,440.21,445.81,434.61,440.23,21737687,440.21,445.81,434.61,440.23,21737687,440.21,445.81,434.61,440.23,21737687
2021-02-05,433.66,437.35,429.96,435.25,27265011,433.66,437.35,429.96,435.25,27265011,433.66,437.35,429.96,435.25,27265011
2021-02-08,425.13,427.30,422.96,425.65,25093377,425.13,427.30,422.96,425.65,25093377,425.13,427.30,422.96,425.65,25093377
2021-02-09,416.99,422.04,411.95,418.53,28846840,416.99,422.04,411.95,418.53,28846840,416.99,422.04,411.95,418.53,28846840
2021-02-10,407.01,411.62,402.41,406.25,22084287,407.01,411.62,402.41,406.25,22084287,407.01,411.62,402.41,406.25,22084287
2021-02-11,404.33,408.50,400.16,403.20,27459387,404.33,408.50,400.16,403.20,27459387,404.33,408.50,400.16,403.20,27459387
2021-02-12,419.59,422.56,416.63,418.11,30909862,419.59,422.56,416.63,418.11,30909862,419.59,422.56,416.63,418.11,30909862
2021-02-15,412.85,419.22,406.48,412.68,26429377,412.85,419.22,406.48,412.68,26429377,412.85,419.22,406.48,412.68,26429377
2021-02-16,407.29,413.22,401.37,406.99,27774919,407.29,413.22,401.37,406.99,27774919,407.29,413.22,401.37,406.99,27774919
2021-02-17,413.97,417.81,410.12,412.86,32709614,413.97,417.81,410.12,412.86,32709614,413.97,417.81,410.12,412.86,32709614
2021-02-18,434.51,438.88,430.14,433.23,19477977,434.51,438.88,430.14,433.23,19477977,434.51,438.88,430.14,433.23,19477977
2021-02-19,436.19,443.94,428.44,437.47,31020880,436.19,443.94,428.44,437.47,31020880,436.19,443.94,428.44,437.47,31020880
2021-02-22,439.58,445.36,433.81,438.10,25148025,439.58,445.36,433.81,438.10,25148025,439.58,445.36,433.81,438.10,25148025
2021-02-23,440.55,447.20,433.90,439.90,25002474,440.55,447.20,433.90,439.90,25002474,440.55,447.20,433.90,439.90,25002474
2021-02-24,438.44,441.42,435.46,436.97,22510321,438.44,441.42,435.46,436.97,22510321,438.44,441.42,435.46,436.97,22510321
2021-02-25,418.84,423.41,414.26,418.72,32097642,418.84,423.41,414.26,418.72,32097642,418.84,423.41,414.26,418.72,32097642
2021-02-26,424.04,428.34,419.75,425.43,32684148,424.04,428.34,419.75,425.43,32684148,424.04,428.34,419.75,425.43,32684148
2021-03-01,424.15,428.16,420.14,424.87,22750868,424.15,428.16,420.14,424.87,22750868,424.15,428.16,420.14,424.87,22750868
2021-03-02,413.54,418.47,408.62,413.01,29909075,413.54,418.47,408.62,413.01,29909075,413.54,418.47,408.62,413.01,29909075
2021-03-03,420.89,423.41,418.36,421.90,19568583,420.89,423.41,418.36,421.90,19568583,420.89,423.41,418.36,421.90,19568583
2021-03-04,427.91,431.41,424.41,426.32,30312385,427.91,431.41,424.41,426.32,30312385,427.91,431.41,424.41,426.32,30312385
2021-03-05,423.73,431.36,416.10,422.02,28494038,423.73,431.36,416.10,422.02,28494038,423.73,431.36,416.10,422.02,28494038
2021-03-08,433.54,436.53,430.55,432.70,23527426,433.54,436.53,430.55,432.70,23527426,433.54,436.53,430.55,432.70,23527426
2021-03-09,439.17,444.17,434.17,437.49,21346555,439.17,444.17,434.17,437.49,21346555,439.17,444.17,434.17,437.49,21346555
2021-03-10,448.33,450.23,446.43,449.03,29688228,448.33,450.23,446.43,449.03,29688228,448.33,450.23,446.43,449.03,29688228
2021-03-11,440.23,445.88,434.59,443.20,23660552,440.23,445.88,434.59,443.20,23660552,440.23,445.88,434.59,443.20,23660552
2021-03-12,442.21,446.82,437.59,440.87,31406229,442.21,446.82,437.59,440.87,31406229,442.21,446.82,437.59,440.87,31406229
2021-03-15,438.16,440.94,435.38,436.57,24047860,438.16,440.94,435.38,436.57,24047860,438.16,440.94,435.38,436.57,24047860
2021-03-16,436.85,441.66,432.04,437.92,31609537,436.85,441.66,432.04,437.92,31609537,436.85,441.66,432.04,437.92,31609537
2021-03-17,428.18,436.16,420.21,429.55,21004831,428.18,436.16,420.21,429.55,21004831,428.18,436.16,420.21,429.55,21004831
2021-03-18,435.80,439.43,432.18,434.00,29642220,435.80,439.43,432.18,434.00,29642220,435.80,439.43,432.18,434.00,29642220
2021-03-19,428.41,433.28,423.53,428.28,28370935,428.41,433.28,423.53,428.28,28370935,428.41,433.28,423.53,428.28,28370935
2021-03-22,429.50,434.79,424.22,432.15,34727009,429.50,434.79,424.22,432.15,34727009,429.50,434.79,424.22,432.15,34727009
2021-03-23,434.19,439.39,429.00,435.49,30052072,434.19,439.39,429.00,435.49,30052072,434.19,439.39,429.00,435.49,30052072
2021-03-24,435.23,440.87,429.60,434.15,33467759,435.23,440.87,429.60,434.15,33467759,435.23,440.87,429.60,434.15,33467759
2021-03-25,439.99,444.50,435.48,438.73,28757702,439.99,444.50,435.48,438.73,28757702,439.99,444.50,435.48,438.73,28757702
2021-03-26,440.56,444.15,436.98,438.37,24231957,440.56,444.15,436.98,438.37,24231957,440.56,444.15,436.98,438.37,24231957
2021-03-29,445.55,449.96,441.15,444.41,27666065,445.55,449.96,441.15,444.41,27666065,445.55,449.96,441.15,444.41,27666065
2021-03-30,446.98,452.32,441.63,444.54,25723748,446.98,452.32,441.63,444.54,25723748,446.98,452.32,441.63,444.54,25723748
2021-03-31,448.20,453.84,442.57,447.94,18108433,448.20,453.84,442.57,447.94,18108433,448.20,453.84,442.57,447.94,18108433
2021-04-01,442.76,446.89,438.64,440.35,18308355,442.76,446.89,438.64,440.35,18308355,442.76,446.89,438.64,440.35,18308355
2021-04-02,438.33,442.20,434.45,438.21,25941200,438.33,442.20,434.45,438.21,25941200,438.33,442.20,434.45,438.21,25941200
2021-04-05,435.96,441.21,430.72,438.82,18683697,435.96,441.21,430.72,438.82,18683697,435.96,441.21,430.72,438.82,18683697
2021-04-06,450.97,459.90,442.04,450.94,21136530,450.97,459.90,442.04,450.94,21136530,450.97,459.90,442.04,450.94,21136530
2021-04-07,450.58,455.06,446.10,451.70,24372139,450.58,455.06,446.10,451.70,24372139,450.58,455.06,446.10,451.70,24372139
2021-04-08,456.06,461.38,450.75,455.82,24632566,456.06,461.38,450.75,455.82,24632566,456.06,461.38,450.75,455.82,24632566
2021-04-09,447.08,450.23,443.92,449.15,18341205,447.08,450.23,443.92,449.15,18341205,447.08,450.23,443.92,449.15,18341205
2021-04-12,434.11,439.10,429.12,433.07,33504261,434.11,439.10,429.12,433.07,33504261,434.11,439.10,429.12,433.07,33504261
2021-04-13,436.98,443.16,430.79,437.70,29345272,436.98,443.16,430.79,437.70,29345272,436.98,443.16,430.79,437.70,29345272
2021-04-14,447.06,454.05,440.08,445.63,17556316,447.06,454.05,440.08,445.63,17556316,447.06,454.05,440.08,445.63,17556316
2021-04-15,437.95,445.23,430.68,438.95,22045807,437.95,445.23,430.68,438.95,22045807,437.95,445.23,430.68,438.95,22045807
2021-04-16,438.40,444.08,432.72,436.05,24523095,438.40,444.08,432.72,436.05,24523095,438.40,444.08,432.72,436.05,24523095
2021-04-19,436.91,440.28,433.53,436.19,21912441,436.91,440.28,433.53,436.19,21912441,436.91,440.28,433.53,436.19,21912441
2021-04-20,432.95,439.95,425.95,436.04,25588846,432.95,439.95,425.95,436.04,25588846,432.95,439.95,425.95,436.04,25588846
2021-04-21,444.05,450.35,437.75,442.86,18218204,444.05,450.35,437.75,442.86,18218204,444.05,450.35,437.75,442.86,18218204
2021-04-22,465.08,469.36,460.80,464.04,31247883,465.08,469.36,460.80,464.04,31247883,465.08,469.36,460.80,464.04,31247883
2021-04-23,455.64,459.36,451.92,458.02,30883216,455.64,459.36,451.92,458.02,30883216,455.64,459.36,451.92,458.02,30883216
2021-04-26,451.34,460.09,442.59,451.86,23506861,451.34,460.09,442.59,451.86,23506861,451.34,460.09,442.59,451.86,23506861
2021-04-27,449.08,453.31,444.86,450.94,22610364,449.08,453.31,444.86,450.94,22610364,449.08,453.31,444.86,450.94,22610364
2021-04-28,454.54,459.61,449.47,454.56,27367764,454.54,459.61,449.47,454.56,27367764,454.54,459.61,449.47,454.56,27367764
2021-04-29,466.02,470.76,461.28,464.80,23242098,466.02,470.76,461.28,464.80,23242098,466.02,470.76,461.28,464.80,23242098
2021-04-30,475.02,480.80,469.23,474.25,27373511,475.02,480.80,469.23,474.25,27373511,475.02,480.80,469.23,474.25,27373511
2021-05-03,472.71,477.20,468.22,470.19,27209617,472.71,477.20,468.22,470.19,27209617,472.71,477.20,468.22,470.19,27209617
2021-05-04,466.62,473.38,459.86,467.14,23062744,466.62,473.38,459.86,467.14,23062744,466.62,473.38,459.86,467.14,23062744
2021-05-05,477.53,482.58,472.48,477.04,22896422,477.53,482.58,472.48,477.04,22896422,477.53,482.58,472.48,477.04,22896422
2021-05-06,490.62,496.00,485.24,489.96,17857229,490.62,496.00,485.24,489.96,17857229,490.62,496.00,485.24,489.96,17857229
2021-05-07,493.75,502.03,485.48,492.44,24455274,493.75,502.03,485.48,492.44,24455274,493.75,502.03,485.48,492.44,24455274
2021-05-10,487.13,491.26,483.00,487.68,30509921,487.13,491.26,483.00,487.68,30509921,487.13,491.26,483.00,487.68,30509921
2021-05-11,508.65,514.35,502.96,506.91,20227986,508.65,514.35,502.96,506.91,20227986,508.65,514.35,502.96,506.91,20227986
2021-05-12,515.08,517.38,512.78,515.62,34092095,515.08,517.38,512.78,515.62,34092095,515.08,517.38,512.78,515.62,34092095
2021-05-13,522.69,528.11,517.26,524.36,30200897,522.69,528.11,517.26,524.36,30200897,522.69,528.11,517.26,524.36,30200897
2021-05-14,535.94,543.23,528.64,534.63,23658430,535.94,543.23,528.64,534.63,23658430,535.94,543.23,528.64,534.63,23658430
2021-05-17,539.55,547.72,531.39,539.45,27549536,539.55,547.72,531.39,539.45,27549536,539.55,547.72,531.39,539.45,27549536
2021-05-18,543.07,551.94,534.20,545.99,24768854,543.07,551.94,534.20,545.99,24768854,543.07,551.94,534.20,545.99,24768854
2021-05-19,546.66,553.38,539.94,548.58,31686102,546.66,553.38,539.94,548.58,31686102,546.66,553.38,539.94,548.58,31686102
2021-05-20,549.20,557.05,541.34,552.10,26799424,549.20,557.05,541.34,552.10,26799424,549.20,557.05,541.34,552.10,26799424
2021-05-21,552.22,556.65,547.79,550.24,34379782,552.22,556.65,547.79,550.24,34379782,552.22,556.65,547.79,550.24,34379782
2021-05-24,542.75,551.83,533.67,542.51,24966998,542.75,551.83,533.67,542.51,24966998,542.75,551.83,533.67,542.51,24966998
2021-05-25,528.81,532.57,525.06,526.74,29796167,528.81,532.57,525.06,526.74,29796167,528.81,532.57,525.06,526.74,29796167
2021-05-26,539.94,544.53,535.35,542.00,22562819,539.94,544.53,535.35,542.00,22562819,539.94,544.53,535.35,542.00,22562819
2021-05-27,538.39,548.58,528.19,536.52,21118311,538.39,548.58,528.19,536.52,21118311,538.39,548.58,528.19,536.52,21118311
2021-05-28,528.42,536.27,520.58,530.76,31387293,528.42,536.27,520.58,530.76,31387293,528.42,536.27,520.58,530.76,31387293
2021-05-31,533.10,538.37,527.84,532.39,30978920,533.10,538.37,527.84,532.39,30978920,533.10,538.37,527.84,532.39,30978920
2021-06-01,522.20,525.88,518.53,519.85,18386436,522.20,525.88,518.53,519.85,18386436,522.20,525.88,518.53,519.85,18386436
2021-06-02,511.86,517.78,505.95,513.62,34039798,511.86,517.78,505.95,513.62,34039798,511.86,517.78,505.95,513.62,34039798
2021-06-03,519.86,524.78,514.94,517.02,25817251,519.86,524.78,514.94,517.02,25817251,519.86,524.78,514.94,517.02,25817251
2021-06-04,510.37,516.57,504.17,508.56,19661165,510.37,516.57,504.17,508.56,19661165,510.37,516.57,504.17,508.56,19661165
2021-06-07,517.80,525.64,509.96,515.61,28516962,517.80,525.64,509.96,515.61,28516962,517.80,525.64,509.96,515.61,28516962
2021-06-08,530.03,534.39,525.66,528.66,25772824,530.03,534.39,525.66,528.66,25772824,530.03,534.39,525.66,528.66,25772824
2021-06-09,539.21,546.96,531.46,540.62,26049109,539.21,546.96,531.46,540.62,26049109,539.21,546.96,531.46,540.62,26049109
2021-06-10,528.35,533.92,522.79,531.70,18920471,528.35,533.92,522.79,531.70,18920471,528.35,533.92,522.79,531.70,18920471
2021-06-11,534.77,539.86,529.68,533.65,30714874,534.77,539.86,529.68,533.65,30714874,534.77,539.86,529.68,533.65,30714874
2021-06-14,517.28,520.01,514.56,516.64,24676438,517.28,520.01,514.56,516.64,24676438,517.28,520.01,514.56,516.64,24676438
2021-06-15,508.49,512.99,503.99,507.13,30785500,508.49,512.99,503.99,507.13,30785500,508.49,512.99,503.99,507.13,30785500
2021-06-16,504.99,508.70,501.27,504.88,34345693,504.99,508.70,501.27,504.88,34345693,504.99,508.70,501.27,504.88,34345693
2021-06-17,513.46,521.41,505.52,509.64,28111458,513.46,521.41,505.52,509.64,28111458,513.46,521.41,505.52,509.64,28111458
2021-06-18,507.35,514.81,499.89,507.33,20664007,507.35,514.81,499.89,507.33,20664007,507.35,514.81,499.89,507.33,20664007
2021-06-21,510.31,512.80,507.81,511.25,28245904,510.31,512.80,507.81,511.25,28245904,510.31,512.80,507.81,511.25,28245904
2021-06-22,512.10,517.49,506.71,513.31,21808828,512.10,517.49,506.71,513.31,21808828,512.10,517.49,506.71,513.31,21808828
2021-06-23,519.47,521.05,517.88,520.99,19347222,519.47,521.05,517.88,520.99,19347222,519.47,521.05,517.88,520.99,19347222
2021-06-24,535.18,544.41,525.95,534.51,22059587,535.18,544.41,525.95,534.51,22059587,535.18,544.41,525.95,534.51,22059587
2021-06-25,535.32,541.42,529.22,535.58,20628742,535.32,541.42,529.22,535.58,20628742,535.32,541.42,529.22,535.58,20628742
2021-06-28,540.32,549.08,531.55,537.48,21526390,540.32,549.08,531.55,537.48,21526390,540.32,549.08,531.55,537.48,21526390
2021-06-29,545.07,550.77,539.38,543.21,31573788,545.07,550.77,539.38,543.21,31573788,545.07,550.77,539.38,543.21,31573788
2021-06-30,550.21,553.32,547.11,551.02,20439501,550.21,553.32,547.11,551.02,20439501,550.21,553.32,547.11,551.02,20439501
2021-07-01,551.61,558.77,544.44,549.85,30922386,551.61,558.77,544.44,549.85,30922386,551.61,558.77,544.44,549.85,30922386
2021-07-02,552.67,560.02,545.33,550.55,31839142,552.67,560.02,545.33,550.55,31839142,552.67,560.02,545.33,550.55,31839142
2021-07-05,575.06,579.30,570.83,574.16,22485822,575.06,579.30,570.83,574.16,22485822,575.06,579.30,570.83,574.16,22485822
2021-07-06,578.80,581.68,575.91,577.39,22293557,578.80,581.68,575.91,577.39,22293557,578.80,581.68,575.91,577.39,22293557
2021-07-07,569.03,573.12,564.95,569.94,20536870,569.03,573.12,564.95,569.94,20536870,569.03,573.12,564.95,569.94,20536870
2021-07-08,546.67,553.76,539.58,546.00,21842885,546.67,553.76,539.58,546.00,21842885,546.67,553.76,539.58,546.00,21842885
2021-07-09,549.04,554.85,543.24,549.98,29759614,549.04,554.85,543.24,549.98,29759614,549.04,554.85,543.24,549.98,29759614
2021-07-12,568.76,574.53,562.99,565.64,23125287,568.76,574.53,562.99,565.64,23125287,568.76,574.53,562.99,565.64,23125287
2021-07-13,556.64,563.34,549.93,558.73,27681537,556.64,563.34,549.93,558.73,27681537,556.64,563.34,549.93,558.73,27681537
2021-07-14,567.21,571.11,563.31,566.32,24584348,567.21,571.11,563.31,566.32,24584348,567.21,571.11,563.31,566.32,24584348
2021-07-15,569.99,574.40,565.59,568.59,27352544,569.99,574.40,565.59,568.59,27352544,569.99,574.40,565.59,568.59,27352544
2021-07-16,583.87,588.72,579.02,582.28,32507383,583.87,588.72,579.02,582.28,32507383,583.87,588.72,579.02,582.28,32507383
2021-07-19,575.28,582.68,567.87,574.93,25428485,575.28,582.68,567.87,574.93,25428485,575.28,582.68,567.87,574.93,25428485
2021-07-20,582.83,588.71,576.95,584.34,27133513,582.83,588.71,576.95,584.34,27133513,582.83,588.71,576.95,584.34,27133513
2021-07-21,592.83,599.34,586.31,591.70,33894257,592.83,599.34,586.31,591.70,33894257,592.83,599.34,586.31,591.70,33894257
2021-07-22,587.76,594.28,581.23,585.47,17528097,587.76,594.28,581.23,585.47,17528097,587.76,594.28,581.23,585.47,17528097
2021-07-23,584.48,589.82,579.14,582.15,21412887,584.48,589.82,579.14,582.15,21412887,584.48,589.82,579.14,582.15,21412887
2021-07-26,576.88,580.39,573.38,579.27,21208471,576.88,580.39,573.38,579.27,21208471,576.88,580.39,573.38,579.27,21208471
2021-07-27,595.41,600.65,590.18,595.97,22307595,595.41,600.65,590.18,595.97,22307595,595.41,600.65,590.18,595.97,22307595
2021-07-28,588.06,595.54,580.58,585.16,33770275,588.06,595.54,580.58,585.16,33770275,588.06,595.54,580.58,585.16,33770275
2021-07-29,589.86,595.75,583.96,592.57,33233243,589.86,595.75,583.96,592.57,33233243,589.86,595.75,583.96,592.57,33233243
2021-07-30,599.09,606.18,592.01,597.91,34489507,599.09,606.18,592.01,597.91,34489507,599.09,606.18,592.01,597.91,34489507
2021-08-02,634.82,640.76,628.89,631.67,29085768,634.82,640.76,628.89,631.67,29085768,634.82,640.76,628.89,631.67,29085768
2021-08-03,648.72,655.01,642.43,648.98,32422756,648.72,655.01,642.43,648.98,32422756,648.72,655.01,642.43,648.98,32422756
2021-08-04,646.16,655.30,637.02,643.45,27147936,646.16,655.30,637.02,643.45,27147936,646.16,655.30,637.02,643.45,27147936
2021-08-05,677.29,686.67,667.91,674.60,29461367,677.29,686.67,667.91,674.60,29461367,677.29,686.67,667.91,674.60,29461367
2021-08-06,693.29,701.26,685.32,695.65,30433464,693.29,701.26,685.32,695.65,30433464,693.29,701.26,685.32,695.65,30433464
2021-08-09,692.95,701.87,684.03,692.40,31763183,692.95,701.87,684.03,692.40,31763183,692.95,701.87,684.03,692.40,31763183
2021-08-10,689.40,694.30,684.50,685.64,26723231,689.40,694.30,684.50,685.64,26723231,689.40,694.30,684.50,685.64,26723231
2021-08-11,697.39,708.75,686.03,698.27,22619851,697.39,708.75,686.03,698.27,22619851,697.39,708.75,686.03,698.27,22619851
2021-08-12,688.91,697.99,679.84,689.09,27122188,688.91,697.99,679.84,689.09,27122188,688.91,697.99,679.84,689.09,27122188
2021-08-13,695.65,702.48,688.83,696.28,25448550,695.65,702.48,688.83,696.28,25448550,695.65,702.48,688.83,696.28,25448550
2021-08-16,701.22,706.82,695.62,702.36,21098471,701.22,706.82,695.62,702.36,21098471,701.22,706.82,695.62,702.36,21098471
2021-08-17,686.30,691.64,680.95,685.36,18010938,686.30,691.64,680.95,685.36,18010938,686.30,691.64,680.95,685.36,18010938
2021-08-18,674.43,685.41,663.46,673.62,18656972,674.43,685.41,663.46,673.62,18656972,674.43,685.41,663.46,673.62,18656972
2021-08-19,694.87,700.45,689.29,689.96,33572021,694.87,700.45,689.29,689.96,33572021,694.87,700.45,689.29,689.96,33572021
2021-08-20,687.38,692.40,682.36,691.90,33658459,687.38,692.40,682.36,691.90,33658459,687.38,692.40,682.36,691.90,33658459
2021-08-23,698.35,703.58,693.13,700.08,30877372,698.35,703.58,693.13,700.08,30877372,698.35,703.58,693.13,700.08,30877372
2021-08-24,694.12,702.59,685.65,697.73,30327985,694.12,702.59,685.65,697.73,30327985,694.12,702.59,685.65,697.73,30327985
2021-08-25,711.83,721.27,702.38,710.42,27289215,711.83,721.27,702.38,710.42,27289215,711.83,721.27,702.38,710.42,27289215
2021-08-26,727.63,739.96,715.29,722.86,23768485,727.63,739.96,715.29,722.86,23768485,727.63,739.96,715.29,722.86,23768485
2021-08-27,724.47,729.01,719.92,720.20,25853713,724.47,729.01,719.92,720.20,25853713,724.47,729.01,719.92,720.20,25853713
2021-08-30,698.04,704.71,691.37,699.39,25353471,698.04,704.71,691.37,699.39,25353471,698.04,704.71,691.37,699.39,25353471
2021-08-31,695.05,709.07,681.03,695.76,27571057,695.05,709.07,681.03,695.76,27571057,695.05,709.07,681.03,695.76,27571057
2021-09-01,710.10,721.14,699.05,707.56,21778976,710.10,721.14,699.05,707.56,21778976,710.10,721.14,699.05,707.56,21778976
2021-09-02,681.09,689.42,672.76,686.29,18189822,681.09,689.42,672.76,686.29,18189822,681.09,689.42,672.76,686.29,18189822
2021-09-03,678.08,686.74,669.41,675.44,34940898,678.08,686.74,669.41,675.44,34940898,678.08,686.74,669.41,675.44,34940898
2021-09-06,680.79,687.45,674.13,680.82,18834707,680.79,687.45,674.13,680.82,18834707,680.79,687.45,674.13,680.82,18834707
2021-09-07,669.32,674.47,664.17,670.36,23893639,669.32,674.47,664.17,670.36,23893639,669.32,674.47,664.17,670.36,23893639
2021-09-08,656.98,663.18,650.79,659.10,33494746,656.98,663.18,650.79,659.10,33494746,656.98,663.18,650.79,659.10,33494746
2021-09-09,688.30,696.50,680.11,687.22,23941754,688.30,696.50,680.11,687.22,23941754,688.30,696.50,680.11,687.22,23941754
2021-09-10,682.67,693.43,671.92,680.94,28780380,682.67,693.43,671.92,680.94,28780380,682.67,693.43,671.92,680.94,28780380
2021-09-13,690.29,692.92,687.67,687.94,29644777,690.29,692.92,687.67,687.94,29644777,690.29,692.92,687.67,687.94,29644777
2021-09-14,692.60,701.24,683.95,690.96,23761717,692.60,701.24,683.95,690.96,23761717,692.60,701.24,683.95,690.96,23761717
2021-09-15,701.16,711.25,691.07,701.04,24382995,701.16,711.25,691.07,701.04,24382995,701.16,711.25,691.07,701.04,24382995
2021-09-16,689.50,696.81,682.19,691.13,18395889,689.50,696.81,682.19,691.13,18395889,689.50,696.81,682.19,691.13,18395889
2021-09-17,666.19,672.34,660.04,664.50,19821430,666.19,672.34,660.04,664.50,19821430,666.19,672.34,660.04,664.50,19821430
2021-09-20,672.82,678.55,667.09,668.75,31923394,672.82,678.55,667.09,668.75,31923394,672.82,678.55,667.09,668.75,31923394
2021-09-21,679.73,688.31,671.16,679.53,28966672,679.73,688.31,671.16,679.53,28966672,679.73,688.31,671.16,679.53,28966672
2021-09-22,661.16,663.87,658.46,663.29,32413617,661.16,663.87,658.46,663.29,32413617,661.16,663.87,658.46,663.29,32413617
2021-09-23,644.61,651.38,637.84,644.78,23598544,644.61,651.38,637.84,644.78,23598544,644.61,651.38,637.84,644.78,23598544
2021-09-24,642.45,649.28,635.63,644.79,22809902,642.45,649.28,635.63,644.79,22809902,642.45,649.28,635.63,644.79,22809902
2021-09-27,647.11,652.99,641.23,650.15,29404798,647.11,652.99,641.23,650.15,29404798,647.11,652.99,641.23,650.15,29404798
2021-09-28,639.74,646.05,633.43,639.62,17896395,639.74,646.05,633.43,639.62,17896395,639.74,646.05,633.43,639.62,17896395
2021-09-29,657.19,662.43,651.94,654.19,32937080,657.19,662.43,651.94,654.19,32937080,657.19,662.43,651.94,654.19,32937080
2021-09-30,680.03,684.63,675.43,678.30,27392915,680.03,684.63,675.43,678.30,27392915,680.03,684.63,675.43,678.30,27392915
2021-10-01,671.23,678.71,663.74,670.89,27125983,671.23,678.71,663.74,670.89,27125983,671.23,678.71,663.74,670.89,27125983
2021-10-04,655.93,663.56,648.31,655.55,29165978,655.93,663.56,648.31,655.55,29165978,655.93,663.56,648.31,655.55,29165978
2021-10-05,651.44,659.95,642.92,652.76,27779027,651.44,659.95,642.92,652.76,27779027,651.44,659.95,642.92,652.76,27779027
2021-10-06,663.01,671.15,654.88,656.48,25703503,663.01,671.15,654.88,656.48,25703503,663.01,671.15,654.88,656.48,25703503
2021-10-07,664.24,667.77,660.72,661.93,27293674,664.24,667.77,660.72,661.93,27293674,664.24,667.77,660.72,661.93,27293674
2021-10-08,674.09,678.22,669.96,671.58,28392791,674.09,678.22,669.96,671.58,28392791,674.09,678.22,669.96,671.58,28392791
2021-10-11,678.27,686.31,670.23,680.90,32326640,678.27,686.31,670.23,680.90,32326640,678.27,686.31,670.23,680.90,32326640
2021-10-12,680.44,685.50,675.38,682.11,30391231,680.44,685.50,675.38,682.11,30391231,680.44,685.50,675.38,682.11,30391231
2021-10-13,701.97,707.50,696.45,704.46,24037134,701.97,707.50,696.45,704.46,24037134,701.97,707.50,696.45,704.46,24037134
2021-10-14,699.54,709.16,689.92,694.45,28485232,699.54,709.16,689.92,694.45,28485232,699.54,709.16,689.92,694.45,28485232
2021-10-15,696.44,705.16,687.72,698.33,28133714,696.44,705.16,687.72,698.33,28133714,696.44,705.16,687.72,698.33,28133714
2021-10-18,692.22,695.58,688.86,691.02,30301379,692.22,695.58,688.86,691.02,30301379,692.22,695.58,688.86,691.02,30301379
2021-10-19,716.80,726.50,707.11,715.82,23106848,716.80,726.50,707.11,715.82,23106848,716.80,726.50,707.11,715.82,23106848
2021-10-20,708.24,714.97,701.52,709.59,23124854,708.24,714.97,701.52,709.59,23124854,708.24,714.97,701.52,709.59,23124854
2021-10-21,694.89,704.60,685.18,693.29,32729872,694.89,704.60,685.18,693.29,32729872,694.89,704.60,685.18,693.29,32729872
2021-10-22,703.88,710.72,697.04,703.75,27582449,703.88,710.72,697.04,703.75,27582449,703.88,710.72,697.04,703.75,27582449
2021-10-25,691.29,697.53,685.06,696.07,17982237,691.29,697.53,685.06,696.07,17982237,691.29,697.53,685.06,696.07,17982237
2021-10-26,707.51,718.04,696.98,709.66,27242229,707.51,718.04,696.98,709.66,27242229,707.51,718.04,696.98,709.66,27242229
2021-10-27,697.59,704.01,691.18,701.56,24274358,697.59,704.01,691.18,701.56,24274358,697.59,704.01,691.18,701.56,24274358
2021-10-28,708.43,715.85,701.02,711.19,32060397,708.43,715.85,701.02,711.19,32060397,708.43,715.85,701.02,711.19,32060397
2021-10-29,733.36,739.52,727.20,728.82,25011544,733.36,739.52,727.20,728.82,25011544,733.36,739.52,727.20,728.82,25011544
2021-11-01,727.44,730.66,724.23,727.53,21213041,727.44,730.66,724.23,727.53,21213041,727.44,730.66,724.23,727.53,21213041
2021-11-02,725.34,733.82,716.86,724.52,32708699,725.34,733.82,716.86,724.52,32708699,725.34,733.82,716.86,724.52,32708699
2021-11-03,723.68,730.53,716.83,724.64,20330236,723.68,730.53,716.83,724.64,20330236,723.68,730.53,716.83,724.64,20330236
2021-11-04,729.66,739.95,719.37,726.03,32576064,729.66,739.95,719.37,726.03,32576064,729.66,739.95,719.37,726.03,32576064
2021-11-05,733.97,742.70,725.24,732.93,32631864,733.97,742.70,725.24,732.93,32631864,733.97,742.70,725.24,732.93,32631864
2021-11-08,738.51,749.11,727.91,737.15,20328405,738.51,749.11,727.91,737.15,20328405,738.51,749.11,727.91,737.15,20328405
2021-11-09,744.52,751.70,737.34,746.31,32715482,744.52,751.70,737.34,746.31,32715482,744.52,751.70,737.34,746.31,32715482
2021-11-10,728.28,738.51,718.05,731.03,23043133,728.28,738.51,718.05,731.03,23043133,728.28,738.51,718.05,731.03,23043133
2021-11-11,732.87,744.82,720.93,729.21,34159587,732.87,744.82,720.93,729.21,34159587,732.87,744.82,720.93,729.21,34159587
2021-11-12,698.62,703.89,693.34,694.55,27311984,698.62,703.89,693.34,694.55,27311984,698.62,703.89,693.34,694.55,27311984
2021-11-15,689.59,696.38,682.80,685.90,18483459,689.59,696.38,682.80,685.90,18483459,689.59,696.38,682.80,685.90,18483459
2021-11-16,675.97,683.31,668.62,671.48,23617782,675.97,683.31,668.62,671.48,23617782,675.97,683.31,668.62,671.48,23617782
2021-11-17,653.15,666.06,640.25,651.01,18733454,653.15,666.06,640.25,651.01,18733454,653.15,666.06,640.25,651.01,18733454
2021-11-18,663.20,672.31,654.08,658.99,29026304,663.20,672.31,654.08,658.99,29026304,663.20,672.31,654.08,658.99,29026304
2021-11-19,651.71,654.15,649.26,653.89,24263017,651.71,654.15,649.26,653.89,24263017,651.71,654.15,649.26,653.89,24263017
2021-11-22,636.34,646.04,626.63,634.61,24337345,636.34,646.04,626.63,634.61,24337345,636.34,646.04,626.63,634.61,24337345
2021-11-23,622.86,627.07,618.65,619.33,23699191,622.86,627.07,618.65,619.33,23699191,622.86,627.07,618.65,619.33,23699191
2021-11-24,609.99,616.00,603.99,606.57,34720232,609.99,616.00,603.99,606.57,34720232,609.99,616.00,603.99,606.57,34720232
2021-11-25,609.75,616.82,602.68,609.33,29876046,609.75,616.82,602.68,609.33,29876046,609.75,616.82,602.68,609.33,29876046
2021-11-26,618.05,622.39,613.72,615.25,19519126,618.05,622.39,613.72,615.25,19519126,618.05,622.39,613.72,615.25,19519126
2021-11-29,614.00,619.13,608.88,610.76,21789105,614.00,619.13,608.88,610.76,21789105,614.00,619.13,608.88,610.76,21789105
2021-11-30,600.83,609.94,591.71,598.14,28395571,600.83,609.94,591.71,598.14,28395571,600.83,609.94,591.71,598.14,28395571
2021-12-01,610.93,619.35,602.50,609.04,18609842,610.93,619.35,602.50,609.04,18609842,610.93,619.35,602.50,609.04,18609842
2021-12-02,611.97,617.54,606.41,611.39,23665341,611.97,617.54,606.41,611.39,23665341,611.97,617.54,606.41,611.39,23665341
2021-12-03,628.61,632.84,624.38,628.22,33459275,628.61,632.84,624.38,628.22,33459275,628.61,632.84,624.38,628.22,33459275
2021-12-06,638.14,642.93,633.36,639.54,29680276,638.14,642.93,633.36,639.54,29680276,638.14,642.93,633.36,639.54,29680276
2021-12-07,638.02,643.81,632.22,637.77,21339733,638.02,643.81,632.22,637.77,21339733,638.02,643.81,632.22,637.77,21339733
2021-12-08,630.33,635.06,625.60,628.68,29069159,630.33,635.06,625.60,628.68,29069159,630.33,635.06,625.60,628.68,29069159
2021-12-09,640.50,649.25,631.75,638.83,19038831,640.50,649.25,631.75,638.83,19038831,640.50,649.25,631.75,638.83,19038831
2021-12-10,645.05,650.84,639.27,644.20,19385380,645.05,650.84,639.27,644.20,19385380,645.05,650.84,639.27,644.20,19385380
2021-12-13,650.00,657.20,642.80,650.27,32744420,650.00,657.20,642.80,650.27,32744420,650.00,657.20,642.80,650.27,32744420
2021-12-14,650.83,659.15,642.51,647.59,18731923,650.83,659.15,642.51,647.59,18731923,650.83,659.15,642.51,647.59,18731923
2021-12-15,662.29,669.10,655.49,663.67,33722939,662.29,669.10,655.49,663.67,33722939,662.29,669.10,655.49,663.67,33722939
2021-12-16,654.27,662.04,646.49,654.69,23118996,654.27,662.04,646.49,654.69,23118996,654.27,662.04,646.49,654.69,23118996
2021-12-17,650.46,657.65,643.27,650.63,25693817,650.46,657.65,643.27,650.63,25693817,650.46,657.65,643.27,650.63,25693817
2021-12-20,655.20,664.59,645.81,657.57,32237248,655.20,664.59,645.81,657.57,32237248,655.20,664.59,645.81,657.57,32237248
2021-12-21,668.85,678.33,659.37,666.31,28678380,668.85,678.33,659.37,666.31,28678380,668.85,678.33,659.37,666.31,28678380
2021-12-22,656.95,665.75,648.15,656.36,24088153,656.95,665.75,648.15,656.36,24088153,656.95,665.75,648.15,656.36,24088153
2021-12-23,640.27,645.94,634.60,638.50,25936911,640.27,645.94,634.60,638.50,25936911,640.27,645.94,634.60,638.50,25936911
2021-12-24,643.16,646.77,639.55,644.33,18732086,643.16,646.77,639.55,644.33,18732086,643.16,646.77,639.55,644.33,18732086
2021-12-27,656.12,666.63,645.60,654.43,34204153,656.12,666.63,645.60,654.43,34204153,656.12,666.63,645.60,654.43,34204153
2021-12-28,635.19,643.37,627.00,636.08,25034083,635.19,643.37,627.00,636.08,25034083,635.19,643.37,627.00,636.08,25034083
2021-12-29,643.36,654.40,632.33,644.48,20860573,643.36,654.40,632.33,644.48,20860573,643.36,654.40,632.33,644.48,20860573
2021-12-30,649.17,655.07,643.26,647.32,29293206,649.17,655.07,643.26,647.32,29293206,649.17,655.07,643.26,647.32,29293206
2021-12-31,617.50,625.18,609.82,616.79,28167275,617.50,625.18,609.82,616.79,28167275,617.50,625.18,609.82,616.79,28167275
2022-01-03,619.71,628.85,610.58,619.14,25195096,619.71,628.85,610.58,619.14,25195096,619.71,628.85,610.58,619.14,25195096
2022-01-04,616.50,621.32,611.69,617.88,34084033,616.50,621.32,611.69,617.88,34084033,616.50,621.32,611.69,617.88,34084033
2022-01-05,608.93,614.53,603.33,609.09,22288255,608.93,614.53,603.33,609.09,22288255,608.93,614.53,603.33,609.09,22288255
2022-01-06,595.10,602.00,588.20,597.42,30113480,595.10,602.00,588.20,597.42,30113480,595.10,602.00,588.20,597.42,30113480
2022-01-07,589.81,594.56,585.06,589.49,19456045,589.81,594.56,585.06,589.49,19456045,589.81,594.56,585.06,589.49,19456045
2022-01-10,602.06,606.59,597.53,600.58,19173591,602.06,606.59,597.53,600.58,19173591,602.06,606.59,597.53,600.58,19173591
2022-01-11,601.98,608.05,595.92,601.48,20250351,601.98,608.05,595.92,601.48,20250351,601.98,608.05,595.92,601.48,20250351
2022-01-12,610.70,616.76,604.64,611.03,24979195,610.70,616.76,604.64,611.03,24979195,610.70,616.76,604.64,611.03,24979195
2022-01-13,614.33,622.99,605.66,615.29,19822247,614.33,622.99,605.66,615.29,19822247,614.33,622.99,605.66,615.29,19822247
2022-01-14,604.54,608.47,600.62,605.62,26118187,604.54,608.47,600.62,605.62,26118187,604.54,608.47,600.62,605.62,26118187
2022-01-17,607.95,614.79,601.12,607.67,20588921,607.95,614.79,601.12,607.67,20588921,607.95,614.79,601.12,607.67,20588921
2022-01-18,617.19,626.55,607.83,614.83,18165474,617.19,626.55,607.83,614.83,18165474,617.19,626.55,607.83,614.83,18165474
2022-01-19,608.18,614.24,602.12,607.20,34310120,608.18,614.24,602.12,607.20,34310120,608.18,614.24,602.12,607.20,34310120
2022-01-20,604.07,609.88,598.25,603.48,34510962,604.07,609.88,598.25,603.48,34510962,604.07,609.88,598.25,603.48,34510962
2022-01-21,619.83,627.39,612.27,619.65,17619940,619.83,627.39,612.27,619.65,17619940,619.83,627.39,612.27,619.65,17619940
2022-01-24,601.05,606.73,595.37,595.75,26502178,601.05,606.73,595.37,595.75,26502178,601.05,606.73,595.37,595.75,26502178
2022-01-25,605.22,614.71,595.72,608.75,20730870,605.22,614.71,595.72,608.75,20730870,605.22,614.71,595.72,608.75,20730870
2022-01-26,606.21,613.78,598.63,607.59,25936814,606.21,613.78,598.63,607.59,25936814,606.21,613.78,598.63,607.59,25936814
2022-01-27,615.18,621.20,609.17,614.74,30672505,615.18,621.20,609.17,614.74,30672505,615.18,621.20,609.17,614.74,30672505
2022-01-28,616.74,623.51,609.97,616.28,20208698,616.74,623.51,609.97,616.28,20208698,616.74,623.51,609.97,616.28,20208698
2022-01-31,629.65,636.96,622.35,628.15,18853141,629.65,636.96,622.35,628.15,18853141,629.65,636.96,622.35,628.15,18853141
2022-02-01,626.76,635.07,618.45,625.24,28486852,626.76,635.07,618.45,625.24,28486852,626.76,635.07,618.45,625.24,28486852
2022-02-02,625.13,630.89,619.37,624.72,22988489,625.13,630.89,619.37,624.72,22988489,625.13,630.89,619.37,624.72,22988489
2022-02-03,633.86,638.23,629.48,630.55,21664000,633.86,638.23,629.48,630.55,21664000,633.86,638.23,629.48,630.55,21664000
2022-02-04,639.11,650.74,627.48,638.82,19223685,639.11,650.74,627.48,638.82,19223685,639.11,650.74,627.48,638.82,19223685
2022-02-07,628.63,638.78,618.48,629.34,28526450,628.63,638.78,618.48,629.34,28526450,628.63,638.78,618.48,629.34,28526450
2022-02-08,630.26,635.34,625.17,629.73,23132434,630.26,635.34,625.17,629.73,23132434,630.26,635.34,625.17,629.73,23132434
2022-02-09,612.72,619.26,606.19,611.97,24516034,612.72,619.26,606.19,611.97,24516034,612.72,619.26,606.19,611.97,24516034
2022-02-10,631.46,634.68,628.23,631.19,26211172,631.46,634.68,628.23,631.19,26211172,631.46,634.68,628.23,631.19,26211172
2022-02-11,619.01,631.08,606.95,619.22,32928730,619.01,631.08,606.95,619.22,32928730,619.01,631.08,606.95,619.22,32928730
2022-02-14,597.89,607.32,588.46,595.61,25493926,597.89,607.32,588.46,595.61,25493926,597.89,607.32,588.46,595.61,25493926
2022-02-15,593.26,599.30,587.23,592.87,19543381,593.26,599.30,587.23,592.87,19543381,593.26,599.30,587.23,592.87,19543381
2022-02-16,604.34,612.62,596.06,602.93,20202223,604.34,612.62,596.06,602.93,20202223,604.34,612.62,596.06,602.93,20202223
2022-02-17,590.18,592.67,587.69,590.07,28244308,590.18,592.67,587.69,590.07,28244308,590.18,592.67,587.69,590.07,28244308
2022-02-18,609.53,616.75,602.31,605.58,33006399,609.53,616.75,602.31,605.58,33006399,609.53,616.75,602.31,605.58,33006399
2022-02-21,600.49,606.98,594.00,599.59,19950783,600.49,606.98,594.00,599.59,19950783,600.49,606.98,594.00,599.59,19950783
2022-02-22,616.49,624.39,608.58,613.39,17881438,616.49,624.39,608.58,613.39,17881438,616.49,624.39,608.58,613.39,17881438
2022-02-23,623.93,632.53,615.34,625.77,32324072,623.93,632.53,615.34,625.77,32324072,623.93,632.53,615.34,625.77,32324072
2022-02-24,625.54,636.46,614.61,624.16,26566168,625.54,636.46,614.61,624.16,26566168,625.54,636.46,614.61,624.16,26566168
2022-02-25,638.56,648.28,628.85,636.42,27503232,638.56,648.28,628.85,636.42,27503232,638.56,648.28,628.85,636.42,27503232
2022-02-28,657.64,663.54,651.75,657.66,32756067,657.64,663.54,651.75,657.66,32756067,657.64,663.54,651.75,657.66,32756067
2022-03-01,644.90,652.43,637.37,644.02,18198967,644.90,652.43,637.37,644.02,18198967,644.90,652.43,637.37,644.02,18198967
2022-03-02,634.61,642.63,626.59,631.47,23458153,634.61,642.63,626.59,631.47,23458153,634.61,642.63,626.59,631.47,23458153
2022-03-03,623.39,633.05,613.73,623.87,22135070,623.39,633.05,613.73,623.87,22135070,623.39,633.05,613.73,623.87,22135070
2022-03-04,622.08,632.06,612.10,620.89,28143208,622.08,632.06,612.10,620.89,28143208,622.08,632.06,612.10,620.89,28143208
2022-03-07,602.09,612.17,592.01,599.86,29732090,602.09,612.17,592.01,599.86,29732090,602.09,612.17,592.01,599.86,29732090
2022-03-08,595.31,601.47,589.15,595.75,23249182,595.31,601.47,589.15,595.75,23249182,595.31,601.47,589.15,595.75,23249182
2022-03-09,603.16,610.07,596.24,604.18,24660998,603.16,610.07,596.24,604.18,24660998,603.16,610.07,596.24,604.18,24660998
2022-03-10,610.23,615.89,604.58,609.76,33815265,610.23,615.89,604.58,609.76,33815265,610.23,615.89,604.58,609.76,33815265
2022-03-11,627.58,635.39,619.76,627.26,33109889,627.58,635.39,619.76,627.26,33109889,627.58,635.39,619.76,627.26,33109889
2022-03-14,640.58,647.26,633.91,635.12,18554504,640.58,647.26,633.91,635.12,18554504,640.58,647.26,633.91,635.12,18554504
2022-03-15,626.94,633.74,620.13,627.13,24681112,626.94,633.74,620.13,627.13,24681112,626.94,633.74,620.13,627.13,24681112
2022-03-16,619.40,625.27,613.53,622.63,34618125,619.40,625.27,613.53,622.63,34618125,619.40,625.27,613.53,622.63,34618125
2022-03-17,615.31,623.20,607.42,615.33,34637340,615.31,623.20,607.42,615.33,34637340,615.31,623.20,607.42,615.33,34637340
2022-03-18,616.32,620.21,612.43,620.02,20644910,616.32,620.21,612.43,620.02,20644910,616.32,620.21,612.43,620.02,20644910
2022-03-21,617.30,626.72,607.88,615.46,27919478,617.30,626.72,607.88,615.46,27919478,617.30,626.72,607.88,615.46,27919478
2022-03-22,616.63,621.27,612.00,616.09,30396675,616.63,621.27,612.00,616.09,30396675,616.63,621.27,612.00,616.09,30396675
2022-03-23,621.16,627.32,615.00,620.99,24833883,621.16,627.32,615.00,620.99,24833883,621.16,627.32,615.00,620.99,24833883
2022-03-24,627.06,636.48,617.64,627.97,17541717,627.06,636.48,617.64,627.97,17541717,627.06,636.48,617.64,627.97,17541717
2022-03-25,641.30,649.12,633.48,639.08,29568309,641.30,649.12,633.48,639.08,29568309,641.30,649.12,633.48,639.08,29568309
2022-03-28,626.50,633.81,619.20,626.53,33206276,626.50,633.81,619.20,626.53,33206276,626.50,633.81,619.20,626.53,33206276
2022-03-29,604.32,610.51,598.13,607.18,20469816,604.32,610.51,598.13,607.18,20469816,604.32,610.51,598.13,607.18,20469816
2022-03-30,602.68,608.63,596.74,605.38,26771801,602.68,608.63,596.74,605.38,26771801,602.68,608.63,596.74,605.38,26771801
2022-03-31,604.21,610.31,598.11,605.86,29985555,604.21,610.31,598.11,605.86,29985555,604.21,610.31,598.11,605.86,29985555
2022-04-01,594.64,600.45,588.84,591.52,27887611,594.64,600.45,588.84,591.52,27887611,594.64,600.45,588.84,591.52,27887611
2022-04-04,597.76,607.76,587.75,596.93,33412165,597.76,607.76,587.75,596.93,33412165,597.76,607.76,587.75,596.93,33412165
2022-04-05,592.63,598.12,587.13,591.37,32682571,592.63,598.12,587.13,591.37,32682571,592.63,598.12,587.13,591.37,32682571
2022-04-06,579.43,589.17,569.69,575.94,23849273,579.43,589.17,569.69,575.94,23849273,579.43,589.17,569.69,575.94,23849273
2022-04-07,587.75,595.39,580.12,587.18,21232986,587.75,595.39,580.12,587.18,21232986,587.75,595.39,580.12,587.18,21232986
2022-04-08,584.81,591.74,577.88,583.80,28171128,584.81,591.74,577.88,583.80,28171128,584.81,591.74,577.88,583.80,28171128
2022-04-11,603.93,611.09,596.77,602.16,21893624,603.93,611.09,596.77,602.16,21893624,603.93,611.09,596.77,602.16,21893624
2022-04-12,598.30,605.51,591.08,599.64,32131213,598.30,605.51,591.08,599.64,32131213,598.30,605.51,591.08,599.64,32131213
2022-04-13,592.33,596.88,587.77,591.53,18633871,592.33,596.88,587.77,591.53,18633871,592.33,596.88,587.77,591.53,18633871
2022-04-14,599.59,604.45,594.73,602.11,24025850,599.59,604.45,594.73,602.11,24025850,599.59,604.45,594.73,602.11,24025850
2022-04-15,616.73,625.59,607.86,615.17,25372416,616.73,625.59,607.86,615.17,25372416,616.73,625.59,607.86,615.17,25372416
2022-04-18,624.36,634.95,613.77,623.87,21314701,624.36,634.95,613.77,623.87,21314701,624.36,634.95,613.77,623.87,21314701
2022-04-19,607.01,613.28,600.74,605.90,31594955,607.01,613.28,600.74,605.90,31594955,607.01,613.28,600.74,605.90,31594955
2022-04-20,615.39,623.21,607.57,611.79,21365968,615.39,623.21,607.57,611.79,21365968,615.39,623.21,607.57,611.79,21365968
2022-04-21,605.94,611.87,600.01,602.98,26738216,605.94,611.87,600.01,602.98,26738216,605.94,611.87,600.01,602.98,26738216
2022-04-22,601.66,610.15,593.16,601.27,18387516,601.66,610.15,593.16,601.27,18387516,601.66,610.15,593.16,601.27,18387516
2022-04-25,613.97,619.90,608.05,612.63,23198560,613.97,619.90,608.05,612.63,23198560,613.97,619.90,608.05,612.63,23198560
2022-04-26,611.40,616.54,606.25,613.05,29433496,611.40,616.54,606.25,613.05,29433496,611.40,616.54,606.25,613.05,29433496
2022-04-27,597.86,607.26,588.47,598.46,24059467,597.86,607.26,588.47,598.46,24059467,597.86,607.26,588.47,598.46,24059467
2022-04-28,602.73,609.01,596.46,599.35,18739075,602.73,609.01,596.46,599.35,18739075,602.73,609.01,596.46,599.35,18739075
2022-04-29,596.98,605.78,588.18,597.14,21409920,596.98,605.78,588.18,597.14,21409920,596.98,605.78,588.18,597.14,21409920
2022-05-02,600.37,606.36,594.39,599.41,32976494,600.37,606.36,594.39,599.41,32976494,600.37,606.36,594.39,599.41,32976494
2022-05-03,633.95,642.88,625.02,633.53,18453341,633.95,642.88,625.02,633.53,18453341,633.95,642.88,625.02,633.53,18453341
2022-05-04,654.59,666.31,642.88,652.05,28727926,654.59,666.31,642.88,652.05,28727926,654.59,666.31,642.88,652.05,28727926
2022-05-05,655.94,665.85,646.03,652.28,26568263,655.94,665.85,646.03,652.28,26568263,655.94,665.85,646.03,652.28,26568263
2022-05-06,662.47,671.48,653.46,661.66,28846326,662.47,671.48,653.46,661.66,28846326,662.47,671.48,653.46,661.66,28846326
2022-05-09,652.84,660.90,644.78,655.71,27748871,652.84,660.90,644.78,655.71,27748871,652.84,660.90,644.78,655.71,27748871
2022-05-10,660.14,671.18,649.10,657.75,32662942,660.14,671.18,649.10,657.75,32662942,660.14,671.18,649.10,657.75,32662942
2022-05-11,673.74,683.13,664.35,675.76,33948220,673.74,683.13,664.35,675.76,33948220,673.74,683.13,664.35,675.76,33948220
2022-05-12,670.57,680.12,661.03,673.59,27964735,670.57,680.12,661.03,673.59,27964735,670.57,680.12,661.03,673.59,27964735
2022-05-13,678.78,686.26,671.29,677.98,28851522,678.78,686.26,671.29,677.98,28851522,678.78,686.26,671.29,677.98,28851522
2022-05-16,681.40,690.69,672.11,683.46,32014108,681.40,690.69,672.11,683.46,32014108,681.40,690.69,672.11,683.46,32014108
2022-05-17,676.82,685.99,667.65,681.22,19537228,676.82,685.99,667.65,681.22,19537228,676.82,685.99,667.65,681.22,19537228
2022-05-18,678.21,681.82,674.61,677.29,31095077,678.21,681.82,674.61,677.29,31095077,678.21,681.82,674.61,677.29,31095077
2022-05-19,687.83,697.37,678.29,690.13,26692924,687.83,697.37,678.29,690.13,26692924,687.83,697.37,678.29,690.13,26692924
2022-05-20,681.31,689.30,673.33,681.75,23847085,681.31,689.30,673.33,681.75,23847085,681.31,689.30,673.33,681.75,23847085
2022-05-23,676.59,682.38,670.81,671.00,22047706,676.59,682.38,670.81,671.00,22047706,676.59,682.38,670.81,671.00,22047706
2022-05-24,674.55,682.50,666.61,673.42,21255896,674.55,682.50,666.61,673.42,21255896,674.55,682.50,666.61,673.42,21255896
2022-05-25,661.39,667.44,655.34,662.14,24233434,661.39,667.44,655.34,662.14,24233434,661.39,667.44,655.34,662.14,24233434
2022-05-26,676.49,684.52,668.47,678.02,24363813,676.49,684.52,668.47,678.02,24363813,676.49,684.52,668.47,678.02,24363813
2022-05-27,670.99,676.81,665.17,671.77,20823815,670.99,676.81,665.17,671.77,20823815,670.99,676.81,665.17,671.77,20823815
2022-05-30,671.13,676.38,665.89,670.18,20406416,671.13,676.38,665.89,670.18,20406416,671.13,676.38,665.89,670.18,20406416
2022-05-31,686.55,695.89,677.20,685.89,29821405,686.55,695.89,677.20,685.89,29821405,686.55,695.89,677.20,685.89,29821405
2022-06-01,697.71,710.09,685.34,696.73,33747869,697.71,710.09,685.34,696.73,33747869,697.71,710.09,685.34,696.73,33747869
2022-06-02,685.40,693.06,677.74,687.65,24704325,685.40,693.06,677.74,687.65,24704325,685.40,693.06,677.74,687.65,24704325
2022-06-03,685.54,686.57,684.51,684.62,28218629,685.54,686.57,684.51,684.62,28218629,685.54,686.57,684.51,684.62,28218629
2022-06-06,679.30,686.75,671.85,674.51,27195824,679.30,686.75,671.85,674.51,27195824,679.30,686.75,671.85,674.51,27195824
2022-06-07,681.49,690.83,672.15,679.34,33177291,681.49,690.83,672.15,679.34,33177291,681.49,690.83,672.15,679.34,33177291
2022-06-08,673.56,680.27,666.85,672.24,23670348,673.56,680.27,666.85,672.24,23670348,673.56,680.27,666.85,672.24,23670348
2022-06-09,666.39,673.90,658.87,670.41,33720599,666.39,673.90,658.87,670.41,33720599,666.39,673.90,658.87,670.41,33720599
2022-06-10,688.94,698.04,679.85,685.31,30418145,688.94,698.04,679.85,685.31,30418145,688.94,698.04,679.85,685.31,30418145
2022-06-13,680.33,691.34,669.32,682.29,24784691,680.33,691.34,669.32,682.29,24784691,680.33,691.34,669.32,682.29,24784691
2022-06-14,700.36,710.18,690.53,700.87,33316102,700.36,710.18,690.53,700.87,33316102,700.36,710.18,690.53,700.87,33316102
2022-06-15,715.75,723.44,708.06,715.32,28316117,715.75,723.44,708.06,715.32,28316117,715.75,723.44,708.06,715.32,28316117
2022-06-16,702.77,714.15,691.38,705.08,29828772,702.77,714.15,691.38,705.08,29828772,702.77,714.15,691.38,705.08,29828772
2022-06-17,694.66,701.13,688.18,691.93,27938425,694.66,701.13,688.18,691.93,27938425,694.66,701.13,688.18,691.93,27938425
2022-06-20,679.34,684.95,673.73,678.76,31609614,679.34,684.95,673.73,678.76,31609614,679.34,684.95,673.73,678.76,31609614
2022-06-21,672.26,677.74,666.77,671.21,21311297,672.26,677.74,666.77,671.21,21311297,672.26,677.74,666.77,671.21,21311297
2022-06-22,661.62,669.59,653.65,660.04,22839150,661.62,669.59,653.65,660.04,22839150,661.62,669.59,653.65,660.04,22839150
2022-06-23,659.56,668.18,650.94,655.59,17716421,659.56,668.18,650.94,655.59,17716421,659.56,668.18,650.94,655.59,17716421
2022-06-24,668.89,680.37,657.41,673.27,27663505,668.89,680.37,657.41,673.27,27663505,668.89,680.37,657.41,673.27,27663505
2022-06-27,680.51,687.41,673.60,681.01,28288717,680.51,687.41,673.60,681.01,28288717,680.51,687.41,673.60,681.01,28288717
2022-06-28,669.49,679.14,659.84,667.40,29125503,669.49,679.14,659.84,667.40,29125503,669.49,679.14,659.84,667.40,29125503
2022-06-29,677.72,685.67,669.77,673.20,18385545,677.72,685.67,669.77,673.20,18385545,677.72,685.67,669.77,673.20,18385545
2022-06-30,683.95,688.24,679.66,680.27,24144461,683.95,688.24,679.66,680.27,24144461,683.95,688.24,679.66,680.27,24144461
2022-07-01,693.09,706.01,680.17,691.38,25153134,693.09,706.01,680.17,691.38,25153134,693.09,706.01,680.17,691.38,25153134
2022-07-04,694.04,700.93,687.16,692.61,32954044,694.04,700.93,687.16,692.61,32954044,694.04,700.93,687.16,692.61,32954044
2022-07-05,679.87,688.11,671.63,678.09,26045281,679.87,688.11,671.63,678.09,26045281,679.87,688.11,671.63,678.09,26045281
2022-07-06,697.17,704.36,689.97,698.01,20532085,697.17,704.36,689.97,698.01,20532085,697.17,704.36,689.97,698.01,20532085
2022-07-07,708.28,718.12,698.45,708.95,19390318,708.28,718.12,698.45,708.95,19390318,708.28,718.12,698.45,708.95,19390318
2022-07-08,729.30,738.67,719.92,731.14,24914651,729.30,738.67,719.92,731.14,24914651,729.30,738.67,719.92,731.14,24914651
2022-07-11,725.04,731.27,718.81,727.53,26472011,725.04,731.27,718.81,727.53,26472011,725.04,731.27,718.81,727.53,26472011
2022-07-12,716.53,722.66,710.39,716.60,19793559,716.53,722.66,710.39,716.60,19793559,716.53,722.66,710.39,716.60,19793559
2022-07-13,699.44,701.29,697.59,699.55,22185374,699.44,701.29,697.59,699.55,22185374,699.44,701.29,697.59,699.55,22185374
2022-07-14,734.51,739.82,729.19,729.86,29757467,734.51,739.82,729.19,729.86,29757467,734.51,739.82,729.19,729.86,29757467
2022-07-15,712.46,719.39,705.53,709.71,17623333,712.46,719.39,705.53,709.71,17623333,712.46,719.39,705.53,709.71,17623333
2022-07-18,700.45,716.58,684.32,700.50,30496469,700.45,716.58,684.32,700.50,30496469,700.45,716.58,684.32,700.50,30496469
2022-07-19,696.54,706.40,686.67,695.48,18693021,696.54,706.40,686.67,695.48,18693021,696.54,706.40,686.67,695.48,18693021
2022-07-20,703.17,713.24,693.10,707.02,26290527,703.17,713.24,693.10,707.02,26290527,703.17,713.24,693.10,707.02,26290527
2022-07-21,706.41,710.17,702.65,704.45,25048555,706.41,710.17,702.65,704.45,25048555,706.41,710.17,702.65,704.45,25048555
2022-07-22,698.25,705.37,691.13,700.05,33007323,698.25,705.37,691.13,700.05,33007323,698.25,705.37,691.13,700.05,33007323
2022-07-25,701.95,707.15,696.75,703.83,26228038,701.95,707.15,696.75,703.83,26228038,701.95,707.15,696.75,703.83,26228038
2022-07-26,705.35,711.79,698.90,699.31,17693394,705.35,711.79,698.90,699.31,17693394,705.35,711.79,698.90,699.31,17693394
2022-07-27,696.16,709.37,682.95,696.44,26544251,696.16,709.37,682.95,696.44,26544251,696.16,709.37,682.95,696.44,26544251
2022-07-28,709.93,718.90,700.97,709.91,29399083,709.93,718.90,700.97,709.91,29399083,709.93,718.90,700.97,709.91,29399083
2022-07-29,681.70,690.98,672.42,683.96,34901596,681.70,690.98,672.42,683.96,34901596,681.70,690.98,672.42,683.96,34901596
2022-08-01,682.85,688.17,677.53,683.58,33729925,682.85,688.17,677.53,683.58,33729925,682.85,688.17,677.53,683.58,33729925
2022-08-02,667.25,676.71,657.79,666.63,23692442,667.25,676.71,657.79,666.63,23692442,667.25,676.71,657.79,666.63,23692442
2022-08-03,664.31,672.78,655.84,662.85,23846333,664.31,672.78,655.84,662.85,23846333,664.31,672.78,655.84,662.85,23846333
2022-08-04,657.94,666.33,649.55,656.67,27702127,657.94,666.33,649.55,656.67,27702127,657.94,666.33,649.55,656.67,27702127
2022-08-05,640.94,647.53,634.34,637.12,18151388,640.94,647.53,634.34,637.12,18151388,640.94,647.53,634.34,637.12,18151388
2022-08-08,644.24,651.69,636.80,646.87,27138981,644.24,651.69,636.80,646.87,27138981,644.24,651.69,636.80,646.87,27138981
2022-08-09,654.12,664.99,643.24,653.89,33699418,654.12,664.99,643.24,653.89,33699418,654.12,664.99,643.24,653.89,33699418
2022-08-10,645.06,655.96,634.16,643.27,32653392,645.06,655.96,634.16,643.27,32653392,645.06,655.96,634.16,643.27,32653392
2022-08-11,637.41,647.57,627.26,636.79,21775755,637.41,647.57,627.26,636.79,21775755,637.41,647.57,627.26,636.79,21775755
2022-08-12,637.07,643.11,631.04,633.49,29845384,637.07,643.11,631.04,633.49,29845384,637.07,643.11,631.04,633.49,29845384
2022-08-15,634.85,638.69,631.00,631.74,27056920,634.85,638.69,631.00,631.74,27056920,634.85,638.69,631.00,631.74,27056920
2022-08-16,630.58,635.37,625.79,629.26,29981687,630.58,635.37,625.79,629.26,29981687,630.58,635.37,625.79,629.26,29981687
2022-08-17,632.30,641.16,623.45,630.45,33207962,632.30,641.16,623.45,630.45,33207962,632.30,641.16,623.45,630.45,33207962
2022-08-18,617.79,626.02,609.56,622.98,34849738,617.79,626.02,609.56,622.98,34849738,617.79,626.02,609.56,622.98,34849738
2022-08-19,637.81,643.70,631.92,634.45,22471368,637.81,643.70,631.92,634.45,22471368,637.81,643.70,631.92,634.45,22471368
2022-08-22,636.73,646.12,627.33,640.14,24576086,636.73,646.12,627.33,640.14,24576086,636.73,646.12,627.33,640.14,24576086
2022-08-23,641.08,648.28,633.88,637.42,26316693,641.08,648.28,633.88,637.42,26316693,641.08,648.28,633.88,637.42,26316693
2022-08-24,647.24,656.20,638.27,642.25,25718803,647.24,656.20,638.27,642.25,25718803,647.24,656.20,638.27,642.25,25718803
2022-08-25,622.37,626.21,618.52,618.83,27158563,622.37,626.21,618.52,618.83,27158563,622.37,626.21,618.52,618.83,27158563
2022-08-26,609.70,613.49,605.90,611.22,19040352,609.70,613.49,605.90,611.22,19040352,609.70,613.49,605.90,611.22,19040352
2022-08-29,606.56,613.14,599.97,609.28,22343515,606.56,613.14,599.97,609.28,22343515,606.56,613.14,599.97,609.28,22343515
2022-08-30,615.64,626.00,605.28,614.84,29886373,615.64,626.00,605.28,614.84,29886373,615.64,626.00,605.28,614.84,29886373
2022-08-31,612.35,620.85,603.85,610.79,18594597,612.35,620.85,603.85,610.79,18594597,612.35,620.85,603.85,610.79,18594597
2022-09-01,594.04,601.20,586.87,591.79,26811007,594.04,601.20,586.87,591.79,26811007,594.04,601.20,586.87,591.79,26811007
2022-09-02,574.00,578.49,569.51,572.89,32011589,574.00,578.49,569.51,572.89,32011589,574.00,578.49,569.51,572.89,32011589
2022-09-05,563.61,570.31,556.90,563.48,18897085,563.61,570.31,556.90,563.48,18897085,563.61,570.31,556.90,563.48,18897085
2022-09-06,568.23,575.23,561.23,567.43,26370415,568.23,575.23,561.23,567.43,26370415,568.23,575.23,561.23,567.43,26370415
2022-09-07,573.47,582.99,563.94,572.41,30135531,573.47,582.99,563.94,572.41,30135531,573.47,582.99,563.94,572.41,30135531
2022-09-08,592.01,598.08,585.95,589.36,33221418,592.01,598.08,585.95,589.36,33221418,592.01,598.08,585.95,589.36,33221418
2022-09-09,592.74,602.49,582.98,591.17,23500532,592.74,602.49,582.98,591.17,23500532,592.74,602.49,582.98,591.17,23500532
2022-09-12,591.18,599.36,583.00,589.81,33531448,591.18,599.36,583.00,589.81,33531448,591.18,599.36,583.00,589.81,33531448
2022-09-13,588.10,593.72,582.47,589.69,34134948,588.10,593.72,582.47,589.69,34134948,588.10,593.72,582.47,589.69,34134948
2022-09-14,605.78,610.23,601.33,609.06,17986675,605.78,610.23,601.33,609.06,17986675,605.78,610.23,601.33,609.06,17986675
2022-09-15,606.64,614.33,598.95,608.08,26089412,606.64,614.33,598.95,608.08,26089412,606.64,614.33,598.95,608.08,26089412
2022-09-16,614.67,619.94,609.39,612.97,22296047,614.67,619.94,609.39,612.97,22296047,614.67,619.94,609.39,612.97,22296047
2022-09-19,613.59,621.18,606.00,611.96,27456644,613.59,621.18,606.00,611.96,27456644,613.59,621.18,606.00,611.96,27456644
2022-09-20,605.28,612.48,598.07,604.44,33621497,605.28,612.48,598.07,604.44,33621497,605.28,612.48,598.07,604.44,33621497
2022-09-21,618.72,627.51,609.94,614.36,25739675,618.72,627.51,609.94,614.36,25739675,618.72,627.51,609.94,614.36,25739675
2022-09-22,607.77,613.27,602.28,608.05,28863477,607.77,613.27,602.28,608.05,28863477,607.77,613.27,602.28,608.05,28863477
2022-09-23,601.57,605.62,597.52,598.62,25532033,601.57,605.62,597.52,598.62,25532033,601.57,605.62,597.52,598.62,25532033
2022-09-26,586.15,590.13,582.17,582.73,22505732,586.15,590.13,582.17,582.73,22505732,586.15,590.13,582.17,582.73,22505732
2022-09-27,585.64,590.88,580.41,587.07,33261526,585.64,590.88,580.41,587.07,33261526,585.64,590.88,580.41,587.07,33261526
2022-09-28,587.64,596.24,579.03,587.67,28026661,587.64,596.24,579.03,587.67,28026661,587.64,596.24,579.03,587.67,28026661
2022-09-29,570.22,573.20,567.25,570.72,20447927,570.22,573.20,567.25,570.72,20447927,570.22,573.20,567.25,570.72,20447927
2022-09-30,575.13,579.40,570.86,575.85,19633241,575.13,579.40,570.86,575.85,19633241,575.13,579.40,570.86,575.85,19633241
2022-10-03,584.50,590.62,578.37,583.71,21569922,584.50,590.62,578.37,583.71,21569922,584.50,590.62,578.37,583.71,21569922
2022-10-04,568.25,575.11,561.38,570.47,33465329,568.25,575.11,561.38,570.47,33465329,568.25,575.11,561.38,570.47,33465329
2022-10-05,582.12,588.03,576.20,583.53,30652903,582.12,588.03,576.20,583.53,30652903,582.12,588.03,576.20,583.53,30652903
2022-10-06,584.72,587.85,581.58,584.62,22866666,584.72,587.85,581.58,584.62,22866666,584.72,587.85,581.58,584.62,22866666
2022-10-07,585.61,592.70,578.52,582.30,23321902,585.61,592.70,578.52,582.30,23321902,585.61,592.70,578.52,582.30,23321902
2022-10-10,596.90,604.29,589.51,597.22,32056409,596.90,604.29,589.51,597.22,32056409,596.90,604.29,589.51,597.22,32056409
2022-10-11,589.91,596.72,583.09,589.73,23986363,589.91,596.72,583.09,589.73,23986363,589.91,596.72,583.09,589.73,23986363
2022-10-12,585.98,592.47,579.48,585.04,30266514,585.98,592.47,579.48,585.04,30266514,585.98,592.47,579.48,585.04,30266514
2022-10-13,582.93,588.51,577.35,580.67,22216342,582.93,588.51,577.35,580.67,22216342,582.93,588.51,577.35,580.67,22216342
2022-10-14,577.13,585.94,568.31,573.14,21344991,577.13,585.94,568.31,573.14,21344991,577.13,585.94,568.31,573.14,21344991
2022-10-17,568.98,573.28,564.69,566.81,34206647,568.98,573.28,564.69,566.81,34206647,568.98,573.28,564.69,566.81,34206647
2022-10-18,576.72,583.76,569.67,575.52,21666226,576.72,583.76,569.67,575.52,21666226,576.72,583.76,569.67,575.52,21666226
2022-10-19,578.24,585.52,570.96,578.00,34281472,578.24,585.52,570.96,578.00,34281472,578.24,585.52,570.96,578.00,34281472
2022-10-20,590.20,598.06,582.34,589.05,27346301,590.20,598.06,582.34,589.05,27346301,590.20,598.06,582.34,589.05,27346301
2022-10-21,594.82,603.10,586.54,592.12,31009752,594.82,603.10,586.54,592.12,31009752,594.82,603.10,586.54,592.12,31009752
2022-10-24,587.98,590.69,585.27,590.39,21832452,587.98,590.69,585.27,590.39,21832452,587.98,590.69,585.27,590.39,21832452
2022-10-25,591.58,598.33,584.84,589.78,23301036,591.58,598.33,584.84,589.78,23301036,591.58,598.33,584.84,589.78,23301036
2022-10-26,603.40,609.43,597.38,601.69,34096297,603.40,609.43,597.38,601.69,34096297,603.40,609.43,597.38,601.69,34096297
2022-10-27,594.78,600.87,588.70,596.32,31844952,594.78,600.87,588.70,596.32,31844952,594.78,600.87,588.70,596.32,31844952
2022-10-28,602.44,609.12,595.75,600.57,29639291,602.44,609.12,595.75,600.57,29639291,602.44,609.12,595.75,600.57,29639291
2022-10-31,580.39,585.56,575.22,580.53,19887871,580.39,585.56,575.22,580.53,19887871,580.39,585.56,575.22,580.53,19887871
2022-11-01,566.28,571.88,560.68,561.44,29986586,566.28,571.88,560.68,561.44,29986586,566.28,571.88,560.68,561.44,29986586
2022-11-02,556.00,564.06,547.94,552.28,17730966,556.00,564.06,547.94,552.28,17730966,556.00,564.06,547.94,552.28,17730966
2022-11-03,552.75,557.23,548.27,551.21,22952101,552.75,557.23,548.27,551.21,22952101,552.75,557.23,548.27,551.21,22952101
2022-11-04,555.18,558.79,551.57,555.06,30285573,555.18,558.79,551.57,555.06,30285573,555.18,558.79,551.57,555.06,30285573
2022-11-07,546.76,552.04,541.48,547.46,23649675,546.76,552.04,541.48,547.46,23649675,546.76,552.04,541.48,547.46,23649675
2022-11-08,553.12,556.99,549.26,555.08,28608280,553.12,556.99,549.26,555.08,28608280,553.12,556.99,549.26,555.08,28608280
2022-11-09,547.53,553.70,541.36,546.60,20915197,547.53,553.70,541.36,546.60,20915197,547.53,553.70,541.36,546.60,20915197
2022-11-10,556.05,562.65,549.45,553.87,24205741,556.05,562.65,549.45,553.87,24205741,556.05,562.65,549.45,553.87,24205741
2022-11-11,557.64,565.76,549.52,558.82,21849955,557.64,565.76,549.52,558.82,21849955,557.64,565.76,549.52,558.82,21849955
2022-11-14,565.79,572.90,558.68,568.99,33443243,565.79,572.90,558.68,568.99,33443243,565.79,572.90,558.68,568.99,33443243
2022-11-15,563.42,568.41,558.42,563.57,20096522,563.42,568.41,558.42,563.57,20096522,563.42,568.41,558.42,563.57,20096522
2022-11-16,555.02,560.58,549.47,555.87,23478540,555.02,560.58,549.47,555.87,23478540,555.02,560.58,549.47,555.87,23478540
2022-11-17,535.92,542.93,528.90,534.46,23217938,535.92,542.93,528.90,534.46,23217938,535.92,542.93,528.90,534.46,23217938
2022-11-18,530.62,535.87,525.37,531.48,26653606,530.62,535.87,525.37,531.48,26653606,530.62,535.87,525.37,531.48,26653606
2022-11-21,532.95,536.94,528.95,536.48,26756382,532.95,536.94,528.95,536.48,26756382,532.95,536.94,528.95,536.48,26756382
2022-11-22,544.41,549.83,538.98,542.55,20086148,544.41,549.83,538.98,542.55,20086148,544.41,549.83,538.98,542.55,20086148
2022-11-23,550.21,553.09,547.33,549.26,31010774,550.21,553.09,547.33,549.26,31010774,550.21,553.09,547.33,549.26,31010774
2022-11-24,558.46,565.68,551.23,558.78,29359517,558.46,565.68,551.23,558.78,29359517,558.46,565.68,551.23,558.78,29359517
2022-11-25,562.99,568.97,557.01,563.15,31702780,562.99,568.97,557.01,563.15,31702780,562.99,568.97,557.01,563.15,31702780
2022-11-28,567.19,574.46,559.93,565.35,30496309,567.19,574.46,559.93,565.35,30496309,567.19,574.46,559.93,565.35,30496309
2022-11-29,561.11,568.92,553.29,562.34,32561692,561.11,568.92,553.29,562.34,32561692,561.11,568.92,553.29,562.34,32561692
2022-11-30,561.61,567.91,555.31,562.47,24957598,561.61,567.91,555.31,562.47,24957598,561.61,567.91,555.31,562.47,24957598
2022-12-01,577.35,587.04,567.66,577.04,27840698,577.35,587.04,567.66,577.04,27840698,577.35,587.04,567.66,577.04,27840698
2022-12-02,566.65,576.62,556.68,564.51,28058939,566.65,576.62,556.68,564.51,28058939,566.65,576.62,556.68,564.51,28058939
2022-12-05,569.90,575.69,564.10,571.26,33174466,569.90,575.69,564.10,571.26,33174466,569.90,575.69,564.10,571.26,33174466
2022-12-06,559.51,567.33,551.70,559.39,19351687,559.51,567.33,551.70,559.39,19351687,559.51,567.33,551.70,559.39,19351687
2022-12-07,563.60,567.89,559.30,559.88,31938218,563.60,567.89,559.30,559.88,31938218,563.60,567.89,559.30,559.88,31938218
2022-12-08,556.59,565.68,547.50,556.98,33223980,556.59,565.68,547.50,556.98,33223980,556.59,565.68,547.50,556.98,33223980
2022-12-09,553.49,559.84,547.15,551.84,25056051,553.49,559.84,547.15,551.84,25056051,553.49,559.84,547.15,551.84,25056051
2022-12-12,563.47,569.30,557.64,559.46,26938176,563.47,569.30,557.64,559.46,26938176,563.47,569.30,557.64,559.46,26938176
2022-12-13,566.90,571.89,561.91,563.41,32968181,566.90,571.89,561.91,563.41,32968181,566.90,571.89,561.91,563.41,32968181
2022-12-14,567.54,571.24,563.84,565.21,28491486,567.54,571.24,563.84,565.21,28491486,567.54,571.24,563.84,565.21,28491486
2022-12-15,572.20,582.32,562.07,573.48,31696747,572.20,582.32,562.07,573.48,31696747,572.20,582.32,562.07,573.48,31696747
2022-12-16,579.86,586.24,573.48,579.38,34079835,579.86,586.24,573.48,579.38,34079835,579.86,586.24,573.48,579.38,34079835
2022-12-19,591.53,598.92,584.13,587.60,19708028,591.53,598.92,584.13,587.60,19708028,591.53,598.92,584.13,587.60,19708028
2022-12-20,580.78,588.45,573.11,582.04,27297407,580.78,588.45,573.11,582.04,27297407,580.78,588.45,573.11,582.04,27297407
2022-12-21,580.80,587.14,574.46,579.75,21223207,580.80,587.14,574.46,579.75,21223207,580.80,587.14,574.46,579.75,21223207
2022-12-22,594.82,603.29,586.35,594.85,19161129,594.82,603.29,586.35,594.85,19161129,594.82,603.29,586.35,594.85,19161129
2022-12-23,606.92,613.60,600.25,605.91,31591253,606.92,613.60,600.25,605.91,31591253,606.92,613.60,600.25,605.91,31591253
2022-12-26,597.29,605.18,589.39,596.87,22849918,597.29,605.18,589.39,596.87,22849918,597.29,605.18,589.39,596.87,22849918
2022-12-27,613.98,621.27,606.69,613.76,30106540,613.98,621.27,606.69,613.76,30106540,613.98,621.27,606.69,613.76,30106540
2022-12-28,604.39,608.74,600.04,600.08,29768496,604.39,608.74,600.04,600.08,29768496,604.39,608.74,600.04,600.08,29768496
2022-12-29,590.23,598.30,582.16,588.72,25079544,590.23,598.30,582.16,588.72,25079544,590.23,598.30,582.16,588.72,25079544
2022-12-30,588.04,594.08,582.00,587.93,34054149,588.04,594.08,582.00,587.93,34054149,588.04,594.08,582.00,587.93,34054149
2023-01-02,574.82,582.91,566.74,572.10,17562967,574.82,582.91,566.74,572.10,17562967,574.82,582.91,566.74,572.10,17562967
2023-01-03,572.13,578.70,565.56,570.90,20199679,572.13,578.70,565.56,570.90,20199679,572.13,578.70,565.56,570.90,20199679
2023-01-04,560.74,567.62,553.86,560.35,21039130,560.74,567.62,553.86,560.35,21039130,560.74,567.62,553.86,560.35,21039130
2023-01-05,578.45,585.93,570.98,578.02,34147773,578.45,585.93,570.98,578.02,34147773,578.45,585.93,570.98,578.02,34147773
2023-01-06,586.38,595.75,577.01,585.47,19114911,586.38,595.75,577.01,585.47,19114911,586.38,595.75,577.01,585.47,19114911
2023-01-09,596.44,605.23,587.64,595.30,18215151,596.44,605.23,587.64,595.30,18215151,596.44,605.23,587.64,595.30,18215151
2023-01-10,585.82,591.11,580.53,587.56,28987376,585.82,591.11,580.53,587.56,28987376,585.82,591.11,580.53,587.56,28987376
2023-01-11,594.35,602.65,586.06,596.12,32810410,594.35,602.65,586.06,596.12,32810410,594.35,602.65,586.06,596.12,32810410
2023-01-12,606.90,611.97,601.83,607.72,32260130,606.90,611.97,601.83,607.72,32260130,606.90,611.97,601.83,607.72,32260130
2023-01-13,589.66,594.25,585.07,591.09,34873404,589.66,594.25,585.07,591.09,34873404,589.66,594.25,585.07,591.09,34873404
2023-01-16,596.41,604.43,588.38,595.14,32300059,596.41,604.43,588.38,595.14,32300059,596.41,604.43,588.38,595.14,32300059
2023-01-17,591.14,594.88,587.40,592.36,31549423,591.14,594.88,587.40,592.36,31549423,591.14,594.88,587.40,592.36,31549423
2023-01-18,582.61,588.46,576.77,580.88,28538799,582.61,588.46,576.77,580.88,28538799,582.61,588.46,576.77,580.88,28538799
2023-01-19,582.48,587.95,577.01,582.28,33106612,582.48,587.95,577.01,582.28,33106612,582.48,587.95,577.01,582.28,33106612
2023-01-20,586.40,591.69,581.11,584.52,18468624,586.40,591.69,581.11,584.52,18468624,586.40,591.69,581.11,584.52,18468624
2023-01-23,586.81,595.71,577.90,584.87,25426979,586.81,595.71,577.90,584.87,25426979,586.81,595.71,577.90,584.87,25426979
2023-01-24,571.67,577.08,566.26,569.72,18681233,571.67,577.08,566.26,569.72,18681233,571.67,577.08,566.26,569.72,18681233
2023-01-25,587.20,593.60,580.80,586.61,25127861,587.20,593.60,580.80,586.61,25127861,587.20,593.60,580.80,586.61,25127861
2023-01-26,584.64,595.70,573.59,587.62,34737521,584.64,595.70,573.59,587.62,34737521,584.64,595.70,573.59,587.62,34737521
2023-01-27,570.14,575.96,564.32,568.59,23550887,570.14,575.96,564.32,568.59,23550887,570.14,575.96,564.32,568.59,23550887
2023-01-30,557.57,563.03,552.11,556.33,18747084,557.57,563.03,552.11,556.33,18747084,557.57,563.03,552.11,556.33,18747084
2023-01-31,556.44,562.30,550.57,553.03,28900934,556.44,562.30,550.57,553.03,28900934,556.44,562.30,550.57,553.03,28900934
2023-02-01,560.24,566.43,554.04,560.37,28530019,560.24,566.43,554.04,560.37,28530019,560.24,566.43,554.04,560.37,28530019
2023-02-02,570.23,577.65,562.81,571.62,30367108,570.23,577.65,562.81,571.62,30367108,570.23,577.65,562.81,571.62,30367108
2023-02-03,589.06,595.66,582.47,586.55,22622443,589.06,595.66,582.47,586.55,22622443,589.06,595.66,582.47,586.55,22622443
2023-02-06,590.28,592.94,587.62,592.29,19010228,590.28,592.94,587.62,592.29,19010228,590.28,592.94,587.62,592.29,19010228
2023-02-07,587.26,594.05,580.48,589.50,26523285,587.26,594.05,580.48,589.50,26523285,587.26,594.05,580.48,589.50,26523285
2023-02-08,588.17,596.09,580.24,591.69,32726091,588.17,596.09,580.24,591.69,32726091,588.17,596.09,580.24,591.69,32726091
2023-02-09,587.03,595.79,578.27,587.96,30338969,587.03,595.79,578.27,587.96,30338969,587.03,595.79,578.27,587.96,30338969
2023-02-10,590.27,596.88,583.65,590.31,34600513,590.27,596.88,583.65,590.31,34600513,590.27,596.88,583.65,590.31,34600513
2023-02-13,594.57,599.54,589.60,592.57,29422941,594.57,599.54,589.60,592.57,29422941,594.57,599.54,589.60,592.57,29422941
2023-02-14,594.04,605.19,582.90,595.76,34894850,594.04,605.19,582.90,595.76,34894850,594.04,605.19,582.90,595.76,34894850
2023-02-15,608.15,614.68,601.63,606.98,17740644,608.15,614.68,601.63,606.98,17740644,608.15,614.68,601.63,606.98,17740644
2023-02-16,618.09,626.26,609.91,615.49,32132349,618.09,626.26,609.91,615.49,32132349,618.09,626.26,609.91,615.49,32132349
2023-02-17,605.02,615.00,595.04,606.71,33352627,605.02,615.00,595.04,606.71,33352627,605.02,615.00,595.04,606.71,33352627
2023-02-20,598.72,607.17,590.26,599.41,26038341,598.72,607.17,590.26,599.41,26038341,598.72,607.17,590.26,599.41,26038341
2023-02-21,596.73,604.84,588.63,593.89,31925470,596.73,604.84,588.63,593.89,31925470,596.73,604.84,588.63,593.89,31925470
2023-02-22,601.90,606.48,597.31,597.86,21633797,601.90,606.48,597.31,597.86,21633797,601.90,606.48,597.31,597.86,21633797
2023-02-23,593.01,598.46,587.55,596.86,21265703,593.01,598.46,587.55,596.86,21265703,593.01,598.46,587.55,596.86,21265703
2023-02-24,579.42,584.71,574.13,577.56,28661675,579.42,584.71,574.13,577.56,28661675,579.42,584.71,574.13,577.56,28661675
2023-02-27,570.17,577.23,563.10,566.64,18209169,570.17,577.23,563.10,566.64,18209169,570.17,577.23,563.10,566.64,18209169
2023-02-28,564.50,570.70,558.30,562.62,17553397,564.50,570.70,558.30,562.62,17553397,564.50,570.70,558.30,562.62,17553397
2023-03-01,547.92,551.74,544.10,547.53,23164716,547.92,551.74,544.10,547.53,23164716,547.92,551.74,544.10,547.53,23164716
2023-03-02,556.10,561.89,550.31,558.66,26785899,556.10,561.89,550.31,558.66,26785899,556.10,561.89,550.31,558.66,26785899
2023-03-03,570.67,577.42,563.92,564.54,31110624,570.67,577.42,563.92,564.54,31110624,570.67,577.42,563.92,564.54,31110624
2023-03-06,557.68,566.53,548.83,557.39,24056849,557.68,566.53,548.83,557.39,24056849,557.68,566.53,548.83,557.39,24056849
2023-03-07,554.54,563.58,545.51,552.33,32859348,554.54,563.58,545.51,552.33,32859348,554.54,563.58,545.51,552.33,32859348
2023-03-08,568.91,577.60,560.22,568.06,29180138,568.91,577.60,560.22,568.06,29180138,568.91,577.60,560.22,568.06,29180138
2023-03-09,570.30,575.18,565.42,570.90,30037472,570.30,575.18,565.42,570.90,30037472,570.30,575.18,565.42,570.90,30037472
2023-03-10,567.20,572.31,562.09,567.23,31160437,567.20,572.31,562.09,567.23,31160437,567.20,572.31,562.09,567.23,31160437
2023-03-13,576.63,585.35,567.91,576.77,25337615,576.63,585.35,567.91,576.77,25337615,576.63,585.35,567.91,576.77,25337615
2023-03-14,584.39,588.99,579.78,586.40,33662999,584.39,588.99,579.78,586.40,33662999,584.39,588.99,579.78,586.40,33662999
2023-03-15,580.71,584.08,577.35,579.16,29517104,580.71,584.08,577.35,579.16,29517104,580.71,584.08,577.35,579.16,29517104
2023-03-16,582.36,587.13,577.59,583.57,18676812,582.36,587.13,577.59,583.57,18676812,582.36,587.13,577.59,583.57,18676812
2023-03-17,595.43,601.97,588.89,596.33,30850450,595.43,601.97,588.89,596.33,30850450,595.43,601.97,588.89,596.33,30850450
2023-03-20,579.31,586.56,572.06,580.06,19352109,579.31,586.56,572.06,580.06,19352109,579.31,586.56,572.06,580.06,19352109
2023-03-21,574.33,580.30,568.37,576.07,21157593,574.33,580.30,568.37,576.07,21157593,574.33,580.30,568.37,576.07,21157593
2023-03-22,590.62,597.58,583.66,590.02,32942679,590.62,597.58,583.66,590.02,32942679,590.62,597.58,583.66,590.02,32942679
2023-03-23,586.59,592.12,581.06,586.28,25013184,586.59,592.12,581.06,586.28,25013184,586.59,592.12,581.06,586.28,25013184
2023-03-24,579.45,586.17,572.73,580.36,28470612,579.45,586.17,572.73,580.36,28470612,579.45,586.17,572.73,580.36,28470612
2023-03-27,576.97,585.81,568.13,576.42,30207385,576.97,585.81,568.13,576.42,30207385,576.97,585.81,568.13,576.42,30207385
2023-03-28,567.20,575.53,558.88,567.16,19573516,567.20,575.53,558.88,567.16,19573516,567.20,575.53,558.88,567.16,19573516
2023-03-29,552.64,558.28,547.00,554.20,18389565,552.64,558.28,547.00,554.20,18389565,552.64,558.28,547.00,554.20,18389565
2023-03-30,558.57,566.75,550.39,557.60,31303110,558.57,566.75,550.39,557.60,31303110,558.57,566.75,550.39,557.60,31303110
2023-03-31,569.96,575.84,564.08,568.66,22871735,569.96,575.84,564.08,568.66,22871735,569.96,575.84,564.08,568.66,22871735
2023-04-03,568.49,574.35,562.62,566.14,24761674,568.49,574.35,562.62,566.14,24761674,568.49,574.35,562.62,566.14,24761674
2023-04-04,561.02,568.24,553.80,558.64,21359574,561.02,568.24,553.80,558.64,21359574,561.02,568.24,553.80,558.64,21359574
2023-04-05,557.37,562.05,552.68,559.69,23501565,557.37,562.05,552.68,559.69,23501565,557.37,562.05,552.68,559.69,23501565
2023-04-06,556.44,563.16,549.72,558.99,25962000,556.44,563.16,549.72,558.99,25962000,556.44,563.16,549.72,558.99,25962000
2023-04-07,560.18,567.15,553.21,556.25,27947758,560.18,567.15,553.21,556.25,27947758,560.18,567.15,553.21,556.25,27947758
2023-04-10,556.92,562.31,551.53,557.06,24923379,556.92,562.31,551.53,557.06,24923379,556.92,562.31,551.53,557.06,24923379
2023-04-11,565.54,571.74,559.35,564.34,19832888,565.54,571.74,559.35,564.34,19832888,565.54,571.74,559.35,564.34,19832888
2023-04-12,564.79,570.18,559.41,566.03,19731836,564.79,570.18,559.41,566.03,19731836,564.79,570.18,559.41,566.03,19731836
2023-04-13,567.39,571.50,563.28,568.74,29780868,567.39,571.50,563.28,568.74,29780868,567.39,571.50,563.28,568.74,29780868
2023-04-14,586.21,592.07,580.35,588.47,25709897,586.21,592.07,580.35,588.47,25709897,586.21,592.07,580.35,588.47,25709897
2023-04-17,575.62,580.31,570.93,571.55,24216477,575.62,580.31,570.93,571.55,24216477,575.62,580.31,570.93,571.55,24216477
2023-04-18,577.36,585.45,569.26,574.53,19462168,577.36,585.45,569.26,574.53,19462168,577.36,585.45,569.26,574.53,19462168
2023-04-19,579.78,583.82,575.73,580.26,24379589,579.78,583.82,575.73,580.26,24379589,579.78,583.82,575.73,580.26,24379589
2023-04-20,587.83,593.70,581.97,587.55,31285539,587.83,593.70,581.97,587.55,31285539,587.83,593.70,581.97,587.55,31285539
2023-04-21,619.66,624.66,614.66,620.70,31839701,619.66,624.66,614.66,620.70,31839701,619.66,624.66,614.66,620.70,31839701
2023-04-24,649.36,654.79,643.92,649.79,30618103,649.36,654.79,643.92,649.79,30618103,649.36,654.79,643.92,649.79,30618103
2023-04-25,666.69,674.19,659.18,664.14,23480140,666.69,674.19,659.18,664.14,23480140,666.69,674.19,659.18,664.14,23480140
2023-04-26,681.77,687.39,676.14,679.54,33432182,681.77,687.39,676.14,679.54,33432182,681.77,687.39,676.14,679.54,33432182
2023-04-27,680.96,690.09,671.83,678.55,30311288,680.96,690.09,671.83,678.55,30311288,680.96,690.09,671.83,678.55,30311288
2023-04-28,689.10,697.76,680.44,686.62,34445157,689.10,697.76,680.44,686.62,34445157,689.10,697.76,680.44,686.62,34445157
2023-05-01,695.89,707.12,684.65,692.50,30037323,695.89,707.12,684.65,692.50,30037323,695.89,707.12,684.65,692.50,30037323
2023-05-02,710.13,717.22,703.04,711.40,24254860,710.13,717.22,703.04,711.40,24254860,710.13,717.22,703.04,711.40,24254860
2023-05-03,731.35,741.77,720.93,729.37,33258256,731.35,741.77,720.93,729.37,33258256,731.35,741.77,720.93,729.37,33258256
2023-05-04,730.88,741.52,720.24,733.41,29463818,730.88,741.52,720.24,733.41,29463818,730.88,741.52,720.24,733.41,29463818
2023-05-05,707.90,712.56,703.24,708.35,24409357,707.90,712.56,703.24,708.35,24409357,707.90,712.56,703.24,708.35,24409357
2023-05-08,727.84,735.13,720.54,731.59,26957619,727.84,735.13,720.54,731.59,26957619,727.84,735.13,720.54,731.59,26957619
2023-05-09,719.02,725.63,712.42,715.14,19418392,719.02,725.63,712.42,715.14,19418392,719.02,725.63,712.42,715.14,19418392
2023-05-10,739.77,750.67,728.87,742.34,22280345,739.77,750.67,728.87,742.34,22280345,739.77,750.67,728.87,742.34,22280345
2023-05-11,753.32,757.51,749.14,750.82,26906341,753.32,757.51,749.14,750.82,26906341,753.32,757.51,749.14,750.82,26906341
2023-05-12,766.00,774.63,757.36,763.62,22128523,766.00,774.63,757.36,763.62,22128523,766.00,774.63,757.36,763.62,22128523
2023-05-15,792.52,796.96,788.09,793.95,28428096,792.52,796.96,788.09,793.95,28428096,792.52,796.96,788.09,793.95,28428096
2023-05-16,801.97,814.44,789.50,799.49,31728695,801.97,814.44,789.50,799.49,31728695,801.97,814.44,789.50,799.49,31728695
2023-05-17,800.20,807.50,792.89,800.40,34084818,800.20,807.50,792.89,800.40,34084818,800.20,807.50,792.89,800.40,34084818
2023-05-18,785.30,799.80,770.80,787.30,21466538,785.30,799.80,770.80,787.30,21466538,785.30,799.80,770.80,787.30,21466538
2023-05-19,800.59,807.99,793.19,799.41,18333047,800.59,807.99,793.19,799.41,18333047,800.59,807.99,793.19,799.41,18333047
2023-05-22,796.24,803.94,788.53,796.97,24893841,796.24,803.94,788.53,796.97,24893841,796.24,803.94,788.53,796.97,24893841
2023-05-23,811.73,820.46,803.01,811.18,33158071,811.73,820.46,803.01,811.18,33158071,811.73,820.46,803.01,811.18,33158071
2023-05-24,783.95,795.82,772.08,780.10,23404865,783.95,795.82,772.08,780.10,23404865,783.95,795.82,772.08,780.10,23404865
2023-05-25,785.73,795.66,775.81,786.01,29263764,785.73,795.66,775.81,786.01,29263764,785.73,795.66,775.81,786.01,29263764
2023-05-26,784.43,792.08,776.79,784.07,21373616,784.43,792.08,776.79,784.07,21373616,784.43,792.08,776.79,784.07,21373616
2023-05-29,775.15,787.34,762.96,777.49,30508581,775.15,787.34,762.96,777.49,30508581,775.15,787.34,762.96,777.49,30508581
2023-05-30,764.25,776.20,752.30,765.46,21655740,764.25,776.20,752.30,765.46,21655740,764.25,776.20,752.30,765.46,21655740
2023-05-31,786.21,789.84,782.57,784.36,28044566,786.21,789.84,782.57,784.36,28044566,786.21,789.84,782.57,784.36,28044566
2023-06-01,791.04,801.26,780.83,793.98,33825529,791.04,801.26,780.83,793.98,33825529,791.04,801.26,780.83,793.98,33825529
2023-06-02,783.71,794.27,773.16,783.35,20883222,783.71,794.27,773.16,783.35,20883222,783.71,794.27,773.16,783.35,20883222
2023-06-05,801.52,813.97,789.07,798.95,22950814,801.52,813.97,789.07,798.95,22950814,801.52,813.97,789.07,798.95,22950814
2023-06-06,804.84,812.77,796.91,808.45,23559986,804.84,812.77,796.91,808.45,23559986,804.84,812.77,796.91,808.45,23559986
2023-06-07,773.53,786.44,760.62,773.89,28087850,773.53,786.44,760.62,773.89,28087850,773.53,786.44,760.62,773.89,28087850
2023-06-08,782.00,786.81,777.19,785.97,30374057,782.00,786.81,777.19,785.97,30374057,782.00,786.81,777.19,785.97,30374057
2023-06-09,808.02,820.68,795.37,806.05,21485805,808.02,820.68,795.37,806.05,21485805,808.02,820.68,795.37,806.05,21485805
2023-06-12,818.53,834.19,802.87,816.18,22624995,818.53,834.19,802.87,816.18,22624995,818.53,834.19,802.87,816.18,22624995
2023-06-13,806.47,808.65,804.28,804.58,32445052,806.47,808.65,804.28,804.58,32445052,806.47,808.65,804.28,804.58,32445052
2023-06-14,799.55,809.30,789.80,802.20,32633947,799.55,809.30,789.80,802.20,32633947,799.55,809.30,789.80,802.20,32633947
2023-06-15,809.81,821.35,798.28,808.23,23088524,809.81,821.35,798.28,808.23,23088524,809.81,821.35,798.28,808.23,23088524
2023-06-16,803.75,811.44,796.06,804.25,26251582,803.75,811.44,796.06,804.25,26251582,803.75,811.44,796.06,804.25,26251582
2023-06-19,829.29,836.64,821.94,830.73,31009231,829.29,836.64,821.94,830.73,31009231,829.29,836.64,821.94,830.73,31009231
2023-06-20,832.15,840.55,823.74,828.97,25467337,832.15,840.55,823.74,828.97,25467337,832.15,840.55,823.74,828.97,25467337
2023-06-21,806.39,816.33,796.44,804.14,32632075,806.39,816.33,796.44,804.14,32632075,806.39,816.33,796.44,804.14,32632075
2023-06-22,809.02,818.38,799.66,807.91,32382908,809.02,818.38,799.66,807.91,32382908,809.02,818.38,799.66,807.91,32382908
2023-06-23,819.05,830.17,807.94,816.29,32494975,819.05,830.17,807.94,816.29,32494975,819.05,830.17,807.94,816.29,32494975
2023-06-26,804.14,810.26,798.02,805.66,24030945,804.14,810.26,798.02,805.66,24030945,804.14,810.26,798.02,805.66,24030945
2023-06-27,822.24,830.36,814.12,819.15,26554663,822.24,830.36,814.12,819.15,26554663,822.24,830.36,814.12,819.15,26554663
2023-06-28,819.58,828.79,810.36,820.30,18634760,819.58,828.79,810.36,820.30,18634760,819.58,828.79,810.36,820.30,18634760
2023-06-29,831.44,842.99,819.89,835.20,17510045,831.44,842.99,819.89,835.20,17510045,831.44,842.99,819.89,835.20,17510045
2023-06-30,862.83,868.19,857.48,865.25,23383658,862.83,868.19,857.48,865.25,23383658,862.83,868.19,857.48,865.25,23383658
2023-07-03,885.56,897.09,874.03,885.32,18355788,885.56,897.09,874.03,885.32,18355788,885.56,897.09,874.03,885.32,18355788
2023-07-04,879.80,885.58,874.02,879.84,33522720,879.80,885.58,874.02,879.84,33522720,879.80,885.58,874.02,879.84,33522720
2023-07-05,887.92,894.72,881.13,889.58,24734498,887.92,894.72,881.13,889.58,24734498,887.92,894.72,881.13,889.58,24734498
2023-07-06,871.77,881.80,861.74,874.45,28244915,871.77,881.80,861.74,874.45,28244915,871.77,881.80,861.74,874.45,28244915
2023-07-07,899.98,907.13,892.82,899.24,32273293,899.98,907.13,892.82,899.24,32273293,899.98,907.13,892.82,899.24,32273293
2023-07-10,909.52,917.59,901.44,908.62,30340570,909.52,917.59,901.44,908.62,30340570,909.52,917.59,901.44,908.62,30340570
2023-07-11,909.08,920.93,897.23,910.70,20594153,909.08,920.93,897.23,910.70,20594153,909.08,920.93,897.23,910.70,20594153
2023-07-12,908.37,913.33,903.41,908.17,23731065,908.37,913.33,903.41,908.17,23731065,908.37,913.33,903.41,908.17,23731065
2023-07-13,904.70,919.77,889.63,901.76,23819236,904.70,919.77,889.63,901.76,23819236,904.70,919.77,889.63,901.76,23819236
2023-07-14,933.86,946.76,920.96,927.54,26858220,933.86,946.76,920.96,927.54,26858220,933.86,946.76,920.96,927.54,26858220
2023-07-17,929.42,936.19,922.64,924.63,23339981,929.42,936.19,922.64,924.63,23339981,929.42,936.19,922.64,924.63,23339981
2023-07-18,927.03,932.66,921.39,930.27,22918379,927.03,932.66,921.39,930.27,22918379,927.03,932.66,921.39,930.27,22918379
2023-07-19,907.13,916.64,897.62,909.02,24416206,907.13,916.64,897.62,909.02,24416206,907.13,916.64,897.62,909.02,24416206
2023-07-20,900.04,911.90,888.18,903.75,30123137,900.04,911.90,888.18,903.75,30123137,900.04,911.90,888.18,903.75,30123137
2023-07-21,910.81,922.66,898.95,916.00,30708835,910.81,922.66,898.95,916.00,30708835,910.81,922.66,898.95,916.00,30708835
2023-07-24,907.39,923.77,891.01,903.98,21236739,907.39,923.77,891.01,903.98,21236739,907.39,923.77,891.01,903.98,21236739
2023-07-25,903.20,914.00,892.40,892.89,22941170,903.20,914.00,892.40,892.89,22941170,903.20,914.00,892.40,892.89,22941170
2023-07-26,879.09,888.76,869.42,873.50,27261496,879.09,888.76,869.42,873.50,27261496,879.09,888.76,869.42,873.50,27261496
2023-07-27,897.95,908.35,887.54,896.55,32394869,897.95,908.35,887.54,896.55,32394869,897.95,908.35,887.54,896.55,32394869
2023-07-28,887.53,903.24,871.82,891.78,20154389,887.53,903.24,871.82,891.78,20154389,887.53,903.24,871.82,891.78,20154389
2023-07-31,898.10,904.91,891.29,896.82,29598097,898.10,904.91,891.29,896.82,29598097,898.10,904.91,891.29,896.82,29598097
2023-08-01,905.46,912.27,898.64,910.85,29127534,905.46,912.27,898.64,910.85,29127534,905.46,912.27,898.64,910.85,29127534
2023-08-02,914.82,917.55,912.09,912.82,24456274,914.82,917.55,912.09,912.82,24456274,914.82,917.55,912.09,912.82,24456274
2023-08-03,953.91,969.32,938.50,954.00,28690586,953.91,969.32,938.50,954.00,28690586,953.91,969.32,938.50,954.00,28690586
2023-08-04,930.40,941.42,919.38,926.36,26475910,930.40,941.42,919.38,926.36,26475910,930.40,941.42,919.38,926.36,26475910
2023-08-07,939.67,950.87,928.47,937.93,34842619,939.67,950.87,928.47,937.93,34842619,939.67,950.87,928.47,937.93,34842619
2023-08-08,949.82,959.00,940.65,941.02,32022300,949.82,959.00,940.65,941.02,32022300,949.82,959.00,940.65,941.02,32022300
2023-08-09,955.95,970.21,941.69,954.81,19926836,955.95,970.21,941.69,954.81,19926836,955.95,970.21,941.69,954.81,19926836
2023-08-10,970.95,975.24,966.66,974.87,19030069,970.95,975.24,966.66,974.87,19030069,970.95,975.24,966.66,974.87,19030069
2023-08-11,961.22,970.06,952.38,964.47,23347230,961.22,970.06,952.38,964.47,23347230,961.22,970.06,952.38,964.47,23347230
2023-08-14,970.62,977.96,963.28,971.90,29996168,970.62,977.96,963.28,971.90,29996168,970.62,977.96,963.28,971.90,29996168
2023-08-15,972.13,984.54,959.72,971.53,26686582,972.13,984.54,959.72,971.53,26686582,972.13,984.54,959.72,971.53,26686582
2023-08-16,982.37,991.41,973.32,981.68,22889851,982.37,991.41,973.32,981.68,22889851,982.37,991.41,973.32,981.68,22889851
2023-08-17,974.05,978.57,969.54,973.67,30960645,974.05,978.57,969.54,973.67,30960645,974.05,978.57,969.54,973.67,30960645
2023-08-18,984.98,995.00,974.95,984.66,19357603,984.98,995.00,974.95,984.66,19357603,984.98,995.00,974.95,984.66,19357603
2023-08-21,1014.06,1029.09,999.02,1010.62,22565787,1014.06,1029.09,999.02,1010.62,22565787,1014.06,1029.09,999.02,1010.62,22565787
2023-08-22,1029.06,1042.09,1016.03,1025.06,19311398,1029.06,1042.09,1016.03,1025.06,19311398,1029.06,1042.09,1016.03,1025.06,19311398
2023-08-23,1007.49,1018.04,996.95,1005.04,33476307,1007.49,1018.04,996.95,1005.04,33476307,1007.49,1018.04,996.95,1005.04,33476307
2023-08-24,1014.84,1020.88,1008.80,1015.71,32151461,1014.84,1020.88,1008.80,1015.71,32151461,1014.84,1020.88,1008.80,1015.71,32151461
2023-08-25,1014.02,1030.03,998.00,1004.23,30985316,1014.02,1030.03,998.00,1004.23,30985316,1014.02,1030.03,998.00,1004.23,30985316
2023-08-28,1023.48,1031.48,1015.47,1021.98,30238466,1023.48,1031.48,1015.47,1021.98,30238466,1023.48,1031.48,1015.47,1021.98,30238466
2023-08-29,1051.96,1060.78,1043.13,1046.28,29760269,1051.96,1060.78,1043.13,1046.28,29760269,1051.96,1060.78,1043.13,1046.28,29760269
2023-08-30,1047.71,1056.17,1039.24,1050.61,32836808,1047.71,1056.17,1039.24,1050.61,32836808,1047.71,1056.17,1039.24,1050.61,32836808
2023-08-31,1081.19,1095.91,1066.47,1075.57,32725863,1081.19,1095.91,1066.47,1075.57,32725863,1081.19,1095.91,1066.47,1075.57,32725863
2023-09-01,1073.76,1080.53,1066.99,1075.45,26036978,1073.76,1080.53,1066.99,1075.45,26036978,1073.76,1080.53,1066.99,1075.45,26036978
2023-09-04,1073.10,1086.50,1059.70,1073.09,32442289,1073.10,1086.50,1059.70,1073.09,32442289,1073.10,1086.50,1059.70,1073.09,32442289
2023-09-05,1069.85,1077.83,1061.88,1069.35,31266454,1069.85,1077.83,1061.88,1069.35,31266454,1069.85,1077.83,1061.88,1069.35,31266454
2023-09-06,1087.42,1096.83,1078.02,1078.43,32926332,1087.42,1096.83,1078.02,1078.43,32926332,1087.42,1096.83,1078.02,1078.43,32926332
2023-09-07,1091.48,1098.39,1084.57,1089.80,27214466,1091.48,1098.39,1084.57,1089.80,27214466,1091.48,1098.39,1084.57,1089.80,27214466
2023-09-08,1093.54,1098.38,1088.70,1092.71,19152790,1093.54,1098.38,1088.70,1092.71,19152790,1093.54,1098.38,1088.70,1092.71,19152790
2023-09-11,1110.94,1119.26,1102.62,1107.22,25101064,1110.94,1119.26,1102.62,1107.22,25101064,1110.94,1119.26,1102.62,1107.22,25101064
2023-09-12,1146.58,1160.80,1132.36,1143.42,30802356,1146.58,1160.80,1132.36,1143.42,30802356,1146.58,1160.80,1132.36,1143.42,30802356
2023-09-13,1161.07,1173.32,1148.83,1167.82,19167897,1161.07,1173.32,1148.83,1167.82,19167897,1161.07,1173.32,1148.83,1167.82,19167897
2023-09-14,1176.78,1190.37,1163.19,1182.28,19768561,1176.78,1190.37,1163.19,1182.28,19768561,1176.78,1190.37,1163.19,1182.28,19768561
2023-09-15,1177.10,1191.34,1162.87,1170.23,34753737,1177.10,1191.34,1162.87,1170.23,34753737,1177.10,1191.34,1162.87,1170.23,34753737
2023-09-18,1184.08,1197.96,1170.20,1187.44,30459174,1184.08,1197.96,1170.20,1187.44,30459174,1184.08,1197.96,1170.20,1187.44,30459174
2023-09-19,1201.17,1211.19,1191.16,1202.13,34623095,1201.17,1211.19,1191.16,1202.13,34623095,1201.17,1211.19,1191.16,1202.13,34623095
2023-09-20,1203.75,1214.80,1192.69,1198.94,18735594,1203.75,1214.80,1192.69,1198.94,18735594,1203.75,1214.80,1192.69,1198.94,18735594
2023-09-21,1186.55,1199.08,1174.03,1179.44,21090244,1186.55,1199.08,1174.03,1179.44,21090244,1186.55,1199.08,1174.03,1179.44,21090244
2023-09-22,1165.92,1176.38,1155.45,1159.14,34481493,1165.92,1176.38,1155.45,1159.14,34481493,1165.92,1176.38,1155.45,1159.14,34481493
2023-09-25,1136.38,1150.84,1121.93,1131.67,32930483,1136.38,1150.84,1121.93,1131.67,32930483,1136.38,1150.84,1121.93,1131.67,32930483
2023-09-26,1147.83,1157.57,1138.10,1142.92,27736083,1147.83,1157.57,1138.10,1142.92,27736083,1147.83,1157.57,1138.10,1142.92,27736083
2023-09-27,1154.76,1159.57,1149.94,1153.65,23024413,1154.76,1159.57,1149.94,1153.65,23024413,1154.76,1159.57,1149.94,1153.65,23024413
2023-09-28,1185.11,1202.09,1168.13,1184.24,17881131,1185.11,1202.09,1168.13,1184.24,17881131,1185.11,1202.09,1168.13,1184.24,17881131
2023-09-29,1165.58,1183.04,1148.12,1166.44,32408694,1165.58,1183.04,1148.12,1166.44,32408694,1165.58,1183.04,1148.12,1166.44,32408694
2023-10-02,1203.99,1214.56,1193.42,1204.96,26214457,1203.99,1214.56,1193.42,1204.96,26214457,1203.99,1214.56,1193.42,1204.96,26214457
2023-10-03,1242.97,1255.83,1230.11,1240.33,29843408,1242.97,1255.83,1230.11,1240.33,29843408,1242.97,1255.83,1230.11,1240.33,29843408
2023-10-04,1250.76,1261.70,1239.82,1251.24,32012207,1250.76,1261.70,1239.82,1251.24,32012207,1250.76,1261.70,1239.82,1251.24,32012207
2023-10-05,1308.63,1320.91,1296.34,1311.78,33526194,1308.63,1320.91,1296.34,1311.78,33526194,1308.63,1320.91,1296.34,1311.78,33526194
2023-10-06,1317.16,1333.99,1300.32,1320.46,20039245,1317.16,1333.99,1300.32,1320.46,20039245,1317.16,1333.99,1300.32,1320.46,20039245
2023-10-09,1304.80,1324.88,1284.71,1295.94,25131633,1304.80,1324.88,1284.71,1295.94,25131633,1304.80,1324.88,1284.71,1295.94,25131633
2023-10-10,1299.41,1322.54,1276.27,1298.92,31043625,1299.41,1322.54,1276.27,1298.92,31043625,1299.41,1322.54,1276.27,1298.92,31043625
2023-10-11,1258.64,1272.70,1244.57,1259.92,18289084,1258.64,1272.70,1244.57,1259.92,18289084,1258.64,1272.70,1244.57,1259.92,18289084
2023-10-12,1261.53,1270.12,1252.94,1267.78,19343629,1261.53,1270.12,1252.94,1267.78,19343629,1261.53,1270.12,1252.94,1267.78,19343629
2023-10-13,1319.54,1329.48,1309.61,1319.63,27634556,1319.54,1329.48,1309.61,1319.63,27634556,1319.54,1329.48,1309.61,1319.63,27634556
2023-10-16,1330.63,1338.98,1322.28,1327.70,22963583,1330.63,1338.98,1322.28,1327.70,22963583,1330.63,1338.98,1322.28,1327.70,22963583
2023-10-17,1299.79,1312.96,1286.62,1308.00,30234140,1299.79,1312.96,1286.62,1308.00,30234140,1299.79,1312.96,1286.62,1308.00,30234140
2023-10-18,1324.46,1338.63,1310.29,1327.59,33455402,1324.46,1338.63,1310.29,1327.59,33455402,1324.46,1338.63,1310.29,1327.59,33455402
2023-10-19,1328.86,1346.78,1310.95,1331.00,19704259,1328.86,1346.78,1310.95,1331.00,19704259,1328.86,1346.78,1310.95,1331.00,19704259
2023-10-20,1377.47,1394.74,1360.19,1377.71,25712120,1377.47,1394.74,1360.19,1377.71,25712120,1377.47,1394.74,1360.19,1377.71,25712120
2023-10-23,1352.33,1365.90,1338.76,1352.79,27433066,1352.33,1365.90,1338.76,1352.79,27433066,1352.33,1365.90,1338.76,1352.79,27433066
2023-10-24,1367.96,1387.92,1348.00,1364.40,28625105,1367.96,1387.92,1348.00,1364.40,28625105,1367.96,1387.92,1348.00,1364.40,28625105
2023-10-25,1377.90,1392.43,1363.37,1380.52,30340086,1377.90,1392.43,1363.37,1380.52,30340086,1377.90,1392.43,1363.37,1380.52,30340086
2023-10-26,1389.56,1400.45,1378.66,1389.93,25939910,1389.56,1400.45,1378.66,1389.93,25939910,1389.56,1400.45,1378.66,1389.93,25939910
2023-10-27,1373.23,1393.78,1352.67,1373.62,20248378,1373.23,1393.78,1352.67,1373.62,20248378,1373.23,1393.78,1352.67,1373.62,20248378
2023-10-30,1392.65,1407.28,1378.02,1393.21,17639126,1392.65,1407.28,1378.02,1393.21,17639126,1392.65,1407.28,1378.02,1393.21,17639126
2023-10-31,1404.27,1417.86,1390.67,1403.34,28291447,1404.27,1417.86,1390.67,1403.34,28291447,1404.27,1417.86,1390.67,1403.34,28291447
2023-11-01,1410.57,1419.59,1401.54,1408.37,23519632,1410.57,1419.59,1401.54,1408.37,23519632,1410.57,1419.59,1401.54,1408.37,23519632
2023-11-02,1399.64,1419.26,1380.01,1396.34,25602509,1399.64,1419.26,1380.01,1396.34,25602509,1399.64,1419.26,1380.01,1396.34,25602509
2023-11-03,1364.00,1376.25,1351.76,1359.33,20729093,1364.00,1376.25,1351.76,1359.33,20729093,1364.00,1376.25,1351.76,1359.33,20729093
2023-11-06,1337.26,1349.62,1324.89,1335.92,31060181,1337.26,1349.62,1324.89,1335.92,31060181,1337.26,1349.62,1324.89,1335.92,31060181
2023-11-07,1364.44,1380.72,1348.17,1361.91,28978901,1364.44,1380.72,1348.17,1361.91,28978901,1364.44,1380.72,1348.17,1361.91,28978901
2023-11-08,1339.42,1355.58,1323.26,1340.22,32937117,1339.42,1355.58,1323.26,1340.22,32937117,1339.42,1355.58,1323.26,1340.22,32937117
2023-11-09,1374.01,1390.64,1357.39,1377.69,21985505,1374.01,1390.64,1357.39,1377.69,21985505,1374.01,1390.64,1357.39,1377.69,21985505
2023-11-10,1403.96,1425.97,1381.95,1397.93,19000840,1403.96,1425.97,1381.95,1397.93,19000840,1403.96,1425.97,1381.95,1397.93,19000840
2023-11-13,1384.89,1395.88,1373.91,1377.82,19828494,1384.89,1395.88,1373.91,1377.82,19828494,1384.89,1395.88,1373.91,1377.82,19828494
2023-11-14,1398.78,1409.59,1387.98,1394.40,32853715,1398.78,1409.59,1387.98,1394.40,32853715,1398.78,1409.59,1387.98,1394.40,32853715
2023-11-15,1438.55,1450.83,1426.27,1429.84,23948651,1438.55,1450.83,1426.27,1429.84,23948651,1438.55,1450.83,1426.27,1429.84,23948651
2023-11-16,1424.24,1446.81,1401.67,1420.22,30543458,1424.24,1446.81,1401.67,1420.22,30543458,1424.24,1446.81,1401.67,1420.22,30543458
2023-11-17,1398.21,1420.80,1375.63,1391.64,24885284,1398.21,1420.80,1375.63,1391.64,24885284,1398.21,1420.80,1375.63,1391.64,24885284
2023-11-20,1414.66,1435.44,1393.88,1409.09,32144419,1414.66,1435.44,1393.88,1409.09,32144419,1414.66,1435.44,1393.88,1409.09,32144419
2023-11-21,1413.74,1431.32,1396.15,1413.83,29325467,1413.74,1431.32,1396.15,1413.83,29325467,1413.74,1431.32,1396.15,1413.83,29325467
2023-11-22,1420.67,1435.74,1405.59,1415.75,17513383,1420.67,1435.74,1405.59,1415.75,17513383,1420.67,1435.74,1405.59,1415.75,17513383
2023-11-23,1417.86,1438.53,1397.19,1426.42,32275779,1417.86,1438.53,1397.19,1426.42,32275779,1417.86,1438.53,1397.19,1426.42,32275779
2023-11-24,1409.69,1422.07,1397.31,1411.95,23903327,1409.69,1422.07,1397.31,1411.95,23903327,1409.69,1422.07,1397.31,1411.95,23903327
2023-11-27,1405.73,1412.36,1399.11,1399.33,32369529,1405.73,1412.36,1399.11,1399.33,32369529,1405.73,1412.36,1399.11,1399.33,32369529
2023-11-28,1408.66,1418.71,1398.62,1408.61,21992866,1408.66,1418.71,1398.62,1408.61,21992866,1408.66,1418.71,1398.62,1408.61,21992866
2023-11-29,1403.85,1414.71,1392.99,1400.93,32751447,1403.85,1414.71,1392.99,1400.93,32751447,1403.85,1414.71,1392.99,1400.93,32751447
2023-11-30,1415.55,1437.29,1393.80,1413.86,31375435,1415.55,1437.29,1393.80,1413.86,31375435,1415.55,1437.29,1393.80,1413.86,31375435
2023-12-01,1409.15,1428.30,1389.99,1407.14,28088076,1409.15,1428.30,1389.99,1407.14,28088076,1409.15,1428.30,1389.99,1407.14,28088076
2023-12-04,1434.41,1457.71,1411.11,1435.26,31365092,1434.41,1457.71,1411.11,1435.26,31365092,1434.41,1457.71,1411.11,1435.26,31365092
2023-12-05,1443.55,1457.74,1429.37,1444.04,17834371,1443.55,1457.74,1429.37,1444.04,17834371,1443.55,1457.74,1429.37,1444.04,17834371
2023-12-06,1452.69,1468.33,1437.06,1447.48,22151482,1452.69,1468.33,1437.06,1447.48,22151482,1452.69,1468.33,1437.06,1447.48,22151482
2023-12-07,1400.84,1422.49,1379.19,1396.18,22003479,1400.84,1422.49,1379.19,1396.18,22003479,1400.84,1422.49,1379.19,1396.18,22003479
2023-12-08,1437.56,1450.37,1424.76,1424.90,32773553,1437.56,1450.37,1424.76,1424.90,32773553,1437.56,1450.37,1424.76,1424.90,32773553
2023-12-11,1440.54,1445.55,1435.52,1440.46,28723990,1440.54,1445.55,1435.52,1440.46,28723990,1440.54,1445.55,1435.52,1440.46,28723990
2023-12-12,1454.62,1472.35,1436.89,1448.94,21329134,1454.62,1472.35,1436.89,1448.94,21329134,1454.62,1472.35,1436.89,1448.94,21329134
2023-12-13,1505.68,1520.92,1490.44,1502.57,19794355,1505.68,1520.92,1490.44,1502.57,19794355,1505.68,1520.92,1490.44,1502.57,19794355
2023-12-14,1425.36,1444.73,1405.99,1429.35,28140474,1425.36,1444.73,1405.99,1429.35,28140474,1425.36,1444.73,1405.99,1429.35,28140474
2023-12-15,1402.80,1409.28,1396.33,1401.41,28784067,1402.80,1409.28,1396.33,1401.41,28784067,1402.80,1409.28,1396.33,1401.41,28784067
2023-12-18,1452.17,1473.54,1430.81,1452.96,25375429,1452.17,1473.54,1430.81,1452.96,25375429,1452.17,1473.54,1430.81,1452.96,25375429
2023-12-19,1442.19,1460.26,1424.11,1440.38,21873939,1442.19,1460.26,1424.11,1440.38,21873939,1442.19,1460.26,1424.11,1440.38,21873939
2023-12-20,1433.77,1444.60,1422.94,1438.27,30619769,1433.77,1444.60,1422.94,1438.27,30619769,1433.77,1444.60,1422.94,1438.27,30619769
2023-12-21,1444.69,1451.96,1437.42,1438.08,27831240,1444.69,1451.96,1437.42,1438.08,27831240,1444.69,1451.96,1437.42,1438.08,27831240
2023-12-22,1442.94,1465.76,1420.12,1451.24,30167035,1442.94,1465.76,1420.12,1451.24,30167035,1442.94,1465.76,1420.12,1451.24,30167035
2023-12-25,1470.25,1485.09,1455.41,1472.21,31195361,1470.25,1485.09,1455.41,1472.21,31195361,1470.25,1485.09,1455.41,1472.21,31195361
2023-12-26,1528.39,1544.86,1511.92,1520.69,31956615,1528.39,1544.86,1511.92,1520.69,31956615,1528.39,1544.86,1511.92,1520.69,31956615
2023-12-27,1522.96,1537.33,1508.60,1509.38,27152921,1522.96,1537.33,1508.60,1509.38,27152921,1522.96,1537.33,1508.60,1509.38,27152921
2023-12-28,1502.09,1517.60,1486.58,1498.57,25902817,1502.09,1517.60,1486.58,1498.57,25902817,1502.09,1517.60,1486.58,1498.57,25902817
2023-12-29,1499.61,1518.36,1480.85,1502.04,31192871,1499.61,1518.36,1480.85,1502.04,31192871,1499.61,1518.36,1480.85,1502.04,31192871
