Date,Open,High,Low,Close,Volume,UnadjustedOpen,UnadjustedHigh,UnadjustedLow,UnadjustedClose,UnadjustedVolume,AdjustedOpen,AdjustedHigh,AdjustedLow,AdjustedClose,AdjustedVolume
2018-01-02,59.56,60.65,58.47,59.71,37203242,59.56,60.65,58.47,59.71,37203242,59.56,60.65,58.47,59.71,37203242
2018-01-03,60.55,60.94,60.16,60.20,34463537,60.55,60.94,60.16,60.20,34463537,60.55,60.94,60.16,60.20,34463537
2018-01-04,62.47,63.20,61.75,62.40,28716562,62.47,63.20,61.75,62.40,28716562,62.47,63.20,61.75,62.40,28716562
2018-01-05,62.53,63.37,61.69,62.48,31719870,62.53,63.37,61.69,62.48,31719870,62.53,63.37,61.69,62.48,31719870
2018-01-08,63.65,64.05,63.24,63.40,53353900,63.65,64.05,63.24,63.40,53353900,63.65,64.05,63.24,63.40,53353900
2018-01-09,64.18,64.73,63.63,63.98,46266475,64.18,64.73,63.63,63.98,46266475,64.18,64.73,63.63,63.98,46266475
2018-01-10,62.23,63.30,61.17,62.34,44376791,62.23,63.30,61.17,62.34,44376791,62.23,63.30,61.17,62.34,44376791
2018-01-11,62.73,63.38,62.08,62.98,51319771,62.73,63.38,62.08,62.98,51319771,62.73,63.38,62.08,62.98,51319771
2018-01-12,63.42,64.10,62.74,63.35,33053301,63.42,64.10,62.74,63.35,33053301,63.42,64.10,62.74,63.35,33053301
2018-01-15,62.88,63.38,62.38,63.11,48649383,62.88,63.38,62.38,63.11,48649383,62.88,63.38,62.38,63.11,48649383
2018-01-16,63.14,63.74,62.54,62.88,34187146,63.14,63.74,62.54,62.88,34187146,63.14,63.74,62.54,62.88,34187146
2018-01-17,60.60,60.99,60.22,60.70,46645968,60.60,60.99,60.22,60.70,46645968,60.60,60.99,60.22,60.70,46645968
2018-01-18,62.43,63.12,61.73,62.38,35266653,62.43,63.12,61.73,62.38,35266653,62.43,63.12,61.73,62.38,35266653
2018-01-19,60.15,60.93,59.37,60.20,32856950,60.15,60.93,59.37,60.20,32856950,60.15,60.93,59.37,60.20,32856950
2018-01-22,59.84,60.47,59.21,59.82,37439442,59.84,60.47,59.21,59.82,37439442,59.84,60.47,59.21,59.82,37439442
2018-01-23,59.17,59.88,58.46,59.36,34259047,59.17,59.88,58.46,59.36,34259047,59.17,59.88,58.46,59.36,34259047
2018-01-24,60.97,61.97,59.97,60.95,48948866,60.97,61.97,59.97,60.95,48948866,60.97,61.97,59.97,60.95,48948866
2018-01-25,62.67,63.78,61.56,62.40,28975867,62.67,63.78,61.56,62.40,28975867,62.67,63.78,61.56,62.40,28975867
2018-01-26,62.58,63.45,61.70,62.53,54021805,62.58,63.45,61.70,62.53,54021805,62.58,63.45,61.70,62.53,54021805
2018-01-29,62.90,63.29,62.52,62.69,44319029,62.90,63.29,62.52,62.69,44319029,62.90,63.29,62.52,62.69,44319029
2018-01-30,61.77,62.59,60.94,61.64,45779967,61.77,62.59,60.94,61.64,45779967,61.77,62.59,60.94,61.64,45779967
2018-01-31,62.24,62.93,61.55,61.98,54689658,62.24,62.93,61.55,61.98,54689658,62.24,62.93,61.55,61.98,54689658
2018-02-01,61.94,62.66,61.22,62.06,48570832,61.94,62.66,61.22,62.06,48570832,61.94,62.66,61.22,62.06,48570832
2018-02-02,63.16,64.26,62.07,62.83,47598101,63.16,64.26,62.07,62.83,47598101,63.16,64.26,62.07,62.83,47598101
2018-02-05,65.90,66.53,65.28,65.78,42649777,65.90,66.53,65.28,65.78,42649777,65.90,66.53,65.28,65.78,42649777
2018-02-06,67.14,67.63,66.66,66.86,33885746,67.14,67.63,66.66,66.86,33885746,67.14,67.63,66.66,66.86,33885746
2018-02-07,67.18,67.55,66.81,66.89,33846572,67.18,67.55,66.81,66.89,33846572,67.18,67.55,66.81,66.89,33846572
2018-02-08,64.85,65.70,64.01,64.82,32818017,64.85,65.70,64.01,64.82,32818017,64.85,65.70,64.01,64.82,32818017
2018-02-09,65.41,65.98,64.84,65.21,40813983,65.41,65.98,64.84,65.21,40813983,65.41,65.98,64.84,65.21,40813983
2018-02-12,65.98,66.91,65.05,65.66,53652562,65.98,66.91,65.05,65.66,53652562,65.98,66.91,65.05,65.66,53652562
2018-02-13,65.23,66.03,64.44,65.42,39928920,65.23,66.03,64.44,65.42,39928920,65.23,66.03,64.44,65.42,39928920
2018-02-14,65.40,66.13,64.68,65.66,53530009,65.40,66.13,64.68,65.66,53530009,65.40,66.13,64.68,65.66,53530009
2018-02-15,67.24,68.09,66.39,67.35,39344435,67.24,68.09,66.39,67.35,39344435,67.24,68.09,66.39,67.35,39344435
2018-02-16,66.22,66.86,65.58,66.09,43400606,66.22,66.86,65.58,66.09,43400606,66.22,66.86,65.58,66.09,43400606
2018-02-19,66.07,66.42,65.73,65.75,40340735,66.07,66.42,65.73,65.75,40340735,66.07,66.42,65.73,65.75,40340735
2018-02-20,65.15,65.67,64.64,65.25,33073448,65.15,65.67,64.64,65.25,33073448,65.15,65.67,64.64,65.25,33073448
2018-02-21,65.27,65.88,64.65,65.02,55110627,65.27,65.88,64.65,65.02,55110627,65.27,65.88,64.65,65.02,55110627
2018-02-22,67.20,67.90,66.50,67.17,35382486,67.20,67.90,66.50,67.17,35382486,67.20,67.90,66.50,67.17,35382486
2018-02-23,65.01,65.70,64.31,65.19,38106153,65.01,65.70,64.31,65.19,38106153,65.01,65.70,64.31,65.19,38106153
2018-02-26,65.35,66.24,64.47,64.97,50227340,65.35,66.24,64.47,64.97,50227340,65.35,66.24,64.47,64.97,50227340
2018-02-27,65.48,65.93,65.02,65.31,35411896,65.48,65.93,65.02,65.31,35411896,65.48,65.93,65.02,65.31,35411896
2018-02-28,65.41,66.04,64.78,65.30,35151380,65.41,66.04,64.78,65.30,35151380,65.41,66.04,64.78,65.30,35151380
2018-03-01,66.48,67.02,65.94,66.83,46994564,66.48,67.02,65.94,66.83,46994564,66.48,67.02,65.94,66.83,46994564
2018-03-02,69.04,69.51,68.57,68.68,38044700,69.04,69.51,68.57,68.68,38044700,69.04,69.51,68.57,68.68,38044700
2018-03-05,68.19,68.82,67.57,68.24,39729594,68.19,68.82,67.57,68.24,39729594,68.19,68.82,67.57,68.24,39729594
2018-03-06,68.32,68.89,67.75,68.37,55119589,68.32,68.89,67.75,68.37,55119589,68.32,68.89,67.75,68.37,55119589
2018-03-07,69.57,70.47,68.67,69.33,48118939,69.57,70.47,68.67,69.33,48118939,69.57,70.47,68.67,69.33,48118939
2018-03-08,70.37,71.09,69.66,70.02,28394215,70.37,71.09,69.66,70.02,28394215,70.37,71.09,69.66,70.02,28394215
2018-03-09,69.71,70.30,69.13,69.82,42638169,69.71,70.30,69.13,69.82,42638169,69.71,70.30,69.13,69.82,42638169
2018-03-12,69.39,70.06,68.72,69.50,33068334,69.39,70.06,68.72,69.50,33068334,69.39,70.06,68.72,69.50,33068334
2018-03-13,71.80,72.80,70.81,71.54,49979488,71.80,72.80,70.81,71.54,49979488,71.80,72.80,70.81,71.54,49979488
2018-03-14,71.19,71.82,70.56,71.02,37142316,71.19,71.82,70.56,71.02,37142316,71.19,71.82,70.56,71.02,37142316
2018-03-15,71.88,72.68,71.07,71.93,28924989,71.88,72.68,71.07,71.93,28924989,71.88,72.68,71.07,71.93,28924989
2018-03-16,69.30,69.99,68.60,69.35,30096359,69.30,69.99,68.60,69.35,30096359,69.30,69.99,68.60,69.35,30096359
2018-03-19,67.10,68.12,66.07,67.19,51482239,67.10,68.12,66.07,67.19,51482239,67.10,68.12,66.07,67.19,51482239
2018-03-20,69.73,70.31,69.16,69.28,49766173,69.73,70.31,69.16,69.28,49766173,69.73,70.31,69.16,69.28,49766173
2018-03-21,70.93,71.77,70.09,70.94,54403499,70.93,71.77,70.09,70.94,54403499,70.93,71.77,70.09,70.94,54403499
2018-03-22,70.32,70.64,70.00,70.20,30339391,70.32,70.64,70.00,70.20,30339391,70.32,70.64,70.00,70.20,30339391
2018-03-23,72.00,72.80,71.20,71.21,52531840,72.00,72.80,71.20,71.21,52531840,72.00,72.80,71.20,71.21,52531840
2018-03-26,74.39,75.31,73.47,73.81,45230143,74.39,75.31,73.47,73.81,45230143,74.39,75.31,73.47,73.81,45230143
2018-03-27,72.94,73.69,72.19,72.90,41473644,72.94,73.69,72.19,72.90,41473644,72.94,73.69,72.19,72.90,41473644
2018-03-28,72.28,73.24,71.32,72.49,35872476,72.28,73.24,71.32,72.49,35872476,72.28,73.24,71.32,72.49,35872476
2018-03-29,70.40,71.25,69.54,70.48,34569281,70.40,71.25,69.54,70.48,34569281,70.40,71.25,69.54,70.48,34569281
2018-03-30,69.65,70.34,68.96,69.71,29742831,69.65,70.34,68.96,69.71,29742831,69.65,70.34,68.96,69.71,29742831
2018-04-02,71.23,72.42,70.03,70.78,40329111,71.23,72.42,70.03,70.78,40329111,71.23,72.42,70.03,70.78,40329111
2018-04-03,71.81,72.43,71.19,71.77,39273687,71.81,72.43,71.19,71.77,39273687,71.81,72.43,71.19,71.77,39273687
2018-04-04,71.28,71.95,70.60,71.14,46667797,71.28,71.95,70.60,71.14,46667797,71.28,71.95,70.60,71.14,46667797
2018-04-05,74.00,74.57,73.42,74.52,48657188,74.00,74.57,73.42,74.52,48657188,74.00,74.57,73.42,74.52,48657188
2018-04-06,74.66,75.37,73.95,74.63,50151509,74.66,75.37,73.95,74.63,50151509,74.66,75.37,73.95,74.63,50151509
2018-04-09,73.24,74.19,72.30,73.38,28167296,73.24,74.19,72.30,73.38,28167296,73.24,74.19,72.30,73.38,28167296
2018-04-10,74.01,74.86,73.16,73.88,50344975,74.01,74.86,73.16,73.88,50344975,74.01,74.86,73.16,73.88,50344975
2018-04-11,75.86,76.74,74.98,75.08,36955492,75.86,76.74,74.98,75.08,36955492,75.86,76.74,74.98,75.08,36955492
2018-04-12,75.82,76.46,75.18,75.80,37321185,75.82,76.46,75.18,75.80,37321185,75.82,76.46,75.18,75.80,37321185
2018-04-13,76.19,76.84,75.53,76.50,51729632,76.19,76.84,75.53,76.50,51729632,76.19,76.84,75.53,76.50,51729632
2018-04-16,77.35,78.33,76.37,78.11,29250906,77.35,78.33,76.37,78.11,29250906,77.35,78.33,76.37,78.11,29250906
2018-04-17,77.16,77.83,76.50,76.92,50377038,77.16,77.83,76.50,76.92,50377038,77.16,77.83,76.50,76.92,50377038
2018-04-18,75.78,76.86,74.70,75.85,41785160,75.78,76.86,74.70,75.85,41785160,75.78,76.86,74.70,75.85,41785160
2018-04-19,73.74,74.68,72.79,73.79,54879043,73.74,74.68,72.79,73.79,54879043,73.74,74.68,72.79,73.79,54879043
2018-04-20,72.84,73.56,72.11,73.09,48501132,72.84,73.56,72.11,73.09,48501132,72.84,73.56,72.11,73.09,48501132
2018-04-23,74.04,75.07,73.00,74.02,45810384,74.04,75.07,73.00,74.02,45810384,74.04,75.07,73.00,74.02,45810384
2018-04-24,70.93,71.60,70.25,71.58,39386590,70.93,71.60,70.25,71.58,39386590,70.93,71.60,70.25,71.58,39386590
2018-04-25,70.12,70.71,69.54,69.91,35361935,70.12,70.71,69.54,69.91,35361935,70.12,70.71,69.54,69.91,35361935
2018-04-26,68.76,69.52,67.99,68.77,49255045,68.76,69.52,67.99,68.77,49255045,68.76,69.52,67.99,68.77,49255045
2018-04-27,68.65,69.33,67.96,68.40,45060717,68.65,69.33,67.96,68.40,45060717,68.65,69.33,67.96,68.40,45060717
2018-04-30,68.42,69.63,67.21,68.19,38398008,68.42,69.63,67.21,68.19,38398008,68.42,69.63,67.21,68.19,38398008
2018-05-01,66.95,67.38,66.52,66.73,49371555,66.95,67.38,66.52,66.73,49371555,66.95,67.38,66.52,66.73,49371555
2018-05-02,64.86,65.21,64.50,64.51,45155571,64.86,65.21,64.50,64.51,45155571,64.86,65.21,64.50,64.51,45155571
2018-05-03,63.48,64.15,62.82,63.34,49904053,63.48,64.15,62.82,63.34,49904053,63.48,64.15,62.82,63.34,49904053
2018-05-04,62.04,62.67,61.40,62.04,35531815,62.04,62.67,61.40,62.04,35531815,62.04,62.67,61.40,62.04,35531815
2018-05-07,61.62,61.84,61.41,61.80,32896774,61.62,61.84,61.41,61.80,32896774,61.62,61.84,61.41,61.80,32896774
2018-05-08,58.76,59.30,58.22,58.41,34009894,58.76,59.30,58.22,58.41,34009894,58.76,59.30,58.22,58.41,34009894
2018-05-09,59.19,60.06,58.32,59.18,49621781,59.19,60.06,58.32,59.18,49621781,59.19,60.06,58.32,59.18,49621781
2018-05-10,58.73,59.48,57.98,58.89,52979210,58.73,59.48,57.98,58.89,52979210,58.73,59.48,57.98,58.89,52979210
2018-05-11,59.32,59.86,58.78,59.19,43025089,59.32,59.86,58.78,59.19,43025089,59.32,59.86,58.78,59.19,43025089
2018-05-14,59.17,59.58,58.75,59.34,39495874,59.17,59.58,58.75,59.34,39495874,59.17,59.58,58.75,59.34,39495874
2018-05-15,59.81,60.60,59.01,60.15,29174449,59.81,60.60,59.01,60.15,29174449,59.81,60.60,59.01,60.15,29174449
2018-05-16,59.35,60.14,58.57,59.14,40541177,59.35,60.14,58.57,59.14,40541177,59.35,60.14,58.57,59.14,40541177
2018-05-17,59.28,60.02,58.54,59.32,30201061,59.28,60.02,58.54,59.32,30201061,59.28,60.02,58.54,59.32,30201061
2018-05-18,58.38,59.18,57.57,58.45,42249881,58.38,59.18,57.57,58.45,42249881,58.38,59.18,57.57,58.45,42249881
2018-05-21,57.55,57.98,57.13,57.26,29931819,57.55,57.98,57.13,57.26,29931819,57.55,57.98,57.13,57.26,29931819
2018-05-22,57.29,57.71,56.86,57.64,29450734,57.29,57.71,56.86,57.64,29450734,57.29,57.71,56.86,57.64,29450734
2018-05-23,56.80,57.66,55.94,56.47,40038490,56.80,57.66,55.94,56.47,40038490,56.80,57.66,55.94,56.47,40038490
2018-05-24,57.00,57.78,56.23,56.84,48865009,57.00,57.78,56.23,56.84,48865009,57.00,57.78,56.23,56.84,48865009
2018-05-25,57.46,58.24,56.68,57.52,52141062,57.46,58.24,56.68,57.52,52141062,57.46,58.24,56.68,57.52,52141062
2018-05-28,60.30,60.94,59.67,59.93,43498091,60.30,60.94,59.67,59.93,43498091,60.30,60.94,59.67,59.93,43498091
2018-05-29,59.76,60.73,58.80,59.79,37741443,59.76,60.73,58.80,59.79,37741443,59.76,60.73,58.80,59.79,37741443
2018-05-30,59.36,59.83,58.88,59.30,30571811,59.36,59.83,58.88,59.30,30571811,59.36,59.83,58.88,59.30,30571811
2018-05-31,60.23,60.55,59.90,60.21,40624538,60.23,60.55,59.90,60.21,40624538,60.23,60.55,59.90,60.21,40624538
2018-06-01,59.26,59.69,58.83,59.34,49994505,59.26,59.69,58.83,59.34,49994505,59.26,59.69,58.83,59.34,49994505
2018-06-04,59.76,60.37,59.15,60.10,50898072,59.76,60.37,59.15,60.10,50898072,59.76,60.37,59.15,60.10,50898072
2018-06-05,60.50,60.88,60.12,60.17,32083161,60.50,60.88,60.12,60.17,32083161,60.50,60.88,60.12,60.17,32083161
2018-06-06,59.09,59.72,58.45,58.90,51212480,59.09,59.72,58.45,58.90,51212480,59.09,59.72,58.45,58.90,51212480
2018-06-07,57.17,57.90,56.45,57.07,50305979,57.17,57.90,56.45,57.07,50305979,57.17,57.90,56.45,57.07,50305979
2018-06-08,57.82,58.44,57.20,57.75,52386574,57.82,58.44,57.20,57.75,52386574,57.82,58.44,57.20,57.75,52386574
2018-06-11,59.16,59.54,58.78,59.09,49697307,59.16,59.54,58.78,59.09,49697307,59.16,59.54,58.78,59.09,49697307
2018-06-12,59.79,60.41,59.17,59.60,55747113,59.79,60.41,59.17,59.60,55747113,59.79,60.41,59.17,59.60,55747113
2018-06-13,61.87,62.65,61.10,61.78,28182967,61.87,62.65,61.10,61.78,28182967,61.87,62.65,61.10,61.78,28182967
2018-06-14,60.79,61.59,59.98,60.86,35217478,60.79,61.59,59.98,60.86,35217478,60.79,61.59,59.98,60.86,35217478
2018-06-15,62.03,62.73,61.34,62.08,44394077,62.03,62.73,61.34,62.08,44394077,62.03,62.73,61.34,62.08,44394077
2018-06-18,63.57,64.27,62.87,63.73,42869259,63.57,64.27,62.87,63.73,42869259,63.57,64.27,62.87,63.73,42869259
2018-06-19,63.21,63.72,62.69,63.05,43962908,63.21,63.72,62.69,63.05,43962908,63.21,63.72,62.69,63.05,43962908
2018-06-20,63.55,64.42,62.69,63.38,45538545,63.55,64.42,62.69,63.38,45538545,63.55,64.42,62.69,63.38,45538545
2018-06-21,63.14,63.81,62.47,62.60,32454941,63.14,63.81,62.47,62.60,32454941,63.14,63.81,62.47,62.60,32454941
2018-06-22,63.78,64.60,62.96,63.68,33140308,63.78,64.60,62.96,63.68,33140308,63.78,64.60,62.96,63.68,33140308
2018-06-25,63.55,63.90,63.21,63.49,49087913,63.55,63.90,63.21,63.49,49087913,63.55,63.90,63.21,63.49,49087913
2018-06-26,61.81,62.52,61.09,61.73,33193426,61.81,62.52,61.09,61.73,33193426,61.81,62.52,61.09,61.73,33193426
2018-06-27,59.71,60.63,58.78,59.37,45515110,59.71,60.63,58.78,59.37,45515110,59.71,60.63,58.78,59.37,45515110
2018-06-28,59.99,60.74,59.25,59.73,43735662,59.99,60.74,59.25,59.73,43735662,59.99,60.74,59.25,59.73,43735662
2018-06-29,61.45,62.23,60.68,61.09,50615774,61.45,62.23,60.68,61.09,50615774,61.45,62.23,60.68,61.09,50615774
2018-07-02,61.16,61.88,60.44,60.91,45042004,61.16,61.88,60.44,60.91,45042004,61.16,61.88,60.44,60.91,45042004
2018-07-03,61.76,62.39,61.14,62.18,51025468,61.76,62.39,61.14,62.18,51025468,61.76,62.39,61.14,62.18,51025468
2018-07-04,63.56,64.39,62.74,63.29,34173429,63.56,64.39,62.74,63.29,34173429,63.56,64.39,62.74,63.29,34173429
2018-07-05,63.38,64.04,62.72,63.42,37802123,63.38,64.04,62.72,63.42,37802123,63.38,64.04,62.72,63.42,37802123
2018-07-06,66.64,67.30,65.97,66.56,33156118,66.64,67.30,65.97,66.56,33156118,66.64,67.30,65.97,66.56,33156118
2018-07-09,67.78,68.64,66.91,67.59,39618209,67.78,68.64,66.91,67.59,39618209,67.78,68.64,66.91,67.59,39618209
2018-07-10,68.86,69.79,67.94,68.89,36243163,68.86,69.79,67.94,68.89,36243163,68.86,69.79,67.94,68.89,36243163
2018-07-11,69.31,69.99,68.62,69.16,54682724,69.31,69.99,68.62,69.16,54682724,69.31,69.99,68.62,69.16,54682724
2018-07-12,70.27,71.01,69.53,70.14,36547860,70.27,71.01,69.53,70.14,36547860,70.27,71.01,69.53,70.14,36547860
2018-07-13,71.31,71.90,70.72,70.96,53802876,71.31,71.90,70.72,70.96,53802876,71.31,71.90,70.72,70.96,53802876
2018-07-16,71.37,72.23,70.51,70.96,49757035,71.37,72.23,70.51,70.96,49757035,71.37,72.23,70.51,70.96,49757035
2018-07-17,72.02,72.81,71.23,71.58,52756772,72.02,72.81,71.23,71.58,52756772,72.02,72.81,71.23,71.58,52756772
2018-07-18,70.76,71.32,70.21,71.05,51306831,70.76,71.32,70.21,71.05,51306831,70.76,71.32,70.21,71.05,51306831
2018-07-19,72.28,73.30,71.26,72.77,52023984,72.28,73.30,71.26,72.77,52023984,72.28,73.30,71.26,72.77,52023984
2018-07-20,75.81,76.84,74.77,75.48,38175951,75.81,76.84,74.77,75.48,38175951,75.81,76.84,74.77,75.48,38175951
2018-07-23,75.23,75.72,74.73,75.30,50633252,75.23,75.72,74.73,75.30,50633252,75.23,75.72,74.73,75.30,50633252
2018-07-24,75.23,76.26,74.19,75.00,42397194,75.23,76.26,74.19,75.00,42397194,75.23,76.26,74.19,75.00,42397194
2018-07-25,74.26,75.21,73.31,74.45,28556492,74.26,75.21,73.31,74.45,28556492,74.26,75.21,73.31,74.45,28556492
2018-07-26,70.79,71.22,70.36,71.20,49662065,70.79,71.22,70.36,71.20,49662065,70.79,71.22,70.36,71.20,49662065
2018-07-27,72.43,73.12,71.74,71.92,51719216,72.43,73.12,71.74,71.92,51719216,72.43,73.12,71.74,71.92,51719216
2018-07-30,71.89,72.22,71.57,71.80,53648323,71.89,72.22,71.57,71.80,53648323,71.89,72.22,71.57,71.80,53648323
2018-07-31,70.77,71.71,69.82,70.50,29961558,70.77,71.71,69.82,70.50,29961558,70.77,71.71,69.82,70.50,29961558
2018-08-01,68.49,69.36,67.62,68.50,34865615,68.49,69.36,67.62,68.50,34865615,68.49,69.36,67.62,68.50,34865615
2018-08-02,67.52,68.41,66.63,66.98,30100637,67.52,68.41,66.63,66.98,30100637,67.52,68.41,66.63,66.98,30100637
2018-08-03,66.73,67.95,65.51,67.04,38056289,66.73,67.95,65.51,67.04,38056289,66.73,67.95,65.51,67.04,38056289
2018-08-06,66.29,67.01,65.56,66.18,30009806,66.29,67.01,65.56,66.18,30009806,66.29,67.01,65.56,66.18,30009806
2018-08-07,66.77,67.24,66.29,66.55,48665425,66.77,67.24,66.29,66.55,48665425,66.77,67.24,66.29,66.55,48665425
2018-08-08,65.86,66.28,65.44,66.04,50252153,65.86,66.28,65.44,66.04,50252153,65.86,66.28,65.44,66.04,50252153
2018-08-09,66.65,67.26,66.03,66.58,40772280,66.65,67.26,66.03,66.58,40772280,66.65,67.26,66.03,66.58,40772280
2018-08-10,67.02,67.74,66.29,67.01,44918423,67.02,67.74,66.29,67.01,44918423,67.02,67.74,66.29,67.01,44918423
2018-08-13,66.50,67.21,65.78,66.38,41129131,66.50,67.21,65.78,66.38,41129131,66.50,67.21,65.78,66.38,41129131
2018-08-14,67.57,68.37,66.77,67.38,35301302,67.57,68.37,66.77,67.38,35301302,67.57,68.37,66.77,67.38,35301302
2018-08-15,64.95,65.74,64.16,64.98,28365954,64.95,65.74,64.16,64.98,28365954,64.95,65.74,64.16,64.98,28365954
2018-08-16,65.72,66.68,64.76,65.80,28819433,65.72,66.68,64.76,65.80,28819433,65.72,66.68,64.76,65.80,28819433
2018-08-17,65.56,66.46,64.66,65.48,43721568,65.56,66.46,64.66,65.48,43721568,65.56,66.46,64.66,65.48,43721568
2018-08-20,66.35,66.84,65.85,66.48,41351120,66.35,66.84,65.85,66.48,41351120,66.35,66.84,65.85,66.48,41351120
2018-08-21,66.63,67.82,65.45,66.52,32427012,66.63,67.82,65.45,66.52,32427012,66.63,67.82,65.45,66.52,32427012
2018-08-22,67.25,67.94,66.57,67.16,37795696,67.25,67.94,66.57,67.16,37795696,67.25,67.94,66.57,67.16,37795696
2018-08-23,68.51,69.29,67.73,68.36,54841177,68.51,69.29,67.73,68.36,54841177,68.51,69.29,67.73,68.36,54841177
2018-08-24,67.98,68.96,67.00,67.78,46102140,67.98,68.96,67.00,67.78,46102140,67.98,68.96,67.00,67.78,46102140
2018-08-27,67.00,67.91,66.09,66.53,48907093,67.00,67.91,66.09,66.53,48907093,67.00,67.91,66.09,66.53,48907093
2018-08-28,67.10,67.90,66.30,66.60,35574568,67.10,67.90,66.30,66.60,35574568,67.10,67.90,66.30,66.60,35574568
2018-08-29,67.61,68.36,66.85,67.55,53977431,67.61,68.36,66.85,67.55,53977431,67.61,68.36,66.85,67.55,53977431
2018-08-30,67.39,67.72,67.07,67.08,46029626,67.39,67.72,67.07,67.08,46029626,67.39,67.72,67.07,67.08,46029626
2018-08-31,68.40,69.31,67.48,68.05,40083654,68.40,69.31,67.48,68.05,40083654,68.40,69.31,67.48,68.05,40083654
2018-09-03,65.91,66.92,64.91,65.89,39116029,65.91,66.92,64.91,65.89,39116029,65.91,66.92,64.91,65.89,39116029
2018-09-04,67.93,68.55,67.31,67.49,54408246,67.93,68.55,67.31,67.49,54408246,67.93,68.55,67.31,67.49,54408246
2018-09-05,67.64,68.59,66.69,67.90,54927156,67.64,68.59,66.69,67.90,54927156,67.64,68.59,66.69,67.90,54927156
2018-09-06,71.35,72.40,70.30,71.14,42405363,71.35,72.40,70.30,71.14,42405363,71.35,72.40,70.30,71.14,42405363
2018-09-07,72.25,72.74,71.76,72.26,42472659,72.25,72.74,71.76,72.26,42472659,72.25,72.74,71.76,72.26,42472659
2018-09-10,70.78,71.38,70.18,71.00,34440346,70.78,71.38,70.18,71.00,34440346,70.78,71.38,70.18,71.00,34440346
2018-09-11,72.18,73.28,71.08,72.09,46648330,72.18,73.28,71.08,72.09,46648330,72.18,73.28,71.08,72.09,46648330
2018-09-12,72.02,72.78,71.25,71.59,53995502,72.02,72.78,71.25,71.59,53995502,72.02,72.78,71.25,71.59,53995502
2018-09-13,72.31,73.52,71.10,72.36,50430676,72.31,73.52,71.10,72.36,50430676,72.31,73.52,71.10,72.36,50430676
2018-09-14,71.42,72.55,70.29,71.41,29319675,71.42,72.55,70.29,71.41,29319675,71.42,72.55,70.29,71.41,29319675
2018-09-17,71.53,72.70,70.35,71.10,45030363,71.53,72.70,70.35,71.10,45030363,71.53,72.70,70.35,71.10,45030363
2018-09-18,72.19,72.91,71.47,71.73,36826615,72.19,72.91,71.47,71.73,36826615,72.19,72.91,71.47,71.73,36826615
2018-09-19,72.96,73.55,72.38,72.78,36704152,72.96,73.55,72.38,72.78,36704152,72.96,73.55,72.38,72.78,36704152
2018-09-20,73.31,73.99,72.63,73.08,32851509,73.31,73.99,72.63,73.08,32851509,73.31,73.99,72.63,73.08,32851509
2018-09-21,73.75,74.73,72.77,73.45,45257455,73.75,74.73,72.77,73.45,45257455,73.75,74.73,72.77,73.45,45257455
2018-09-24,73.51,74.00,73.03,73.06,53462144,73.51,74.00,73.03,73.06,53462144,73.51,74.00,73.03,73.06,53462144
2018-09-25,71.33,71.80,70.85,71.37,30182834,71.33,71.80,70.85,71.37,30182834,71.33,71.80,70.85,71.37,30182834
2018-09-26,72.51,73.14,71.88,72.67,46890974,72.51,73.14,71.88,72.67,46890974,72.51,73.14,71.88,72.67,46890974
2018-09-27,72.15,73.26,71.05,72.04,53514964,72.15,73.26,71.05,72.04,53514964,72.15,73.26,71.05,72.04,53514964
2018-09-28,73.40,74.00,72.80,73.52,29717699,73.40,74.00,72.80,73.52,29717699,73.40,74.00,72.80,73.52,29717699
2018-10-01,72.67,73.36,71.97,72.58,40425372,72.67,73.36,71.97,72.58,40425372,72.67,73.36,71.97,72.58,40425372
2018-10-02,72.64,73.16,72.13,72.45,46900954,72.64,73.16,72.13,72.45,46900954,72.64,73.16,72.13,72.45,46900954
2018-10-03,69.94,70.96,68.91,70.56,45365114,69.94,70.96,68.91,70.56,45365114,69.94,70.96,68.91,70.56,45365114
2018-10-04,70.59,71.39,69.78,70.99,29552433,70.59,71.39,69.78,70.99,29552433,70.59,71.39,69.78,70.99,29552433
2018-10-05,69.85,70.61,69.09,69.91,42613534,69.85,70.61,69.09,69.91,42613534,69.85,70.61,69.09,69.91,42613534
2018-10-08,67.96,68.76,67.15,68.50,41080741,67.96,68.76,67.15,68.50,41080741,67.96,68.76,67.15,68.50,41080741
2018-10-09,67.60,68.54,66.66,67.50,33319600,67.60,68.54,66.66,67.50,33319600,67.60,68.54,66.66,67.50,33319600
2018-10-10,67.24,67.72,66.75,67.22,28573874,67.24,67.72,66.75,67.22,28573874,67.24,67.72,66.75,67.22,28573874
2018-10-11,66.55,67.05,66.05,66.58,55570647,66.55,67.05,66.05,66.58,55570647,66.55,67.05,66.05,66.58,55570647
2018-10-12,68.15,69.24,67.07,68.03,33384412,68.15,69.24,67.07,68.03,33384412,68.15,69.24,67.07,68.03,33384412
2018-10-15,68.84,69.27,68.42,68.82,41300252,68.84,69.27,68.42,68.82,41300252,68.84,69.27,68.42,68.82,41300252
2018-10-16,70.20,70.86,69.53,69.99,45507361,70.20,70.86,69.53,69.99,45507361,70.20,70.86,69.53,69.99,45507361
2018-10-17,70.17,71.08,69.26,69.94,48645016,70.17,71.08,69.26,69.94,48645016,70.17,71.08,69.26,69.94,48645016
2018-10-18,71.20,71.92,70.48,71.07,37120233,71.20,71.92,70.48,71.07,37120233,71.20,71.92,70.48,71.07,37120233
2018-10-19,68.38,69.12,67.64,68.24,28097943,68.38,69.12,67.64,68.24,28097943,68.38,69.12,67.64,68.24,28097943
2018-10-22,69.83,70.75,68.92,69.76,32546470,69.83,70.75,68.92,69.76,32546470,69.83,70.75,68.92,69.76,32546470
2018-10-23,68.73,69.71,67.75,68.89,34637945,68.73,69.71,67.75,68.89,34637945,68.73,69.71,67.75,68.89,34637945
2018-10-24,67.96,68.53,67.38,67.71,43035619,67.96,68.53,67.38,67.71,43035619,67.96,68.53,67.38,67.71,43035619
2018-10-25,69.00,70.03,67.96,68.94,34241381,69.00,70.03,67.96,68.94,34241381,69.00,70.03,67.96,68.94,34241381
2018-10-26,68.95,69.54,68.35,69.38,54939146,68.95,69.54,68.35,69.38,54939146,68.95,69.54,68.35,69.38,54939146
2018-10-29,69.83,70.72,68.94,69.91,41763784,69.83,70.72,68.94,69.91,41763784,69.83,70.72,68.94,69.91,41763784
2018-10-30,71.47,72.22,70.72,70.93,36221726,71.47,72.22,70.72,70.93,36221726,71.47,72.22,70.72,70.93,36221726
2018-10-31,70.67,71.72,69.62,70.39,38483580,70.67,71.72,69.62,70.39,38483580,70.67,71.72,69.62,70.39,38483580
2018-11-01,69.67,70.57,68.78,69.62,32069188,69.67,70.57,68.78,69.62,32069188,69.67,70.57,68.78,69.62,32069188
2018-11-02,71.61,72.65,70.57,71.49,34380166,71.61,72.65,70.57,71.49,34380166,71.61,72.65,70.57,71.49,34380166
2018-11-05,75.23,76.06,74.40,74.87,28523314,75.23,76.06,74.40,74.87,28523314,75.23,76.06,74.40,74.87,28523314
2018-11-06,75.44,76.37,74.51,74.90,41302405,75.44,76.37,74.51,74.90,41302405,75.44,76.37,74.51,74.90,41302405
2018-11-07,77.18,77.99,76.36,77.10,44205375,77.18,77.99,76.36,77.10,44205375,77.18,77.99,76.36,77.10,44205375
2018-11-08,76.03,77.29,74.76,76.07,53421139,76.03,77.29,74.76,76.07,53421139,76.03,77.29,74.76,76.07,53421139
2018-11-09,73.11,73.74,72.48,73.01,53718853,73.11,73.74,72.48,73.01,53718853,73.11,73.74,72.48,73.01,53718853
2018-11-12,73.24,73.75,72.73,72.99,41108611,73.24,73.75,72.73,72.99,41108611,73.24,73.75,72.73,72.99,41108611
2018-11-13,74.85,75.67,74.02,74.85,34483889,74.85,75.67,74.02,74.85,34483889,74.85,75.67,74.02,74.85,34483889
2018-11-14,71.20,72.19,70.22,71.21,53678856,71.20,72.19,70.22,71.21,53678856,71.20,72.19,70.22,71.21,53678856
2018-11-15,71.34,71.81,70.88,71.22,32537923,71.34,71.81,70.88,71.22,32537923,71.34,71.81,70.88,71.22,32537923
2018-11-16,70.80,71.95,69.66,70.85,42363257,70.80,71.95,69.66,70.85,42363257,70.80,71.95,69.66,70.85,42363257
2018-11-19,70.62,71.19,70.06,70.41,45654673,70.62,71.19,70.06,70.41,45654673,70.62,71.19,70.06,70.41,45654673
2018-11-20,71.75,72.71,70.79,71.37,48539810,71.75,72.71,70.79,71.37,48539810,71.75,72.71,70.79,71.37,48539810
2018-11-21,70.48,71.20,69.75,70.32,43345292,70.48,71.20,69.75,70.32,43345292,70.48,71.20,69.75,70.32,43345292
2018-11-22,70.22,70.80,69.64,70.37,40575952,70.22,70.80,69.64,70.37,40575952,70.22,70.80,69.64,70.37,40575952
2018-11-23,70.41,71.20,69.62,70.52,39601140,70.41,71.20,69.62,70.52,39601140,70.41,71.20,69.62,70.52,39601140
2018-11-26,71.77,73.10,70.43,71.06,29582104,71.77,73.10,70.43,71.06,29582104,71.77,73.10,70.43,71.06,29582104
2018-11-27,71.97,72.55,71.38,71.48,55324653,71.97,72.55,71.38,71.48,55324653,71.97,72.55,71.38,71.48,55324653
2018-11-28,68.53,69.62,67.43,68.26,50902449,68.53,69.62,67.43,68.26,50902449,68.53,69.62,67.43,68.26,50902449
2018-11-29,68.42,69.17,67.68,68.20,51550774,68.42,69.17,67.68,68.20,51550774,68.42,69.17,67.68,68.20,51550774
2018-11-30,69.30,70.64,67.97,69.36,48652099,69.30,70.64,67.97,69.36,48652099,69.30,70.64,67.97,69.36,48652099
2018-12-03,68.26,68.86,67.67,68.16,33434293,68.26,68.86,67.67,68.16,33434293,68.26,68.86,67.67,68.16,33434293
2018-12-04,68.60,69.72,67.47,68.59,48069878,68.60,69.72,67.47,68.59,48069878,68.60,69.72,67.47,68.59,48069878
2018-12-05,68.58,69.66,67.49,68.20,33809809,68.58,69.66,67.49,68.20,33809809,68.58,69.66,67.49,68.20,33809809
2018-12-06,66.80,67.24,66.37,67.03,41800361,66.80,67.24,66.37,67.03,41800361,66.80,67.24,66.37,67.03,41800361
2018-12-07,68.52,68.95,68.08,68.64,53846003,68.52,68.95,68.08,68.64,53846003,68.52,68.95,68.08,68.64,53846003
2018-12-10,69.11,69.52,68.70,69.32,53306498,69.11,69.52,68.70,69.32,53306498,69.11,69.52,68.70,69.32,53306498
2018-12-11,67.88,68.40,67.36,67.75,37162770,67.88,68.40,67.36,67.75,37162770,67.88,68.40,67.36,67.75,37162770
2018-12-12,67.84,69.09,66.59,67.52,35036644,67.84,69.09,66.59,67.52,35036644,67.84,69.09,66.59,67.52,35036644
2018-12-13,68.69,69.60,67.77,68.60,44754925,68.69,69.60,67.77,68.60,44754925,68.69,69.60,67.77,68.60,44754925
2018-12-14,69.49,70.38,68.60,69.47,37975234,69.49,70.38,68.60,69.47,37975234,69.49,70.38,68.60,69.47,37975234
2018-12-17,73.25,74.18,72.32,72.40,43532975,73.25,74.18,72.32,72.40,43532975,73.25,74.18,72.32,72.40,43532975
2018-12-18,72.70,74.01,71.40,72.35,46410709,72.70,74.01,71.40,72.35,46410709,72.70,74.01,71.40,72.35,46410709
2018-12-19,71.50,72.33,70.66,71.63,45837593,71.50,72.33,70.66,71.63,45837593,71.50,72.33,70.66,71.63,45837593
2018-12-20,70.46,71.80,69.13,70.43,42947607,70.46,71.80,69.13,70.43,42947607,70.46,71.80,69.13,70.43,42947607
2018-12-21,71.87,72.54,71.19,72.06,47173881,71.87,72.54,71.19,72.06,47173881,71.87,72.54,71.19,72.06,47173881
2018-12-24,70.93,71.30,70.56,71.15,45403938,70.93,71.30,70.56,71.15,45403938,70.93,71.30,70.56,71.15,45403938
2018-12-25,68.20,69.16,67.25,68.36,37050267,68.20,69.16,67.25,68.36,37050267,68.20,69.16,67.25,68.36,37050267
2018-12-26,70.85,71.43,70.28,70.63,43759515,70.85,71.43,70.28,70.63,43759515,70.85,71.43,70.28,70.63,43759515
2018-12-27,68.22,68.70,67.75,68.20,31930984,68.22,68.70,67.75,68.20,31930984,68.22,68.70,67.75,68.20,31930984
2018-12-28,67.78,68.29,67.26,67.53,38567054,67.78,68.29,67.26,67.53,38567054,67.78,68.29,67.26,67.53,38567054
2018-12-31,68.20,68.84,67.55,67.76,51809679,68.20,68.84,67.55,67.76,51809679,68.20,68.84,67.55,67.76,51809679
2019-01-01,69.10,70.21,67.98,68.65,31439651,69.10,70.21,67.98,68.65,31439651,69.10,70.21,67.98,68.65,31439651
2019-01-02,69.13,69.63,68.63,68.73,31211084,69.13,69.63,68.63,68.73,31211084,69.13,69.63,68.63,68.73,31211084
2019-01-03,69.35,70.20,68.51,69.23,50060894,69.35,70.20,68.51,69.23,50060894,69.35,70.20,68.51,69.23,50060894
2019-01-04,70.49,71.39,69.59,70.43,29127896,70.49,71.39,69.59,70.43,29127896,70.49,71.39,69.59,70.43,29127896
2019-01-07,70.69,71.23,70.15,70.53,38861368,70.69,71.23,70.15,70.53,38861368,70.69,71.23,70.15,70.53,38861368
2019-01-08,68.33,69.15,67.50,68.62,32138318,68.33,69.15,67.50,68.62,32138318,68.33,69.15,67.50,68.62,32138318
2019-01-09,68.73,69.71,67.76,68.33,46853609,68.73,69.71,67.76,68.33,46853609,68.73,69.71,67.76,68.33,46853609
2019-01-10,72.07,73.27,70.88,71.62,52289679,72.07,73.27,70.88,71.62,52289679,72.07,73.27,70.88,71.62,52289679
2019-01-11,73.88,75.01,72.74,73.71,32815228,73.88,75.01,72.74,73.71,32815228,73.88,75.01,72.74,73.71,32815228
2019-01-14,77.37,78.25,76.49,76.85,39913331,77.37,78.25,76.49,76.85,39913331,77.37,78.25,76.49,76.85,39913331
2019-01-15,79.21,79.65,78.77,78.91,37535025,79.21,79.65,78.77,78.91,37535025,79.21,79.65,78.77,78.91,37535025
2019-01-16,78.86,79.43,78.29,78.68,38959717,78.86,79.43,78.29,78.68,38959717,78.86,79.43,78.29,78.68,38959717
2019-01-17,81.07,82.11,80.02,81.41,45912664,81.07,82.11,80.02,81.41,45912664,81.07,82.11,80.02,81.41,45912664
2019-01-18,81.28,81.88,80.68,81.15,30218977,81.28,81.88,80.68,81.15,30218977,81.28,81.88,80.68,81.15,30218977
2019-01-21,81.68,82.08,81.28,81.43,35813038,81.68,82.08,81.28,81.43,35813038,81.68,82.08,81.28,81.43,35813038
2019-01-22,81.53,82.74,80.31,81.42,42803413,81.53,82.74,80.31,81.42,42803413,81.53,82.74,80.31,81.42,42803413
2019-01-23,81.44,82.36,80.52,81.35,35955993,81.44,82.36,80.52,81.35,35955993,81.44,82.36,80.52,81.35,35955993
2019-01-24,80.45,81.19,79.71,80.42,54694803,80.45,81.19,79.71,80.42,54694803,80.45,81.19,79.71,80.42,54694803
2019-01-25,81.09,82.29,79.88,81.01,44744621,81.09,82.29,79.88,81.01,44744621,81.09,82.29,79.88,81.01,44744621
2019-01-28,80.35,81.45,79.24,80.53,42018229,80.35,81.45,79.24,80.53,42018229,80.35,81.45,79.24,80.53,42018229
2019-01-29,79.06,79.75,78.36,79.41,44803297,79.06,79.75,78.36,79.41,44803297,79.06,79.75,78.36,79.41,44803297
2019-01-30,79.41,80.41,78.41,79.60,36819046,79.41,80.41,78.41,79.60,36819046,79.41,80.41,78.41,79.60,36819046
2019-01-31,78.56,79.81,77.31,78.65,53393923,78.56,79.81,77.31,78.65,53393923,78.56,79.81,77.31,78.65,53393923
2019-02-01,77.94,78.82,77.06,77.88,51030695,77.94,78.82,77.06,77.88,51030695,77.94,78.82,77.06,77.88,51030695
2019-02-04,78.38,79.19,77.57,78.28,34301869,78.38,79.19,77.57,78.28,34301869,78.38,79.19,77.57,78.28,34301869
2019-02-05,79.05,80.27,77.83,78.96,41220981,79.05,80.27,77.83,78.96,41220981,79.05,80.27,77.83,78.96,41220981
2019-02-06,79.18,80.34,78.02,79.27,31729661,79.18,80.34,78.02,79.27,31729661,79.18,80.34,78.02,79.27,31729661
2019-02-07,78.58,79.23,77.93,78.62,52165022,78.58,79.23,77.93,78.62,52165022,78.58,79.23,77.93,78.62,52165022
2019-02-08,78.63,79.90,77.36,78.63,34333449,78.63,79.90,77.36,78.63,34333449,78.63,79.90,77.36,78.63,34333449
2019-02-11,75.37,76.03,74.71,75.35,40500603,75.37,76.03,74.71,75.35,40500603,75.37,76.03,74.71,75.35,40500603
2019-02-12,76.25,77.29,75.21,76.31,36623971,76.25,77.29,75.21,76.31,36623971,76.25,77.29,75.21,76.31,36623971
2019-02-13,77.84,79.25,76.44,77.68,36261824,77.84,79.25,76.44,77.68,36261824,77.84,79.25,76.44,77.68,36261824
2019-02-14,77.30,77.97,76.64,77.62,40322148,77.30,77.97,76.64,77.62,40322148,77.30,77.97,76.64,77.62,40322148
2019-02-15,78.03,78.98,77.08,77.37,30271211,78.03,78.98,77.08,77.37,30271211,78.03,78.98,77.08,77.37,30271211
2019-02-18,78.64,79.77,77.51,78.53,44221495,78.64,79.77,77.51,78.53,44221495,78.64,79.77,77.51,78.53,44221495
2019-02-19,78.67,79.67,77.67,78.54,46657670,78.67,79.67,77.67,78.54,46657670,78.67,79.67,77.67,78.54,46657670
2019-02-20,78.48,78.96,78.01,78.04,42539264,78.48,78.96,78.01,78.04,42539264,78.48,78.96,78.01,78.04,42539264
2019-02-21,77.41,78.09,76.74,77.56,46810562,77.41,78.09,76.74,77.56,46810562,77.41,78.09,76.74,77.56,46810562
2019-02-22,77.48,78.15,76.81,77.66,36905941,77.48,78.15,76.81,77.66,36905941,77.48,78.15,76.81,77.66,36905941
2019-02-25,76.61,77.64,75.59,76.55,55957269,76.61,77.64,75.59,76.55,55957269,76.61,77.64,75.59,76.55,55957269
2019-02-26,75.46,76.33,74.58,75.47,44579664,75.46,76.33,74.58,75.47,44579664,75.46,76.33,74.58,75.47,44579664
2019-02-27,74.06,74.75,73.36,73.89,42846123,74.06,74.75,73.36,73.89,42846123,74.06,74.75,73.36,73.89,42846123
2019-02-28,74.86,75.52,74.20,74.77,32395844,74.86,75.52,74.20,74.77,32395844,74.86,75.52,74.20,74.77,32395844
2019-03-01,74.34,75.15,73.53,73.91,39983506,74.34,75.15,73.53,73.91,39983506,74.34,75.15,73.53,73.91,39983506
2019-03-04,74.94,75.77,74.11,74.80,37804080,74.94,75.77,74.11,74.80,37804080,74.94,75.77,74.11,74.80,37804080
2019-03-05,76.58,77.51,75.64,76.46,30635794,76.58,77.51,75.64,76.46,30635794,76.58,77.51,75.64,76.46,30635794
2019-03-06,75.57,76.70,74.44,75.55,43282377,75.57,76.70,74.44,75.55,43282377,75.57,76.70,74.44,75.55,43282377
2019-03-07,75.43,76.11,74.74,75.21,50109973,75.43,76.11,74.74,75.21,50109973,75.43,76.11,74.74,75.21,50109973
2019-03-08,73.50,74.48,72.53,73.55,46429712,73.50,74.48,72.53,73.55,46429712,73.50,74.48,72.53,73.55,46429712
2019-03-11,73.58,74.68,72.49,73.48,30539416,73.58,74.68,72.49,73.48,30539416,73.58,74.68,72.49,73.48,30539416
2019-03-12,71.45,72.38,70.51,71.10,49872493,71.45,72.38,70.51,71.10,49872493,71.45,72.38,70.51,71.10,49872493
2019-03-13,70.79,71.32,70.25,70.65,35976453,70.79,71.32,70.25,70.65,35976453,70.79,71.32,70.25,70.65,35976453
2019-03-14,70.54,71.26,69.81,70.63,44620268,70.54,71.26,69.81,70.63,44620268,70.54,71.26,69.81,70.63,44620268
2019-03-15,69.71,70.45,68.98,69.94,50505526,69.71,70.45,68.98,69.94,50505526,69.71,70.45,68.98,69.94,50505526
2019-03-18,73.15,73.74,72.56,73.02,30590835,73.15,73.74,72.56,73.02,30590835,73.15,73.74,72.56,73.02,30590835
2019-03-19,73.88,75.30,72.45,74.01,45021030,73.88,75.30,72.45,74.01,45021030,73.88,75.30,72.45,74.01,45021030
2019-03-20,74.44,75.85,73.03,74.08,42948688,74.44,75.85,73.03,74.08,42948688,74.44,75.85,73.03,74.08,42948688
2019-03-21,73.79,74.47,73.11,74.12,52390610,73.79,74.47,73.11,74.12,52390610,73.79,74.47,73.11,74.12,52390610
2019-03-22,73.97,74.98,72.97,74.24,38084817,73.97,74.98,72.97,74.24,38084817,73.97,74.98,72.97,74.24,38084817
2019-03-25,72.50,73.44,71.55,72.15,35005620,72.50,73.44,71.55,72.15,35005620,72.50,73.44,71.55,72.15,35005620
2019-03-26,72.13,72.83,71.42,72.20,35001896,72.13,72.83,71.42,72.20,35001896,72.13,72.83,71.42,72.20,35001896
2019-03-27,71.70,72.63,70.76,71.35,33567763,71.70,72.63,70.76,71.35,33567763,71.70,72.63,70.76,71.35,33567763
2019-03-28,71.39,72.97,69.81,71.46,48883591,71.39,72.97,69.81,71.46,48883591,71.39,72.97,69.81,71.46,48883591
2019-03-29,70.93,71.39,70.46,70.92,55011185,70.93,71.39,70.46,70.92,55011185,70.93,71.39,70.46,70.92,55011185
2019-04-01,71.61,72.67,70.55,71.40,54137753,71.61,72.67,70.55,71.40,54137753,71.61,72.67,70.55,71.40,54137753
2019-04-02,71.53,72.38,70.68,71.21,40371669,71.53,72.38,70.68,71.21,40371669,71.53,72.38,70.68,71.21,40371669
2019-04-03,70.20,70.85,69.55,69.60,29711202,70.20,70.85,69.55,69.60,29711202,70.20,70.85,69.55,69.60,29711202
2019-04-04,69.96,70.52,69.39,69.83,55335106,69.96,70.52,69.39,69.83,55335106,69.96,70.52,69.39,69.83,55335106
2019-04-05,69.62,69.78,69.45,69.47,29256649,69.62,69.78,69.45,69.47,29256649,69.62,69.78,69.45,69.47,29256649
2019-04-08,68.08,68.71,67.45,68.16,50453723,68.08,68.71,67.45,68.16,50453723,68.08,68.71,67.45,68.16,50453723
2019-04-09,67.43,68.19,66.68,66.93,35427002,67.43,68.19,66.68,66.93,35427002,67.43,68.19,66.68,66.93,35427002
2019-04-10,68.15,68.96,67.34,67.80,33899358,68.15,68.96,67.34,67.80,33899358,68.15,68.96,67.34,67.80,33899358
2019-04-11,66.46,67.07,65.84,66.18,46060131,66.46,67.07,65.84,66.18,46060131,66.46,67.07,65.84,66.18,46060131
2019-04-12,65.63,66.67,64.58,65.31,34158416,65.63,66.67,64.58,65.31,34158416,65.63,66.67,64.58,65.31,34158416
2019-04-15,64.80,65.62,63.99,64.99,45524971,64.80,65.62,63.99,64.99,45524971,64.80,65.62,63.99,64.99,45524971
2019-04-16,64.38,64.95,63.81,64.06,47828144,64.38,64.95,63.81,64.06,47828144,64.38,64.95,63.81,64.06,47828144
2019-04-17,62.30,63.04,61.55,62.48,30181540,62.30,63.04,61.55,62.48,30181540,62.30,63.04,61.55,62.48,30181540
2019-04-18,64.02,65.04,63.00,64.31,49094331,64.02,65.04,63.00,64.31,49094331,64.02,65.04,63.00,64.31,49094331
2019-04-19,63.79,64.18,63.41,63.66,38818230,63.79,64.18,63.41,63.66,38818230,63.79,64.18,63.41,63.66,38818230
2019-04-22,66.83,67.90,65.76,66.96,47887612,66.83,67.90,65.76,66.96,47887612,66.83,67.90,65.76,66.96,47887612
2019-04-23,67.62,68.15,67.08,67.58,34565764,67.62,68.15,67.08,67.58,34565764,67.62,68.15,67.08,67.58,34565764
2019-04-24,67.72,68.38,67.06,67.59,37124633,67.72,68.38,67.06,67.59,37124633,67.72,68.38,67.06,67.59,37124633
2019-04-25,68.04,68.90,67.18,67.65,43698185,68.04,68.90,67.18,67.65,43698185,68.04,68.90,67.18,67.65,43698185
2019-04-26,68.62,69.12,68.13,68.69,30033176,68.62,69.12,68.13,68.69,30033176,68.62,69.12,68.13,68.69,30033176
2019-04-29,67.65,68.48,66.82,67.63,32538971,67.65,68.48,66.82,67.63,32538971,67.65,68.48,66.82,67.63,32538971
2019-04-30,68.33,69.33,67.33,67.94,36031511,68.33,69.33,67.33,67.94,36031511,68.33,69.33,67.33,67.94,36031511
2019-05-01,67.56,68.03,67.09,67.26,54228244,67.56,68.03,67.09,67.26,54228244,67.56,68.03,67.09,67.26,54228244
2019-05-02,68.33,69.37,67.28,68.35,35966108,68.33,69.37,67.28,68.35,35966108,68.33,69.37,67.28,68.35,35966108
2019-05-03,67.34,68.25,66.43,67.10,41683167,67.34,68.25,66.43,67.10,41683167,67.34,68.25,66.43,67.10,41683167
2019-05-06,66.57,67.45,65.69,66.48,37925118,66.57,67.45,65.69,66.48,37925118,66.57,67.45,65.69,66.48,37925118
2019-05-07,64.27,64.80,63.74,64.76,42618833,64.27,64.80,63.74,64.76,42618833,64.27,64.80,63.74,64.76,42618833
2019-05-08,63.83,64.68,62.99,63.84,33933104,63.83,64.68,62.99,63.84,33933104,63.83,64.68,62.99,63.84,33933104
2019-05-09,63.48,63.84,63.12,63.42,33140550,63.48,63.84,63.12,63.42,33140550,63.48,63.84,63.12,63.42,33140550
2019-05-10,61.42,61.72,61.12,61.49,38696690,61.42,61.72,61.12,61.49,38696690,61.42,61.72,61.12,61.49,38696690
2019-05-13,64.11,65.10,63.11,64.34,51647335,64.11,65.10,63.11,64.34,51647335,64.11,65.10,63.11,64.34,51647335
2019-05-14,65.77,66.64,64.91,65.74,30210383,65.77,66.64,64.91,65.74,30210383,65.77,66.64,64.91,65.74,30210383
2019-05-15,66.21,67.37,65.04,65.97,52580085,66.21,67.37,65.04,65.97,52580085,66.21,67.37,65.04,65.97,52580085
2019-05-16,65.08,66.22,63.94,65.07,33404132,65.08,66.22,63.94,65.07,33404132,65.08,66.22,63.94,65.07,33404132
2019-05-17,66.74,67.21,66.27,66.70,30132698,66.74,67.21,66.27,66.70,30132698,66.74,67.21,66.27,66.70,30132698
2019-05-20,68.11,68.86,67.37,68.14,38382431,68.11,68.86,67.37,68.14,38382431,68.11,68.86,67.37,68.14,38382431
2019-05-21,69.43,70.31,68.55,69.28,41324408,69.43,70.31,68.55,69.28,41324408,69.43,70.31,68.55,69.28,41324408
2019-05-22,70.64,71.66,69.62,70.74,44202220,70.64,71.66,69.62,70.74,44202220,70.64,71.66,69.62,70.74,44202220
2019-05-23,68.46,68.73,68.18,68.27,37619301,68.46,68.73,68.18,68.27,37619301,68.46,68.73,68.18,68.27,37619301
2019-05-24,68.08,68.47,67.68,67.92,44541878,68.08,68.47,67.68,67.92,44541878,68.08,68.47,67.68,67.92,44541878
2019-05-27,68.24,68.99,67.48,68.13,40834249,68.24,68.99,67.48,68.13,40834249,68.24,68.99,67.48,68.13,40834249
2019-05-28,68.41,68.65,68.17,68.35,46263942,68.41,68.65,68.17,68.35,46263942,68.41,68.65,68.17,68.35,46263942
2019-05-29,70.54,70.80,70.29,70.45,37886161,70.54,70.80,70.29,70.45,37886161,70.54,70.80,70.29,70.45,37886161
2019-05-30,69.22,70.28,68.17,69.30,55271937,69.22,70.28,68.17,69.30,55271937,69.22,70.28,68.17,69.30,55271937
2019-05-31,69.44,70.56,68.33,69.29,48346089,69.44,70.56,68.33,69.29,48346089,69.44,70.56,68.33,69.29,48346089
2019-06-03,67.76,68.21,67.31,67.92,43602673,67.76,68.21,67.31,67.92,43602673,67.76,68.21,67.31,67.92,43602673
2019-06-04,66.31,67.30,65.32,66.21,47818212,66.31,67.30,65.32,66.21,47818212,66.31,67.30,65.32,66.21,47818212
2019-06-05,65.28,66.50,64.05,65.17,44908332,65.28,66.50,64.05,65.17,44908332,65.28,66.50,64.05,65.17,44908332
2019-06-06,65.98,66.60,65.35,65.87,37754118,65.98,66.60,65.35,65.87,37754118,65.98,66.60,65.35,65.87,37754118
2019-06-07,66.06,66.58,65.55,65.90,45031350,66.06,66.58,65.55,65.90,45031350,66.06,66.58,65.55,65.90,45031350
2019-06-10,64.38,65.16,63.60,64.13,34946571,64.38,65.16,63.60,64.13,34946571,64.38,65.16,63.60,64.13,34946571
2019-06-11,61.93,62.43,61.44,61.96,28626183,61.93,62.43,61.44,61.96,28626183,61.93,62.43,61.44,61.96,28626183
2019-06-12,61.90,62.47,61.32,61.53,29308299,61.90,62.47,61.32,61.53,29308299,61.90,62.47,61.32,61.53,29308299
2019-06-13,61.51,62.16,60.86,61.59,28720073,61.51,62.16,60.86,61.59,28720073,61.51,62.16,60.86,61.59,28720073
2019-06-14,61.74,62.15,61.32,61.40,36943704,61.74,62.15,61.32,61.40,36943704,61.74,62.15,61.32,61.40,36943704
2019-06-17,61.25,62.42,60.07,60.87,46651430,61.25,62.42,60.07,60.87,46651430,61.25,62.42,60.07,60.87,46651430
2019-06-18,61.73,62.56,60.91,61.43,38395704,61.73,62.56,60.91,61.43,38395704,61.73,62.56,60.91,61.43,38395704
2019-06-19,63.26,64.03,62.50,63.19,31858587,63.26,64.03,62.50,63.19,31858587,63.26,64.03,62.50,63.19,31858587
2019-06-20,65.21,66.37,64.06,65.43,32990797,65.21,66.37,64.06,65.43,32990797,65.21,66.37,64.06,65.43,32990797
2019-06-21,65.87,66.44,65.30,65.84,35391964,65.87,66.44,65.30,65.84,35391964,65.87,66.44,65.30,65.84,35391964
2019-06-24,67.74,68.20,67.27,67.40,29249390,67.74,68.20,67.27,67.40,29249390,67.74,68.20,67.27,67.40,29249390
2019-06-25,67.26,68.11,66.41,67.71,55561908,67.26,68.11,66.41,67.71,55561908,67.26,68.11,66.41,67.71,55561908
2019-06-26,68.64,69.56,67.73,68.54,40527804,68.64,69.56,67.73,68.54,40527804,68.64,69.56,67.73,68.54,40527804
2019-06-27,66.85,67.44,66.25,66.99,40792967,66.85,67.44,66.25,66.99,40792967,66.85,67.44,66.25,66.99,40792967
2019-06-28,67.64,68.38,66.90,67.52,29564381,67.64,68.38,66.90,67.52,29564381,67.64,68.38,66.90,67.52,29564381
2019-07-01,69.42,70.23,68.61,69.42,51615404,69.42,70.23,68.61,69.42,51615404,69.42,70.23,68.61,69.42,51615404
2019-07-02,70.63,71.88,69.39,70.48,43449317,70.63,71.88,69.39,70.48,43449317,70.63,71.88,69.39,70.48,43449317
2019-07-03,70.42,70.94,69.90,70.36,49080668,70.42,70.94,69.90,70.36,49080668,70.42,70.94,69.90,70.36,49080668
2019-07-04,70.26,71.26,69.26,70.45,41281605,70.26,71.26,69.26,70.45,41281605,70.26,71.26,69.26,70.45,41281605
2019-07-05,72.84,73.88,71.79,72.86,49892144,72.84,73.88,71.79,72.86,49892144,72.84,73.88,71.79,72.86,49892144
2019-07-08,73.40,74.45,72.36,72.81,38274965,73.40,74.45,72.36,72.81,38274965,73.40,74.45,72.36,72.81,38274965
2019-07-09,73.79,74.76,72.83,73.66,47997085,73.79,74.76,72.83,73.66,47997085,73.79,74.76,72.83,73.66,47997085
2019-07-10,74.13,75.04,73.21,73.86,51860460,74.13,75.04,73.21,73.86,51860460,74.13,75.04,73.21,73.86,51860460
2019-07-11,73.65,74.53,72.77,73.51,31290871,73.65,74.53,72.77,73.51,31290871,73.65,74.53,72.77,73.51,31290871
2019-07-12,70.76,71.78,69.73,71.25,46525625,70.76,71.78,69.73,71.25,46525625,70.76,71.78,69.73,71.25,46525625
2019-07-15,71.81,72.16,71.46,71.66,40610395,71.81,72.16,71.46,71.66,40610395,71.81,72.16,71.46,71.66,40610395
2019-07-16,72.10,72.78,71.42,72.18,35311457,72.10,72.78,71.42,72.18,35311457,72.10,72.78,71.42,72.18,35311457
2019-07-17,72.81,73.70,71.93,72.66,42786143,72.81,73.70,71.93,72.66,42786143,72.81,73.70,71.93,72.66,42786143
2019-07-18,70.88,71.20,70.56,70.89,43665570,70.88,71.20,70.56,70.89,43665570,70.88,71.20,70.56,70.89,43665570
2019-07-19,71.87,72.31,71.43,71.90,53075464,71.87,72.31,71.43,71.90,53075464,71.87,72.31,71.43,71.90,53075464
2019-07-22,69.83,70.60,69.06,70.04,53773564,69.83,70.60,69.06,70.04,53773564,69.83,70.60,69.06,70.04,53773564
2019-07-23,71.69,72.73,70.66,71.68,36808006,71.69,72.73,70.66,71.68,36808006,71.69,72.73,70.66,71.68,36808006
2019-07-24,72.83,73.49,72.16,72.62,34502289,72.83,73.49,72.16,72.62,34502289,72.83,73.49,72.16,72.62,34502289
2019-07-25,71.80,72.80,70.81,71.92,48022889,71.80,72.80,70.81,71.92,48022889,71.80,72.80,70.81,71.92,48022889
2019-07-26,73.90,74.67,73.13,73.70,40872938,73.90,74.67,73.13,73.70,40872938,73.90,74.67,73.13,73.70,40872938
2019-07-29,74.62,75.48,73.77,74.53,47115303,74.62,75.48,73.77,74.53,47115303,74.62,75.48,73.77,74.53,47115303
2019-07-30,76.20,76.80,75.61,75.82,49867038,76.20,76.80,75.61,75.82,49867038,76.20,76.80,75.61,75.82,49867038
2019-07-31,74.01,74.60,73.41,73.87,45040029,74.01,74.60,73.41,73.87,45040029,74.01,74.60,73.41,73.87,45040029
2019-08-01,74.85,75.65,74.04,74.79,43093733,74.85,75.65,74.04,74.79,43093733,74.85,75.65,74.04,74.79,43093733
2019-08-02,75.33,76.43,74.23,75.65,33322757,75.33,76.43,74.23,75.65,33322757,75.33,76.43,74.23,75.65,33322757
2019-08-05,76.98,78.13,75.84,76.87,45182177,76.98,78.13,75.84,76.87,45182177,76.98,78.13,75.84,76.87,45182177
2019-08-06,76.66,77.40,75.92,76.22,34541067,76.66,77.40,75.92,76.22,34541067,76.66,77.40,75.92,76.22,34541067
2019-08-07,77.24,77.98,76.50,77.23,53985429,77.24,77.98,76.50,77.23,53985429,77.24,77.98,76.50,77.23,53985429
2019-08-08,77.62,78.32,76.91,77.57,29630269,77.62,78.32,76.91,77.57,29630269,77.62,78.32,76.91,77.57,29630269
2019-08-09,76.59,77.16,76.02,76.77,38233030,76.59,77.16,76.02,76.77,38233030,76.59,77.16,76.02,76.77,38233030
2019-08-12,76.62,77.50,75.74,76.92,47162308,76.62,77.50,75.74,76.92,47162308,76.62,77.50,75.74,76.92,47162308
2019-08-13,75.32,75.91,74.73,75.12,40830111,75.32,75.91,74.73,75.12,40830111,75.32,75.91,74.73,75.12,40830111
2019-08-14,72.98,74.06,71.90,73.35,44641075,72.98,74.06,71.90,73.35,44641075,72.98,74.06,71.90,73.35,44641075
2019-08-15,71.58,72.46,70.70,71.15,41751572,71.58,72.46,70.70,71.15,41751572,71.58,72.46,70.70,71.15,41751572
2019-08-16,71.68,72.21,71.15,71.38,33277528,71.68,72.21,71.15,71.38,33277528,71.68,72.21,71.15,71.38,33277528
2019-08-19,70.83,71.76,69.90,70.83,34940817,70.83,71.76,69.90,70.83,34940817,70.83,71.76,69.90,70.83,34940817
2019-08-20,71.12,71.99,70.25,71.19,54894863,71.12,71.99,70.25,71.19,54894863,71.12,71.99,70.25,71.19,54894863
2019-08-21,70.87,71.71,70.02,70.69,32383035,70.87,71.71,70.02,70.69,32383035,70.87,71.71,70.02,70.69,32383035
2019-08-22,70.21,71.22,69.21,70.66,50146439,70.21,71.22,69.21,70.66,50146439,70.21,71.22,69.21,70.66,50146439
2019-08-23,70.82,71.70,69.93,70.87,50274005,70.82,71.70,69.93,70.87,50274005,70.82,71.70,69.93,70.87,50274005
2019-08-26,71.13,71.59,70.67,71.36,28376643,71.13,71.59,70.67,71.36,28376643,71.13,71.59,70.67,71.36,28376643
2019-08-27,67.42,68.53,66.32,67.30,48406812,67.42,68.53,66.32,67.30,48406812,67.42,68.53,66.32,67.30,48406812
2019-08-28,64.88,65.57,64.19,65.13,44388503,64.88,65.57,64.19,65.13,44388503,64.88,65.57,64.19,65.13,44388503
2019-08-29,66.31,67.11,65.51,65.98,53609321,66.31,67.11,65.51,65.98,53609321,66.31,67.11,65.51,65.98,53609321
2019-08-30,66.54,67.10,65.99,66.56,36029531,66.54,67.10,65.99,66.56,36029531,66.54,67.10,65.99,66.56,36029531
2019-09-02,66.43,66.92,65.94,66.56,45138772,66.43,66.92,65.94,66.56,45138772,66.43,66.92,65.94,66.56,45138772
2019-09-03,67.02,67.95,66.10,67.05,38141576,67.02,67.95,66.10,67.05,38141576,67.02,67.95,66.10,67.05,38141576
2019-09-04,69.05,69.70,68.41,68.84,35677445,69.05,69.70,68.41,68.84,35677445,69.05,69.70,68.41,68.84,35677445
2019-09-05,68.29,68.94,67.64,68.23,38196273,68.29,68.94,67.64,68.23,38196273,68.29,68.94,67.64,68.23,38196273
2019-09-06,69.84,70.47,69.21,69.54,30072795,69.84,70.47,69.21,69.54,30072795,69.84,70.47,69.21,69.54,30072795
2019-09-09,69.79,71.13,68.45,69.96,51690467,69.79,71.13,68.45,69.96,51690467,69.79,71.13,68.45,69.96,51690467
2019-09-10,69.72,70.55,68.89,69.75,50276097,69.72,70.55,68.89,69.75,50276097,69.72,70.55,68.89,69.75,50276097
2019-09-11,69.47,69.77,69.18,69.71,37708707,69.47,69.77,69.18,69.71,37708707,69.47,69.77,69.18,69.71,37708707
2019-09-12,71.08,72.44,69.72,70.74,32030448,71.08,72.44,69.72,70.74,32030448,71.08,72.44,69.72,70.74,32030448
2019-09-13,73.46,74.30,72.62,73.17,46571238,73.46,74.30,72.62,73.17,46571238,73.46,74.30,72.62,73.17,46571238
2019-09-16,71.54,72.28,70.80,71.50,51010441,71.54,72.28,70.80,71.50,51010441,71.54,72.28,70.80,71.50,51010441
2019-09-17,70.97,71.80,70.14,70.68,47727803,70.97,71.80,70.14,70.68,47727803,70.97,71.80,70.14,70.68,47727803
2019-09-18,71.01,71.71,70.31,71.17,31996006,71.01,71.71,70.31,71.17,31996006,71.01,71.71,70.31,71.17,31996006
2019-09-19,70.64,71.28,70.00,70.01,29410477,70.64,71.28,70.00,70.01,29410477,70.64,71.28,70.00,70.01,29410477
2019-09-20,69.20,70.01,68.40,69.49,33243646,69.20,70.01,68.40,69.49,33243646,69.20,70.01,68.40,69.49,33243646
2019-09-23,69.72,70.11,69.34,69.39,36281800,69.72,70.11,69.34,69.39,36281800,69.72,70.11,69.34,69.39,36281800
2019-09-24,67.91,68.78,67.04,67.72,30416537,67.91,68.78,67.04,67.72,30416537,67.91,68.78,67.04,67.72,30416537
2019-09-25,69.59,70.89,68.30,69.68,37480726,69.59,70.89,68.30,69.68,37480726,69.59,70.89,68.30,69.68,37480726
2019-09-26,67.82,68.78,66.85,68.10,51968494,67.82,68.78,66.85,68.10,51968494,67.82,68.78,66.85,68.10,51968494
2019-09-27,69.03,70.20,67.85,68.91,45036372,69.03,70.20,67.85,68.91,45036372,69.03,70.20,67.85,68.91,45036372
2019-09-30,68.38,68.90,67.85,68.21,35564105,68.38,68.90,67.85,68.21,35564105,68.38,68.90,67.85,68.21,35564105
2019-10-01,68.40,69.25,67.55,68.23,54986764,68.40,69.25,67.55,68.23,54986764,68.40,69.25,67.55,68.23,54986764
2019-10-02,67.75,68.78,66.72,67.48,33650198,67.75,68.78,66.72,67.48,33650198,67.75,68.78,66.72,67.48,33650198
2019-10-03,68.50,69.18,67.81,68.40,41634929,68.50,69.18,67.81,68.40,41634929,68.50,69.18,67.81,68.40,41634929
2019-10-04,68.75,69.47,68.02,68.30,42080509,68.75,69.47,68.02,68.30,42080509,68.75,69.47,68.02,68.30,42080509
2019-10-07,69.36,70.07,68.65,69.27,53007049,69.36,70.07,68.65,69.27,53007049,69.36,70.07,68.65,69.27,53007049
2019-10-08,72.50,73.10,71.89,72.41,28496685,72.50,73.10,71.89,72.41,28496685,72.50,73.10,71.89,72.41,28496685
2019-10-09,72.75,73.57,71.93,72.73,38648767,72.75,73.57,71.93,72.73,38648767,72.75,73.57,71.93,72.73,38648767
2019-10-10,71.61,72.48,70.75,71.35,51985075,71.61,72.48,70.75,71.35,51985075,71.61,72.48,70.75,71.35,51985075
2019-10-11,73.63,74.16,73.10,73.60,51287274,73.63,74.16,73.10,73.60,51287274,73.63,74.16,73.10,73.60,51287274
2019-10-14,72.15,72.73,71.56,72.49,40368325,72.15,72.73,71.56,72.49,40368325,72.15,72.73,71.56,72.49,40368325
2019-10-15,74.48,75.30,73.66,74.11,33052069,74.48,75.30,73.66,74.11,33052069,74.48,75.30,73.66,74.11,33052069
2019-10-16,74.12,75.10,73.14,73.73,34203451,74.12,75.10,73.14,73.73,34203451,74.12,75.10,73.14,73.73,34203451
2019-10-17,72.25,72.88,71.62,72.15,52287157,72.25,72.88,71.62,72.15,52287157,72.25,72.88,71.62,72.15,52287157
2019-10-18,72.76,73.36,72.16,72.78,48493938,72.76,73.36,72.16,72.78,48493938,72.76,73.36,72.16,72.78,48493938
2019-10-21,71.84,72.20,71.48,71.81,31249529,71.84,72.20,71.48,71.81,31249529,71.84,72.20,71.48,71.81,31249529
2019-10-22,73.12,74.37,71.88,73.21,46263551,73.12,74.37,71.88,73.21,46263551,73.12,74.37,71.88,73.21,46263551
2019-10-23,73.73,73.98,73.48,73.91,54357296,73.73,73.98,73.48,73.91,54357296,73.73,73.98,73.48,73.91,54357296
2019-10-24,74.20,75.00,73.39,74.04,41903050,74.20,75.00,73.39,74.04,41903050,74.20,75.00,73.39,74.04,41903050
2019-10-25,72.27,73.41,71.12,72.27,42414804,72.27,73.41,71.12,72.27,42414804,72.27,73.41,71.12,72.27,42414804
2019-10-28,71.77,72.53,71.01,71.44,31204903,71.77,72.53,71.01,71.44,31204903,71.77,72.53,71.01,71.44,31204903
2019-10-29,71.46,72.18,70.74,71.91,50057777,71.46,72.18,70.74,71.91,50057777,71.46,72.18,70.74,71.91,50057777
2019-10-30,74.19,75.23,73.15,73.80,35236950,74.19,75.23,73.15,73.80,35236950,74.19,75.23,73.15,73.80,35236950
2019-10-31,74.12,74.85,73.39,73.85,34961383,74.12,74.85,73.39,73.85,34961383,74.12,74.85,73.39,73.85,34961383
2019-11-01,71.14,71.79,70.49,71.18,49664605,71.14,71.79,70.49,71.18,49664605,71.14,71.79,70.49,71.18,49664605
2019-11-04,73.19,74.17,72.21,72.90,46688851,73.19,74.17,72.21,72.90,46688851,73.19,74.17,72.21,72.90,46688851
2019-11-05,72.06,72.74,71.38,72.24,55587020,72.06,72.74,71.38,72.24,55587020,72.06,72.74,71.38,72.24,55587020
2019-11-06,71.99,73.25,70.73,71.66,48890592,71.99,73.25,70.73,71.66,48890592,71.99,73.25,70.73,71.66,48890592
2019-11-07,70.41,71.28,69.53,70.84,51813792,70.41,71.28,69.53,70.84,51813792,70.41,71.28,69.53,70.84,51813792
2019-11-08,69.20,69.64,68.76,68.88,49042950,69.20,69.64,68.76,68.88,49042950,69.20,69.64,68.76,68.88,49042950
2019-11-11,68.86,69.49,68.23,68.97,49499037,68.86,69.49,68.23,68.97,49499037,68.86,69.49,68.23,68.97,49499037
2019-11-12,67.83,68.60,67.07,67.59,37374515,67.83,68.60,67.07,67.59,37374515,67.83,68.60,67.07,67.59,37374515
2019-11-13,67.10,67.81,66.39,67.46,38012264,67.10,67.81,66.39,67.46,38012264,67.10,67.81,66.39,67.46,38012264
2019-11-14,66.04,66.64,65.43,65.92,50986863,66.04,66.64,65.43,65.92,50986863,66.04,66.64,65.43,65.92,50986863
2019-11-15,65.00,65.70,64.29,64.87,54825132,65.00,65.70,64.29,64.87,54825132,65.00,65.70,64.29,64.87,54825132
2019-11-18,64.43,65.74,63.12,64.38,40666659,64.43,65.74,63.12,64.38,40666659,64.43,65.74,63.12,64.38,40666659
2019-11-19,64.77,65.38,64.15,64.55,40160954,64.77,65.38,64.15,64.55,40160954,64.77,65.38,64.15,64.55,40160954
2019-11-20,65.41,65.80,65.02,65.64,30654898,65.41,65.80,65.02,65.64,30654898,65.41,65.80,65.02,65.64,30654898
2019-11-21,65.63,66.21,65.05,65.49,35152881,65.63,66.21,65.05,65.49,35152881,65.63,66.21,65.05,65.49,35152881
2019-11-22,65.00,65.66,64.34,64.67,36648618,65.00,65.66,64.34,64.67,36648618,65.00,65.66,64.34,64.67,36648618
2019-11-25,65.10,65.92,64.29,64.85,40129891,65.10,65.92,64.29,64.85,40129891,65.10,65.92,64.29,64.85,40129891
2019-11-26,63.35,63.91,62.79,63.51,42431003,63.35,63.91,62.79,63.51,42431003,63.35,63.91,62.79,63.51,42431003
2019-11-27,62.55,63.04,62.06,62.56,40620266,62.55,63.04,62.06,62.56,40620266,62.55,63.04,62.06,62.56,40620266
2019-11-28,63.88,65.12,62.65,63.87,39906008,63.88,65.12,62.65,63.87,39906008,63.88,65.12,62.65,63.87,39906008
2019-11-29,60.75,61.42,60.09,61.25,46705688,60.75,61.42,60.09,61.25,46705688,60.75,61.42,60.09,61.25,46705688
2019-12-02,61.47,62.38,60.57,61.32,36407749,61.47,62.38,60.57,61.32,36407749,61.47,62.38,60.57,61.32,36407749
2019-12-03,60.35,61.27,59.43,60.46,50133490,60.35,61.27,59.43,60.46,50133490,60.35,61.27,59.43,60.46,50133490
2019-12-04,58.09,58.56,57.62,57.91,36391924,58.09,58.56,57.62,57.91,36391924,58.09,58.56,57.62,57.91,36391924
2019-12-05,59.22,59.54,58.89,59.04,39962573,59.22,59.54,58.89,59.04,39962573,59.22,59.54,58.89,59.04,39962573
2019-12-06,60.46,61.22,59.71,60.29,51042737,60.46,61.22,59.71,60.29,51042737,60.46,61.22,59.71,60.29,51042737
2019-12-09,60.92,61.58,60.26,60.66,50173305,60.92,61.58,60.26,60.66,50173305,60.92,61.58,60.26,60.66,50173305
2019-12-10,58.73,59.53,57.94,58.61,39216065,58.73,59.53,57.94,58.61,39216065,58.73,59.53,57.94,58.61,39216065
2019-12-11,58.10,58.98,57.21,58.31,36433004,58.10,58.98,57.21,58.31,36433004,58.10,58.98,57.21,58.31,36433004
2019-12-12,57.92,58.31,57.52,58.05,49638059,57.92,58.31,57.52,58.05,49638059,57.92,58.31,57.52,58.05,49638059
2019-12-13,58.32,58.85,57.79,58.25,51897148,58.32,58.85,57.79,58.25,51897148,58.32,58.85,57.79,58.25,51897148
2019-12-16,58.64,59.60,57.68,58.17,48496859,58.64,59.60,57.68,58.17,48496859,58.64,59.60,57.68,58.17,48496859
2019-12-17,59.66,60.52,58.80,59.55,38237859,59.66,60.52,58.80,59.55,38237859,59.66,60.52,58.80,59.55,38237859
2019-12-18,61.30,62.00,60.61,61.15,55157896,61.30,62.00,60.61,61.15,55157896,61.30,62.00,60.61,61.15,55157896
2019-12-19,60.21,60.93,59.49,60.30,32842134,60.21,60.93,59.49,60.30,32842134,60.21,60.93,59.49,60.30,32842134
2019-12-20,59.29,59.80,58.78,59.14,47601273,59.29,59.80,58.78,59.14,47601273,59.29,59.80,58.78,59.14,47601273
2019-12-23,59.10,59.49,58.72,59.10,53424896,59.10,59.49,58.72,59.10,53424896,59.10,59.49,58.72,59.10,53424896
2019-12-24,57.98,58.63,57.33,57.99,49272352,57.98,58.63,57.33,57.99,49272352,57.98,58.63,57.33,57.99,49272352
2019-12-25,58.65,59.30,58.00,58.56,52625819,58.65,59.30,58.00,58.56,52625819,58.65,59.30,58.00,58.56,52625819
2019-12-26,57.06,57.59,56.53,57.30,28702986,57.06,57.59,56.53,57.30,28702986,57.06,57.59,56.53,57.30,28702986
2019-12-27,57.99,58.44,57.55,58.06,52519721,57.99,58.44,57.55,58.06,52519721,57.99,58.44,57.55,58.06,52519721
2019-12-30,58.60,58.89,58.32,58.65,42247639,58.60,58.89,58.32,58.65,42247639,58.60,58.89,58.32,58.65,42247639
2019-12-31,59.89,60.26,59.51,59.58,51591836,59.89,60.26,59.51,59.58,51591836,59.89,60.26,59.51,59.58,51591836
2020-01-01,59.41,59.83,59.00,59.36,29615787,59.41,59.83,59.00,59.36,29615787,59.41,59.83,59.00,59.36,29615787
2020-01-02,59.17,59.81,58.53,59.37,32795587,59.17,59.81,58.53,59.37,32795587,59.17,59.81,58.53,59.37,32795587
2020-01-03,59.79,60.15,59.42,59.90,35163047,59.79,60.15,59.42,59.90,35163047,59.79,60.15,59.42,59.90,35163047
2020-01-06,60.57,60.98,60.16,60.76,33231244,60.57,60.98,60.16,60.76,33231244,60.57,60.98,60.16,60.76,33231244
2020-01-07,60.54,61.28,59.79,60.53,52306673,60.54,61.28,59.79,60.53,52306673,60.54,61.28,59.79,60.53,52306673
2020-01-08,61.33,61.74,60.93,61.16,49314866,61.33,61.74,60.93,61.16,49314866,61.33,61.74,60.93,61.16,49314866
2020-01-09,60.78,61.43,60.13,60.85,37031253,60.78,61.43,60.13,60.85,37031253,60.78,61.43,60.13,60.85,37031253
2020-01-10,59.76,60.42,59.11,59.74,54444588,59.76,60.42,59.11,59.74,54444588,59.76,60.42,59.11,59.74,54444588
2020-01-13,61.15,62.31,59.99,61.38,29999904,61.15,62.31,59.99,61.38,29999904,61.15,62.31,59.99,61.38,29999904
2020-01-14,61.62,62.27,60.97,61.58,50682410,61.62,62.27,60.97,61.58,50682410,61.62,62.27,60.97,61.58,50682410
2020-01-15,61.88,62.64,61.11,61.77,34667843,61.88,62.64,61.11,61.77,34667843,61.88,62.64,61.11,61.77,34667843
2020-01-16,59.78,60.34,59.21,59.30,41936893,59.78,60.34,59.21,59.30,41936893,59.78,60.34,59.21,59.30,41936893
2020-01-17,59.60,60.18,59.02,59.67,48803643,59.60,60.18,59.02,59.67,48803643,59.60,60.18,59.02,59.67,48803643
2020-01-20,60.66,61.27,60.04,60.44,40920912,60.66,61.27,60.04,60.44,40920912,60.66,61.27,60.04,60.44,40920912
2020-01-21,60.62,61.20,60.04,60.36,29319683,60.62,61.20,60.04,60.36,29319683,60.62,61.20,60.04,60.36,29319683
2020-01-22,59.67,60.29,59.04,59.64,34690764,59.67,60.29,59.04,59.64,34690764,59.67,60.29,59.04,59.64,34690764
2020-01-23,59.68,60.53,58.83,59.77,30091661,59.68,60.53,58.83,59.77,30091661,59.68,60.53,58.83,59.77,30091661
2020-01-24,59.67,60.65,58.69,59.63,50595663,59.67,60.65,58.69,59.63,50595663,59.67,60.65,58.69,59.63,50595663
2020-01-27,58.15,59.11,57.20,58.20,34482309,58.15,59.11,57.20,58.20,34482309,58.15,59.11,57.20,58.20,34482309
2020-01-28,59.14,59.61,58.66,59.18,33244317,59.14,59.61,58.66,59.18,33244317,59.14,59.61,58.66,59.18,33244317
2020-01-29,59.11,59.85,58.37,59.43,43772200,59.11,59.85,58.37,59.43,43772200,59.11,59.85,58.37,59.43,43772200
2020-01-30,61.13,61.79,60.47,60.89,43156308,61.13,61.79,60.47,60.89,43156308,61.13,61.79,60.47,60.89,43156308
2020-01-31,61.75,62.48,61.02,61.89,32497366,61.75,62.48,61.02,61.89,32497366,61.75,62.48,61.02,61.89,32497366
2020-02-03,61.49,62.10,60.89,61.58,46987539,61.49,62.10,60.89,61.58,46987539,61.49,62.10,60.89,61.58,46987539
2020-02-04,60.62,61.47,59.77,60.46,38591859,60.62,61.47,59.77,60.46,38591859,60.62,61.47,59.77,60.46,38591859
2020-02-05,59.78,60.23,59.32,59.79,43888165,59.78,60.23,59.32,59.79,43888165,59.78,60.23,59.32,59.79,43888165
2020-02-06,59.67,60.37,58.96,59.45,42931969,59.67,60.37,58.96,59.45,42931969,59.67,60.37,58.96,59.45,42931969
2020-02-07,59.81,60.43,59.19,59.68,41352629,59.81,60.43,59.19,59.68,41352629,59.81,60.43,59.19,59.68,41352629
2020-02-10,60.68,61.27,60.10,60.88,30482224,60.68,61.27,60.10,60.88,30482224,60.68,61.27,60.10,60.88,30482224
2020-02-11,61.63,62.11,61.15,61.59,34132633,61.63,62.11,61.15,61.59,34132633,61.63,62.11,61.15,61.59,34132633
2020-02-12,60.69,61.74,59.63,60.71,47272820,60.69,61.74,59.63,60.71,47272820,60.69,61.74,59.63,60.71,47272820
2020-02-13,60.89,61.64,60.14,61.00,54566623,60.89,61.64,60.14,61.00,54566623,60.89,61.64,60.14,61.00,54566623
2020-02-14,57.33,58.06,56.59,57.36,36603922,57.33,58.06,56.59,57.36,36603922,57.33,58.06,56.59,57.36,36603922
2020-02-17,57.52,57.71,57.32,57.55,52745602,57.52,57.71,57.32,57.55,52745602,57.52,57.71,57.32,57.55,52745602
2020-02-18,59.17,59.50,58.84,59.28,28223493,59.17,59.50,58.84,59.28,28223493,59.17,59.50,58.84,59.28,28223493
2020-02-19,60.02,60.89,59.15,60.05,30761585,60.02,60.89,59.15,60.05,30761585,60.02,60.89,59.15,60.05,30761585
2020-02-20,57.15,57.96,56.35,57.34,41903869,57.15,57.96,56.35,57.34,41903869,57.15,57.96,56.35,57.34,41903869
2020-02-21,55.19,55.63,54.75,55.12,55772838,55.19,55.63,54.75,55.12,55772838,55.19,55.63,54.75,55.12,55772838
2020-02-24,54.94,55.62,54.25,54.76,48279601,54.94,55.62,54.25,54.76,48279601,54.94,55.62,54.25,54.76,48279601
2020-02-25,53.39,53.87,52.90,53.42,47513663,53.39,53.87,52.90,53.42,47513663,53.39,53.87,52.90,53.42,47513663
2020-02-26,53.03,53.39,52.68,53.02,48578248,53.03,53.39,52.68,53.02,48578248,53.03,53.39,52.68,53.02,48578248
2020-02-27,52.73,53.59,51.87,52.44,53015748,52.73,53.59,51.87,52.44,53015748,52.73,53.59,51.87,52.44,53015748
2020-02-28,52.53,52.90,52.15,52.43,30926564,52.53,52.90,52.15,52.43,30926564,52.53,52.90,52.15,52.43,30926564
2020-03-02,53.56,54.15,52.97,53.48,42043318,53.56,54.15,52.97,53.48,42043318,53.56,54.15,52.97,53.48,42043318
2020-03-03,52.87,53.34,52.40,53.10,33692220,52.87,53.34,52.40,53.10,33692220,52.87,53.34,52.40,53.10,33692220
2020-03-04,53.27,53.73,52.81,53.47,39834895,53.27,53.73,52.81,53.47,39834895,53.27,53.73,52.81,53.47,39834895
2020-03-05,52.65,53.31,52.00,52.39,42169771,52.65,53.31,52.00,52.39,42169771,52.65,53.31,52.00,52.39,42169771
2020-03-06,52.75,53.43,52.08,52.87,42117564,52.75,53.43,52.08,52.87,42117564,52.75,53.43,52.08,52.87,42117564
2020-03-09,52.43,52.90,51.96,52.15,35989059,52.43,52.90,51.96,52.15,35989059,52.43,52.90,51.96,52.15,35989059
2020-03-10,52.45,52.93,51.97,52.53,35564152,52.45,52.93,51.97,52.53,35564152,52.45,52.93,51.97,52.53,35564152
2020-03-11,52.09,52.60,51.57,52.28,45437339,52.09,52.60,51.57,52.28,45437339,52.09,52.60,51.57,52.28,45437339
2020-03-12,52.91,53.55,52.28,52.63,45189812,52.91,53.55,52.28,52.63,45189812,52.91,53.55,52.28,52.63,45189812
2020-03-13,53.49,54.09,52.89,53.41,53203913,53.49,54.09,52.89,53.41,53203913,53.49,54.09,52.89,53.41,53203913
2020-03-16,54.54,55.15,53.92,54.41,44225492,54.54,55.15,53.92,54.41,44225492,54.54,55.15,53.92,54.41,44225492
2020-03-17,54.60,55.40,53.81,54.32,38614311,54.60,55.40,53.81,54.32,38614311,54.60,55.40,53.81,54.32,38614311
2020-03-18,53.20,54.27,52.14,53.21,31548395,53.20,54.27,52.14,53.21,31548395,53.20,54.27,52.14,53.21,31548395
2020-03-19,53.22,54.22,52.22,53.19,32118633,53.22,54.22,52.22,53.19,32118633,53.22,54.22,52.22,53.19,32118633
2020-03-20,53.89,54.71,53.06,54.20,51694187,53.89,54.71,53.06,54.20,51694187,53.89,54.71,53.06,54.20,51694187
2020-03-23,53.09,53.73,52.44,53.22,41756160,53.09,53.73,52.44,53.22,41756160,53.09,53.73,52.44,53.22,41756160
2020-03-24,52.33,52.92,51.74,52.24,38384145,52.33,52.92,51.74,52.24,38384145,52.33,52.92,51.74,52.24,38384145
2020-03-25,52.55,53.11,51.98,52.46,38780083,52.55,53.11,51.98,52.46,38780083,52.55,53.11,51.98,52.46,38780083
2020-03-26,50.89,51.26,50.51,50.81,40822469,50.89,51.26,50.51,50.81,40822469,50.89,51.26,50.51,50.81,40822469
2020-03-27,50.89,51.60,50.19,51.12,44015604,50.89,51.60,50.19,51.12,44015604,50.89,51.60,50.19,51.12,44015604
2020-03-30,51.59,52.15,51.02,51.44,48933907,51.59,52.15,51.02,51.44,48933907,51.59,52.15,51.02,51.44,48933907
2020-03-31,51.43,52.04,50.81,51.37,53894873,51.43,52.04,50.81,51.37,53894873,51.43,52.04,50.81,51.37,53894873
2020-04-01,53.68,54.29,53.07,53.61,41249555,53.68,54.29,53.07,53.61,41249555,53.68,54.29,53.07,53.61,41249555
2020-04-02,54.08,54.77,53.38,53.69,28830501,54.08,54.77,53.38,53.69,28830501,54.08,54.77,53.38,53.69,28830501
2020-04-03,54.29,54.93,53.65,54.36,51369493,54.29,54.93,53.65,54.36,51369493,54.29,54.93,53.65,54.36,51369493
2020-04-06,54.88,55.56,54.20,54.72,39945732,54.88,55.56,54.20,54.72,39945732,54.88,55.56,54.20,54.72,39945732
2020-04-07,54.15,54.40,53.91,54.30,53153165,54.15,54.40,53.91,54.30,53153165,54.15,54.40,53.91,54.30,53153165
2020-04-08,52.34,52.53,52.15,52.47,40513796,52.34,52.53,52.15,52.47,40513796,52.34,52.53,52.15,52.47,40513796
2020-04-09,54.13,54.66,53.60,54.14,51316546,54.13,54.66,53.60,54.14,51316546,54.13,54.66,53.60,54.14,51316546
2020-04-10,54.93,55.58,54.28,55.16,44444787,54.93,55.58,54.28,55.16,44444787,54.93,55.58,54.28,55.16,44444787
2020-04-13,54.34,54.99,53.70,54.03,39245959,54.34,54.99,53.70,54.03,39245959,54.34,54.99,53.70,54.03,39245959
2020-04-14,53.68,54.18,53.17,53.63,38193772,53.68,54.18,53.17,53.63,38193772,53.68,54.18,53.17,53.63,38193772
2020-04-15,53.07,53.59,52.56,52.87,43099150,53.07,53.59,52.56,52.87,43099150,53.07,53.59,52.56,52.87,43099150
2020-04-16,52.41,52.66,52.15,52.55,51339199,52.41,52.66,52.15,52.55,51339199,52.41,52.66,52.15,52.55,51339199
2020-04-17,52.00,52.57,51.43,51.95,41481018,52.00,52.57,51.43,51.95,41481018,52.00,52.57,51.43,51.95,41481018
2020-04-20,51.35,51.82,50.89,51.00,34501471,51.35,51.82,50.89,51.00,34501471,51.35,51.82,50.89,51.00,34501471
2020-04-21,51.41,51.78,51.04,51.41,36231345,51.41,51.78,51.04,51.41,36231345,51.41,51.78,51.04,51.41,36231345
2020-04-22,53.17,53.89,52.45,53.29,44332736,53.17,53.89,52.45,53.29,44332736,53.17,53.89,52.45,53.29,44332736
2020-04-23,53.01,53.37,52.64,52.77,30429185,53.01,53.37,52.64,52.77,30429185,53.01,53.37,52.64,52.77,30429185
2020-04-24,54.76,55.36,54.17,54.72,33838571,54.76,55.36,54.17,54.72,33838571,54.76,55.36,54.17,54.72,33838571
2020-04-27,55.54,56.13,54.95,55.42,44113936,55.54,56.13,54.95,55.42,44113936,55.54,56.13,54.95,55.42,44113936
2020-04-28,54.95,55.72,54.18,54.48,39314731,54.95,55.72,54.18,54.48,39314731,54.95,55.72,54.18,54.48,39314731
2020-04-29,54.01,54.78,53.25,53.92,29384689,54.01,54.78,53.25,53.92,29384689,54.01,54.78,53.25,53.92,29384689
2020-04-30,54.91,55.30,54.53,54.82,44645503,54.91,55.30,54.53,54.82,44645503,54.91,55.30,54.53,54.82,44645503
2020-05-01,54.26,54.70,53.82,54.42,41384069,54.26,54.70,53.82,54.42,41384069,54.26,54.70,53.82,54.42,41384069
2020-05-04,53.72,54.07,53.38,53.38,37963004,53.72,54.07,53.38,53.38,37963004,53.72,54.07,53.38,53.38,37963004
2020-05-05,52.60,52.84,52.35,52.43,33497094,52.60,52.84,52.35,52.43,33497094,52.60,52.84,52.35,52.43,33497094
2020-05-06,54.35,54.86,53.84,54.24,34302712,54.35,54.86,53.84,54.24,34302712,54.35,54.86,53.84,54.24,34302712
2020-05-07,52.46,53.16,51.76,52.75,41420790,52.46,53.16,51.76,52.75,41420790,52.46,53.16,51.76,52.75,41420790
2020-05-08,53.47,53.82,53.12,53.28,29257341,53.47,53.82,53.12,53.28,29257341,53.47,53.82,53.12,53.28,29257341
2020-05-11,54.23,54.81,53.65,54.25,52182438,54.23,54.81,53.65,54.25,52182438,54.23,54.81,53.65,54.25,52182438
2020-05-12,55.00,55.66,54.33,54.74,35054940,55.00,55.66,54.33,54.74,35054940,55.00,55.66,54.33,54.74,35054940
2020-05-13,55.71,56.13,55.29,55.78,36271937,55.71,56.13,55.29,55.78,36271937,55.71,56.13,55.29,55.78,36271937
2020-05-14,55.18,55.96,54.40,55.29,46101260,55.18,55.96,54.40,55.29,46101260,55.18,55.96,54.40,55.29,46101260
2020-05-15,56.64,57.12,56.16,56.73,42210987,56.64,57.12,56.16,56.73,42210987,56.64,57.12,56.16,56.73,42210987
2020-05-18,57.78,58.24,57.32,57.63,51869018,57.78,58.24,57.32,57.63,51869018,57.78,58.24,57.32,57.63,51869018
2020-05-19,57.50,58.22,56.79,57.02,34089532,57.50,58.22,56.79,57.02,34089532,57.50,58.22,56.79,57.02,34089532
2020-05-20,57.61,57.91,57.31,57.46,53634616,57.61,57.91,57.31,57.46,53634616,57.61,57.91,57.31,57.46,53634616
2020-05-21,57.81,58.19,57.42,58.15,43687864,57.81,58.19,57.42,58.15,43687864,57.81,58.19,57.42,58.15,43687864
2020-05-22,57.84,58.55,57.12,57.67,52938224,57.84,58.55,57.12,57.67,52938224,57.84,58.55,57.12,57.67,52938224
2020-05-25,58.48,59.34,57.62,58.58,39464885,58.48,59.34,57.62,58.58,39464885,58.48,59.34,57.62,58.58,39464885
2020-05-26,59.20,59.68,58.73,59.12,32566895,59.20,59.68,58.73,59.12,32566895,59.20,59.68,58.73,59.12,32566895
2020-05-27,57.85,58.48,57.22,58.06,32936358,57.85,58.48,57.22,58.06,32936358,57.85,58.48,57.22,58.06,32936358
2020-05-28,58.67,59.10,58.24,58.69,53382212,58.67,59.10,58.24,58.69,53382212,58.67,59.10,58.24,58.69,53382212
2020-05-29,58.33,58.75,57.92,58.54,54119794,58.33,58.75,57.92,58.54,54119794,58.33,58.75,57.92,58.54,54119794
2020-06-01,59.75,60.51,58.98,59.82,44306713,59.75,60.51,58.98,59.82,44306713,59.75,60.51,58.98,59.82,44306713
2020-06-02,61.20,61.59,60.81,61.08,30908162,61.20,61.59,60.81,61.08,30908162,61.20,61.59,60.81,61.08,30908162
2020-06-03,59.90,60.38,59.42,60.13,32155053,59.90,60.38,59.42,60.13,32155053,59.90,60.38,59.42,60.13,32155053
2020-06-04,59.79,60.09,59.49,59.62,30113728,59.79,60.09,59.49,59.62,30113728,59.79,60.09,59.49,59.62,30113728
2020-06-05,60.25,61.15,59.34,60.00,44078585,60.25,61.15,59.34,60.00,44078585,60.25,61.15,59.34,60.00,44078585
2020-06-08,60.23,61.43,59.03,60.31,37108927,60.23,61.43,59.03,60.31,37108927,60.23,61.43,59.03,60.31,37108927
2020-06-09,63.81,64.45,63.17,63.34,29253422,63.81,64.45,63.17,63.34,29253422,63.81,64.45,63.17,63.34,29253422
2020-06-10,65.82,66.45,65.20,65.46,33974834,65.82,66.45,65.20,65.46,33974834,65.82,66.45,65.20,65.46,33974834
2020-06-11,65.15,65.54,64.75,65.05,55866195,65.15,65.54,64.75,65.05,55866195,65.15,65.54,64.75,65.05,55866195
2020-06-12,65.13,65.61,64.66,65.31,39182912,65.13,65.61,64.66,65.31,39182912,65.13,65.61,64.66,65.31,39182912
2020-06-15,64.54,65.31,63.76,64.23,51187296,64.54,65.31,63.76,64.23,51187296,64.54,65.31,63.76,64.23,51187296
2020-06-16,64.73,65.75,63.72,64.65,54393662,64.73,65.75,63.72,64.65,54393662,64.73,65.75,63.72,64.65,54393662
2020-06-17,64.91,65.70,64.12,65.20,41710704,64.91,65.70,64.12,65.20,41710704,64.91,65.70,64.12,65.20,41710704
2020-06-18,67.18,67.78,66.58,66.84,39700653,67.18,67.78,66.58,66.84,39700653,67.18,67.78,66.58,66.84,39700653
2020-06-19,69.12,69.76,68.47,68.88,52406253,69.12,69.76,68.47,68.88,52406253,69.12,69.76,68.47,68.88,52406253
2020-06-22,70.57,71.59,69.56,70.87,39825898,70.57,71.59,69.56,70.87,39825898,70.57,71.59,69.56,70.87,39825898
2020-06-23,70.49,71.85,69.13,70.21,32234423,70.49,71.85,69.13,70.21,32234423,70.49,71.85,69.13,70.21,32234423
2020-06-24,70.09,70.86,69.33,70.04,44060408,70.09,70.86,69.33,70.04,44060408,70.09,70.86,69.33,70.04,44060408
2020-06-25,69.12,69.85,68.40,68.88,38443661,69.12,69.85,68.40,68.88,38443661,69.12,69.85,68.40,68.88,38443661
2020-06-26,69.09,70.05,68.13,68.97,43898422,69.09,70.05,68.13,68.97,43898422,69.09,70.05,68.13,68.97,43898422
2020-06-29,68.57,68.84,68.29,68.55,32221531,68.57,68.84,68.29,68.55,32221531,68.57,68.84,68.29,68.55,32221531
2020-06-30,68.59,69.50,67.68,68.70,50269262,68.59,69.50,67.68,68.70,50269262,68.59,69.50,67.68,68.70,50269262
2020-07-01,68.90,69.39,68.42,69.03,49067535,68.90,69.39,68.42,69.03,49067535,68.90,69.39,68.42,69.03,49067535
2020-07-02,67.88,68.47,67.28,67.94,30615032,67.88,68.47,67.28,67.94,30615032,67.88,68.47,67.28,67.94,30615032
2020-07-03,66.53,67.49,65.58,66.74,40515340,66.53,67.49,65.58,66.74,40515340,66.53,67.49,65.58,66.74,40515340
2020-07-06,63.43,64.25,62.62,63.59,40896172,63.43,64.25,62.62,63.59,40896172,63.43,64.25,62.62,63.59,40896172
2020-07-07,61.85,62.30,61.40,61.73,36405616,61.85,62.30,61.40,61.73,36405616,61.85,62.30,61.40,61.73,36405616
2020-07-08,62.85,63.23,62.47,62.63,43368894,62.85,63.23,62.47,62.63,43368894,62.85,63.23,62.47,62.63,43368894
2020-07-09,60.63,61.79,59.47,60.58,28965992,60.63,61.79,59.47,60.58,28965992,60.63,61.79,59.47,60.58,28965992
2020-07-10,60.60,61.21,59.99,60.34,49478146,60.60,61.21,59.99,60.34,49478146,60.60,61.21,59.99,60.34,49478146
2020-07-13,60.25,61.21,59.29,60.04,46295155,60.25,61.21,59.29,60.04,46295155,60.25,61.21,59.29,60.04,46295155
2020-07-14,60.24,60.52,59.97,59.99,33804509,60.24,60.52,59.97,59.99,33804509,60.24,60.52,59.97,59.99,33804509
2020-07-15,60.38,61.19,59.58,60.35,37666162,60.38,61.19,59.58,60.35,37666162,60.38,61.19,59.58,60.35,37666162
2020-07-16,61.74,62.47,61.01,61.33,35044503,61.74,62.47,61.01,61.33,35044503,61.74,62.47,61.01,61.33,35044503
2020-07-17,60.79,61.56,60.02,60.84,51735844,60.79,61.56,60.02,60.84,51735844,60.79,61.56,60.02,60.84,51735844
2020-07-20,60.49,61.08,59.91,60.51,53064260,60.49,61.08,59.91,60.51,53064260,60.49,61.08,59.91,60.51,53064260
2020-07-21,61.82,62.28,61.36,61.89,47134715,61.82,62.28,61.36,61.89,47134715,61.82,62.28,61.36,61.89,47134715
2020-07-22,61.40,61.80,61.00,61.21,41836290,61.40,61.80,61.00,61.21,41836290,61.40,61.80,61.00,61.21,41836290
2020-07-23,60.92,61.86,59.98,60.93,40206177,60.92,61.86,59.98,60.93,40206177,60.92,61.86,59.98,60.93,40206177
2020-07-24,59.94,60.64,59.23,60.21,55556277,59.94,60.64,59.23,60.21,55556277,59.94,60.64,59.23,60.21,55556277
2020-07-27,61.12,61.57,60.67,61.21,44365194,61.12,61.57,60.67,61.21,44365194,61.12,61.57,60.67,61.21,44365194
2020-07-28,58.68,59.40,57.96,58.86,46899897,58.68,59.40,57.96,58.86,46899897,58.68,59.40,57.96,58.86,46899897
2020-07-29,58.63,59.37,57.90,58.69,35622431,58.63,59.37,57.90,58.69,35622431,58.63,59.37,57.90,58.69,35622431
2020-07-30,59.35,59.83,58.87,59.35,52605077,59.35,59.83,58.87,59.35,52605077,59.35,59.83,58.87,59.35,52605077
2020-07-31,59.93,60.43,59.43,60.05,46000173,59.93,60.43,59.43,60.05,46000173,59.93,60.43,59.43,60.05,46000173
2020-08-03,59.69,60.55,58.83,59.83,43551865,59.69,60.55,58.83,59.83,43551865,59.69,60.55,58.83,59.83,43551865
2020-08-04,59.74,60.42,59.06,59.60,34657813,59.74,60.42,59.06,59.60,34657813,59.74,60.42,59.06,59.60,34657813
2020-08-05,58.94,59.41,58.48,59.08,47101014,58.94,59.41,58.48,59.08,47101014,58.94,59.41,58.48,59.08,47101014
2020-08-06,60.61,61.27,59.96,60.40,48953440,60.61,61.27,59.96,60.40,48953440,60.61,61.27,59.96,60.40,48953440
2020-08-07,59.93,60.27,59.59,59.89,33829232,59.93,60.27,59.59,59.89,33829232,59.93,60.27,59.59,59.89,33829232
2020-08-10,61.14,61.97,60.31,61.03,30100467,61.14,61.97,60.31,61.03,30100467,61.14,61.97,60.31,61.03,30100467
2020-08-11,63.40,64.09,62.71,63.66,55712556,63.40,64.09,62.71,63.66,55712556,63.40,64.09,62.71,63.66,55712556
2020-08-12,65.31,65.84,64.77,65.71,30707530,65.31,65.84,64.77,65.71,30707530,65.31,65.84,64.77,65.71,30707530
2020-08-13,67.48,67.71,67.25,67.30,46685133,67.48,67.71,67.25,67.30,46685133,67.48,67.71,67.25,67.30,46685133
2020-08-14,68.25,69.15,67.35,68.07,29055149,68.25,69.15,67.35,68.07,29055149,68.25,69.15,67.35,68.07,29055149
2020-08-17,66.55,67.45,65.64,66.70,53516863,66.55,67.45,65.64,66.70,53516863,66.55,67.45,65.64,66.70,53516863
2020-08-18,67.51,68.38,66.63,67.16,35854226,67.51,68.38,66.63,67.16,35854226,67.51,68.38,66.63,67.16,35854226
2020-08-19,65.83,66.26,65.40,65.97,35409508,65.83,66.26,65.40,65.97,35409508,65.83,66.26,65.40,65.97,35409508
2020-08-20,63.55,64.50,62.59,63.24,53373116,63.55,64.50,62.59,63.24,53373116,63.55,64.50,62.59,63.24,53373116
2020-08-21,63.57,64.37,62.77,63.47,51631992,63.57,64.37,62.77,63.47,51631992,63.57,64.37,62.77,63.47,51631992
2020-08-24,63.37,64.23,62.52,63.44,47695538,63.37,64.23,62.52,63.44,47695538,63.37,64.23,62.52,63.44,47695538
2020-08-25,64.75,65.75,63.76,64.62,41417473,64.75,65.75,63.76,64.62,41417473,64.75,65.75,63.76,64.62,41417473
2020-08-26,67.47,68.19,66.74,67.33,33987083,67.47,68.19,66.74,67.33,33987083,67.47,68.19,66.74,67.33,33987083
2020-08-27,66.54,67.37,65.70,66.55,48235732,66.54,67.37,65.70,66.55,48235732,66.54,67.37,65.70,66.55,48235732
2020-08-28,67.32,67.65,66.98,67.05,41947277,67.32,67.65,66.98,67.05,41947277,67.32,67.65,66.98,67.05,41947277
2020-08-31,66.24,67.44,65.03,66.18,34730792,66.24,67.44,65.03,66.18,34730792,66.24,67.44,65.03,66.18,34730792
2020-09-01,67.22,68.15,66.28,67.13,40063223,67.22,68.15,66.28,67.13,40063223,67.22,68.15,66.28,67.13,40063223
2020-09-02,68.07,68.80,67.35,67.96,46608068,68.07,68.80,67.35,67.96,46608068,68.07,68.80,67.35,67.96,46608068
2020-09-03,69.83,70.65,69.01,69.73,54521058,69.83,70.65,69.01,69.73,54521058,69.83,70.65,69.01,69.73,54521058
2020-09-04,70.96,71.39,70.54,70.93,37768933,70.96,71.39,70.54,70.93,37768933,70.96,71.39,70.54,70.93,37768933
2020-09-07,69.15,70.01,68.28,69.42,54784207,69.15,70.01,68.28,69.42,54784207,69.15,70.01,68.28,69.42,54784207
2020-09-08,73.87,74.41,73.32,73.37,32647818,73.87,74.41,73.32,73.37,32647818,73.87,74.41,73.32,73.37,32647818
2020-09-09,75.20,76.07,74.33,75.28,30151044,75.20,76.07,74.33,75.28,30151044,75.20,76.07,74.33,75.28,30151044
2020-09-10,74.80,75.69,73.91,74.72,44559067,74.80,75.69,73.91,74.72,44559067,74.80,75.69,73.91,74.72,44559067
2020-09-11,74.39,75.09,73.69,74.21,40201513,74.39,75.09,73.69,74.21,40201513,74.39,75.09,73.69,74.21,40201513
2020-09-14,77.04,77.85,76.23,76.80,50196795,77.04,77.85,76.23,76.80,50196795,77.04,77.85,76.23,76.80,50196795
2020-09-15,75.62,76.58,74.66,74.82,42814952,75.62,76.58,74.66,74.82,42814952,75.62,76.58,74.66,74.82,42814952
2020-09-16,74.24,74.69,73.79,73.99,54621860,74.24,74.69,73.79,73.99,54621860,74.24,74.69,73.79,73.99,54621860
2020-09-17,73.26,73.82,72.70,73.22,53185414,73.26,73.82,72.70,73.22,53185414,73.26,73.82,72.70,73.22,53185414
2020-09-18,72.92,74.04,71.81,73.29,37174841,72.92,74.04,71.81,73.29,37174841,72.92,74.04,71.81,73.29,37174841
2020-09-21,71.73,72.26,71.20,71.91,44079675,71.73,72.26,71.20,71.91,44079675,71.73,72.26,71.20,71.91,44079675
2020-09-22,73.96,74.46,73.46,73.68,44580900,73.96,74.46,73.46,73.68,44580900,73.96,74.46,73.46,73.68,44580900
2020-09-23,71.04,71.86,70.22,71.25,47171514,71.04,71.86,70.22,71.25,47171514,71.04,71.86,70.22,71.25,47171514
2020-09-24,67.73,68.74,66.72,67.83,38706780,67.73,68.74,66.72,67.83,38706780,67.73,68.74,66.72,67.83,38706780
2020-09-25,69.82,70.34,69.31,69.74,50412995,69.82,70.34,69.31,69.74,50412995,69.82,70.34,69.31,69.74,50412995
2020-09-28,70.35,70.80,69.89,70.21,42160655,70.35,70.80,69.89,70.21,42160655,70.35,70.80,69.89,70.21,42160655
2020-09-29,69.38,70.33,68.43,69.42,50081098,69.38,70.33,68.43,69.42,50081098,69.38,70.33,68.43,69.42,50081098
2020-09-30,71.84,72.91,70.77,71.76,42054293,71.84,72.91,70.77,71.76,42054293,71.84,72.91,70.77,71.76,42054293
2020-10-01,71.77,73.27,70.27,71.94,36853293,71.77,73.27,70.27,71.94,36853293,71.77,73.27,70.27,71.94,36853293
2020-10-02,71.14,72.23,70.05,71.02,43860526,71.14,72.23,70.05,71.02,43860526,71.14,72.23,70.05,71.02,43860526
2020-10-05,71.54,72.09,70.98,71.11,42279481,71.54,72.09,70.98,71.11,42279481,71.54,72.09,70.98,71.11,42279481
2020-10-06,70.93,71.63,70.23,70.88,35717585,70.93,71.63,70.23,70.88,35717585,70.93,71.63,70.23,70.88,35717585
2020-10-07,70.98,71.99,69.98,71.08,46664326,70.98,71.99,69.98,71.08,46664326,70.98,71.99,69.98,71.08,46664326
2020-10-08,70.56,71.39,69.72,70.80,29200865,70.56,71.39,69.72,70.80,29200865,70.56,71.39,69.72,70.80,29200865
2020-10-09,71.13,71.80,70.46,71.18,40791035,71.13,71.80,70.46,71.18,40791035,71.13,71.80,70.46,71.18,40791035
2020-10-12,73.50,74.40,72.59,73.26,41161818,73.50,74.40,72.59,73.26,41161818,73.50,74.40,72.59,73.26,41161818
2020-10-13,73.46,73.61,73.31,73.36,30259623,73.46,73.61,73.31,73.36,30259623,73.46,73.61,73.31,73.36,30259623
2020-10-14,73.00,73.91,72.10,72.74,45129833,73.00,73.91,72.10,72.74,45129833,73.00,73.91,72.10,72.74,45129833
2020-10-15,75.98,76.74,75.23,75.54,50344535,75.98,76.74,75.23,75.54,50344535,75.98,76.74,75.23,75.54,50344535
2020-10-16,73.49,74.20,72.78,73.14,28062733,73.49,74.20,72.78,73.14,28062733,73.49,74.20,72.78,73.14,28062733
2020-10-19,73.13,73.83,72.43,73.09,55617675,73.13,73.83,72.43,73.09,55617675,73.13,73.83,72.43,73.09,55617675
2020-10-20,73.99,74.82,73.17,74.34,42136102,73.99,74.82,73.17,74.34,42136102,73.99,74.82,73.17,74.34,42136102
2020-10-21,74.18,75.52,72.85,74.23,45868729,74.18,75.52,72.85,74.23,45868729,74.18,75.52,72.85,74.23,45868729
2020-10-22,73.58,74.17,72.99,73.77,40859237,73.58,74.17,72.99,73.77,40859237,73.58,74.17,72.99,73.77,40859237
2020-10-23,73.17,73.96,72.37,73.35,40230739,73.17,73.96,72.37,73.35,40230739,73.17,73.96,72.37,73.35,40230739
2020-10-26,74.03,74.71,73.34,74.25,54437543,74.03,74.71,73.34,74.25,54437543,74.03,74.71,73.34,74.25,54437543
2020-10-27,75.42,75.93,74.90,75.38,40531373,75.42,75.93,74.90,75.38,40531373,75.42,75.93,74.90,75.38,40531373
2020-10-28,77.64,78.42,76.86,77.84,50995851,77.64,78.42,76.86,77.84,50995851,77.64,78.42,76.86,77.84,50995851
2020-10-29,78.79,79.94,77.65,78.81,39307270,78.79,79.94,77.65,78.81,39307270,78.79,79.94,77.65,78.81,39307270
2020-10-30,80.99,81.70,80.28,80.54,37623802,80.99,81.70,80.28,80.54,37623802,80.99,81.70,80.28,80.54,37623802
2020-11-02,79.45,80.21,78.69,79.51,49811183,79.45,80.21,78.69,79.51,49811183,79.45,80.21,78.69,79.51,49811183
2020-11-03,80.37,80.81,79.92,80.38,54086175,80.37,80.81,79.92,80.38,54086175,80.37,80.81,79.92,80.38,54086175
2020-11-04,78.80,79.73,77.88,78.72,44173971,78.80,79.73,77.88,78.72,44173971,78.80,79.73,77.88,78.72,44173971
2020-11-05,79.73,80.73,78.73,79.59,39931150,79.73,80.73,78.73,79.59,39931150,79.73,80.73,78.73,79.59,39931150
2020-11-06,81.28,82.45,80.12,80.95,54015080,81.28,82.45,80.12,80.95,54015080,81.28,82.45,80.12,80.95,54015080
2020-11-09,82.98,83.98,81.98,82.66,52785885,82.98,83.98,81.98,82.66,52785885,82.98,83.98,81.98,82.66,52785885
2020-11-10,80.13,81.35,78.90,80.12,29826911,80.13,81.35,78.90,80.12,29826911,80.13,81.35,78.90,80.12,29826911
2020-11-11,82.59,84.02,81.17,82.05,36231233,82.59,84.02,81.17,82.05,36231233,82.59,84.02,81.17,82.05,36231233
2020-11-12,83.12,84.03,82.20,82.94,40869475,83.12,84.03,82.20,82.94,40869475,83.12,84.03,82.20,82.94,40869475
2020-11-13,85.36,86.39,84.34,84.56,46866347,85.36,86.39,84.34,84.56,46866347,85.36,86.39,84.34,84.56,46866347
2020-11-16,83.08,84.07,82.08,82.95,52026786,83.08,84.07,82.08,82.95,52026786,83.08,84.07,82.08,82.95,52026786
2020-11-17,83.56,84.26,82.87,83.39,55996936,83.56,84.26,82.87,83.39,55996936,83.56,84.26,82.87,83.39,55996936
2020-11-18,84.56,85.68,83.44,84.30,55085977,84.56,85.68,83.44,84.30,55085977,84.56,85.68,83.44,84.30,55085977
2020-11-19,83.06,84.41,81.71,83.34,50097408,83.06,84.41,81.71,83.34,50097408,83.06,84.41,81.71,83.34,50097408
2020-11-20,86.09,86.89,85.29,85.88,53837567,86.09,86.89,85.29,85.88,53837567,86.09,86.89,85.29,85.88,53837567
2020-11-23,85.76,86.87,84.66,85.52,39175097,85.76,86.87,84.66,85.52,39175097,85.76,86.87,84.66,85.52,39175097
2020-11-24,86.08,86.65,85.50,86.02,47062185,86.08,86.65,85.50,86.02,47062185,86.08,86.65,85.50,86.02,47062185
2020-11-25,86.92,88.07,85.77,86.85,55416135,86.92,88.07,85.77,86.85,55416135,86.92,88.07,85.77,86.85,55416135
2020-11-26,87.91,88.87,86.96,88.14,50164757,87.91,88.87,86.96,88.14,50164757,87.91,88.87,86.96,88.14,50164757
2020-11-27,85.97,86.89,85.06,86.23,31058190,85.97,86.89,85.06,86.23,31058190,85.97,86.89,85.06,86.23,31058190
2020-11-30,84.83,85.78,83.89,84.78,36271217,84.83,85.78,83.89,84.78,36271217,84.83,85.78,83.89,84.78,36271217
2020-12-01,82.01,82.89,81.14,82.37,40286184,82.01,82.89,81.14,82.37,40286184,82.01,82.89,81.14,82.37,40286184
2020-12-02,81.80,82.27,81.33,81.70,43524252,81.80,82.27,81.33,81.70,43524252,81.80,82.27,81.33,81.70,43524252
2020-12-03,83.36,83.90,82.83,83.50,40517969,83.36,83.90,82.83,83.50,40517969,83.36,83.90,82.83,83.50,40517969
2020-12-04,83.48,84.27,82.70,83.29,54009893,83.48,84.27,82.70,83.29,54009893,83.48,84.27,82.70,83.29,54009893
2020-12-07,82.91,83.96,81.86,82.78,28278625,82.91,83.96,81.86,82.78,28278625,82.91,83.96,81.86,82.78,28278625
2020-12-08,82.57,83.86,81.28,82.18,34776308,82.57,83.86,81.28,82.18,34776308,82.57,83.86,81.28,82.18,34776308
2020-12-09,83.34,84.55,82.13,83.23,47841309,83.34,84.55,82.13,83.23,47841309,83.34,84.55,82.13,83.23,47841309
2020-12-10,82.13,83.22,81.03,82.30,53137286,82.13,83.22,81.03,82.30,53137286,82.13,83.22,81.03,82.30,53137286
2020-12-11,83.14,84.30,81.99,83.16,38715592,83.14,84.30,81.99,83.16,38715592,83.14,84.30,81.99,83.16,38715592
2020-12-14,81.34,82.14,80.54,81.11,35818377,81.34,82.14,80.54,81.11,35818377,81.34,82.14,80.54,81.11,35818377
2020-12-15,81.87,82.69,81.05,82.02,42236563,81.87,82.69,81.05,82.02,42236563,81.87,82.69,81.05,82.02,42236563
2020-12-16,80.75,82.40,79.11,80.33,54597282,80.75,82.40,79.11,80.33,54597282,80.75,82.40,79.11,80.33,54597282
2020-12-17,79.67,80.26,79.07,79.83,50518139,79.67,80.26,79.07,79.83,50518139,79.67,80.26,79.07,79.83,50518139
2020-12-18,79.10,79.81,78.38,78.97,38445728,79.10,79.81,78.38,78.97,38445728,79.10,79.81,78.38,78.97,38445728
2020-12-21,79.60,80.51,78.70,79.71,44349094,79.60,80.51,78.70,79.71,44349094,79.60,80.51,78.70,79.71,44349094
2020-12-22,80.47,81.02,79.92,80.74,46344423,80.47,81.02,79.92,80.74,46344423,80.47,81.02,79.92,80.74,46344423
2020-12-23,82.14,82.76,81.53,81.80,51874849,82.14,82.76,81.53,81.80,51874849,82.14,82.76,81.53,81.80,51874849
2020-12-24,80.15,81.43,78.88,80.10,35829108,80.15,81.43,78.88,80.10,35829108,80.15,81.43,78.88,80.10,35829108
2020-12-25,80.99,82.35,79.64,80.89,39037873,80.99,82.35,79.64,80.89,39037873,80.99,82.35,79.64,80.89,39037873
2020-12-28,80.61,81.83,79.39,81.05,44596659,80.61,81.83,79.39,81.05,44596659,80.61,81.83,79.39,81.05,44596659
2020-12-29,81.41,82.11,80.71,81.37,51727490,81.41,82.11,80.71,81.37,51727490,81.41,82.11,80.71,81.37,51727490
2020-12-30,86.35,87.38,85.33,86.04,39296935,86.35,87.38,85.33,86.04,39296935,86.35,87.38,85.33,86.04,39296935
2020-12-31,85.61,86.75,84.48,85.61,28345203,85.61,86.75,84.48,85.61,28345203,85.61,86.75,84.48,85.61,28345203
2021-01-01,84.46,85.59,83.32,84.56,43808110,84.46,85.59,83.32,84.56,43808110,84.46,85.59,83.32,84.56,43808110
2021-01-04,84.21,85.00,83.41,84.29,43420500,84.21,85.00,83.41,84.29,43420500,84.21,85.00,83.41,84.29,43420500
2021-01-05,82.65,83.77,81.53,82.51,41109035,82.65,83.77,81.53,82.51,41109035,82.65,83.77,81.53,82.51,41109035
2021-01-06,81.38,82.01,80.74,81.50,45563170,81.38,82.01,80.74,81.50,45563170,81.38,82.01,80.74,81.50,45563170
2021-01-07,81.15,82.29,80.00,81.75,41819386,81.15,82.29,80.00,81.75,41819386,81.15,82.29,80.00,81.75,41819386
2021-01-08,80.11,81.33,78.89,80.08,43072159,80.11,81.33,78.89,80.08,43072159,80.11,81.33,78.89,80.08,43072159
2021-01-11,78.40,79.16,77.63,78.50,48930546,78.40,79.16,77.63,78.50,48930546,78.40,79.16,77.63,78.50,48930546
2021-01-12,76.22,77.48,74.96,76.52,53763324,76.22,77.48,74.96,76.52,53763324,76.22,77.48,74.96,76.52,53763324
2021-01-13,78.06,78.96,77.16,78.36,31307723,78.06,78.96,77.16,78.36,31307723,78.06,78.96,77.16,78.36,31307723
2021-01-14,78.54,79.63,77.44,78.63,32960025,78.54,79.63,77.44,78.63,32960025,78.54,79.63,77.44,78.63,32960025
2021-01-15,79.70,80.52,78.88,80.05,35297277,79.70,80.52,78.88,80.05,35297277,79.70,80.52,78.88,80.05,35297277
2021-01-18,80.13,80.61,79.65,80.45,36345195,80.13,80.61,79.65,80.45,36345195,80.13,80.61,79.65,80.45,36345195
2021-01-19,82.64,83.80,81.47,82.56,35099311,82.64,83.80,81.47,82.56,35099311,82.64,83.80,81.47,82.56,35099311
2021-01-20,83.23,83.97,82.49,83.08,52943310,83.23,83.97,82.49,83.08,52943310,83.23,83.97,82.49,83.08,52943310
2021-01-21,83.33,83.71,82.95,83.26,46012062,83.33,83.71,82.95,83.26,46012062,83.33,83.71,82.95,83.26,46012062
2021-01-22,81.81,83.02,80.61,81.49,45505017,81.81,83.02,80.61,81.49,45505017,81.81,83.02,80.61,81.49,45505017
2021-01-25,79.73,80.83,78.64,79.89,46079490,79.73,80.83,78.64,79.89,46079490,79.73,80.83,78.64,79.89,46079490
2021-01-26,81.05,81.94,80.17,81.55,53785343,81.05,81.94,80.17,81.55,53785343,81.05,81.94,80.17,81.55,53785343
2021-01-27,82.92,84.17,81.67,83.00,46443676,82.92,84.17,81.67,83.00,46443676,82.92,84.17,81.67,83.00,46443676
2021-01-28,82.88,83.43,82.34,82.92,46542912,82.88,83.43,82.34,82.92,46542912,82.88,83.43,82.34,82.92,46542912
2021-01-29,80.30,80.67,79.93,80.36,39772098,80.30,80.67,79.93,80.36,39772098,80.30,80.67,79.93,80.36,39772098
2021-02-01,81.04,81.80,80.28,80.68,45317392,81.04,81.80,80.28,80.68,45317392,81.04,81.80,80.28,80.68,45317392
2021-02-02,79.58,80.84,78.32,79.97,33957302,79.58,80.84,78.32,79.97,33957302,79.58,80.84,78.32,79.97,33957302
2021-02-03,82.22,83.03,81.42,82.13,50291474,82.22,83.03,81.42,82.13,50291474,82.22,83.03,81.42,82.13,50291474
2021-02-04,83.94,85.00,82.87,83.81,37468036,83.94,85.00,82.87,83.81,37468036,83.94,85.00,82.87,83.81,37468036
2021-02-05,86.30,87.15,85.45,86.13,43155645,86.30,87.15,85.45,86.13,43155645,86.30,87.15,85.45,86.13,43155645
2021-02-08,87.82,88.51,87.13,88.11,31293890,87.82,88.51,87.13,88.11,31293890,87.82,88.51,87.13,88.11,31293890
2021-02-09,86.89,87.64,86.15,86.55,47793651,86.89,87.64,86.15,86.55,47793651,86.89,87.64,86.15,86.55,47793651
2021-02-10,85.71,86.92,84.50,85.79,39484363,85.71,86.92,84.50,85.79,39484363,85.71,86.92,84.50,85.79,39484363
2021-02-11,84.33,84.79,83.86,84.18,35399359,84.33,84.79,83.86,84.18,35399359,84.33,84.79,83.86,84.18,35399359
2021-02-12,83.69,84.26,83.12,83.25,38949548,83.69,84.26,83.12,83.25,38949548,83.69,84.26,83.12,83.25,38949548
2021-02-15,84.11,85.61,82.62,83.66,41221466,84.11,85.61,82.62,83.66,41221466,84.11,85.61,82.62,83.66,41221466
2021-02-16,83.07,83.86,82.27,82.98,50315115,83.07,83.86,82.27,82.98,50315115,83.07,83.86,82.27,82.98,50315115
2021-02-17,83.70,84.92,82.47,83.14,45821539,83.70,84.92,82.47,83.14,45821539,83.70,84.92,82.47,83.14,45821539
2021-02-18,80.29,81.41,79.17,80.38,35748588,80.29,81.41,79.17,80.38,35748588,80.29,81.41,79.17,80.38,35748588
2021-02-19,78.79,80.12,77.46,79.00,36630297,78.79,80.12,77.46,79.00,36630297,78.79,80.12,77.46,79.00,36630297
2021-02-22,78.71,80.09,77.32,78.81,40290295,78.71,80.09,77.32,78.81,40290295,78.71,80.09,77.32,78.81,40290295
2021-02-23,79.29,80.51,78.06,79.31,48666862,79.29,80.51,78.06,79.31,48666862,79.29,80.51,78.06,79.31,48666862
2021-02-24,78.58,79.79,77.37,78.62,38622377,78.58,79.79,77.37,78.62,38622377,78.58,79.79,77.37,78.62,38622377
2021-02-25,80.31,80.98,79.65,80.53,38369391,80.31,80.98,79.65,80.53,38369391,80.31,80.98,79.65,80.53,38369391
2021-02-26,79.87,81.22,78.53,80.26,42541142,79.87,81.22,78.53,80.26,42541142,79.87,81.22,78.53,80.26,42541142
2021-03-01,81.80,82.93,80.66,81.39,51526554,81.80,82.93,80.66,81.39,51526554,81.80,82.93,80.66,81.39,51526554
2021-03-02,81.34,81.81,80.87,81.29,54248560,81.34,81.81,80.87,81.29,54248560,81.34,81.81,80.87,81.29,54248560
2021-03-03,80.48,81.39,79.57,80.61,52864556,80.48,81.39,79.57,80.61,52864556,80.48,81.39,79.57,80.61,52864556
2021-03-04,79.45,80.07,78.84,79.51,44400216,79.45,80.07,78.84,79.51,44400216,79.45,80.07,78.84,79.51,44400216
2021-03-05,79.51,80.67,78.35,79.54,33053858,79.51,80.67,78.35,79.54,33053858,79.51,80.67,78.35,79.54,33053858
2021-03-08,78.61,79.15,78.07,78.52,54645343,78.61,79.15,78.07,78.52,54645343,78.61,79.15,78.07,78.52,54645343
2021-03-09,77.71,78.76,76.67,77.67,33490818,77.71,78.76,76.67,77.67,33490818,77.71,78.76,76.67,77.67,33490818
2021-03-10,79.86,81.13,78.60,79.21,54099851,79.86,81.13,78.60,79.21,54099851,79.86,81.13,78.60,79.21,54099851
2021-03-11,79.22,79.80,78.64,79.35,33603779,79.22,79.80,78.64,79.35,33603779,79.22,79.80,78.64,79.35,33603779
2021-03-12,77.56,78.45,76.67,77.71,39678932,77.56,78.45,76.67,77.71,39678932,77.56,78.45,76.67,77.71,39678932
2021-03-15,79.22,80.06,78.38,79.21,39976133,79.22,80.06,78.38,79.21,39976133,79.22,80.06,78.38,79.21,39976133
2021-03-16,78.60,79.51,77.70,78.22,31601785,78.60,79.51,77.70,78.22,31601785,78.60,79.51,77.70,78.22,31601785
2021-03-17,78.02,78.44,77.59,77.79,48614024,78.02,78.44,77.59,77.79,48614024,78.02,78.44,77.59,77.79,48614024
2021-03-18,77.95,78.71,77.18,77.92,52576215,77.95,78.71,77.18,77.92,52576215,77.95,78.71,77.18,77.92,52576215
2021-03-19,78.42,79.35,77.50,78.19,35526968,78.42,79.35,77.50,78.19,35526968,78.42,79.35,77.50,78.19,35526968
2021-03-22,78.67,79.56,77.78,78.53,42342234,78.67,79.56,77.78,78.53,42342234,78.67,79.56,77.78,78.53,42342234
2021-03-23,75.48,76.57,74.39,75.85,39327372,75.48,76.57,74.39,75.85,39327372,75.48,76.57,74.39,75.85,39327372
2021-03-24,76.40,77.19,75.60,76.56,31417623,76.40,77.19,75.60,76.56,31417623,76.40,77.19,75.60,76.56,31417623
2021-03-25,76.13,77.27,74.99,75.99,39875145,76.13,77.27,74.99,75.99,39875145,76.13,77.27,74.99,75.99,39875145
2021-03-26,76.31,76.71,75.92,75.92,43323985,76.31,76.71,75.92,75.92,43323985,76.31,76.71,75.92,75.92,43323985
2021-03-29,77.95,78.65,77.25,77.90,30247761,77.95,78.65,77.25,77.90,30247761,77.95,78.65,77.25,77.90,30247761
2021-03-30,78.30,79.27,77.32,78.34,32272892,78.30,79.27,77.32,78.34,32272892,78.30,79.27,77.32,78.34,32272892
2021-03-31,75.87,77.22,74.52,76.13,52339555,75.87,77.22,74.52,76.13,52339555,75.87,77.22,74.52,76.13,52339555
2021-04-01,75.28,76.50,74.07,75.31,51743172,75.28,76.50,74.07,75.31,51743172,75.28,76.50,74.07,75.31,51743172
2021-04-02,76.52,77.35,75.69,76.62,34419432,76.52,77.35,75.69,76.62,34419432,76.52,77.35,75.69,76.62,34419432
2021-04-05,72.20,73.19,71.21,72.04,37226398,72.20,73.19,71.21,72.04,37226398,72.20,73.19,71.21,72.04,37226398
2021-04-06,70.38,71.33,69.44,70.10,37505133,70.38,71.33,69.44,70.10,37505133,70.38,71.33,69.44,70.10,37505133
2021-04-07,71.94,72.55,71.33,71.99,52251280,71.94,72.55,71.33,71.99,52251280,71.94,72.55,71.33,71.99,52251280
2021-04-08,72.07,73.09,71.05,72.01,40666681,72.07,73.09,71.05,72.01,40666681,72.07,73.09,71.05,72.01,40666681
2021-04-09,70.66,71.50,69.81,70.60,51212170,70.66,71.50,69.81,70.60,51212170,70.66,71.50,69.81,70.60,51212170
2021-04-12,72.99,73.39,72.59,72.65,51596778,72.99,73.39,72.59,72.65,51596778,72.99,73.39,72.59,72.65,51596778
2021-04-13,74.33,75.43,73.23,74.27,46206968,74.33,75.43,73.23,74.27,46206968,74.33,75.43,73.23,74.27,46206968
2021-04-14,74.49,75.63,73.35,74.30,53746178,74.49,75.63,73.35,74.30,53746178,74.49,75.63,73.35,74.30,53746178
2021-04-15,73.89,74.79,72.98,73.48,35664236,73.89,74.79,72.98,73.48,35664236,73.89,74.79,72.98,73.48,35664236
2021-04-16,73.63,74.78,72.48,73.75,50770473,73.63,74.78,72.48,73.75,50770473,73.63,74.78,72.48,73.75,50770473
2021-04-19,74.45,74.79,74.11,74.28,49308934,74.45,74.79,74.11,74.28,49308934,74.45,74.79,74.11,74.28,49308934
2021-04-20,73.84,74.77,72.90,73.42,36023622,73.84,74.77,72.90,73.42,36023622,73.84,74.77,72.90,73.42,36023622
2021-04-21,74.08,75.06,73.11,73.77,43777884,74.08,75.06,73.11,73.77,43777884,74.08,75.06,73.11,73.77,43777884
2021-04-22,73.52,74.08,72.96,73.74,41922404,73.52,74.08,72.96,73.74,41922404,73.52,74.08,72.96,73.74,41922404
2021-04-23,72.80,73.50,72.10,72.80,52610219,72.80,73.50,72.10,72.80,52610219,72.80,73.50,72.10,72.80,52610219
2021-04-26,73.50,74.85,72.15,73.53,32031720,73.50,74.85,72.15,73.53,32031720,73.50,74.85,72.15,73.53,32031720
2021-04-27,74.44,75.29,73.59,74.45,46381728,74.44,75.29,73.59,74.45,46381728,74.44,75.29,73.59,74.45,46381728
2021-04-28,77.08,78.09,76.06,76.69,48970549,77.08,78.09,76.06,76.69,48970549,77.08,78.09,76.06,76.69,48970549
2021-04-29,77.59,78.34,76.85,77.69,39596331,77.59,78.34,76.85,77.69,39596331,77.59,78.34,76.85,77.69,39596331
2021-04-30,77.68,78.33,77.03,77.06,45304276,77.68,78.33,77.03,77.06,45304276,77.68,78.33,77.03,77.06,45304276
2021-05-03,72.63,73.09,72.18,72.97,36285763,72.63,73.09,72.18,72.97,36285763,72.63,73.09,72.18,72.97,36285763
2021-05-04,73.30,74.17,72.44,73.50,51303101,73.30,74.17,72.44,73.50,51303101,73.30,74.17,72.44,73.50,51303101
2021-05-05,72.34,72.89,71.79,72.30,32068418,72.34,72.89,71.79,72.30,32068418,72.34,72.89,71.79,72.30,32068418
2021-05-06,71.38,72.08,70.68,71.52,28051641,71.38,72.08,70.68,71.52,28051641,71.38,72.08,70.68,71.52,28051641
2021-05-07,72.02,72.72,71.32,72.20,29743723,72.02,72.72,71.32,72.20,29743723,72.02,72.72,71.32,72.20,29743723
2021-05-10,72.61,73.43,71.78,71.99,29880812,72.61,73.43,71.78,71.99,29880812,72.61,73.43,71.78,71.99,29880812
2021-05-11,74.60,75.67,73.54,74.49,29159775,74.60,75.67,73.54,74.49,29159775,74.60,75.67,73.54,74.49,29159775
2021-05-12,75.25,75.96,74.55,75.83,47402338,75.25,75.96,74.55,75.83,47402338,75.25,75.96,74.55,75.83,47402338
2021-05-13,78.41,79.33,77.49,78.43,43585460,78.41,79.33,77.49,78.43,43585460,78.41,79.33,77.49,78.43,43585460
2021-05-14,79.67,81.18,78.16,79.57,46203123,79.67,81.18,78.16,79.57,46203123,79.67,81.18,78.16,79.57,46203123
2021-05-17,77.36,78.02,76.69,77.61,42167478,77.36,78.02,76.69,77.61,42167478,77.36,78.02,76.69,77.61,42167478
2021-05-18,79.15,80.19,78.10,78.83,31106637,79.15,80.19,78.10,78.83,31106637,79.15,80.19,78.10,78.83,31106637
2021-05-19,77.00,77.91,76.10,77.21,49472244,77.00,77.91,76.10,77.21,49472244,77.00,77.91,76.10,77.21,49472244
2021-05-20,78.52,79.36,77.69,77.82,32955893,78.52,79.36,77.69,77.82,32955893,78.52,79.36,77.69,77.82,32955893
2021-05-21,79.24,80.02,78.46,79.15,54150653,79.24,80.02,78.46,79.15,54150653,79.24,80.02,78.46,79.15,54150653
2021-05-24,80.11,80.60,79.62,79.95,39326324,80.11,80.60,79.62,79.95,39326324,80.11,80.60,79.62,79.95,39326324
2021-05-25,77.30,78.16,76.43,77.44,51268693,77.30,78.16,76.43,77.44,51268693,77.30,78.16,76.43,77.44,51268693
2021-05-26,76.02,77.04,75.00,75.89,31633988,76.02,77.04,75.00,75.89,31633988,76.02,77.04,75.00,75.89,31633988
2021-05-27,75.81,77.11,74.52,75.62,46415668,75.81,77.11,74.52,75.62,46415668,75.81,77.11,74.52,75.62,46415668
2021-05-28,76.71,77.49,75.93,76.72,44892205,76.71,77.49,75.93,76.72,44892205,76.71,77.49,75.93,76.72,44892205
2021-05-31,79.13,80.14,78.12,78.94,53099571,79.13,80.14,78.12,78.94,53099571,79.13,80.14,78.12,78.94,53099571
2021-06-01,77.78,78.49,77.07,77.90,29403064,77.78,78.49,77.07,77.90,29403064,77.78,78.49,77.07,77.90,29403064
2021-06-02,78.93,79.35,78.50,78.53,51326601,78.93,79.35,78.50,78.53,51326601,78.93,79.35,78.50,78.53,51326601
2021-06-03,76.69,77.37,76.01,76.87,29605373,76.69,77.37,76.01,76.87,29605373,76.69,77.37,76.01,76.87,29605373
2021-06-04,81.28,81.98,80.58,81.09,31756514,81.28,81.98,80.58,81.09,31756514,81.28,81.98,80.58,81.09,31756514
2021-06-07,84.55,85.48,83.62,84.66,38630480,84.55,85.48,83.62,84.66,38630480,84.55,85.48,83.62,84.66,38630480
2021-06-08,87.72,88.48,86.95,87.59,39743807,87.72,88.48,86.95,87.59,39743807,87.72,88.48,86.95,87.59,39743807
2021-06-09,90.29,90.95,89.63,90.13,43357133,90.29,90.95,89.63,90.13,43357133,90.29,90.95,89.63,90.13,43357133
2021-06-10,89.50,90.69,88.30,89.48,31802368,89.50,90.69,88.30,89.48,31802368,89.50,90.69,88.30,89.48,31802368
2021-06-11,91.00,91.94,90.06,90.86,49230379,91.00,91.94,90.06,90.86,49230379,91.00,91.94,90.06,90.86,49230379
2021-06-14,92.37,92.98,91.75,92.60,34748819,92.37,92.98,91.75,92.60,34748819,92.37,92.98,91.75,92.60,34748819
2021-06-15,91.20,92.15,90.25,91.17,54709829,91.20,92.15,90.25,91.17,54709829,91.20,92.15,90.25,91.17,54709829
2021-06-16,88.40,89.32,87.48,89.06,34795609,88.40,89.32,87.48,89.06,34795609,88.40,89.32,87.48,89.06,34795609
2021-06-17,89.96,90.63,89.28,90.04,43418453,89.96,90.63,89.28,90.04,43418453,89.96,90.63,89.28,90.04,43418453
2021-06-18,91.87,92.85,90.90,91.88,37825117,91.87,92.85,90.90,91.88,37825117,91.87,92.85,90.90,91.88,37825117
2021-06-21,94.09,95.11,93.06,93.46,50803488,94.09,95.11,93.06,93.46,50803488,94.09,95.11,93.06,93.46,50803488
2021-06-22,95.29,96.38,94.20,95.06,50296931,95.29,96.38,94.20,95.06,50296931,95.29,96.38,94.20,95.06,50296931
2021-06-23,95.13,96.48,93.78,94.88,39198791,95.13,96.48,93.78,94.88,39198791,95.13,96.48,93.78,94.88,39198791
2021-06-24,95.96,97.25,94.67,95.43,33960954,95.96,97.25,94.67,95.43,33960954,95.96,97.25,94.67,95.43,33960954
2021-06-25,97.06,98.48,95.65,96.98,39573393,97.06,98.48,95.65,96.98,39573393,97.06,98.48,95.65,96.98,39573393
2021-06-28,97.90,98.91,96.88,97.87,32089489,97.90,98.91,96.88,97.87,32089489,97.90,98.91,96.88,97.87,32089489
2021-06-29,100.20,101.63,98.77,99.45,37634302,100.20,101.63,98.77,99.45,37634302,100.20,101.63,98.77,99.45,37634302
2021-06-30,98.13,99.77,96.49,98.22,29947995,98.13,99.77,96.49,98.22,29947995,98.13,99.77,96.49,98.22,29947995
2021-07-01,97.38,98.47,96.30,96.88,55941796,97.38,98.47,96.30,96.88,55941796,97.38,98.47,96.30,96.88,55941796
2021-07-02,97.80,98.85,96.76,97.59,43157250,97.80,98.85,96.76,97.59,43157250,97.80,98.85,96.76,97.59,43157250
2021-07-05,99.99,100.64,99.35,99.71,30169777,99.99,100.64,99.35,99.71,30169777,99.99,100.64,99.35,99.71,30169777
2021-07-06,101.20,102.39,100.02,101.29,31118730,101.20,102.39,100.02,101.29,31118730,101.20,102.39,100.02,101.29,31118730
2021-07-07,99.87,100.97,98.77,99.44,55803551,99.87,100.97,98.77,99.44,55803551,99.87,100.97,98.77,99.44,55803551
2021-07-08,99.46,99.87,99.05,99.46,53608025,99.46,99.87,99.05,99.46,53608025,99.46,99.87,99.05,99.46,53608025
2021-07-09,97.83,98.48,97.18,98.21,43081231,97.83,98.48,97.18,98.21,43081231,97.83,98.48,97.18,98.21,43081231
2021-07-12,98.10,99.21,96.98,98.01,47220215,98.10,99.21,96.98,98.01,47220215,98.10,99.21,96.98,98.01,47220215
2021-07-13,95.16,96.35,93.97,95.38,48337581,95.16,96.35,93.97,95.38,48337581,95.16,96.35,93.97,95.38,48337581
2021-07-14,98.19,99.49,96.89,98.20,37137354,98.19,99.49,96.89,98.20,37137354,98.19,99.49,96.89,98.20,37137354
2021-07-15,98.37,99.71,97.03,97.78,34307649,98.37,99.71,97.03,97.78,34307649,98.37,99.71,97.03,97.78,34307649
2021-07-16,97.26,98.16,96.35,97.31,52728267,97.26,98.16,96.35,97.31,52728267,97.26,98.16,96.35,97.31,52728267
2021-07-19,94.28,95.67,92.89,94.30,45189890,94.28,95.67,92.89,94.30,45189890,94.28,95.67,92.89,94.30,45189890
2021-07-20,95.49,96.44,94.53,95.40,52077192,95.49,96.44,94.53,95.40,52077192,95.49,96.44,94.53,95.40,52077192
2021-07-21,93.70,95.10,92.31,93.78,41175000,93.70,95.10,92.31,93.78,41175000,93.70,95.10,92.31,93.78,41175000
2021-07-22,94.43,95.89,92.97,94.47,28802050,94.43,95.89,92.97,94.47,28802050,94.43,95.89,92.97,94.47,28802050
2021-07-23,92.34,93.19,91.49,92.27,34177070,92.34,93.19,91.49,92.27,34177070,92.34,93.19,91.49,92.27,34177070
2021-07-26,92.28,93.84,90.71,91.87,36793584,92.28,93.84,90.71,91.87,36793584,92.28,93.84,90.71,91.87,36793584
2021-07-27,88.93,89.96,87.90,88.62,41362579,88.93,89.96,87.90,88.62,41362579,88.93,89.96,87.90,88.62,41362579
2021-07-28,88.75,90.12,87.38,88.95,54629765,88.75,90.12,87.38,88.95,54629765,88.75,90.12,87.38,88.95,54629765
2021-07-29,88.72,89.81,87.64,88.84,42666206,88.72,89.81,87.64,88.84,42666206,88.72,89.81,87.64,88.84,42666206
2021-07-30,87.90,88.61,87.18,87.74,42634461,87.90,88.61,87.18,87.74,42634461,87.90,88.61,87.18,87.74,42634461
2021-08-02,87.48,88.31,86.64,87.80,41067888,87.48,88.31,86.64,87.80,41067888,87.48,88.31,86.64,87.80,41067888
2021-08-03,85.16,86.27,84.06,85.02,33614402,85.16,86.27,84.06,85.02,33614402,85.16,86.27,84.06,85.02,33614402
2021-08-04,83.67,84.65,82.69,83.76,33955942,83.67,84.65,82.69,83.76,33955942,83.67,84.65,82.69,83.76,33955942
2021-08-05,86.02,87.09,84.95,85.17,32755914,86.02,87.09,84.95,85.17,32755914,86.02,87.09,84.95,85.17,32755914
2021-08-06,87.04,88.28,85.81,86.75,44080765,87.04,88.28,85.81,86.75,44080765,87.04,88.28,85.81,86.75,44080765
2021-08-09,87.93,88.75,87.11,88.33,49240964,87.93,88.75,87.11,88.33,49240964,87.93,88.75,87.11,88.33,49240964
2021-08-10,89.98,91.22,88.74,89.93,32504980,89.98,91.22,88.74,89.93,32504980,89.98,91.22,88.74,89.93,32504980
2021-08-11,91.93,93.05,90.81,92.04,55000360,91.93,93.05,90.81,92.04,55000360,91.93,93.05,90.81,92.04,55000360
2021-08-12,90.32,91.29,89.34,90.34,50016290,90.32,91.29,89.34,90.34,50016290,90.32,91.29,89.34,90.34,50016290
2021-08-13,90.24,91.62,88.86,90.87,53568805,90.24,91.62,88.86,90.87,53568805,90.24,91.62,88.86,90.87,53568805
2021-08-16,89.23,90.80,87.65,89.55,53159420,89.23,90.80,87.65,89.55,53159420,89.23,90.80,87.65,89.55,53159420
2021-08-17,90.58,91.62,89.54,90.14,50394761,90.58,91.62,89.54,90.14,50394761,90.58,91.62,89.54,90.14,50394761
2021-08-18,92.32,93.73,90.90,92.44,45424488,92.32,93.73,90.90,92.44,45424488,92.32,93.73,90.90,92.44,45424488
2021-08-19,92.94,93.93,91.94,92.90,30480750,92.94,93.93,91.94,92.90,30480750,92.94,93.93,91.94,92.90,30480750
2021-08-20,94.25,96.02,92.48,94.51,45202244,94.25,96.02,92.48,94.51,45202244,94.25,96.02,92.48,94.51,45202244
2021-08-23,96.76,97.72,95.80,96.42,41397159,96.76,97.72,95.80,96.42,41397159,96.76,97.72,95.80,96.42,41397159
2021-08-24,99.45,100.85,98.06,98.67,38458735,99.45,100.85,98.06,98.67,38458735,99.45,100.85,98.06,98.67,38458735
2021-08-25,101.30,102.61,99.98,100.70,40071153,101.30,102.61,99.98,100.70,40071153,101.30,102.61,99.98,100.70,40071153
2021-08-26,98.78,100.16,97.40,98.98,42006239,98.78,100.16,97.40,98.98,42006239,98.78,100.16,97.40,98.98,42006239
2021-08-27,100.29,101.25,99.33,100.57,38301827,100.29,101.25,99.33,100.57,38301827,100.29,101.25,99.33,100.57,38301827
2021-08-30,100.26,100.63,99.88,99.98,44610016,100.26,100.63,99.88,99.98,44610016,100.26,100.63,99.88,99.98,44610016
2021-08-31,103.17,103.80,102.55,103.60,32015648,103.17,103.80,102.55,103.60,32015648,103.17,103.80,102.55,103.60,32015648
2021-09-01,101.95,103.13,100.76,102.23,48170881,101.95,103.13,100.76,102.23,48170881,101.95,103.13,100.76,102.23,48170881
2021-09-02,102.84,103.89,101.79,103.36,47907596,102.84,103.89,101.79,103.36,47907596,102.84,103.89,101.79,103.36,47907596
2021-09-03,101.64,103.75,99.53,102.46,51436201,101.64,103.75,99.53,102.46,51436201,101.64,103.75,99.53,102.46,51436201
2021-09-06,104.36,106.16,102.56,103.97,30478556,104.36,106.16,102.56,103.97,30478556,104.36,106.16,102.56,103.97,30478556
2021-09-07,106.14,107.09,105.18,105.84,33617952,106.14,107.09,105.18,105.84,33617952,106.14,107.09,105.18,105.84,33617952
2021-09-08,105.59,106.25,104.93,105.77,38984192,105.59,106.25,104.93,105.77,38984192,105.59,106.25,104.93,105.77,38984192
2021-09-09,103.06,104.15,101.97,103.50,44981143,103.06,104.15,101.97,103.50,44981143,103.06,104.15,101.97,103.50,44981143
2021-09-10,106.88,108.27,105.50,106.36,54041120,106.88,108.27,105.50,106.36,54041120,106.88,108.27,105.50,106.36,54041120
2021-09-13,104.52,105.93,103.11,104.29,38312155,104.52,105.93,103.11,104.29,38312155,104.52,105.93,103.11,104.29,38312155
2021-09-14,106.32,107.73,104.91,105.56,31946995,106.32,107.73,104.91,105.56,31946995,106.32,107.73,104.91,105.56,31946995
2021-09-15,109.22,110.11,108.33,109.37,36487819,109.22,110.11,108.33,109.37,36487819,109.22,110.11,108.33,109.37,36487819
2021-09-16,109.59,111.44,107.73,107.98,49986485,109.59,111.44,107.73,107.98,49986485,109.59,111.44,107.73,107.98,49986485
2021-09-17,109.84,111.04,108.64,109.85,52885667,109.84,111.04,108.64,109.85,52885667,109.84,111.04,108.64,109.85,52885667
2021-09-20,111.86,113.16,110.56,112.17,32762976,111.86,113.16,110.56,112.17,32762976,111.86,113.16,110.56,112.17,32762976
2021-09-21,109.77,111.13,108.42,110.21,44756247,109.77,111.13,108.42,110.21,44756247,109.77,111.13,108.42,110.21,44756247
2021-09-22,114.32,115.56,113.08,113.88,40141530,114.32,115.56,113.08,113.88,40141530,114.32,115.56,113.08,113.88,40141530
2021-09-23,114.58,115.62,113.53,114.25,46940970,114.58,115.62,113.53,114.25,46940970,114.58,115.62,113.53,114.25,46940970
2021-09-24,111.35,112.72,109.97,111.19,39841889,111.35,112.72,109.97,111.19,39841889,111.35,112.72,109.97,111.19,39841889
2021-09-27,113.20,113.94,112.47,113.25,53113574,113.20,113.94,112.47,113.25,53113574,113.20,113.94,112.47,113.25,53113574
2021-09-28,110.33,111.36,109.29,110.50,37231531,110.33,111.36,109.29,110.50,37231531,110.33,111.36,109.29,110.50,37231531
2021-09-29,110.34,112.51,108.17,109.92,41457223,110.34,112.51,108.17,109.92,41457223,110.34,112.51,108.17,109.92,41457223
2021-09-30,111.58,112.76,110.40,111.46,36415218,111.58,112.76,110.40,111.46,36415218,111.58,112.76,110.40,111.46,36415218
2021-10-01,110.42,111.20,109.64,110.41,31564407,110.42,111.20,109.64,110.41,31564407,110.42,111.20,109.64,110.41,31564407
2021-10-04,109.89,110.47,109.32,110.29,54192522,109.89,110.47,109.32,110.29,54192522,109.89,110.47,109.32,110.29,54192522
2021-10-05,110.52,111.72,109.31,110.81,29721295,110.52,111.72,109.31,110.81,29721295,110.52,111.72,109.31,110.81,29721295
2021-10-06,110.31,111.02,109.60,109.83,49169621,110.31,111.02,109.60,109.83,49169621,110.31,111.02,109.60,109.83,49169621
2021-10-07,109.78,111.37,108.18,109.73,43992729,109.78,111.37,108.18,109.73,43992729,109.78,111.37,108.18,109.73,43992729
2021-10-08,111.73,112.95,110.51,111.63,40364167,111.73,112.95,110.51,111.63,40364167,111.73,112.95,110.51,111.63,40364167
2021-10-11,112.36,113.61,111.11,111.45,29114221,112.36,113.61,111.11,111.45,29114221,112.36,113.61,111.11,111.45,29114221
2021-10-12,109.95,110.97,108.94,109.89,39039926,109.95,110.97,108.94,109.89,39039926,109.95,110.97,108.94,109.89,39039926
2021-10-13,109.86,111.47,108.24,109.17,39123473,109.86,111.47,108.24,109.17,39123473,109.86,111.47,108.24,109.17,39123473
2021-10-14,110.86,112.11,109.60,110.07,44741887,110.86,112.11,109.60,110.07,44741887,110.86,112.11,109.60,110.07,44741887
2021-10-15,110.48,111.75,109.21,110.60,29928491,110.48,111.75,109.21,110.60,29928491,110.48,111.75,109.21,110.60,29928491
2021-10-18,104.80,105.80,103.81,105.51,43224731,104.80,105.80,103.81,105.51,43224731,104.80,105.80,103.81,105.51,43224731
2021-10-19,104.69,105.63,103.76,104.40,41691107,104.69,105.63,103.76,104.40,41691107,104.69,105.63,103.76,104.40,41691107
2021-10-20,104.16,105.37,102.95,103.78,50784538,104.16,105.37,102.95,103.78,50784538,104.16,105.37,102.95,103.78,50784538
2021-10-21,101.95,102.27,101.64,102.19,55472884,101.95,102.27,101.64,102.19,55472884,101.95,102.27,101.64,102.19,55472884
2021-10-22,100.46,101.57,99.35,100.42,35714691,100.46,101.57,99.35,100.42,35714691,100.46,101.57,99.35,100.42,35714691
2021-10-25,100.76,102.36,99.16,100.71,33706714,100.76,102.36,99.16,100.71,33706714,100.76,102.36,99.16,100.71,33706714
2021-10-26,102.23,103.55,100.90,102.30,30588643,102.23,103.55,100.90,102.30,30588643,102.23,103.55,100.90,102.30,30588643
2021-10-27,104.60,105.70,103.50,105.27,52697399,104.60,105.70,103.50,105.27,52697399,104.60,105.70,103.50,105.27,52697399
2021-10-28,103.41,105.04,101.79,103.46,42340409,103.41,105.04,101.79,103.46,42340409,103.41,105.04,101.79,103.46,42340409
2021-10-29,102.57,103.38,101.77,102.98,53404712,102.57,103.38,101.77,102.98,53404712,102.57,103.38,101.77,102.98,53404712
2021-11-01,103.03,104.15,101.90,102.75,47681612,103.03,104.15,101.90,102.75,47681612,103.03,104.15,101.90,102.75,47681612
2021-11-02,102.95,104.23,101.67,102.77,29943214,102.95,104.23,101.67,102.77,29943214,102.95,104.23,101.67,102.77,29943214
2021-11-03,106.23,106.89,105.57,106.17,48393147,106.23,106.89,105.57,106.17,48393147,106.23,106.89,105.57,106.17,48393147
2021-11-04,107.09,108.19,105.98,107.00,46699559,107.09,108.19,105.98,107.00,46699559,107.09,108.19,105.98,107.00,46699559
2021-11-05,111.50,112.64,110.36,111.78,49048034,111.50,112.64,110.36,111.78,49048034,111.50,112.64,110.36,111.78,49048034
2021-11-08,112.61,114.07,111.16,112.39,55080992,112.61,114.07,111.16,112.39,55080992,112.61,114.07,111.16,112.39,55080992
2021-11-09,112.75,114.32,111.19,112.67,31118243,112.75,114.32,111.19,112.67,31118243,112.75,114.32,111.19,112.67,31118243
2021-11-10,112.56,113.43,111.69,111.70,37677004,112.56,113.43,111.69,111.70,37677004,112.56,113.43,111.69,111.70,37677004
2021-11-11,114.99,116.36,113.62,114.52,49535811,114.99,116.36,113.62,114.52,49535811,114.99,116.36,113.62,114.52,49535811
2021-11-12,119.11,120.50,117.73,118.89,43430817,119.11,120.50,117.73,118.89,43430817,119.11,120.50,117.73,118.89,43430817
2021-11-15,119.72,121.27,118.17,119.40,37843748,119.72,121.27,118.17,119.40,37843748,119.72,121.27,118.17,119.40,37843748
2021-11-16,118.86,120.71,117.02,119.33,42471106,118.86,120.71,117.02,119.33,42471106,118.86,120.71,117.02,119.33,42471106
2021-11-17,118.43,119.44,117.42,117.44,51486576,118.43,119.44,117.42,117.44,51486576,118.43,119.44,117.42,117.44,51486576
2021-11-18,118.90,120.46,117.34,118.59,28214414,118.90,120.46,117.34,118.59,28214414,118.90,120.46,117.34,118.59,28214414
2021-11-19,120.06,120.72,119.40,119.88,43325130,120.06,120.72,119.40,119.88,43325130,120.06,120.72,119.40,119.88,43325130
2021-11-22,119.87,120.71,119.04,120.22,55667042,119.87,120.71,119.04,120.22,55667042,119.87,120.71,119.04,120.22,55667042
2021-11-23,119.00,120.44,117.56,119.24,54159559,119.00,120.44,117.56,119.24,54159559,119.00,120.44,117.56,119.24,54159559
2021-11-24,121.50,122.08,120.92,121.59,37861780,121.50,122.08,120.92,121.59,37861780,121.50,122.08,120.92,121.59,37861780
2021-11-25,125.05,126.78,123.33,124.50,30823821,125.05,126.78,123.33,124.50,30823821,125.05,126.78,123.33,124.50,30823821
2021-11-26,128.10,130.08,126.13,127.86,44855740,128.10,130.08,126.13,127.86,44855740,128.10,130.08,126.13,127.86,44855740
2021-11-29,128.17,130.51,125.82,128.18,48216526,128.17,130.51,125.82,128.18,48216526,128.17,130.51,125.82,128.18,48216526
2021-11-30,128.97,129.85,128.09,128.56,29139907,128.97,129.85,128.09,128.56,29139907,128.97,129.85,128.09,128.56,29139907
2021-12-01,130.04,131.11,128.96,129.83,52698959,130.04,131.11,128.96,129.83,52698959,130.04,131.11,128.96,129.83,52698959
2021-12-02,131.10,132.72,129.48,131.36,39677657,131.10,132.72,129.48,131.36,39677657,131.10,132.72,129.48,131.36,39677657
2021-12-03,129.57,130.67,128.48,129.38,46903306,129.57,130.67,128.48,129.38,46903306,129.57,130.67,128.48,129.38,46903306
2021-12-06,131.60,132.43,130.77,131.93,42342882,131.60,132.43,130.77,131.93,42342882,131.60,132.43,130.77,131.93,42342882
2021-12-07,128.51,129.38,127.63,128.68,40923499,128.51,129.38,127.63,128.68,40923499,128.51,129.38,127.63,128.68,40923499
2021-12-08,127.97,129.40,126.54,127.58,31798187,127.97,129.40,126.54,127.58,31798187,127.97,129.40,126.54,127.58,31798187
2021-12-09,127.31,128.27,126.36,127.23,33982179,127.31,128.27,126.36,127.23,33982179,127.31,128.27,126.36,127.23,33982179
2021-12-10,125.53,126.47,124.59,125.60,47275531,125.53,126.47,124.59,125.60,47275531,125.53,126.47,124.59,125.60,47275531
2021-12-13,124.34,125.35,123.34,124.26,29895479,124.34,125.35,123.34,124.26,29895479,124.34,125.35,123.34,124.26,29895479
2021-12-14,127.22,128.64,125.80,127.11,46217330,127.22,128.64,125.80,127.11,46217330,127.22,128.64,125.80,127.11,46217330
2021-12-15,125.99,127.75,124.22,125.63,52259076,125.99,127.75,124.22,125.63,52259076,125.99,127.75,124.22,125.63,52259076
2021-12-16,125.21,126.54,123.89,125.36,50531174,125.21,126.54,123.89,125.36,50531174,125.21,126.54,123.89,125.36,50531174
2021-12-17,125.96,126.91,125.01,125.75,49380628,125.96,126.91,125.01,125.75,49380628,125.96,126.91,125.01,125.75,49380628
2021-12-20,131.51,132.17,130.85,131.60,51966937,131.51,132.17,130.85,131.60,51966937,131.51,132.17,130.85,131.60,51966937
2021-12-21,131.99,133.78,130.20,132.26,45551666,131.99,133.78,130.20,132.26,45551666,131.99,133.78,130.20,132.26,45551666
2021-12-22,130.22,131.74,128.69,129.83,30403266,130.22,131.74,128.69,129.83,30403266,130.22,131.74,128.69,129.83,30403266
2021-12-23,131.38,132.54,130.21,131.49,30387021,131.38,132.54,130.21,131.49,30387021,131.38,132.54,130.21,131.49,30387021
2021-12-24,136.03,137.53,134.53,137.15,46711486,136.03,137.53,134.53,137.15,46711486,136.03,137.53,134.53,137.15,46711486
2021-12-27,140.70,142.59,138.80,139.56,36532713,140.70,142.59,138.80,139.56,36532713,140.70,142.59,138.80,139.56,36532713
2021-12-28,134.58,135.29,133.87,134.44,30196852,134.58,135.29,133.87,134.44,30196852,134.58,135.29,133.87,134.44,30196852
2021-12-29,133.75,136.43,131.07,132.73,37412341,133.75,136.43,131.07,132.73,37412341,133.75,136.43,131.07,132.73,37412341
2021-12-30,133.17,134.82,131.51,132.95,33317644,133.17,134.82,131.51,132.95,33317644,133.17,134.82,131.51,132.95,33317644
2021-12-31,134.99,135.88,134.11,135.34,34234749,134.99,135.88,134.11,135.34,34234749,134.99,135.88,134.11,135.34,34234749
2022-01-03,138.81,141.00,136.62,138.40,47751376,138.81,141.00,136.62,138.40,47751376,138.81,141.00,136.62,138.40,47751376
2022-01-04,136.55,137.34,135.76,135.88,51317379,136.55,137.34,135.76,135.88,51317379,136.55,137.34,135.76,135.88,51317379
2022-01-05,142.00,143.33,140.67,141.31,55945866,142.00,143.33,140.67,141.31,55945866,142.00,143.33,140.67,141.31,55945866
2022-01-06,139.57,140.53,138.61,140.29,47986045,139.57,140.53,138.61,140.29,47986045,139.57,140.53,138.61,140.29,47986045
2022-01-07,137.14,138.67,135.60,136.62,36909556,137.14,138.67,135.60,136.62,36909556,137.14,138.67,135.60,136.62,36909556
2022-01-10,142.23,144.34,140.13,142.28,49265986,142.23,144.34,140.13,142.28,49265986,142.23,144.34,140.13,142.28,49265986
2022-01-11,143.54,145.22,141.85,143.59,54142203,143.54,145.22,141.85,143.59,54142203,143.54,145.22,141.85,143.59,54142203
2022-01-12,137.41,139.43,135.38,137.84,42169704,137.41,139.43,135.38,137.84,42169704,137.41,139.43,135.38,137.84,42169704
2022-01-13,136.20,136.98,135.41,136.43,40688430,136.20,136.98,135.41,136.43,40688430,136.20,136.98,135.41,136.43,40688430
2022-01-14,136.88,139.00,134.76,135.95,42460682,136.88,139.00,134.76,135.95,42460682,136.88,139.00,134.76,135.95,42460682
2022-01-17,134.74,137.06,132.43,134.79,33676236,134.74,137.06,132.43,134.79,33676236,134.74,137.06,132.43,134.79,33676236
2022-01-18,130.83,132.48,129.18,129.88,39530645,130.83,132.48,129.18,129.88,39530645,130.83,132.48,129.18,129.88,39530645
2022-01-19,130.52,132.20,128.85,130.12,49413805,130.52,132.20,128.85,130.12,49413805,130.52,132.20,128.85,130.12,49413805
2022-01-20,127.29,129.05,125.53,127.00,48999521,127.29,129.05,125.53,127.00,48999521,127.29,129.05,125.53,127.00,48999521
2022-01-21,123.82,125.82,121.82,123.90,44154084,123.82,125.82,121.82,123.90,44154084,123.82,125.82,121.82,123.90,44154084
2022-01-24,125.54,127.14,123.93,124.52,32021344,125.54,127.14,123.93,124.52,32021344,125.54,127.14,123.93,124.52,32021344
2022-01-25,127.42,128.58,126.26,126.39,50331786,127.42,128.58,126.26,126.39,50331786,127.42,128.58,126.26,126.39,50331786
2022-01-26,126.27,127.44,125.10,126.37,53721151,126.27,127.44,125.10,126.37,53721151,126.27,127.44,125.10,126.37,53721151
2022-01-27,127.55,129.58,125.52,127.14,49700576,127.55,129.58,125.52,127.14,49700576,127.55,129.58,125.52,127.14,49700576
2022-01-28,127.33,129.54,125.12,126.69,35861011,127.33,129.54,125.12,126.69,35861011,127.33,129.54,125.12,126.69,35861011
2022-01-31,124.52,125.95,123.09,124.98,31921709,124.52,125.95,123.09,124.98,31921709,124.52,125.95,123.09,124.98,31921709
2022-02-01,122.41,124.27,120.55,122.72,38768047,122.41,124.27,120.55,122.72,38768047,122.41,124.27,120.55,122.72,38768047
2022-02-02,122.47,123.02,121.92,122.72,48692428,122.47,123.02,121.92,122.72,48692428,122.47,123.02,121.92,122.72,48692428
2022-02-03,118.78,120.69,116.87,118.46,47963263,118.78,120.69,116.87,118.46,47963263,118.78,120.69,116.87,118.46,47963263
2022-02-04,117.38,118.82,115.93,117.10,48110522,117.38,118.82,115.93,117.10,48110522,117.38,118.82,115.93,117.10,48110522
2022-02-07,117.01,119.04,114.97,117.23,55882854,117.01,119.04,114.97,117.23,55882854,117.01,119.04,114.97,117.23,55882854
2022-02-08,115.91,116.72,115.09,116.15,47962994,115.91,116.72,115.09,116.15,47962994,115.91,116.72,115.09,116.15,47962994
2022-02-09,114.70,116.30,113.11,115.43,37278111,114.70,116.30,113.11,115.43,37278111,114.70,116.30,113.11,115.43,37278111
2022-02-10,113.70,115.24,112.16,113.17,33169760,113.70,115.24,112.16,113.17,33169760,113.70,115.24,112.16,113.17,33169760
2022-02-11,111.93,113.61,110.25,111.88,41948498,111.93,113.61,110.25,111.88,41948498,111.93,113.61,110.25,111.88,41948498
2022-02-14,115.28,116.38,114.18,115.23,44006614,115.28,116.38,114.18,115.23,44006614,115.28,116.38,114.18,115.23,44006614
2022-02-15,114.20,114.87,113.54,113.69,45027314,114.20,114.87,113.54,113.69,45027314,114.20,114.87,113.54,113.69,45027314
2022-02-16,111.78,112.96,110.60,111.77,32892721,111.78,112.96,110.60,111.77,32892721,111.78,112.96,110.60,111.77,32892721
2022-02-17,109.76,111.11,108.40,109.24,42929259,109.76,111.11,108.40,109.24,42929259,109.76,111.11,108.40,109.24,42929259
2022-02-18,109.68,110.43,108.93,109.72,36804687,109.68,110.43,108.93,109.72,36804687,109.68,110.43,108.93,109.72,36804687
2022-02-21,110.79,111.92,109.67,109.96,33573212,110.79,111.92,109.67,109.96,33573212,110.79,111.92,109.67,109.96,33573212
2022-02-22,109.67,110.95,108.39,109.00,49050087,109.67,110.95,108.39,109.00,49050087,109.67,110.95,108.39,109.00,49050087
2022-02-23,103.82,104.72,102.92,103.93,33779194,103.82,104.72,102.92,103.93,33779194,103.82,104.72,102.92,103.93,33779194
2022-02-24,103.94,104.30,103.57,103.77,47815940,103.94,104.30,103.57,103.77,47815940,103.94,104.30,103.57,103.77,47815940
2022-02-25,105.97,107.18,104.75,105.78,55029976,105.97,107.18,104.75,105.78,55029976,105.97,107.18,104.75,105.78,55029976
2022-02-28,106.38,107.66,105.10,106.79,38469017,106.38,107.66,105.10,106.79,38469017,106.38,107.66,105.10,106.79,38469017
2022-03-01,105.25,106.39,104.12,104.78,46890821,105.25,106.39,104.12,104.78,46890821,105.25,106.39,104.12,104.78,46890821
2022-03-02,103.82,104.08,103.57,103.80,43818644,103.82,104.08,103.57,103.80,43818644,103.82,104.08,103.57,103.80,43818644
2022-03-03,102.07,102.93,101.22,101.58,46322230,102.07,102.93,101.22,101.58,46322230,102.07,102.93,101.22,101.58,46322230
2022-03-04,99.34,100.14,98.54,99.29,39961136,99.34,100.14,98.54,99.29,39961136,99.34,100.14,98.54,99.29,39961136
2022-03-07,99.59,101.20,97.99,99.77,43512004,99.59,101.20,97.99,99.77,43512004,99.59,101.20,97.99,99.77,43512004
2022-03-08,99.01,99.92,98.11,98.92,52335304,99.01,99.92,98.11,98.92,52335304,99.01,99.92,98.11,98.92,52335304
2022-03-09,99.11,99.50,98.72,98.81,35236105,99.11,99.50,98.72,98.81,35236105,99.11,99.50,98.72,98.81,35236105
2022-03-10,98.95,100.80,97.10,99.18,38650349,98.95,100.80,97.10,99.18,38650349,98.95,100.80,97.10,99.18,38650349
2022-03-11,96.36,96.78,95.94,96.66,39498894,96.36,96.78,95.94,96.66,39498894,96.36,96.78,95.94,96.66,39498894
2022-03-14,95.47,96.58,94.36,95.54,45114962,95.47,96.58,94.36,95.54,45114962,95.47,96.58,94.36,95.54,45114962
2022-03-15,94.81,95.90,93.71,94.81,39248664,94.81,95.90,93.71,94.81,39248664,94.81,95.90,93.71,94.81,39248664
2022-03-16,95.48,97.53,93.43,95.60,44355789,95.48,97.53,93.43,95.60,44355789,95.48,97.53,93.43,95.60,44355789
2022-03-17,96.99,98.52,95.47,97.00,54804799,96.99,98.52,95.47,97.00,54804799,96.99,98.52,95.47,97.00,54804799
2022-03-18,96.97,98.05,95.89,96.60,45497593,96.97,98.05,95.89,96.60,45497593,96.97,98.05,95.89,96.60,45497593
2022-03-21,96.57,97.31,95.83,96.13,30886206,96.57,97.31,95.83,96.13,30886206,96.57,97.31,95.83,96.13,30886206
2022-03-22,96.84,98.23,95.44,96.79,33199618,96.84,98.23,95.44,96.79,33199618,96.84,98.23,95.44,96.79,33199618
2022-03-23,96.02,97.45,94.60,96.20,37228242,96.02,97.45,94.60,96.20,37228242,96.02,97.45,94.60,96.20,37228242
2022-03-24,96.85,98.15,95.55,96.50,31019427,96.85,98.15,95.55,96.50,31019427,96.85,98.15,95.55,96.50,31019427
2022-03-25,93.25,93.63,92.88,93.51,54574011,93.25,93.63,92.88,93.51,54574011,93.25,93.63,92.88,93.51,54574011
2022-03-28,90.25,91.12,89.38,90.50,43635497,90.25,91.12,89.38,90.50,43635497,90.25,91.12,89.38,90.50,43635497
2022-03-29,87.51,88.86,86.15,87.59,52356868,87.51,88.86,86.15,87.59,52356868,87.51,88.86,86.15,87.59,52356868
2022-03-30,86.22,86.83,85.60,86.06,30550937,86.22,86.83,85.60,86.06,30550937,86.22,86.83,85.60,86.06,30550937
2022-03-31,86.98,87.91,86.05,86.79,28804644,86.98,87.91,86.05,86.79,28804644,86.98,87.91,86.05,86.79,28804644
2022-04-01,85.51,86.37,84.65,85.51,33753788,85.51,86.37,84.65,85.51,33753788,85.51,86.37,84.65,85.51,33753788
2022-04-04,87.94,89.27,86.61,87.85,42644634,87.94,89.27,86.61,87.85,42644634,87.94,89.27,86.61,87.85,42644634
2022-04-05,88.57,88.98,88.15,88.63,45690727,88.57,88.98,88.15,88.63,45690727,88.57,88.98,88.15,88.63,45690727
2022-04-06,86.56,87.40,85.73,86.85,34050817,86.56,87.40,85.73,86.85,34050817,86.56,87.40,85.73,86.85,34050817
2022-04-07,87.04,87.80,86.28,86.73,45627410,87.04,87.80,86.28,86.73,45627410,87.04,87.80,86.28,86.73,45627410
2022-04-08,86.44,86.78,86.10,86.15,39924633,86.44,86.78,86.10,86.15,39924633,86.44,86.78,86.10,86.15,39924633
2022-04-11,86.56,87.14,85.98,86.63,38160669,86.56,87.14,85.98,86.63,38160669,86.56,87.14,85.98,86.63,38160669
2022-04-12,86.44,87.58,85.31,86.54,48345172,86.44,87.58,85.31,86.54,48345172,86.44,87.58,85.31,86.54,48345172
2022-04-13,87.88,89.39,86.38,88.20,51076593,87.88,89.39,86.38,88.20,51076593,87.88,89.39,86.38,88.20,51076593
2022-04-14,89.91,91.05,88.77,89.69,49406509,89.91,91.05,88.77,89.69,49406509,89.91,91.05,88.77,89.69,49406509
2022-04-15,89.39,90.02,88.76,89.07,40300365,89.39,90.02,88.76,89.07,40300365,89.39,90.02,88.76,89.07,40300365
2022-04-18,86.95,88.09,85.81,87.58,29579776,86.95,88.09,85.81,87.58,29579776,86.95,88.09,85.81,87.58,29579776
2022-04-19,87.56,88.51,86.62,87.29,47023338,87.56,88.51,86.62,87.29,47023338,87.56,88.51,86.62,87.29,47023338
2022-04-20,87.97,89.14,86.81,87.80,36978947,87.97,89.14,86.81,87.80,36978947,87.97,89.14,86.81,87.80,36978947
2022-04-21,85.98,86.51,85.44,85.79,36314974,85.98,86.51,85.44,85.79,36314974,85.98,86.51,85.44,85.79,36314974
2022-04-22,85.47,85.93,85.00,85.53,40607266,85.47,85.93,85.00,85.53,40607266,85.47,85.93,85.00,85.53,40607266
2022-04-25,87.14,88.19,86.08,87.39,46863670,87.14,88.19,86.08,87.39,46863670,87.14,88.19,86.08,87.39,46863670
2022-04-26,86.98,87.97,86.00,86.42,42269411,86.98,87.97,86.00,86.42,42269411,86.98,87.97,86.00,86.42,42269411
2022-04-27,85.28,86.34,84.22,85.50,42861665,85.28,86.34,84.22,85.50,42861665,85.28,86.34,84.22,85.50,42861665
2022-04-28,86.67,87.33,86.00,86.87,40020011,86.67,87.33,86.00,86.87,40020011,86.67,87.33,86.00,86.87,40020011
2022-04-29,84.82,86.02,83.62,85.11,32362084,84.82,86.02,83.62,85.11,32362084,84.82,86.02,83.62,85.11,32362084
2022-05-02,84.55,85.73,83.37,84.64,48970445,84.55,85.73,83.37,84.64,48970445,84.55,85.73,83.37,84.64,48970445
2022-05-03,86.19,87.30,85.08,86.10,33626284,86.19,87.30,85.08,86.10,33626284,86.19,87.30,85.08,86.10,33626284
2022-05-04,87.26,88.23,86.29,87.08,31170591,87.26,88.23,86.29,87.08,31170591,87.26,88.23,86.29,87.08,31170591
2022-05-05,88.28,89.33,87.24,87.44,54465806,88.28,89.33,87.24,87.44,54465806,88.28,89.33,87.24,87.44,54465806
2022-05-06,83.99,84.68,83.30,84.05,55939504,83.99,84.68,83.30,84.05,55939504,83.99,84.68,83.30,84.05,55939504
2022-05-09,83.76,84.46,83.07,83.94,36538129,83.76,84.46,83.07,83.94,36538129,83.76,84.46,83.07,83.94,36538129
2022-05-10,81.11,81.83,80.39,81.14,46573411,81.11,81.83,80.39,81.14,46573411,81.11,81.83,80.39,81.14,46573411
2022-05-11,83.08,83.79,82.38,82.47,36674681,83.08,83.79,82.38,82.47,36674681,83.08,83.79,82.38,82.47,36674681
2022-05-12,81.93,82.46,81.40,81.95,51817991,81.93,82.46,81.40,81.95,51817991,81.93,82.46,81.40,81.95,51817991
2022-05-13,81.42,82.26,80.59,81.55,30054471,81.42,82.26,80.59,81.55,30054471,81.42,82.26,80.59,81.55,30054471
2022-05-16,82.25,83.35,81.15,82.37,46262701,82.25,83.35,81.15,82.37,46262701,82.25,83.35,81.15,82.37,46262701
2022-05-17,79.85,80.80,78.90,80.04,54024050,79.85,80.80,78.90,80.04,54024050,79.85,80.80,78.90,80.04,54024050
2022-05-18,78.52,79.53,77.51,78.75,35740579,78.52,79.53,77.51,78.75,35740579,78.52,79.53,77.51,78.75,35740579
2022-05-19,77.65,78.33,76.96,77.82,36396177,77.65,78.33,76.96,77.82,36396177,77.65,78.33,76.96,77.82,36396177
2022-05-20,77.45,78.32,76.58,77.54,51141652,77.45,78.32,76.58,77.54,51141652,77.45,78.32,76.58,77.54,51141652
2022-05-23,76.07,76.49,75.65,75.79,30294990,76.07,76.49,75.65,75.79,30294990,76.07,76.49,75.65,75.79,30294990
2022-05-24,77.51,78.26,76.76,78.06,41541414,77.51,78.26,76.76,78.06,41541414,77.51,78.26,76.76,78.06,41541414
2022-05-25,80.23,81.40,79.06,79.91,37503316,80.23,81.40,79.06,79.91,37503316,80.23,81.40,79.06,79.91,37503316
2022-05-26,80.61,81.04,80.17,80.19,35261176,80.61,81.04,80.17,80.19,35261176,80.61,81.04,80.17,80.19,35261176
2022-05-27,81.48,82.37,80.59,81.54,44319546,81.48,82.37,80.59,81.54,44319546,81.48,82.37,80.59,81.54,44319546
2022-05-30,83.49,84.59,82.40,82.80,50569494,83.49,84.59,82.40,82.80,50569494,83.49,84.59,82.40,82.80,50569494
2022-05-31,84.22,85.41,83.03,84.00,51005612,84.22,85.41,83.03,84.00,51005612,84.22,85.41,83.03,84.00,51005612
2022-06-01,86.28,86.93,85.64,85.97,42652197,86.28,86.93,85.64,85.97,42652197,86.28,86.93,85.64,85.97,42652197
2022-06-02,87.07,87.81,86.33,86.46,47141722,87.07,87.81,86.33,86.46,47141722,87.07,87.81,86.33,86.46,47141722
2022-06-03,86.47,86.79,86.15,86.71,51216618,86.47,86.79,86.15,86.71,51216618,86.47,86.79,86.15,86.71,51216618
2022-06-06,87.51,88.55,86.46,86.94,48709662,87.51,88.55,86.46,86.94,48709662,87.51,88.55,86.46,86.94,48709662
2022-06-07,86.87,87.75,85.98,86.76,30672083,86.87,87.75,85.98,86.76,30672083,86.87,87.75,85.98,86.76,30672083
2022-06-08,90.05,91.22,88.89,89.93,54910923,90.05,91.22,88.89,89.93,54910923,90.05,91.22,88.89,89.93,54910923
2022-06-09,90.26,91.31,89.21,90.58,43332375,90.26,91.31,89.21,90.58,43332375,90.26,91.31,89.21,90.58,43332375
2022-06-10,93.47,94.57,92.37,94.13,30325227,93.47,94.57,92.37,94.13,30325227,93.47,94.57,92.37,94.13,30325227
2022-06-13,94.81,95.81,93.81,94.97,28733805,94.81,95.81,93.81,94.97,28733805,94.81,95.81,93.81,94.97,28733805
2022-06-14,99.45,100.70,98.21,99.21,42967966,99.45,100.70,98.21,99.21,42967966,99.45,100.70,98.21,99.21,42967966
2022-06-15,98.20,99.25,97.14,98.04,33888112,98.20,99.25,97.14,98.04,33888112,98.20,99.25,97.14,98.04,33888112
2022-06-16,96.78,98.33,95.24,96.68,50573025,96.78,98.33,95.24,96.68,50573025,96.78,98.33,95.24,96.68,50573025
2022-06-17,96.23,97.26,95.19,96.37,29347987,96.23,97.26,95.19,96.37,29347987,96.23,97.26,95.19,96.37,29347987
2022-06-20,94.18,95.55,92.80,93.62,39495354,94.18,95.55,92.80,93.62,39495354,94.18,95.55,92.80,93.62,39495354
2022-06-21,94.99,96.40,93.58,94.59,35512374,94.99,96.40,93.58,94.59,35512374,94.99,96.40,93.58,94.59,35512374
2022-06-22,94.72,95.94,93.49,94.48,49615809,94.72,95.94,93.49,94.48,49615809,94.72,95.94,93.49,94.48,49615809
2022-06-23,95.64,96.50,94.79,96.37,31125071,95.64,96.50,94.79,96.37,31125071,95.64,96.50,94.79,96.37,31125071
2022-06-24,95.38,96.45,94.31,95.12,28184117,95.38,96.45,94.31,95.12,28184117,95.38,96.45,94.31,95.12,28184117
2022-06-27,94.11,95.07,93.16,94.52,32185173,94.11,95.07,93.16,94.52,32185173,94.11,95.07,93.16,94.52,32185173
2022-06-28,94.31,94.47,94.15,94.29,41858104,94.31,94.47,94.15,94.29,41858104,94.31,94.47,94.15,94.29,41858104
2022-06-29,94.64,95.91,93.38,94.19,28829191,94.64,95.91,93.38,94.19,28829191,94.64,95.91,93.38,94.19,28829191
2022-06-30,93.72,94.71,92.72,93.34,36241323,93.72,94.71,92.72,93.34,36241323,93.72,94.71,92.72,93.34,36241323
2022-07-01,96.05,97.56,94.54,95.77,40598221,96.05,97.56,94.54,95.77,40598221,96.05,97.56,94.54,95.77,40598221
2022-07-04,94.11,95.46,92.75,94.36,36771817,94.11,95.46,92.75,94.36,36771817,94.11,95.46,92.75,94.36,36771817
2022-07-05,92.95,94.41,91.48,93.23,40901468,92.95,94.41,91.48,93.23,40901468,92.95,94.41,91.48,93.23,40901468
2022-07-06,94.23,95.12,93.34,93.76,44049407,94.23,95.12,93.34,93.76,44049407,94.23,95.12,93.34,93.76,44049407
2022-07-07,92.44,93.26,91.61,91.84,48269278,92.44,93.26,91.61,91.84,48269278,92.44,93.26,91.61,91.84,48269278
2022-07-08,90.50,91.31,89.68,90.86,52185984,90.50,91.31,89.68,90.86,52185984,90.50,91.31,89.68,90.86,52185984
2022-07-11,89.14,90.37,87.90,89.15,37720266,89.14,90.37,87.90,89.15,37720266,89.14,90.37,87.90,89.15,37720266
2022-07-12,90.81,91.61,90.00,90.35,53754477,90.81,91.61,90.00,90.35,53754477,90.81,91.61,90.00,90.35,53754477
2022-07-13,92.91,94.07,91.74,93.06,52069892,92.91,94.07,91.74,93.06,52069892,92.91,94.07,91.74,93.06,52069892
2022-07-14,92.21,93.13,91.29,91.99,35704330,92.21,93.13,91.29,91.99,35704330,92.21,93.13,91.29,91.99,35704330
2022-07-15,95.69,96.01,95.37,95.45,48468575,95.69,96.01,95.37,95.45,48468575,95.69,96.01,95.37,95.45,48468575
2022-07-18,96.86,98.08,95.65,96.59,54477062,96.86,98.08,95.65,96.59,54477062,96.86,98.08,95.65,96.59,54477062
2022-07-19,94.72,95.50,93.95,94.69,41591045,94.72,95.50,93.95,94.69,41591045,94.72,95.50,93.95,94.69,41591045
2022-07-20,94.31,95.93,92.68,94.44,54232752,94.31,95.93,92.68,94.44,54232752,94.31,95.93,92.68,94.44,54232752
2022-07-21,92.41,93.02,91.80,92.38,43363355,92.41,93.02,91.80,92.38,43363355,92.41,93.02,91.80,92.38,43363355
2022-07-22,90.66,90.95,90.38,90.63,43376648,90.66,90.95,90.38,90.63,43376648,90.66,90.95,90.38,90.63,43376648
2022-07-25,89.49,90.77,88.20,89.35,42428307,89.49,90.77,88.20,89.35,42428307,89.49,90.77,88.20,89.35,42428307
2022-07-26,90.08,91.07,89.09,89.77,46808175,90.08,91.07,89.09,89.77,46808175,90.08,91.07,89.09,89.77,46808175
2022-07-27,88.56,89.58,87.54,88.55,34434620,88.56,89.58,87.54,88.55,34434620,88.56,89.58,87.54,88.55,34434620
2022-07-28,88.07,89.11,87.04,87.90,46383124,88.07,89.11,87.04,87.90,46383124,88.07,89.11,87.04,87.90,46383124
2022-07-29,87.43,88.35,86.50,87.13,31604622,87.43,88.35,86.50,87.13,31604622,87.43,88.35,86.50,87.13,31604622
2022-08-01,83.94,85.09,82.79,83.94,29850555,83.94,85.09,82.79,83.94,29850555,83.94,85.09,82.79,83.94,29850555
2022-08-02,84.80,85.74,83.87,84.69,39637159,84.80,85.74,83.87,84.69,39637159,84.80,85.74,83.87,84.69,39637159
2022-08-03,82.67,83.52,81.82,82.56,40230799,82.67,83.52,81.82,82.56,40230799,82.67,83.52,81.82,82.56,40230799
2022-08-04,83.95,84.79,83.12,83.92,50127933,83.95,84.79,83.12,83.92,50127933,83.95,84.79,83.12,83.92,50127933
2022-08-05,85.77,86.39,85.16,86.37,50224959,85.77,86.39,85.16,86.37,50224959,85.77,86.39,85.16,86.37,50224959
2022-08-08,85.35,86.50,84.19,85.09,31244758,85.35,86.50,84.19,85.09,31244758,85.35,86.50,84.19,85.09,31244758
2022-08-09,85.85,86.99,84.71,85.36,36428197,85.85,86.99,84.71,85.36,36428197,85.85,86.99,84.71,85.36,36428197
2022-08-10,84.68,85.79,83.57,84.61,46063708,84.68,85.79,83.57,84.61,46063708,84.68,85.79,83.57,84.61,46063708
2022-08-11,85.57,86.10,85.04,85.75,46261509,85.57,86.10,85.04,85.75,46261509,85.57,86.10,85.04,85.75,46261509
2022-08-12,85.82,86.71,84.93,86.00,40418188,85.82,86.71,84.93,86.00,40418188,85.82,86.71,84.93,86.00,40418188
2022-08-15,84.80,85.44,84.17,85.07,30213153,84.80,85.44,84.17,85.07,30213153,84.80,85.44,84.17,85.07,30213153
2022-08-16,84.56,85.79,83.33,84.58,39664396,84.56,85.79,83.33,84.58,39664396,84.56,85.79,83.33,84.58,39664396
2022-08-17,84.30,85.15,83.45,84.02,38683923,84.30,85.15,83.45,84.02,38683923,84.30,85.15,83.45,84.02,38683923
2022-08-18,83.18,84.40,81.95,83.21,28442796,83.18,84.40,81.95,83.21,28442796,83.18,84.40,81.95,83.21,28442796
2022-08-19,83.39,84.36,82.42,83.03,45197363,83.39,84.36,82.42,83.03,45197363,83.39,84.36,82.42,83.03,45197363
2022-08-22,81.41,82.43,80.40,80.86,50276115,81.41,82.43,80.40,80.86,50276115,81.41,82.43,80.40,80.86,50276115
2022-08-23,79.91,80.47,79.36,80.04,37306249,79.91,80.47,79.36,80.04,37306249,79.91,80.47,79.36,80.04,37306249
2022-08-24,79.71,80.37,79.04,79.73,28040383,79.71,80.37,79.04,79.73,28040383,79.71,80.37,79.04,79.73,28040383
2022-08-25,77.51,78.25,76.77,77.07,52226905,77.51,78.25,76.77,77.07,52226905,77.51,78.25,76.77,77.07,52226905
2022-08-26,77.40,77.94,76.85,77.33,53049754,77.40,77.94,76.85,77.33,53049754,77.40,77.94,76.85,77.33,53049754
2022-08-29,77.52,78.23,76.81,77.34,28963118,77.52,78.23,76.81,77.34,28963118,77.52,78.23,76.81,77.34,28963118
2022-08-30,78.40,79.39,77.40,78.54,28910833,78.40,79.39,77.40,78.54,28910833,78.40,79.39,77.40,78.54,28910833
2022-08-31,76.61,77.39,75.83,76.36,49336601,76.61,77.39,75.83,76.36,49336601,76.61,77.39,75.83,76.36,49336601
2022-09-01,75.80,76.49,75.11,75.54,37687786,75.80,76.49,75.11,75.54,37687786,75.80,76.49,75.11,75.54,37687786
2022-09-02,75.60,76.05,75.15,75.32,49434333,75.60,76.05,75.15,75.32,49434333,75.60,76.05,75.15,75.32,49434333
2022-09-05,76.21,77.16,75.25,75.74,44212440,76.21,77.16,75.25,75.74,44212440,76.21,77.16,75.25,75.74,44212440
2022-09-06,75.95,77.08,74.83,75.76,49924987,75.95,77.08,74.83,75.76,49924987,75.95,77.08,74.83,75.76,49924987
2022-09-07,74.52,75.79,73.26,74.98,46784419,74.52,75.79,73.26,74.98,46784419,74.52,75.79,73.26,74.98,46784419
2022-09-08,75.20,75.89,74.51,74.85,36371174,75.20,75.89,74.51,74.85,36371174,75.20,75.89,74.51,74.85,36371174
2022-09-09,76.51,77.28,75.74,76.46,35972738,76.51,77.28,75.74,76.46,35972738,76.51,77.28,75.74,76.46,35972738
2022-09-12,75.60,76.49,74.71,76.07,42064166,75.60,76.49,74.71,76.07,42064166,75.60,76.49,74.71,76.07,42064166
2022-09-13,75.41,75.90,74.91,75.58,51869440,75.41,75.90,74.91,75.58,51869440,75.41,75.90,74.91,75.58,51869440
2022-09-14,73.72,74.42,73.01,73.57,43523628,73.72,74.42,73.01,73.57,43523628,73.72,74.42,73.01,73.57,43523628
2022-09-15,72.40,73.12,71.69,72.12,51639742,72.40,73.12,71.69,72.12,51639742,72.40,73.12,71.69,72.12,51639742
2022-09-16,69.76,70.77,68.75,69.72,41335935,69.76,70.77,68.75,69.72,41335935,69.76,70.77,68.75,69.72,41335935
2022-09-19,71.39,72.12,70.66,71.31,50824825,71.39,72.12,70.66,71.31,50824825,71.39,72.12,70.66,71.31,50824825
2022-09-20,72.08,72.72,71.45,71.86,35101761,72.08,72.72,71.45,71.86,35101761,72.08,72.72,71.45,71.86,35101761
2022-09-21,70.64,71.70,69.58,70.72,32731035,70.64,71.70,69.58,70.72,32731035,70.64,71.70,69.58,70.72,32731035
2022-09-22,70.45,70.91,70.00,70.52,44486717,70.45,70.91,70.00,70.52,44486717,70.45,70.91,70.00,70.52,44486717
2022-09-23,69.23,69.80,68.66,69.33,38340601,69.23,69.80,68.66,69.33,38340601,69.23,69.80,68.66,69.33,38340601
2022-09-26,71.80,72.88,70.72,71.70,29469893,71.80,72.88,70.72,71.70,29469893,71.80,72.88,70.72,71.70,29469893
2022-09-27,70.78,71.68,69.88,70.47,55510181,70.78,71.68,69.88,70.47,55510181,70.78,71.68,69.88,70.47,55510181
2022-09-28,72.02,72.98,71.05,71.82,48624181,72.02,72.98,71.05,71.82,48624181,72.02,72.98,71.05,71.82,48624181
2022-09-29,69.36,69.97,68.75,69.45,48744197,69.36,69.97,68.75,69.45,48744197,69.36,69.97,68.75,69.45,48744197
2022-09-30,69.19,69.78,68.59,69.01,45624423,69.19,69.78,68.59,69.01,45624423,69.19,69.78,68.59,69.01,45624423
2022-10-03,68.52,69.18,67.85,68.80,55006964,68.52,69.18,67.85,68.80,55006964,68.52,69.18,67.85,68.80,55006964
2022-10-04,67.87,68.96,66.78,67.72,32238586,67.87,68.96,66.78,67.72,32238586,67.87,68.96,66.78,67.72,32238586
2022-10-05,68.49,69.46,67.52,68.34,37054461,68.49,69.46,67.52,68.34,37054461,68.49,69.46,67.52,68.34,37054461
2022-10-06,66.55,67.16,65.94,66.71,55773378,66.55,67.16,65.94,66.71,55773378,66.55,67.16,65.94,66.71,55773378
2022-10-07,65.57,66.31,64.82,65.61,49559486,65.57,66.31,64.82,65.61,49559486,65.57,66.31,64.82,65.61,49559486
2022-10-10,65.95,66.65,65.25,65.75,41658942,65.95,66.65,65.25,65.75,41658942,65.95,66.65,65.25,65.75,41658942
2022-10-11,65.47,66.24,64.71,65.32,49647388,65.47,66.24,64.71,65.32,49647388,65.47,66.24,64.71,65.32,49647388
2022-10-12,63.96,64.75,63.17,64.05,51238186,63.96,64.75,63.17,64.05,51238186,63.96,64.75,63.17,64.05,51238186
2022-10-13,62.87,63.59,62.15,62.60,33551192,62.87,63.59,62.15,62.60,33551192,62.87,63.59,62.15,62.60,33551192
2022-10-14,60.30,61.40,59.20,60.12,42065122,60.30,61.40,59.20,60.12,42065122,60.30,61.40,59.20,60.12,42065122
2022-10-17,58.72,59.39,58.06,58.32,35839109,58.72,59.39,58.06,58.32,35839109,58.72,59.39,58.06,58.32,35839109
2022-10-18,58.77,59.35,58.19,58.61,48931661,58.77,59.35,58.19,58.61,48931661,58.77,59.35,58.19,58.61,48931661
2022-10-19,59.99,60.71,59.26,60.17,47743702,59.99,60.71,59.26,60.17,47743702,59.99,60.71,59.26,60.17,47743702
2022-10-20,61.39,62.08,60.71,61.42,44094034,61.39,62.08,60.71,61.42,44094034,61.39,62.08,60.71,61.42,44094034
2022-10-21,61.30,61.54,61.06,61.12,37738361,61.30,61.54,61.06,61.12,37738361,61.30,61.54,61.06,61.12,37738361
2022-10-24,60.41,60.62,60.21,60.48,33908148,60.41,60.62,60.21,60.48,33908148,60.41,60.62,60.21,60.48,33908148
2022-10-25,60.84,61.36,60.33,60.62,30664460,60.84,61.36,60.33,60.62,30664460,60.84,61.36,60.33,60.62,30664460
2022-10-26,59.97,60.35,59.59,60.13,37596584,59.97,60.35,59.59,60.13,37596584,59.97,60.35,59.59,60.13,37596584
2022-10-27,58.70,59.45,57.94,58.65,55799928,58.70,59.45,57.94,58.65,55799928,58.70,59.45,57.94,58.65,55799928
2022-10-28,61.41,62.21,60.61,61.18,43559115,61.41,62.21,60.61,61.18,43559115,61.41,62.21,60.61,61.18,43559115
2022-10-31,62.16,62.68,61.63,61.69,30261460,62.16,62.68,61.63,61.69,30261460,62.16,62.68,61.63,61.69,30261460
2022-11-01,60.74,61.28,60.19,60.74,40970702,60.74,61.28,60.19,60.74,40970702,60.74,61.28,60.19,60.74,40970702
2022-11-02,60.89,61.68,60.11,60.69,48167613,60.89,61.68,60.11,60.69,48167613,60.89,61.68,60.11,60.69,48167613
2022-11-03,60.09,60.65,59.54,60.19,44639703,60.09,60.65,59.54,60.19,44639703,60.09,60.65,59.54,60.19,44639703
2022-11-04,59.93,60.46,59.40,60.37,44385641,59.93,60.46,59.40,60.37,44385641,59.93,60.46,59.40,60.37,44385641
2022-11-07,59.90,60.55,59.26,59.73,43409686,59.90,60.55,59.26,59.73,43409686,59.90,60.55,59.26,59.73,43409686
2022-11-08,59.50,59.86,59.15,59.55,55594679,59.50,59.86,59.15,59.55,55594679,59.50,59.86,59.15,59.55,55594679
2022-11-09,57.39,57.65,57.13,57.41,39006691,57.39,57.65,57.13,57.41,39006691,57.39,57.65,57.13,57.41,39006691
2022-11-10,57.46,57.75,57.17,57.19,51985393,57.46,57.75,57.17,57.19,51985393,57.46,57.75,57.17,57.19,51985393
2022-11-11,57.39,57.84,56.95,57.51,41234413,57.39,57.84,56.95,57.51,41234413,57.39,57.84,56.95,57.51,41234413
2022-11-14,57.42,57.95,56.89,57.24,36689117,57.42,57.95,56.89,57.24,36689117,57.42,57.95,56.89,57.24,36689117
2022-11-15,56.60,57.31,55.89,56.70,32388527,56.60,57.31,55.89,56.70,32388527,56.60,57.31,55.89,56.70,32388527
2022-11-16,56.99,57.22,56.77,57.02,46046507,56.99,57.22,56.77,57.02,46046507,56.99,57.22,56.77,57.02,46046507
2022-11-17,57.23,57.77,56.70,57.54,28597691,57.23,57.77,56.70,57.54,28597691,57.23,57.77,56.70,57.54,28597691
2022-11-18,58.68,59.19,58.17,58.46,36807581,58.68,59.19,58.17,58.46,36807581,58.68,59.19,58.17,58.46,36807581
2022-11-21,58.82,59.62,58.02,58.71,48862382,58.82,59.62,58.02,58.71,48862382,58.82,59.62,58.02,58.71,48862382
2022-11-22,58.07,58.94,57.21,57.57,32364781,58.07,58.94,57.21,57.57,32364781,58.07,58.94,57.21,57.57,32364781
2022-11-23,58.75,59.04,58.46,58.63,33431794,58.75,59.04,58.46,58.63,33431794,58.75,59.04,58.46,58.63,33431794
2022-11-24,57.35,58.21,56.48,57.17,41144461,57.35,58.21,56.48,57.17,41144461,57.35,58.21,56.48,57.17,41144461
2022-11-25,56.92,57.45,56.38,56.99,48651210,56.92,57.45,56.38,56.99,48651210,56.92,57.45,56.38,56.99,48651210
2022-11-28,57.01,58.01,56.01,56.79,42916363,57.01,58.01,56.01,56.79,42916363,57.01,58.01,56.01,56.79,42916363
2022-11-29,56.75,57.60,55.91,57.13,29265647,56.75,57.60,55.91,57.13,29265647,56.75,57.60,55.91,57.13,29265647
2022-11-30,57.12,57.64,56.61,56.88,40864009,57.12,57.64,56.61,56.88,40864009,57.12,57.64,56.61,56.88,40864009
2022-12-01,56.03,56.46,55.60,56.00,40159234,56.03,56.46,55.60,56.00,40159234,56.03,56.46,55.60,56.00,40159234
2022-12-02,55.80,56.17,55.42,56.04,50975395,55.80,56.17,55.42,56.04,50975395,55.80,56.17,55.42,56.04,50975395
2022-12-05,55.77,56.64,54.89,55.50,54069270,55.77,56.64,54.89,55.50,54069270,55.77,56.64,54.89,55.50,54069270
2022-12-06,55.78,55.88,55.69,55.83,42860794,55.78,55.88,55.69,55.83,42860794,55.78,55.88,55.69,55.83,42860794
2022-12-07,57.00,57.92,56.08,56.79,44238465,57.00,57.92,56.08,56.79,44238465,57.00,57.92,56.08,56.79,44238465
2022-12-08,56.09,56.76,55.43,55.98,51807364,56.09,56.76,55.43,55.98,51807364,56.09,56.76,55.43,55.98,51807364
2022-12-09,55.15,56.02,54.28,54.94,34982317,55.15,56.02,54.28,54.94,34982317,55.15,56.02,54.28,54.94,34982317
2022-12-12,56.73,57.11,56.35,56.84,42011768,56.73,57.11,56.35,56.84,42011768,56.73,57.11,56.35,56.84,42011768
2022-12-13,59.49,60.36,58.63,59.46,39688752,59.49,60.36,58.63,59.46,39688752,59.49,60.36,58.63,59.46,39688752
2022-12-14,60.31,60.94,59.68,60.16,42307608,60.31,60.94,59.68,60.16,42307608,60.31,60.94,59.68,60.16,42307608
2022-12-15,58.78,59.26,58.29,58.77,40837710,58.78,59.26,58.29,58.77,40837710,58.78,59.26,58.29,58.77,40837710
2022-12-16,58.46,59.37,57.55,57.93,38149120,58.46,59.37,57.55,57.93,38149120,58.46,59.37,57.55,57.93,38149120
2022-12-19,58.06,58.73,57.39,57.79,44772422,58.06,58.73,57.39,57.79,44772422,58.06,58.73,57.39,57.79,44772422
2022-12-20,57.57,58.67,56.47,57.57,52852714,57.57,58.67,56.47,57.57,52852714,57.57,58.67,56.47,57.57,52852714
2022-12-21,58.11,58.78,57.44,57.97,36923934,58.11,58.78,57.44,57.97,36923934,58.11,58.78,57.44,57.97,36923934
2022-12-22,57.10,57.93,56.28,57.42,49769233,57.10,57.93,56.28,57.42,49769233,57.10,57.93,56.28,57.42,49769233
2022-12-23,56.04,56.46,55.63,55.94,33540995,56.04,56.46,55.63,55.94,33540995,56.04,56.46,55.63,55.94,33540995
2022-12-26,54.98,55.70,54.25,55.24,28634797,54.98,55.70,54.25,55.24,28634797,54.98,55.70,54.25,55.24,28634797
2022-12-27,55.85,56.48,55.22,55.87,43118864,55.85,56.48,55.22,55.87,43118864,55.85,56.48,55.22,55.87,43118864
2022-12-28,56.11,56.71,55.50,55.76,55631005,56.11,56.71,55.50,55.76,55631005,56.11,56.71,55.50,55.76,55631005
2022-12-29,56.11,56.87,55.35,55.85,30419920,56.11,56.87,55.35,55.85,30419920,56.11,56.87,55.35,55.85,30419920
2022-12-30,55.04,55.38,54.71,55.02,38879548,55.04,55.38,54.71,55.02,38879548,55.04,55.38,54.71,55.02,38879548
2023-01-02,55.06,55.54,54.57,54.82,36291966,55.06,55.54,54.57,54.82,36291966,55.06,55.54,54.57,54.82,36291966
2023-01-03,53.97,54.30,53.65,54.00,54392276,53.97,54.30,53.65,54.00,54392276,53.97,54.30,53.65,54.00,54392276
2023-01-04,53.32,53.70,52.94,53.11,34051658,53.32,53.70,52.94,53.11,34051658,53.32,53.70,52.94,53.11,34051658
2023-01-05,53.04,53.48,52.59,53.02,48191330,53.04,53.48,52.59,53.02,48191330,53.04,53.48,52.59,53.02,48191330
2023-01-06,52.96,53.59,52.33,52.62,32594165,52.96,53.59,52.33,52.62,32594165,52.96,53.59,52.33,52.62,32594165
2023-01-09,54.61,55.11,54.11,54.14,29147841,54.61,55.11,54.11,54.14,29147841,54.61,55.11,54.11,54.14,29147841
2023-01-10,55.56,56.29,54.83,55.41,42748156,55.56,56.29,54.83,55.41,42748156,55.56,56.29,54.83,55.41,42748156
2023-01-11,56.95,57.62,56.28,56.71,51233548,56.95,57.62,56.28,56.71,51233548,56.95,57.62,56.28,56.71,51233548
2023-01-12,55.05,55.49,54.60,55.11,40357639,55.05,55.49,54.60,55.11,40357639,55.05,55.49,54.60,55.11,40357639
2023-01-13,56.29,57.26,55.31,56.26,35447274,56.29,57.26,55.31,56.26,35447274,56.29,57.26,55.31,56.26,35447274
2023-01-16,59.28,59.98,58.58,58.95,54465238,59.28,59.98,58.58,58.95,54465238,59.28,59.98,58.58,58.95,54465238
2023-01-17,62.07,62.64,61.50,62.03,54027324,62.07,62.64,61.50,62.03,54027324,62.07,62.64,61.50,62.03,54027324
2023-01-18,62.48,63.35,61.61,62.85,50468771,62.48,63.35,61.61,62.85,50468771,62.48,63.35,61.61,62.85,50468771
2023-01-19,62.04,62.74,61.34,61.91,34187337,62.04,62.74,61.34,61.91,34187337,62.04,62.74,61.34,61.91,34187337
2023-01-20,62.50,63.10,61.91,62.01,30898146,62.50,63.10,61.91,62.01,30898146,62.50,63.10,61.91,62.01,30898146
2023-01-23,62.59,62.84,62.33,62.37,41412590,62.59,62.84,62.33,62.37,41412590,62.59,62.84,62.33,62.37,41412590
2023-01-24,61.66,62.66,60.65,61.53,49071884,61.66,62.66,60.65,61.53,49071884,61.66,62.66,60.65,61.53,49071884
2023-01-25,61.32,62.23,60.42,61.36,35789379,61.32,62.23,60.42,61.36,35789379,61.32,62.23,60.42,61.36,35789379
2023-01-26,63.24,63.94,62.53,62.86,39113868,63.24,63.94,62.53,62.86,39113868,63.24,63.94,62.53,62.86,39113868
2023-01-27,61.63,62.25,61.02,61.93,43558663,61.63,62.25,61.02,61.93,43558663,61.63,62.25,61.02,61.93,43558663
2023-01-30,61.80,62.56,61.04,61.64,30825433,61.80,62.56,61.04,61.64,30825433,61.80,62.56,61.04,61.64,30825433
2023-01-31,62.38,62.97,61.79,62.27,35245251,62.38,62.97,61.79,62.27,35245251,62.38,62.97,61.79,62.27,35245251
2023-02-01,63.00,63.84,62.17,62.86,40192803,63.00,63.84,62.17,62.86,40192803,63.00,63.84,62.17,62.86,40192803
2023-02-02,64.40,64.94,63.86,63.99,45304694,64.40,64.94,63.86,63.99,45304694,64.40,64.94,63.86,63.99,45304694
2023-02-03,64.64,65.49,63.78,64.77,45370941,64.64,65.49,63.78,64.77,45370941,64.64,65.49,63.78,64.77,45370941
2023-02-06,65.71,66.47,64.95,65.32,34447127,65.71,66.47,64.95,65.32,34447127,65.71,66.47,64.95,65.32,34447127
2023-02-07,63.83,64.74,62.92,63.47,36687863,63.83,64.74,62.92,63.47,36687863,63.83,64.74,62.92,63.47,36687863
2023-02-08,61.98,62.32,61.64,62.25,42138999,61.98,62.32,61.64,62.25,42138999,61.98,62.32,61.64,62.25,42138999
2023-02-09,61.38,62.50,60.27,60.92,31845040,61.38,62.50,60.27,60.92,31845040,61.38,62.50,60.27,60.92,31845040
2023-02-10,62.54,63.24,61.84,62.02,29286147,62.54,63.24,61.84,62.02,29286147,62.54,63.24,61.84,62.02,29286147
2023-02-13,62.00,62.88,61.12,61.55,32976201,62.00,62.88,61.12,61.55,32976201,62.00,62.88,61.12,61.55,32976201
2023-02-14,60.49,61.17,59.80,60.43,48270695,60.49,61.17,59.80,60.43,48270695,60.49,61.17,59.80,60.43,48270695
2023-02-15,60.77,61.06,60.48,60.51,37009175,60.77,61.06,60.48,60.51,37009175,60.77,61.06,60.48,60.51,37009175
2023-02-16,61.49,62.21,60.77,61.89,46646619,61.49,62.21,60.77,61.89,46646619,61.49,62.21,60.77,61.89,46646619
2023-02-17,61.15,61.76,60.54,61.25,55291140,61.15,61.76,60.54,61.25,55291140,61.15,61.76,60.54,61.25,55291140
2023-02-20,61.40,61.97,60.83,61.36,44529611,61.40,61.97,60.83,61.36,44529611,61.40,61.97,60.83,61.36,44529611
2023-02-21,62.85,63.66,62.04,63.05,46100876,62.85,63.66,62.04,63.05,46100876,62.85,63.66,62.04,63.05,46100876
2023-02-22,66.92,67.58,66.25,66.66,41678552,66.92,67.58,66.25,66.66,41678552,66.92,67.58,66.25,66.66,41678552
2023-02-23,66.45,67.25,65.64,66.38,43486041,66.45,67.25,65.64,66.38,43486041,66.45,67.25,65.64,66.38,43486041
2023-02-24,66.33,67.17,65.49,66.31,53940078,66.33,67.17,65.49,66.31,53940078,66.33,67.17,65.49,66.31,53940078
2023-02-27,65.57,66.34,64.80,65.64,45327150,65.57,66.34,64.80,65.64,45327150,65.57,66.34,64.80,65.64,45327150
2023-02-28,66.52,67.41,65.63,66.34,32941957,66.52,67.41,65.63,66.34,32941957,66.52,67.41,65.63,66.34,32941957
2023-03-01,65.89,66.61,65.18,65.77,50993806,65.89,66.61,65.18,65.77,50993806,65.89,66.61,65.18,65.77,50993806
2023-03-02,64.64,65.25,64.02,64.51,32446142,64.64,65.25,64.02,64.51,32446142,64.64,65.25,64.02,64.51,32446142
2023-03-03,63.85,64.30,63.39,64.02,53762753,63.85,64.30,63.39,64.02,53762753,63.85,64.30,63.39,64.02,53762753
2023-03-06,62.84,63.71,61.97,62.75,50532401,62.84,63.71,61.97,62.75,50532401,62.84,63.71,61.97,62.75,50532401
2023-03-07,64.58,65.04,64.13,64.53,52087346,64.58,65.04,64.13,64.53,52087346,64.58,65.04,64.13,64.53,52087346
2023-03-08,65.35,66.01,64.70,65.34,46014755,65.35,66.01,64.70,65.34,46014755,65.35,66.01,64.70,65.34,46014755
2023-03-09,66.45,67.48,65.42,66.05,39203569,66.45,67.48,65.42,66.05,39203569,66.45,67.48,65.42,66.05,39203569
2023-03-10,64.21,64.90,63.52,64.34,37269120,64.21,64.90,63.52,64.34,37269120,64.21,64.90,63.52,64.34,37269120
2023-03-13,63.89,64.23,63.56,64.22,38019983,63.89,64.23,63.56,64.22,38019983,63.89,64.23,63.56,64.22,38019983
2023-03-14,63.83,64.51,63.16,63.80,37000128,63.83,64.51,63.16,63.80,37000128,63.83,64.51,63.16,63.80,37000128
2023-03-15,64.07,65.13,63.01,63.86,51937776,64.07,65.13,63.01,63.86,51937776,64.07,65.13,63.01,63.86,51937776
2023-03-16,65.20,66.04,64.36,65.04,47034125,65.20,66.04,64.36,65.04,47034125,65.20,66.04,64.36,65.04,47034125
2023-03-17,64.05,64.55,63.54,63.83,49796412,64.05,64.55,63.54,63.83,49796412,64.05,64.55,63.54,63.83,49796412
2023-03-20,63.42,63.71,63.12,63.50,30512151,63.42,63.71,63.12,63.50,30512151,63.42,63.71,63.12,63.50,30512151
2023-03-21,63.31,64.03,62.59,63.46,47933996,63.31,64.03,62.59,63.46,47933996,63.31,64.03,62.59,63.46,47933996
2023-03-22,61.38,61.96,60.80,61.23,52135213,61.38,61.96,60.80,61.23,52135213,61.38,61.96,60.80,61.23,52135213
2023-03-23,62.70,62.82,62.58,62.71,31083347,62.70,62.82,62.58,62.71,31083347,62.70,62.82,62.58,62.71,31083347
2023-03-24,62.50,63.13,61.87,62.43,50191810,62.50,63.13,61.87,62.43,50191810,62.50,63.13,61.87,62.43,50191810
2023-03-27,63.25,64.21,62.30,63.14,29095085,63.25,64.21,62.30,63.14,29095085,63.25,64.21,62.30,63.14,29095085
2023-03-28,63.35,64.01,62.70,63.31,43952764,63.35,64.01,62.70,63.31,43952764,63.35,64.01,62.70,63.31,43952764
2023-03-29,63.32,63.73,62.91,63.29,49150204,63.32,63.73,62.91,63.29,49150204,63.32,63.73,62.91,63.29,49150204
2023-03-30,64.24,64.98,63.50,63.93,51803833,64.24,64.98,63.50,63.93,51803833,64.24,64.98,63.50,63.93,51803833
2023-03-31,63.71,64.45,62.96,63.73,32419952,63.71,64.45,62.96,63.73,32419952,63.71,64.45,62.96,63.73,32419952
2023-04-03,65.10,66.02,64.19,64.90,29946418,65.10,66.02,64.19,64.90,29946418,65.10,66.02,64.19,64.90,29946418
2023-04-04,64.86,65.33,64.38,64.69,50858282,64.86,65.33,64.38,64.69,50858282,64.86,65.33,64.38,64.69,50858282
2023-04-05,65.19,66.23,64.15,65.32,31249896,65.19,66.23,64.15,65.32,31249896,65.19,66.23,64.15,65.32,31249896
2023-04-06,65.46,66.25,64.67,65.36,52188311,65.46,66.25,64.67,65.36,52188311,65.46,66.25,64.67,65.36,52188311
2023-04-07,65.29,65.44,65.15,65.40,30685463,65.29,65.44,65.15,65.40,30685463,65.29,65.44,65.15,65.40,30685463
2023-04-10,66.78,67.26,66.31,66.73,45182353,66.78,67.26,66.31,66.73,45182353,66.78,67.26,66.31,66.73,45182353
2023-04-11,67.98,68.74,67.21,67.66,32306672,67.98,68.74,67.21,67.66,32306672,67.98,68.74,67.21,67.66,32306672
2023-04-12,66.69,67.41,65.97,66.23,45668990,66.69,67.41,65.97,66.23,45668990,66.69,67.41,65.97,66.23,45668990
2023-04-13,67.62,68.52,66.73,67.14,41802561,67.62,68.52,66.73,67.14,41802561,67.62,68.52,66.73,67.14,41802561
2023-04-14,66.00,66.86,65.15,66.21,48733258,66.00,66.86,65.15,66.21,48733258,66.00,66.86,65.15,66.21,48733258
2023-04-17,64.85,65.48,64.22,64.56,33019826,64.85,65.48,64.22,64.56,33019826,64.85,65.48,64.22,64.56,33019826
2023-04-18,64.47,65.10,63.85,64.81,54761745,64.47,65.10,63.85,64.81,54761745,64.47,65.10,63.85,64.81,54761745
2023-04-19,63.67,64.22,63.11,63.39,53852377,63.67,64.22,63.11,63.39,53852377,63.67,64.22,63.11,63.39,53852377
2023-04-20,62.76,63.33,62.19,62.92,46736002,62.76,63.33,62.19,62.92,46736002,62.76,63.33,62.19,62.92,46736002
2023-04-21,61.81,62.89,60.74,61.98,48895304,61.81,62.89,60.74,61.98,48895304,61.81,62.89,60.74,61.98,48895304
2023-04-24,61.65,62.23,61.08,61.58,50610818,61.65,62.23,61.08,61.58,50610818,61.65,62.23,61.08,61.58,50610818
2023-04-25,62.09,63.10,61.07,61.90,55385968,62.09,63.10,61.07,61.90,55385968,62.09,63.10,61.07,61.90,55385968
2023-04-26,61.88,62.28,61.48,61.98,29530286,61.88,62.28,61.48,61.98,29530286,61.88,62.28,61.48,61.98,29530286
2023-04-27,64.01,64.60,63.41,63.76,35980116,64.01,64.60,63.41,63.76,35980116,64.01,64.60,63.41,63.76,35980116
2023-04-28,63.22,63.84,62.60,63.36,33836537,63.22,63.84,62.60,63.36,33836537,63.22,63.84,62.60,63.36,33836537
2023-05-01,65.08,65.95,64.20,65.19,32849774,65.08,65.95,64.20,65.19,32849774,65.08,65.95,64.20,65.19,32849774
2023-05-02,63.71,64.35,63.06,63.68,38077225,63.71,64.35,63.06,63.68,38077225,63.71,64.35,63.06,63.68,38077225
2023-05-03,61.14,61.92,60.36,61.03,37748182,61.14,61.92,60.36,61.03,37748182,61.14,61.92,60.36,61.03,37748182
2023-05-04,62.68,63.01,62.35,62.51,50786629,62.68,63.01,62.35,62.51,50786629,62.68,63.01,62.35,62.51,50786629
2023-05-05,63.73,64.61,62.85,63.78,33182892,63.73,64.61,62.85,63.78,33182892,63.73,64.61,62.85,63.78,33182892
2023-05-08,64.39,64.58,64.19,64.31,41225011,64.39,64.58,64.19,64.31,41225011,64.39,64.58,64.19,64.31,41225011
2023-05-09,63.71,64.14,63.27,63.83,53296058,63.71,64.14,63.27,63.83,53296058,63.71,64.14,63.27,63.83,53296058
2023-05-10,64.63,65.14,64.12,64.23,48061031,64.63,65.14,64.12,64.23,48061031,64.63,65.14,64.12,64.23,48061031
2023-05-11,62.84,64.02,61.66,62.79,31475123,62.84,64.02,61.66,62.79,31475123,62.84,64.02,61.66,62.79,31475123
2023-05-12,63.89,64.59,63.20,63.75,42252400,63.89,64.59,63.20,63.75,42252400,63.89,64.59,63.20,63.75,42252400
2023-05-15,63.00,63.64,62.35,63.07,52438573,63.00,63.64,62.35,63.07,52438573,63.00,63.64,62.35,63.07,52438573
2023-05-16,63.80,64.43,63.18,63.56,32379414,63.80,64.43,63.18,63.56,32379414,63.80,64.43,63.18,63.56,32379414
2023-05-17,63.73,64.88,62.57,63.67,33562066,63.73,64.88,62.57,63.67,33562066,63.73,64.88,62.57,63.67,33562066
2023-05-18,63.42,63.76,63.09,63.11,51269092,63.42,63.76,63.09,63.11,51269092,63.42,63.76,63.09,63.11,51269092
2023-05-19,64.03,64.75,63.31,64.25,28476427,64.03,64.75,63.31,64.25,28476427,64.03,64.75,63.31,64.25,28476427
2023-05-22,64.54,65.04,64.03,64.75,46807496,64.54,65.04,64.03,64.75,46807496,64.54,65.04,64.03,64.75,46807496
2023-05-23,64.40,64.97,63.83,64.09,44995200,64.40,64.97,63.83,64.09,44995200,64.40,64.97,63.83,64.09,44995200
2023-05-24,64.96,65.63,64.28,64.86,52721782,64.96,65.63,64.28,64.86,52721782,64.96,65.63,64.28,64.86,52721782
2023-05-25,64.03,64.22,63.83,63.86,46711669,64.03,64.22,63.83,63.86,46711669,64.03,64.22,63.83,63.86,46711669
2023-05-26,61.46,62.19,60.72,61.62,46224126,61.46,62.19,60.72,61.62,46224126,61.46,62.19,60.72,61.62,46224126
2023-05-29,63.70,64.33,63.07,63.96,34901013,63.70,64.33,63.07,63.96,34901013,63.70,64.33,63.07,63.96,34901013
2023-05-30,62.31,63.03,61.58,62.49,34058836,62.31,63.03,61.58,62.49,34058836,62.31,63.03,61.58,62.49,34058836
2023-05-31,64.25,65.11,63.40,64.37,31557490,64.25,65.11,63.40,64.37,31557490,64.25,65.11,63.40,64.37,31557490
2023-06-01,64.33,64.96,63.71,64.65,41852591,64.33,64.96,63.71,64.65,41852591,64.33,64.96,63.71,64.65,41852591
2023-06-02,64.34,65.23,63.46,64.21,36202053,64.34,65.23,63.46,64.21,36202053,64.34,65.23,63.46,64.21,36202053
2023-06-05,63.98,64.53,63.43,64.11,46031355,63.98,64.53,63.43,64.11,46031355,63.98,64.53,63.43,64.11,46031355
2023-06-06,64.62,65.30,63.93,64.61,40478194,64.62,65.30,63.93,64.61,40478194,64.62,65.30,63.93,64.61,40478194
2023-06-07,64.29,65.00,63.59,64.39,55876036,64.29,65.00,63.59,64.39,55876036,64.29,65.00,63.59,64.39,55876036
2023-06-08,65.85,66.32,65.38,65.65,50669926,65.85,66.32,65.38,65.65,50669926,65.85,66.32,65.38,65.65,50669926
2023-06-09,65.41,65.74,65.08,65.10,55445766,65.41,65.74,65.08,65.10,55445766,65.41,65.74,65.08,65.10,55445766
2023-06-12,64.00,64.86,63.15,63.74,52863035,64.00,64.86,63.15,63.74,52863035,64.00,64.86,63.15,63.74,52863035
2023-06-13,64.37,64.88,63.87,64.35,52491738,64.37,64.88,63.87,64.35,52491738,64.37,64.88,63.87,64.35,52491738
2023-06-14,64.21,64.55,63.87,64.09,37071693,64.21,64.55,63.87,64.09,37071693,64.21,64.55,63.87,64.09,37071693
2023-06-15,63.95,64.13,63.77,63.80,53656337,63.95,64.13,63.77,63.80,53656337,63.95,64.13,63.77,63.80,53656337
2023-06-16,62.18,62.83,61.53,62.14,32996236,62.18,62.83,61.53,62.14,32996236,62.18,62.83,61.53,62.14,32996236
2023-06-19,63.21,64.17,62.25,62.91,33438767,63.21,64.17,62.25,62.91,33438767,63.21,64.17,62.25,62.91,33438767
2023-06-20,63.47,64.01,62.93,63.23,46627357,63.47,64.01,62.93,63.23,46627357,63.47,64.01,62.93,63.23,46627357
2023-06-21,63.49,64.08,62.91,63.68,46597350,63.49,64.08,62.91,63.68,46597350,63.49,64.08,62.91,63.68,46597350
2023-06-22,64.48,65.18,63.78,64.48,33707281,64.48,65.18,63.78,64.48,33707281,64.48,65.18,63.78,64.48,33707281
2023-06-23,64.33,65.26,63.40,64.45,46069113,64.33,65.26,63.40,64.45,46069113,64.33,65.26,63.40,64.45,46069113
2023-06-26,65.22,66.29,64.14,65.75,39757784,65.22,66.29,64.14,65.75,39757784,65.22,66.29,64.14,65.75,39757784
2023-06-27,65.89,66.35,65.43,65.78,55939759,65.89,66.35,65.43,65.78,55939759,65.89,66.35,65.43,65.78,55939759
2023-06-28,63.88,64.70,63.07,63.80,38320088,63.88,64.70,63.07,63.80,38320088,63.88,64.70,63.07,63.80,38320088
2023-06-29,64.65,65.28,64.02,64.74,53086362,64.65,65.28,64.02,64.74,53086362,64.65,65.28,64.02,64.74,53086362
2023-06-30,66.35,67.16,65.54,66.38,34234667,66.35,67.16,65.54,66.38,34234667,66.35,67.16,65.54,66.38,34234667
2023-07-03,66.70,67.58,65.82,66.77,47431543,66.70,67.58,65.82,66.77,47431543,66.70,67.58,65.82,66.77,47431543
2023-07-04,65.38,65.94,64.82,65.02,36806196,65.38,65.94,64.82,65.02,36806196,65.38,65.94,64.82,65.02,36806196
2023-07-05,65.87,66.63,65.10,65.60,28968092,65.87,66.63,65.10,65.60,28968092,65.87,66.63,65.10,65.60,28968092
2023-07-06,66.09,66.94,65.24,66.26,33032228,66.09,66.94,65.24,66.26,33032228,66.09,66.94,65.24,66.26,33032228
2023-07-07,66.23,66.85,65.62,66.35,48364583,66.23,66.85,65.62,66.35,48364583,66.23,66.85,65.62,66.35,48364583
2023-07-10,65.24,66.12,64.36,65.04,32355949,65.24,66.12,64.36,65.04,32355949,65.24,66.12,64.36,65.04,32355949
2023-07-11,63.94,64.37,63.50,63.62,35820851,63.94,64.37,63.50,63.62,35820851,63.94,64.37,63.50,63.62,35820851
2023-07-12,62.71,63.60,61.83,62.71,52656606,62.71,63.60,61.83,62.71,52656606,62.71,63.60,61.83,62.71,52656606
2023-07-13,62.49,63.12,61.85,62.69,38696538,62.49,63.12,61.85,62.69,38696538,62.49,63.12,61.85,62.69,38696538
2023-07-14,63.28,64.02,62.54,63.08,29330932,63.28,64.02,62.54,63.08,29330932,63.28,64.02,62.54,63.08,29330932
2023-07-17,59.89,60.30,59.48,59.99,48232793,59.89,60.30,59.48,59.99,48232793,59.89,60.30,59.48,59.99,48232793
2023-07-18,58.89,59.18,58.60,58.90,49893074,58.89,59.18,58.60,58.90,49893074,58.89,59.18,58.60,58.90,49893074
2023-07-19,59.94,60.87,59.00,59.79,47124228,59.94,60.87,59.00,59.79,47124228,59.94,60.87,59.00,59.79,47124228
2023-07-20,60.00,60.65,59.35,60.16,53554189,60.00,60.65,59.35,60.16,53554189,60.00,60.65,59.35,60.16,53554189
2023-07-21,59.00,59.54,58.46,58.89,33155336,59.00,59.54,58.46,58.89,33155336,59.00,59.54,58.46,58.89,33155336
2023-07-24,60.37,60.94,59.80,60.16,52254099,60.37,60.94,59.80,60.16,52254099,60.37,60.94,59.80,60.16,52254099
2023-07-25,62.50,62.97,62.03,62.49,46320794,62.50,62.97,62.03,62.49,46320794,62.50,62.97,62.03,62.49,46320794
2023-07-26,64.29,64.98,63.60,63.80,34093016,64.29,64.98,63.60,63.80,34093016,64.29,64.98,63.60,63.80,34093016
2023-07-27,62.02,62.49,61.54,61.74,36586636,62.02,62.49,61.54,61.74,36586636,62.02,62.49,61.54,61.74,36586636
2023-07-28,63.97,64.46,63.47,63.93,49920621,63.97,64.46,63.47,63.93,49920621,63.97,64.46,63.47,63.93,49920621
2023-07-31,64.86,65.33,64.39,64.78,32632395,64.86,65.33,64.39,64.78,32632395,64.86,65.33,64.39,64.78,32632395
2023-08-01,64.76,65.66,63.87,64.80,33161329,64.76,65.66,63.87,64.80,33161329,64.76,65.66,63.87,64.80,33161329
2023-08-02,65.93,66.85,65.01,65.88,36216599,65.93,66.85,65.01,65.88,36216599,65.93,66.85,65.01,65.88,36216599
2023-08-03,63.80,64.35,63.25,63.65,49040097,63.80,64.35,63.25,63.65,49040097,63.80,64.35,63.25,63.65,49040097
2023-08-04,61.07,61.49,60.65,61.06,36910411,61.07,61.49,60.65,61.06,36910411,61.07,61.49,60.65,61.06,36910411
2023-08-07,58.68,59.26,58.10,58.74,50606869,58.68,59.26,58.10,58.74,50606869,58.68,59.26,58.10,58.74,50606869
2023-08-08,58.93,59.64,58.22,59.26,51131920,58.93,59.64,58.22,59.26,51131920,58.93,59.64,58.22,59.26,51131920
2023-08-09,59.32,59.90,58.73,59.01,33317410,59.32,59.90,58.73,59.01,33317410,59.32,59.90,58.73,59.01,33317410
2023-08-10,58.53,59.07,57.99,58.55,53749005,58.53,59.07,57.99,58.55,53749005,58.53,59.07,57.99,58.55,53749005
2023-08-11,57.79,58.22,57.35,57.44,39520845,57.79,58.22,57.35,57.44,39520845,57.79,58.22,57.35,57.44,39520845
2023-08-14,58.41,58.49,58.33,58.33,51815772,58.41,58.49,58.33,58.33,51815772,58.41,58.49,58.33,58.33,51815772
2023-08-15,59.20,60.10,58.30,59.26,39756092,59.20,60.10,58.30,59.26,39756092,59.20,60.10,58.30,59.26,39756092
2023-08-16,58.56,59.28,57.85,58.50,54788493,58.56,59.28,57.85,58.50,54788493,58.56,59.28,57.85,58.50,54788493
2023-08-17,60.08,60.65,59.51,60.23,41371403,60.08,60.65,59.51,60.23,41371403,60.08,60.65,59.51,60.23,41371403
2023-08-18,58.03,58.47,57.59,57.76,50898749,58.03,58.47,57.59,57.76,50898749,58.03,58.47,57.59,57.76,50898749
2023-08-21,58.18,58.98,57.39,58.17,36219481,58.18,58.98,57.39,58.17,36219481,58.18,58.98,57.39,58.17,36219481
2023-08-22,58.30,59.07,57.52,58.72,31127591,58.30,59.07,57.52,58.72,31127591,58.30,59.07,57.52,58.72,31127591
2023-08-23,58.68,59.14,58.23,58.54,35245288,58.68,59.14,58.23,58.54,35245288,58.68,59.14,58.23,58.54,35245288
2023-08-24,57.09,58.07,56.12,57.00,33240692,57.09,58.07,56.12,57.00,33240692,57.09,58.07,56.12,57.00,33240692
2023-08-25,57.93,58.71,57.15,57.80,35444325,57.93,58.71,57.15,57.80,35444325,57.93,58.71,57.15,57.80,35444325
2023-08-28,56.97,57.64,56.30,57.00,45249874,56.97,57.64,56.30,57.00,45249874,56.97,57.64,56.30,57.00,45249874
2023-08-29,53.81,54.18,53.44,53.89,49246074,53.81,54.18,53.44,53.89,49246074,53.81,54.18,53.44,53.89,49246074
2023-08-30,52.81,53.69,51.94,52.74,52278702,52.81,53.69,51.94,52.74,52278702,52.81,53.69,51.94,52.74,52278702
2023-08-31,52.34,52.98,51.70,52.22,43079563,52.34,52.98,51.70,52.22,43079563,52.34,52.98,51.70,52.22,43079563
2023-09-01,52.65,53.25,52.04,52.70,39516165,52.65,53.25,52.04,52.70,39516165,52.65,53.25,52.04,52.70,39516165
2023-09-04,52.26,52.91,51.61,51.83,55373372,52.26,52.91,51.61,51.83,55373372,52.26,52.91,51.61,51.83,55373372
2023-09-05,51.15,51.29,51.00,51.09,50885932,51.15,51.29,51.00,51.09,50885932,51.15,51.29,51.00,51.09,50885932
2023-09-06,51.05,51.57,50.52,50.90,42950011,51.05,51.57,50.52,50.90,42950011,51.05,51.57,50.52,50.90,42950011
2023-09-07,50.76,51.09,50.44,50.89,31413137,50.76,51.09,50.44,50.89,31413137,50.76,51.09,50.44,50.89,31413137
2023-09-08,52.23,52.84,51.61,52.08,45280121,52.23,52.84,51.61,52.08,45280121,52.23,52.84,51.61,52.08,45280121
2023-09-11,53.55,54.02,53.08,53.87,40824612,53.55,54.02,53.08,53.87,40824612,53.55,54.02,53.08,53.87,40824612
2023-09-12,54.02,54.52,53.51,53.82,45443469,54.02,54.52,53.51,53.82,45443469,54.02,54.52,53.51,53.82,45443469
2023-09-13,51.75,52.34,51.16,51.92,55439507,51.75,52.34,51.16,51.92,55439507,51.75,52.34,51.16,51.92,55439507
2023-09-14,51.77,52.12,51.43,51.94,38303518,51.77,52.12,51.43,51.94,38303518,51.77,52.12,51.43,51.94,38303518
2023-09-15,50.45,50.73,50.17,50.44,48970760,50.45,50.73,50.17,50.44,48970760,50.45,50.73,50.17,50.44,48970760
2023-09-18,50.09,50.64,49.55,49.79,38321503,50.09,50.64,49.55,49.79,38321503,50.09,50.64,49.55,49.79,38321503
2023-09-19,49.44,50.09,48.78,49.39,53617627,49.44,50.09,48.78,49.39,53617627,49.44,50.09,48.78,49.39,53617627
2023-09-20,48.71,49.25,48.17,48.63,50481701,48.71,49.25,48.17,48.63,50481701,48.71,49.25,48.17,48.63,50481701
2023-09-21,49.12,49.55,48.69,49.00,47685873,49.12,49.55,48.69,49.00,47685873,49.12,49.55,48.69,49.00,47685873
2023-09-22,49.33,50.32,48.35,49.14,55834919,49.33,50.32,48.35,49.14,55834919,49.33,50.32,48.35,49.14,55834919
2023-09-25,49.70,49.92,49.49,49.56,47419254,49.70,49.92,49.49,49.56,47419254,49.70,49.92,49.49,49.56,47419254
2023-09-26,49.43,50.13,48.72,49.32,52608339,49.43,50.13,48.72,49.32,52608339,49.43,50.13,48.72,49.32,52608339
2023-09-27,48.03,48.42,47.65,47.69,35765970,48.03,48.42,47.65,47.69,35765970,48.03,48.42,47.65,47.69,35765970
2023-09-28,48.33,49.18,47.48,48.12,44535996,48.33,49.18,47.48,48.12,44535996,48.33,49.18,47.48,48.12,44535996
2023-09-29,47.99,48.72,47.27,48.11,44810042,47.99,48.72,47.27,48.11,44810042,47.99,48.72,47.27,48.11,44810042
2023-10-02,47.35,47.90,46.81,47.17,52254964,47.35,47.90,46.81,47.17,52254964,47.35,47.90,46.81,47.17,52254964
2023-10-03,46.81,47.23,46.40,46.74,34648190,46.81,47.23,46.40,46.74,34648190,46.81,47.23,46.40,46.74,34648190
2023-10-04,46.58,46.89,46.26,46.36,36949959,46.58,46.89,46.26,46.36,36949959,46.58,46.89,46.26,46.36,36949959
2023-10-05,44.96,45.47,44.44,44.77,34708191,44.96,45.47,44.44,44.77,34708191,44.96,45.47,44.44,44.77,34708191
2023-10-06,44.80,45.18,44.42,44.71,46063199,44.80,45.18,44.42,44.71,46063199,44.80,45.18,44.42,44.71,46063199
2023-10-09,43.54,43.98,43.11,43.43,34389487,43.54,43.98,43.11,43.43,34389487,43.54,43.98,43.11,43.43,34389487
2023-10-10,43.62,44.05,43.18,43.75,47005356,43.62,44.05,43.18,43.75,47005356,43.62,44.05,43.18,43.75,47005356
2023-10-11,43.74,44.10,43.38,43.84,55003220,43.74,44.10,43.38,43.84,55003220,43.74,44.10,43.38,43.84,55003220
2023-10-12,43.95,44.26,43.64,43.86,37895423,43.95,44.26,43.64,43.86,37895423,43.95,44.26,43.64,43.86,37895423
2023-10-13,44.37,44.92,43.82,44.49,55842551,44.37,44.92,43.82,44.49,55842551,44.37,44.92,43.82,44.49,55842551
2023-10-16,43.98,44.52,43.43,44.09,47915067,43.98,44.52,43.43,44.09,47915067,43.98,44.52,43.43,44.09,47915067
2023-10-17,45.31,45.88,44.75,45.29,49662670,45.31,45.88,44.75,45.29,49662670,45.31,45.88,44.75,45.29,49662670
2023-10-18,44.59,45.01,44.17,44.51,41343500,44.59,45.01,44.17,44.51,41343500,44.59,45.01,44.17,44.51,41343500
2023-10-19,43.53,43.93,43.12,43.65,53425933,43.53,43.93,43.12,43.65,53425933,43.53,43.93,43.12,43.65,53425933
2023-10-20,43.54,43.85,43.23,43.32,50152817,43.54,43.85,43.23,43.32,50152817,43.54,43.85,43.23,43.32,50152817
2023-10-23,43.49,43.90,43.08,43.51,32626904,43.49,43.90,43.08,43.51,32626904,43.49,43.90,43.08,43.51,32626904
2023-10-24,42.62,43.00,42.24,42.78,49577668,42.62,43.00,42.24,42.78,49577668,42.62,43.00,42.24,42.78,49577668
2023-10-25,43.80,44.48,43.11,43.55,35555849,43.80,44.48,43.11,43.55,35555849,43.80,44.48,43.11,43.55,35555849
2023-10-26,44.69,45.25,44.14,44.61,44832462,44.69,45.25,44.14,44.61,44832462,44.69,45.25,44.14,44.61,44832462
2023-10-27,45.17,45.71,44.64,45.12,32470537,45.17,45.71,44.64,45.12,32470537,45.17,45.71,44.64,45.12,32470537
2023-10-30,45.02,45.38,44.67,45.16,40693138,45.02,45.38,44.67,45.16,40693138,45.02,45.38,44.67,45.16,40693138
2023-10-31,44.85,45.20,44.49,44.80,31768941,44.85,45.20,44.49,44.80,31768941,44.85,45.20,44.49,44.80,31768941
2023-11-01,43.89,44.38,43.40,43.98,39663932,43.89,44.38,43.40,43.98,39663932,43.89,44.38,43.40,43.98,39663932
2023-11-02,43.82,44.56,43.09,43.78,53203205,43.82,44.56,43.09,43.78,53203205,43.82,44.56,43.09,43.78,53203205
2023-11-03,44.17,44.42,43.93,44.11,30824546,44.17,44.42,43.93,44.11,30824546,44.17,44.42,43.93,44.11,30824546
2023-11-06,43.61,44.28,42.95,43.56,49062040,43.61,44.28,42.95,43.56,49062040,43.61,44.28,42.95,43.56,49062040
2023-11-07,43.48,44.14,42.81,43.56,48169363,43.48,44.14,42.81,43.56,48169363,43.48,44.14,42.81,43.56,48169363
2023-11-08,44.09,44.46,43.72,43.88,32248480,44.09,44.46,43.72,43.88,32248480,44.09,44.46,43.72,43.88,32248480
2023-11-09,43.25,43.68,42.82,43.21,49598688,43.25,43.68,42.82,43.21,49598688,43.25,43.68,42.82,43.21,49598688
2023-11-10,43.33,43.83,42.83,43.30,29927914,43.33,43.83,42.83,43.30,29927914,43.33,43.83,42.83,43.30,29927914
2023-11-13,43.25,43.82,42.68,43.34,40743426,43.25,43.82,42.68,43.34,40743426,43.25,43.82,42.68,43.34,40743426
2023-11-14,42.75,43.04,42.47,42.64,31861977,42.75,43.04,42.47,42.64,31861977,42.75,43.04,42.47,42.64,31861977
2023-11-15,42.67,43.15,42.18,42.63,49588462,42.67,43.15,42.18,42.63,49588462,42.67,43.15,42.18,42.63,49588462
2023-11-16,43.27,43.75,42.79,43.03,34643653,43.27,43.75,42.79,43.03,34643653,43.27,43.75,42.79,43.03,34643653
2023-11-17,42.71,43.32,42.10,42.71,40762281,42.71,43.32,42.10,42.71,40762281,42.71,43.32,42.10,42.71,40762281
2023-11-20,43.24,43.70,42.77,42.81,44994091,43.24,43.70,42.77,42.81,44994091,43.24,43.70,42.77,42.81,44994091
2023-11-21,42.45,42.86,42.04,42.36,37225140,42.45,42.86,42.04,42.36,37225140,42.45,42.86,42.04,42.36,37225140
2023-11-22,44.28,44.87,43.70,44.28,41301905,44.28,44.87,43.70,44.28,41301905,44.28,44.87,43.70,44.28,41301905
2023-11-23,44.02,44.46,43.57,43.80,47465033,44.02,44.46,43.57,43.80,47465033,44.02,44.46,43.57,43.80,47465033
2023-11-24,44.40,44.70,44.09,44.16,53493338,44.40,44.70,44.09,44.16,53493338,44.40,44.70,44.09,44.16,53493338
2023-11-27,42.59,42.89,42.28,42.83,48130264,42.59,42.89,42.28,42.83,48130264,42.59,42.89,42.28,42.83,48130264
2023-11-28,41.92,42.40,41.45,41.70,30005362,41.92,42.40,41.45,41.70,30005362,41.92,42.40,41.45,41.70,30005362
2023-11-29,40.76,41.15,40.37,40.55,48278917,40.76,41.15,40.37,40.55,48278917,40.76,41.15,40.37,40.55,48278917
2023-11-30,40.21,40.80,39.62,40.04,40280451,40.21,40.80,39.62,40.04,40280451,40.21,40.80,39.62,40.04,40280451
2023-12-01,40.75,41.21,40.29,40.84,52085192,40.75,41.21,40.29,40.84,52085192,40.75,41.21,40.29,40.84,52085192
2023-12-04,41.51,42.07,40.94,41.56,39817891,41.51,42.07,40.94,41.56,39817891,41.51,42.07,40.94,41.56,39817891
2023-12-05,42.70,43.23,42.18,42.73,41959203,42.70,43.23,42.18,42.73,41959203,42.70,43.23,42.18,42.73,41959203
2023-12-06,42.25,42.92,41.59,42.22,31600234,42.25,42.92,41.59,42.22,31600234,42.25,42.92,41.59,42.22,31600234
2023-12-07,41.66,42.28,41.04,41.69,43094345,41.66,42.28,41.04,41.69,43094345,41.66,42.28,41.04,41.69,43094345
2023-12-08,42.24,42.62,41.85,42.26,38896731,42.24,42.62,41.85,42.26,38896731,42.24,42.62,41.85,42.26,38896731
2023-12-11,43.58,44.05,43.10,43.36,45904654,43.58,44.05,43.10,43.36,45904654,43.58,44.05,43.10,43.36,45904654
2023-12-12,43.78,44.26,43.31,43.87,55762221,43.78,44.26,43.31,43.87,55762221,43.78,44.26,43.31,43.87,55762221
2023-12-13,44.35,44.62,44.08,44.23,55053351,44.35,44.62,44.08,44.23,55053351,44.35,44.62,44.08,44.23,55053351
2023-12-14,43.97,44.64,43.31,44.30,37262193,43.97,44.64,43.31,44.30,37262193,43.97,44.64,43.31,44.30,37262193
2023-12-15,44.46,44.96,43.95,44.47,46191474,44.46,44.96,43.95,44.47,46191474,44.46,44.96,43.95,44.47,46191474
2023-12-18,42.92,43.61,42.23,43.10,49921073,42.92,43.61,42.23,43.10,49921073,42.92,43.61,42.23,43.10,49921073
2023-12-19,44.19,44.65,43.73,44.08,32623924,44.19,44.65,43.73,44.08,32623924,44.19,44.65,43.73,44.08,32623924
2023-12-20,43.64,44.22,43.06,43.61,38804928,43.64,44.22,43.06,43.61,38804928,43.64,44.22,43.06,43.61,38804928
2023-12-21,44.35,44.68,44.01,44.37,53313494,44.35,44.68,44.01,44.37,53313494,44.35,44.68,44.01,44.37,53313494
2023-12-22,44.40,44.65,44.14,44.34,46691792,44.40,44.65,44.14,44.34,46691792,44.40,44.65,44.14,44.34,46691792
2023-12-25,44.48,44.72,44.23,44.59,30579456,44.48,44.72,44.23,44.59,30579456,44.48,44.72,44.23,44.59,30579456
2023-12-26,44.69,45.07,44.31,44.87,50223943,44.69,45.07,44.31,44.87,50223943,44.69,45.07,44.31,44.87,50223943
2023-12-27,45.31,45.80,44.83,45.18,44284927,45.31,45.80,44.83,45.18,44284927,45.31,45.80,44.83,45.18,44284927
2023-12-28,47.32,47.57,47.08,47.25,43275147,47.32,47.57,47.08,47.25,43275147,47.32,47.57,47.08,47.25,43275147
2023-12-29,47.54,48.11,46.96,47.37,54591136,47.54,48.11,46.96,47.37,54591136,47.54,48.11,46.96,47.37,54591136
