Date,Open,High,Low,Close,Volume,UnadjustedOpen,UnadjustedHigh,UnadjustedLow,UnadjustedClose,UnadjustedVolume,AdjustedOpen,AdjustedHigh,AdjustedLow,AdjustedClose,AdjustedVolume
2018-01-02,11.03,11.16,10.89,10.95,67254291,11.03,11.16,10.89,10.95,67254291,11.03,11.16,10.89,10.95,67254291
2018-01-03,10.99,11.14,10.84,10.97,46223529,10.99,11.14,10.84,10.97,46223529,10.99,11.14,10.84,10.97,46223529
2018-01-04,11.15,11.33,10.98,11.14,74088375,11.15,11.33,10.98,11.14,74088375,11.15,11.33,10.98,11.14,74088375
2018-01-05,10.92,11.05,10.78,10.91,40350815,10.92,11.05,10.78,10.91,40350815,10.92,11.05,10.78,10.91,40350815
2018-01-08,11.06,11.18,10.94,11.00,42973849,11.06,11.18,10.94,11.00,42973849,11.06,11.18,10.94,11.00,42973849
2018-01-09,10.94,11.01,10.88,10.90,45015364,10.94,11.01,10.88,10.90,45015364,10.94,11.01,10.88,10.90,45015364
2018-01-10,10.86,10.95,10.76,10.81,46034033,10.86,10.95,10.76,10.81,46034033,10.86,10.95,10.76,10.81,46034033
2018-01-11,10.85,10.94,10.76,10.86,45168335,10.85,10.94,10.76,10.86,45168335,10.85,10.94,10.76,10.86,45168335
2018-01-12,10.60,10.68,10.52,10.62,71627353,10.60,10.68,10.52,10.62,71627353,10.60,10.68,10.52,10.62,71627353
2018-01-15,10.67,10.82,10.52,10.66,50410836,10.67,10.82,10.52,10.66,50410836,10.67,10.82,10.52,10.66,50410836
2018-01-16,10.62,10.74,10.49,10.59,73828288,10.62,10.74,10.49,10.59,73828288,10.62,10.74,10.49,10.59,73828288
2018-01-17,10.71,10.83,10.59,10.68,73301269,10.71,10.83,10.59,10.68,73301269,10.71,10.83,10.59,10.68,73301269
2018-01-18,10.75,10.87,10.63,10.69,66190747,10.75,10.87,10.63,10.69,66190747,10.75,10.87,10.63,10.69,66190747
2018-01-19,10.43,10.55,10.31,10.37,41344848,10.43,10.55,10.31,10.37,41344848,10.43,10.55,10.31,10.37,41344848
2018-01-22,10.23,10.32,10.14,10.19,70798885,10.23,10.32,10.14,10.19,70798885,10.23,10.32,10.14,10.19,70798885
2018-01-23,10.08,10.19,9.97,10.05,69067473,10.08,10.19,9.97,10.05,69067473,10.08,10.19,9.97,10.05,69067473
2018-01-24,9.79,9.89,9.69,9.77,38839147,9.79,9.89,9.69,9.77,38839147,9.79,9.89,9.69,9.77,38839147
2018-01-25,9.54,9.66,9.42,9.52,44456215,9.54,9.66,9.42,9.52,44456215,9.54,9.66,9.42,9.52,44456215
2018-01-26,9.65,9.74,9.55,9.62,72788748,9.65,9.74,9.55,9.62,72788748,9.65,9.74,9.55,9.62,72788748
2018-01-29,9.79,9.92,9.67,9.80,52150985,9.79,9.92,9.67,9.80,52150985,9.79,9.92,9.67,9.80,52150985
2018-01-30,9.48,9.57,9.38,9.50,60159980,9.48,9.57,9.38,9.50,60159980,9.48,9.57,9.38,9.50,60159980
2018-01-31,9.29,9.37,9.21,9.30,69180379,9.29,9.37,9.21,9.30,69180379,9.29,9.37,9.21,9.30,69180379
2018-02-01,9.14,9.27,9.00,9.09,68213544,9.14,9.27,9.00,9.09,68213544,9.14,9.27,9.00,9.09,68213544
2018-02-02,8.96,9.05,8.87,9.02,45884484,8.96,9.05,8.87,9.02,45884484,8.96,9.05,8.87,9.02,45884484
2018-02-05,9.16,9.29,9.03,9.17,58578822,9.16,9.29,9.03,9.17,58578822,9.16,9.29,9.03,9.17,58578822
2018-02-06,9.28,9.40,9.16,9.27,68267391,9.28,9.40,9.16,9.27,68267391,9.28,9.40,9.16,9.27,68267391
2018-02-07,9.28,9.41,9.15,9.26,71996877,9.28,9.41,9.15,9.26,71996877,9.28,9.41,9.15,9.26,71996877
2018-02-08,9.42,9.52,9.32,9.40,71147041,9.42,9.52,9.32,9.40,71147041,9.42,9.52,9.32,9.40,71147041
2018-02-09,9.50,9.57,9.44,9.50,54101984,9.50,9.57,9.44,9.50,54101984,9.50,9.57,9.44,9.50,54101984
2018-02-12,9.63,9.82,9.44,9.66,40008792,9.63,9.82,9.44,9.66,40008792,9.63,9.82,9.44,9.66,40008792
2018-02-13,9.50,9.60,9.41,9.53,67913079,9.50,9.60,9.41,9.53,67913079,9.50,9.60,9.41,9.53,67913079
2018-02-14,9.84,9.93,9.75,9.81,50965360,9.84,9.93,9.75,9.81,50965360,9.84,9.93,9.75,9.81,50965360
2018-02-15,9.93,10.07,9.79,9.91,70262501,9.93,10.07,9.79,9.91,70262501,9.93,10.07,9.79,9.91,70262501
2018-02-16,10.32,10.52,10.11,10.24,40493044,10.32,10.52,10.11,10.24,40493044,10.32,10.52,10.11,10.24,40493044
2018-02-19,10.07,10.20,9.94,10.03,71920912,10.07,10.20,9.94,10.03,71920912,10.07,10.20,9.94,10.03,71920912
2018-02-20,10.12,10.20,10.04,10.11,63111609,10.12,10.20,10.04,10.11,63111609,10.12,10.20,10.04,10.11,63111609
2018-02-21,9.95,10.08,9.83,9.96,71728095,9.95,10.08,9.83,9.96,71728095,9.95,10.08,9.83,9.96,71728095
2018-02-22,10.30,10.50,10.11,10.31,55468941,10.30,10.50,10.11,10.31,55468941,10.30,10.50,10.11,10.31,55468941
2018-02-23,10.45,10.56,10.34,10.44,63749349,10.45,10.56,10.34,10.44,63749349,10.45,10.56,10.34,10.44,63749349
2018-02-26,10.23,10.28,10.17,10.25,49563259,10.23,10.28,10.17,10.25,49563259,10.23,10.28,10.17,10.25,49563259
2018-02-27,10.11,10.19,10.03,10.13,47749191,10.11,10.19,10.03,10.13,47749191,10.11,10.19,10.03,10.13,47749191
2018-02-28,10.34,10.43,10.26,10.35,73305376,10.34,10.43,10.26,10.35,73305376,10.34,10.43,10.26,10.35,73305376
2018-03-01,10.40,10.54,10.26,10.42,48370835,10.40,10.54,10.26,10.42,48370835,10.40,10.54,10.26,10.42,48370835
2018-03-02,10.29,10.39,10.20,10.35,55575515,10.29,10.39,10.20,10.35,55575515,10.29,10.39,10.20,10.35,55575515
2018-03-05,10.27,10.42,10.11,10.26,57471348,10.27,10.42,10.11,10.26,57471348,10.27,10.42,10.11,10.26,57471348
2018-03-06,10.16,10.29,10.03,10.19,53837244,10.16,10.29,10.03,10.19,53837244,10.16,10.29,10.03,10.19,53837244
2018-03-07,10.46,10.53,10.39,10.43,70454977,10.46,10.53,10.39,10.43,70454977,10.46,10.53,10.39,10.43,70454977
2018-03-08,10.03,10.12,9.95,10.02,50617037,10.03,10.12,9.95,10.02,50617037,10.03,10.12,9.95,10.02,50617037
2018-03-09,10.01,10.12,9.91,9.94,62493727,10.01,10.12,9.91,9.94,62493727,10.01,10.12,9.91,9.94,62493727
2018-03-12,9.84,9.94,9.74,9.84,58763796,9.84,9.94,9.74,9.84,58763796,9.84,9.94,9.74,9.84,58763796
2018-03-13,9.67,9.77,9.57,9.70,65860691,9.67,9.77,9.57,9.70,65860691,9.67,9.77,9.57,9.70,65860691
2018-03-14,9.71,9.83,9.59,9.71,38773648,9.71,9.83,9.59,9.71,38773648,9.71,9.83,9.59,9.71,38773648
2018-03-15,9.82,9.91,9.73,9.80,52451155,9.82,9.91,9.73,9.80,52451155,9.82,9.91,9.73,9.80,52451155
2018-03-16,9.67,9.73,9.61,9.67,55573430,9.67,9.73,9.61,9.67,55573430,9.67,9.73,9.61,9.67,55573430
2018-03-19,9.48,9.61,9.34,9.45,56172137,9.48,9.61,9.34,9.45,56172137,9.48,9.61,9.34,9.45,56172137
2018-03-20,9.30,9.42,9.19,9.38,72778764,9.30,9.42,9.19,9.38,72778764,9.30,9.42,9.19,9.38,72778764
2018-03-21,9.59,9.65,9.53,9.53,52184540,9.59,9.65,9.53,9.53,52184540,9.59,9.65,9.53,9.53,52184540
2018-03-22,9.59,9.80,9.38,9.56,64962502,9.59,9.80,9.38,9.56,64962502,9.59,9.80,9.38,9.56,64962502
2018-03-23,9.66,9.75,9.56,9.69,57050382,9.66,9.75,9.56,9.69,57050382,9.66,9.75,9.56,9.69,57050382
2018-03-26,9.95,10.05,9.85,9.90,45390587,9.95,10.05,9.85,9.90,45390587,9.95,10.05,9.85,9.90,45390587
2018-03-27,9.75,9.87,9.64,9.77,68140519,9.75,9.87,9.64,9.77,68140519,9.75,9.87,9.64,9.77,68140519
2018-03-28,9.67,9.79,9.54,9.66,54686782,9.67,9.79,9.54,9.66,54686782,9.67,9.79,9.54,9.66,54686782
2018-03-29,9.68,9.86,9.50,9.69,46732009,9.68,9.86,9.50,9.69,46732009,9.68,9.86,9.50,9.69,46732009
2018-03-30,9.63,9.76,9.50,9.66,43400873,9.63,9.76,9.50,9.66,43400873,9.63,9.76,9.50,9.66,43400873
2018-04-02,9.41,9.51,9.32,9.44,46554488,9.41,9.51,9.32,9.44,46554488,9.41,9.51,9.32,9.44,46554488
2018-04-03,9.37,9.49,9.25,9.37,73039420,9.37,9.49,9.25,9.37,73039420,9.37,9.49,9.25,9.37,73039420
2018-04-04,9.69,9.83,9.54,9.69,70680641,9.69,9.83,9.54,9.69,70680641,9.69,9.83,9.54,9.69,70680641
2018-04-05,9.80,9.98,9.62,9.78,73992223,9.80,9.98,9.62,9.78,73992223,9.80,9.98,9.62,9.78,73992223
2018-04-06,9.87,9.97,9.77,9.83,61609039,9.87,9.97,9.77,9.83,61609039,9.87,9.97,9.77,9.83,61609039
2018-04-09,9.67,9.75,9.59,9.72,46493038,9.67,9.75,9.59,9.72,46493038,9.67,9.75,9.59,9.72,46493038
2018-04-10,9.94,10.08,9.80,9.93,72665976,9.94,10.08,9.80,9.93,72665976,9.94,10.08,9.80,9.93,72665976
2018-04-11,10.12,10.22,10.02,10.11,62191474,10.12,10.22,10.02,10.11,62191474,10.12,10.22,10.02,10.11,62191474
2018-04-12,10.23,10.37,10.10,10.18,42648076,10.23,10.37,10.10,10.18,42648076,10.23,10.37,10.10,10.18,42648076
2018-04-13,10.21,10.32,10.10,10.23,39610154,10.21,10.32,10.10,10.23,39610154,10.21,10.32,10.10,10.23,39610154
2018-04-16,10.33,10.46,10.20,10.37,38900369,10.33,10.46,10.20,10.37,38900369,10.33,10.46,10.20,10.37,38900369
2018-04-17,10.50,10.57,10.43,10.50,76953046,10.50,10.57,10.43,10.50,76953046,10.50,10.57,10.43,10.50,76953046
2018-04-18,10.39,10.55,10.23,10.34,63205507,10.39,10.55,10.23,10.34,63205507,10.39,10.55,10.23,10.34,63205507
2018-04-19,10.20,10.32,10.08,10.22,76284981,10.20,10.32,10.08,10.22,76284981,10.20,10.32,10.08,10.22,76284981
2018-04-20,9.90,10.01,9.80,9.91,74563010,9.90,10.01,9.80,9.91,74563010,9.90,10.01,9.80,9.91,74563010
2018-04-23,9.53,9.68,9.37,9.54,44768200,9.53,9.68,9.37,9.54,44768200,9.53,9.68,9.37,9.54,44768200
2018-04-24,9.52,9.62,9.42,9.56,47197704,9.52,9.62,9.42,9.56,47197704,9.52,9.62,9.42,9.56,47197704
2018-04-25,9.74,9.83,9.66,9.72,73849643,9.74,9.83,9.66,9.72,73849643,9.74,9.83,9.66,9.72,73849643
2018-04-26,9.44,9.53,9.34,9.40,56719114,9.44,9.53,9.34,9.40,56719114,9.44,9.53,9.34,9.40,56719114
2018-04-27,9.33,9.40,9.25,9.35,64793590,9.33,9.40,9.25,9.35,64793590,9.33,9.40,9.25,9.35,64793590
2018-04-30,9.36,9.47,9.25,9.35,56692831,9.36,9.47,9.25,9.35,56692831,9.36,9.47,9.25,9.35,56692831
2018-05-01,9.45,9.61,9.30,9.42,64554803,9.45,9.61,9.30,9.42,64554803,9.45,9.61,9.30,9.42,64554803
2018-05-02,9.47,9.60,9.34,9.51,68248466,9.47,9.60,9.34,9.51,68248466,9.47,9.60,9.34,9.51,68248466
2018-05-03,9.21,9.32,9.10,9.15,55528522,9.21,9.32,9.10,9.15,55528522,9.21,9.32,9.10,9.15,55528522
2018-05-04,8.91,8.98,8.85,8.92,41439018,8.91,8.98,8.85,8.92,41439018,8.91,8.98,8.85,8.92,41439018
2018-05-07,9.06,9.15,8.98,9.00,62237048,9.06,9.15,8.98,9.00,62237048,9.06,9.15,8.98,9.00,62237048
2018-05-08,8.96,8.98,8.94,8.95,59400974,8.96,8.98,8.94,8.95,59400974,8.96,8.98,8.94,8.95,59400974
2018-05-09,9.06,9.19,8.92,9.00,60859399,9.06,9.19,8.92,9.00,60859399,9.06,9.19,8.92,9.00,60859399
2018-05-10,8.68,8.76,8.61,8.66,62047946,8.68,8.76,8.61,8.66,62047946,8.68,8.76,8.61,8.66,62047946
2018-05-11,8.47,8.56,8.38,8.44,60647250,8.47,8.56,8.38,8.44,60647250,8.47,8.56,8.38,8.44,60647250
2018-05-14,8.43,8.48,8.38,8.45,63079929,8.43,8.48,8.38,8.45,63079929,8.43,8.48,8.38,8.45,63079929
2018-05-15,8.27,8.39,8.16,8.25,51178740,8.27,8.39,8.16,8.25,51178740,8.27,8.39,8.16,8.25,51178740
2018-05-16,8.23,8.35,8.11,8.21,42050411,8.23,8.35,8.11,8.21,42050411,8.23,8.35,8.11,8.21,42050411
2018-05-17,8.18,8.28,8.08,8.19,76716081,8.18,8.28,8.08,8.19,76716081,8.18,8.28,8.08,8.19,76716081
2018-05-18,8.45,8.55,8.35,8.44,66891959,8.45,8.55,8.35,8.44,66891959,8.45,8.55,8.35,8.44,66891959
2018-05-21,8.40,8.49,8.31,8.41,54630382,8.40,8.49,8.31,8.41,54630382,8.40,8.49,8.31,8.41,54630382
2018-05-22,8.27,8.38,8.15,8.29,50056958,8.27,8.38,8.15,8.29,50056958,8.27,8.38,8.15,8.29,50056958
2018-05-23,8.29,8.39,8.19,8.27,39720761,8.29,8.39,8.19,8.27,39720761,8.29,8.39,8.19,8.27,39720761
2018-05-24,8.51,8.63,8.39,8.50,66468381,8.51,8.63,8.39,8.50,66468381,8.51,8.63,8.39,8.50,66468381
2018-05-25,8.69,8.77,8.61,8.67,68644309,8.69,8.77,8.61,8.67,68644309,8.69,8.77,8.61,8.67,68644309
2018-05-28,8.78,8.91,8.65,8.77,68014027,8.78,8.91,8.65,8.77,68014027,8.78,8.91,8.65,8.77,68014027
2018-05-29,8.81,8.94,8.68,8.76,64263868,8.81,8.94,8.68,8.76,64263868,8.81,8.94,8.68,8.76,64263868
2018-05-30,8.90,9.00,8.80,8.86,48730666,8.90,9.00,8.80,8.86,48730666,8.90,9.00,8.80,8.86,48730666
2018-05-31,8.79,8.91,8.68,8.79,57570411,8.79,8.91,8.68,8.79,57570411,8.79,8.91,8.68,8.79,57570411
2018-06-01,9.02,9.11,8.92,8.99,57079963,9.02,9.11,8.92,8.99,57079963,9.02,9.11,8.92,8.99,57079963
2018-06-04,8.99,9.07,8.91,8.99,63021401,8.99,9.07,8.91,8.99,63021401,8.99,9.07,8.91,8.99,63021401
2018-06-05,9.13,9.23,9.03,9.08,73564808,9.13,9.23,9.03,9.08,73564808,9.13,9.23,9.03,9.08,73564808
2018-06-06,9.07,9.13,9.00,9.06,69915102,9.07,9.13,9.00,9.06,69915102,9.07,9.13,9.00,9.06,69915102
2018-06-07,8.89,8.98,8.79,8.83,72527679,8.89,8.98,8.79,8.83,72527679,8.89,8.98,8.79,8.83,72527679
2018-06-08,8.93,9.00,8.86,8.89,58212510,8.93,9.00,8.86,8.89,58212510,8.93,9.00,8.86,8.89,58212510
2018-06-11,8.68,8.79,8.56,8.64,65455913,8.68,8.79,8.56,8.64,65455913,8.68,8.79,8.56,8.64,65455913
2018-06-12,8.80,8.89,8.72,8.82,62471615,8.80,8.89,8.72,8.82,62471615,8.80,8.89,8.72,8.82,62471615
2018-06-13,9.00,9.09,8.90,8.98,76484595,9.00,9.09,8.90,8.98,76484595,9.00,9.09,8.90,8.98,76484595
2018-06-14,8.94,9.10,8.77,8.92,46904007,8.94,9.10,8.77,8.92,46904007,8.94,9.10,8.77,8.92,46904007
2018-06-15,8.84,8.91,8.78,8.87,53813061,8.84,8.91,8.78,8.87,53813061,8.84,8.91,8.78,8.87,53813061
2018-06-18,8.76,8.81,8.72,8.75,46480407,8.76,8.81,8.72,8.75,46480407,8.76,8.81,8.72,8.75,46480407
2018-06-19,8.57,8.64,8.50,8.56,75007320,8.57,8.64,8.50,8.56,75007320,8.57,8.64,8.50,8.56,75007320
2018-06-20,8.63,8.75,8.50,8.63,73623614,8.63,8.75,8.50,8.63,73623614,8.63,8.75,8.50,8.63,73623614
2018-06-21,8.63,8.70,8.56,8.61,50467658,8.63,8.70,8.56,8.61,50467658,8.63,8.70,8.56,8.61,50467658
2018-06-22,8.49,8.58,8.41,8.49,53217495,8.49,8.58,8.41,8.49,53217495,8.49,8.58,8.41,8.49,53217495
2018-06-25,8.58,8.64,8.51,8.60,54888882,8.58,8.64,8.51,8.60,54888882,8.58,8.64,8.51,8.60,54888882
2018-06-26,8.71,8.82,8.60,8.67,41271266,8.71,8.82,8.60,8.67,41271266,8.71,8.82,8.60,8.67,41271266
2018-06-27,8.68,8.79,8.57,8.67,39212534,8.68,8.79,8.57,8.67,39212534,8.68,8.79,8.57,8.67,39212534
2018-06-28,8.73,8.84,8.63,8.77,53448789,8.73,8.84,8.63,8.77,53448789,8.73,8.84,8.63,8.77,53448789
2018-06-29,8.79,8.84,8.74,8.79,74641217,8.79,8.84,8.74,8.79,74641217,8.79,8.84,8.74,8.79,74641217
2018-07-02,8.98,9.11,8.85,8.95,75195615,8.98,9.11,8.85,8.95,75195615,8.98,9.11,8.85,8.95,75195615
2018-07-03,8.87,8.99,8.76,8.86,59887421,8.87,8.99,8.76,8.86,59887421,8.87,8.99,8.76,8.86,59887421
2018-07-04,8.69,8.79,8.59,8.68,40795456,8.69,8.79,8.59,8.68,40795456,8.69,8.79,8.59,8.68,40795456
2018-07-05,8.49,8.62,8.35,8.50,47998982,8.49,8.62,8.35,8.50,47998982,8.49,8.62,8.35,8.50,47998982
2018-07-06,8.56,8.66,8.46,8.54,67817008,8.56,8.66,8.46,8.54,67817008,8.56,8.66,8.46,8.54,67817008
2018-07-09,8.31,8.44,8.18,8.33,70090909,8.31,8.44,8.18,8.33,70090909,8.31,8.44,8.18,8.33,70090909
2018-07-10,8.33,8.41,8.25,8.28,42157615,8.33,8.41,8.25,8.28,42157615,8.33,8.41,8.25,8.28,42157615
2018-07-11,8.30,8.38,8.22,8.30,69156665,8.30,8.38,8.22,8.30,69156665,8.30,8.38,8.22,8.30,69156665
2018-07-12,8.59,8.73,8.45,8.58,50333382,8.59,8.73,8.45,8.58,50333382,8.59,8.73,8.45,8.58,50333382
2018-07-13,8.65,8.73,8.58,8.69,58632427,8.65,8.73,8.58,8.69,58632427,8.65,8.73,8.58,8.69,58632427
2018-07-16,8.67,8.75,8.59,8.62,74883876,8.67,8.75,8.59,8.62,74883876,8.67,8.75,8.59,8.62,74883876
2018-07-17,8.57,8.71,8.43,8.62,58031059,8.57,8.71,8.43,8.62,58031059,8.57,8.71,8.43,8.62,58031059
2018-07-18,8.46,8.56,8.36,8.45,76376695,8.46,8.56,8.36,8.45,76376695,8.46,8.56,8.36,8.45,76376695
2018-07-19,8.37,8.43,8.31,8.33,47211747,8.37,8.43,8.31,8.33,47211747,8.37,8.43,8.31,8.33,47211747
2018-07-20,8.24,8.30,8.18,8.26,64407560,8.24,8.30,8.18,8.26,64407560,8.24,8.30,8.18,8.26,64407560
2018-07-23,8.00,8.11,7.89,8.06,43964315,8.00,8.11,7.89,8.06,43964315,8.00,8.11,7.89,8.06,43964315
2018-07-24,7.80,7.90,7.69,7.78,49202496,7.80,7.90,7.69,7.78,49202496,7.80,7.90,7.69,7.78,49202496
2018-07-25,7.89,7.94,7.85,7.87,45114701,7.89,7.94,7.85,7.87,45114701,7.89,7.94,7.85,7.87,45114701
2018-07-26,7.95,8.07,7.84,7.97,41525899,7.95,8.07,7.84,7.97,41525899,7.95,8.07,7.84,7.97,41525899
2018-07-27,8.06,8.17,7.96,8.06,55634522,8.06,8.17,7.96,8.06,55634522,8.06,8.17,7.96,8.06,55634522
2018-07-30,7.97,8.09,7.84,7.96,39524109,7.97,8.09,7.84,7.96,39524109,7.97,8.09,7.84,7.96,39524109
2018-07-31,7.94,8.00,7.89,7.96,62711629,7.94,8.00,7.89,7.96,62711629,7.94,8.00,7.89,7.96,62711629
2018-08-01,8.07,8.21,7.94,8.05,73329434,8.07,8.21,7.94,8.05,73329434,8.07,8.21,7.94,8.05,73329434
2018-08-02,7.97,8.06,7.88,7.99,64795259,7.97,8.06,7.88,7.99,64795259,7.97,8.06,7.88,7.99,64795259
2018-08-03,8.15,8.21,8.09,8.14,64154131,8.15,8.21,8.09,8.14,64154131,8.15,8.21,8.09,8.14,64154131
2018-08-06,8.26,8.29,8.22,8.24,50058945,8.26,8.29,8.22,8.24,50058945,8.26,8.29,8.22,8.24,50058945
2018-08-07,8.22,8.32,8.12,8.23,60108201,8.22,8.32,8.12,8.23,60108201,8.22,8.32,8.12,8.23,60108201
2018-08-08,8.29,8.38,8.20,8.26,69703770,8.29,8.38,8.20,8.26,69703770,8.29,8.38,8.20,8.26,69703770
2018-08-09,8.40,8.49,8.30,8.41,54239979,8.40,8.49,8.30,8.41,54239979,8.40,8.49,8.30,8.41,54239979
2018-08-10,8.37,8.46,8.28,8.35,73706546,8.37,8.46,8.28,8.35,73706546,8.37,8.46,8.28,8.35,73706546
2018-08-13,8.46,8.53,8.39,8.41,43010410,8.46,8.53,8.39,8.41,43010410,8.46,8.53,8.39,8.41,43010410
2018-08-14,8.30,8.36,8.25,8.32,58669381,8.30,8.36,8.25,8.32,58669381,8.30,8.36,8.25,8.32,58669381
2018-08-15,8.61,8.69,8.54,8.57,59183429,8.61,8.69,8.54,8.57,59183429,8.61,8.69,8.54,8.57,59183429
2018-08-16,8.52,8.58,8.47,8.50,51695269,8.52,8.58,8.47,8.50,51695269,8.52,8.58,8.47,8.50,51695269
2018-08-17,8.73,8.81,8.65,8.69,51672530,8.73,8.81,8.65,8.69,51672530,8.73,8.81,8.65,8.69,51672530
2018-08-20,8.95,9.03,8.87,8.89,58081400,8.95,9.03,8.87,8.89,58081400,8.95,9.03,8.87,8.89,58081400
2018-08-21,9.02,9.12,8.92,9.00,68005851,9.02,9.12,8.92,9.00,68005851,9.02,9.12,8.92,9.00,68005851
2018-08-22,9.15,9.21,9.10,9.10,42175491,9.15,9.21,9.10,9.10,42175491,9.15,9.21,9.10,9.10,42175491
2018-08-23,9.23,9.36,9.10,9.20,71868671,9.23,9.36,9.10,9.20,71868671,9.23,9.36,9.10,9.20,71868671
2018-08-24,8.97,9.13,8.81,8.96,54347554,8.97,9.13,8.81,8.96,54347554,8.97,9.13,8.81,8.96,54347554
2018-08-27,9.14,9.28,9.00,9.08,72251125,9.14,9.28,9.00,9.08,72251125,9.14,9.28,9.00,9.08,72251125
2018-08-28,9.05,9.20,8.91,9.04,73595009,9.05,9.20,8.91,9.04,73595009,9.05,9.20,8.91,9.04,73595009
2018-08-29,9.06,9.16,8.96,9.08,66615888,9.06,9.16,8.96,9.08,66615888,9.06,9.16,8.96,9.08,66615888
2018-08-30,9.12,9.23,9.01,9.16,59735734,9.12,9.23,9.01,9.16,59735734,9.12,9.23,9.01,9.16,59735734
2018-08-31,9.29,9.38,9.19,9.27,53251451,9.29,9.38,9.19,9.27,53251451,9.29,9.38,9.19,9.27,53251451
2018-09-03,9.54,9.70,9.38,9.55,67454800,9.54,9.70,9.38,9.55,67454800,9.54,9.70,9.38,9.55,67454800
2018-09-04,9.65,9.80,9.51,9.59,69214452,9.65,9.80,9.51,9.59,69214452,9.65,9.80,9.51,9.59,69214452
2018-09-05,9.44,9.49,9.39,9.48,38556402,9.44,9.49,9.39,9.48,38556402,9.44,9.49,9.39,9.48,38556402
2018-09-06,9.12,9.23,9.02,9.13,48421636,9.12,9.23,9.02,9.13,48421636,9.12,9.23,9.02,9.13,48421636
2018-09-07,9.06,9.20,8.92,9.06,69010359,9.06,9.20,8.92,9.06,69010359,9.06,9.20,8.92,9.06,69010359
2018-09-10,9.16,9.26,9.06,9.15,41574108,9.16,9.26,9.06,9.15,41574108,9.16,9.26,9.06,9.15,41574108
2018-09-11,8.80,8.86,8.75,8.76,57201529,8.80,8.86,8.75,8.76,57201529,8.80,8.86,8.75,8.76,57201529
2018-09-12,8.85,8.91,8.79,8.85,63500617,8.85,8.91,8.79,8.85,63500617,8.85,8.91,8.79,8.85,63500617
2018-09-13,9.03,9.15,8.91,9.02,64968676,9.03,9.15,8.91,9.02,64968676,9.03,9.15,8.91,9.02,64968676
2018-09-14,9.13,9.23,9.02,9.15,52189255,9.13,9.23,9.02,9.15,52189255,9.13,9.23,9.02,9.15,52189255
2018-09-17,9.12,9.20,9.05,9.10,55787846,9.12,9.20,9.05,9.10,55787846,9.12,9.20,9.05,9.10,55787846
2018-09-18,9.30,9.39,9.21,9.26,66538385,9.30,9.39,9.21,9.26,66538385,9.30,9.39,9.21,9.26,66538385
2018-09-19,9.45,9.56,9.34,9.48,66603636,9.45,9.56,9.34,9.48,66603636,9.45,9.56,9.34,9.48,66603636
2018-09-20,9.32,9.41,9.24,9.31,43230195,9.32,9.41,9.24,9.31,43230195,9.32,9.41,9.24,9.31,43230195
2018-09-21,9.21,9.31,9.11,9.24,46031207,9.21,9.31,9.11,9.24,46031207,9.21,9.31,9.11,9.24,46031207
2018-09-24,9.24,9.37,9.10,9.23,55356004,9.24,9.37,9.10,9.23,55356004,9.24,9.37,9.10,9.23,55356004
2018-09-25,9.39,9.48,9.29,9.37,67866044,9.39,9.48,9.29,9.37,67866044,9.39,9.48,9.29,9.37,67866044
2018-09-26,9.39,9.53,9.25,9.36,41408724,9.39,9.53,9.25,9.36,41408724,9.39,9.53,9.25,9.36,41408724
2018-09-27,9.14,9.29,9.00,9.15,43571397,9.14,9.29,9.00,9.15,43571397,9.14,9.29,9.00,9.15,43571397
2018-09-28,8.90,8.96,8.84,8.91,71429178,8.90,8.96,8.84,8.91,71429178,8.90,8.96,8.84,8.91,71429178
2018-10-01,8.87,8.97,8.76,8.88,71917747,8.87,8.97,8.76,8.88,71917747,8.87,8.97,8.76,8.88,71917747
2018-10-02,8.91,9.03,8.79,8.91,73243618,8.91,9.03,8.79,8.91,73243618,8.91,9.03,8.79,8.91,73243618
2018-10-03,8.95,9.08,8.82,8.98,54830891,8.95,9.08,8.82,8.98,54830891,8.95,9.08,8.82,8.98,54830891
2018-10-04,8.85,8.94,8.76,8.77,52203178,8.85,8.94,8.76,8.77,52203178,8.85,8.94,8.76,8.77,52203178
2018-10-05,8.91,9.01,8.81,8.85,75828649,8.91,9.01,8.81,8.85,75828649,8.91,9.01,8.81,8.85,75828649
2018-10-08,8.92,9.01,8.84,8.95,67393874,8.92,9.01,8.84,8.95,67393874,8.92,9.01,8.84,8.95,67393874
2018-10-09,9.41,9.53,9.29,9.36,74912118,9.41,9.53,9.29,9.36,74912118,9.41,9.53,9.29,9.36,74912118
2018-10-10,9.16,9.24,9.09,9.16,76713635,9.16,9.24,9.09,9.16,76713635,9.16,9.24,9.09,9.16,76713635
2018-10-11,9.30,9.38,9.22,9.32,53371856,9.30,9.38,9.22,9.32,53371856,9.30,9.38,9.22,9.32,53371856
2018-10-12,9.05,9.16,8.94,9.05,60990706,9.05,9.16,8.94,9.05,60990706,9.05,9.16,8.94,9.05,60990706
2018-10-15,9.26,9.30,9.23,9.26,44616015,9.26,9.30,9.23,9.26,44616015,9.26,9.30,9.23,9.26,44616015
2018-10-16,8.96,9.14,8.78,8.97,45790198,8.96,9.14,8.78,8.97,45790198,8.96,9.14,8.78,8.97,45790198
2018-10-17,9.05,9.14,8.95,9.03,73769233,9.05,9.14,8.95,9.03,73769233,9.05,9.14,8.95,9.03,73769233
2018-10-18,9.30,9.38,9.21,9.32,59579121,9.30,9.38,9.21,9.32,59579121,9.30,9.38,9.21,9.32,59579121
2018-10-19,9.39,9.48,9.31,9.40,55244338,9.39,9.48,9.31,9.40,55244338,9.39,9.48,9.31,9.40,55244338
2018-10-22,9.42,9.47,9.37,9.43,69075929,9.42,9.47,9.37,9.43,69075929,9.42,9.47,9.37,9.43,69075929
2018-10-23,9.34,9.44,9.24,9.32,76197320,9.34,9.44,9.24,9.32,76197320,9.34,9.44,9.24,9.32,76197320
2018-10-24,9.45,9.55,9.35,9.37,41496209,9.45,9.55,9.35,9.37,41496209,9.45,9.55,9.35,9.37,41496209
2018-10-25,9.52,9.63,9.41,9.55,60642830,9.52,9.63,9.41,9.55,60642830,9.52,9.63,9.41,9.55,60642830
2018-10-26,9.62,9.74,9.50,9.52,70644445,9.62,9.74,9.50,9.52,70644445,9.62,9.74,9.50,9.52,70644445
2018-10-29,9.56,9.69,9.42,9.59,41574380,9.56,9.69,9.42,9.59,41574380,9.56,9.69,9.42,9.59,41574380
2018-10-30,9.65,9.77,9.54,9.69,69501443,9.65,9.77,9.54,9.69,69501443,9.65,9.77,9.54,9.69,69501443
2018-10-31,9.35,9.48,9.22,9.36,64970935,9.35,9.48,9.22,9.36,64970935,9.35,9.48,9.22,9.36,64970935
2018-11-01,9.61,9.73,9.48,9.62,75484782,9.61,9.73,9.48,9.62,75484782,9.61,9.73,9.48,9.62,75484782
2018-11-02,9.79,9.93,9.64,9.78,59500322,9.79,9.93,9.64,9.78,59500322,9.79,9.93,9.64,9.78,59500322
2018-11-05,9.72,9.82,9.62,9.73,62819707,9.72,9.82,9.62,9.73,62819707,9.72,9.82,9.62,9.73,62819707
2018-11-06,9.73,9.82,9.64,9.70,63855190,9.73,9.82,9.64,9.70,63855190,9.73,9.82,9.64,9.70,63855190
2018-11-07,9.66,9.75,9.56,9.64,48963498,9.66,9.75,9.56,9.64,48963498,9.66,9.75,9.56,9.64,48963498
2018-11-08,9.54,9.67,9.41,9.56,47476583,9.54,9.67,9.41,9.56,47476583,9.54,9.67,9.41,9.56,47476583
2018-11-09,9.92,10.06,9.78,9.90,49176901,9.92,10.06,9.78,9.90,49176901,9.92,10.06,9.78,9.90,49176901
2018-11-12,10.01,10.14,9.87,9.97,58048653,10.01,10.14,9.87,9.97,58048653,10.01,10.14,9.87,9.97,58048653
2018-11-13,9.85,9.96,9.74,9.89,76335109,9.85,9.96,9.74,9.89,76335109,9.85,9.96,9.74,9.89,76335109
2018-11-14,9.78,9.88,9.67,9.69,68057172,9.78,9.88,9.67,9.69,68057172,9.78,9.88,9.67,9.69,68057172
2018-11-15,9.05,9.14,8.95,9.07,61405830,9.05,9.14,8.95,9.07,61405830,9.05,9.14,8.95,9.07,61405830
2018-11-16,9.06,9.14,8.98,9.05,70670455,9.06,9.14,8.98,9.05,70670455,9.06,9.14,8.98,9.05,70670455
2018-11-19,9.27,9.38,9.16,9.27,44082657,9.27,9.38,9.16,9.27,44082657,9.27,9.38,9.16,9.27,44082657
2018-11-20,9.44,9.58,9.30,9.45,69296301,9.44,9.58,9.30,9.45,69296301,9.44,9.58,9.30,9.45,69296301
2018-11-21,9.52,9.63,9.41,9.53,72043838,9.52,9.63,9.41,9.53,72043838,9.52,9.63,9.41,9.53,72043838
2018-11-22,9.30,9.45,9.15,9.30,48567538,9.30,9.45,9.15,9.30,48567538,9.30,9.45,9.15,9.30,48567538
2018-11-23,9.31,9.38,9.25,9.33,58523952,9.31,9.38,9.25,9.33,58523952,9.31,9.38,9.25,9.33,58523952
2018-11-26,9.09,9.17,9.01,9.06,40875121,9.09,9.17,9.01,9.06,40875121,9.09,9.17,9.01,9.06,40875121
2018-11-27,9.12,9.15,9.09,9.11,50810013,9.12,9.15,9.09,9.11,50810013,9.12,9.15,9.09,9.11,50810013
2018-11-28,8.95,9.01,8.88,8.96,73327230,8.95,9.01,8.88,8.96,73327230,8.95,9.01,8.88,8.96,73327230
2018-11-29,8.81,8.90,8.72,8.76,43958704,8.81,8.90,8.72,8.76,43958704,8.81,8.90,8.72,8.76,43958704
2018-11-30,8.52,8.59,8.45,8.53,65082939,8.52,8.59,8.45,8.53,65082939,8.52,8.59,8.45,8.53,65082939
2018-12-03,8.61,8.69,8.53,8.63,74672307,8.61,8.69,8.53,8.63,74672307,8.61,8.69,8.53,8.63,74672307
2018-12-04,8.59,8.65,8.52,8.56,42070695,8.59,8.65,8.52,8.56,42070695,8.59,8.65,8.52,8.56,42070695
2018-12-05,8.30,8.39,8.22,8.35,62721682,8.30,8.39,8.22,8.35,62721682,8.30,8.39,8.22,8.35,62721682
2018-12-06,8.42,8.47,8.36,8.41,42800923,8.42,8.47,8.36,8.41,42800923,8.42,8.47,8.36,8.41,42800923
2018-12-07,8.50,8.57,8.43,8.48,44976937,8.50,8.57,8.43,8.48,44976937,8.50,8.57,8.43,8.48,44976937
2018-12-10,8.41,8.52,8.29,8.35,71658085,8.41,8.52,8.29,8.35,71658085,8.41,8.52,8.29,8.35,71658085
2018-12-11,8.36,8.42,8.30,8.34,41268213,8.36,8.42,8.30,8.34,41268213,8.36,8.42,8.30,8.34,41268213
2018-12-12,8.36,8.46,8.26,8.39,59757266,8.36,8.46,8.26,8.39,59757266,8.36,8.46,8.26,8.39,59757266
2018-12-13,8.55,8.66,8.45,8.56,55802363,8.55,8.66,8.45,8.56,55802363,8.55,8.66,8.45,8.56,55802363
2018-12-14,8.53,8.58,8.48,8.49,58674977,8.53,8.58,8.48,8.49,58674977,8.53,8.58,8.48,8.49,58674977
2018-12-17,8.58,8.67,8.48,8.55,76988343,8.58,8.67,8.48,8.55,76988343,8.58,8.67,8.48,8.55,76988343
2018-12-18,8.65,8.76,8.54,8.68,47309147,8.65,8.76,8.54,8.68,47309147,8.65,8.76,8.54,8.68,47309147
2018-12-19,8.57,8.71,8.42,8.55,67033147,8.57,8.71,8.42,8.55,67033147,8.57,8.71,8.42,8.55,67033147
2018-12-20,8.64,8.69,8.58,8.61,59387447,8.64,8.69,8.58,8.61,59387447,8.64,8.69,8.58,8.61,59387447
2018-12-21,8.56,8.63,8.48,8.53,51531993,8.56,8.63,8.48,8.53,51531993,8.56,8.63,8.48,8.53,51531993
2018-12-24,8.76,8.84,8.68,8.72,50728417,8.76,8.84,8.68,8.72,50728417,8.76,8.84,8.68,8.72,50728417
2018-12-25,8.50,8.61,8.39,8.43,57479884,8.50,8.61,8.39,8.43,57479884,8.50,8.61,8.39,8.43,57479884
2018-12-26,8.15,8.26,8.04,8.17,41425299,8.15,8.26,8.04,8.17,41425299,8.15,8.26,8.04,8.17,41425299
2018-12-27,8.30,8.36,8.23,8.27,44560057,8.30,8.36,8.23,8.27,44560057,8.30,8.36,8.23,8.27,44560057
2018-12-28,8.34,8.44,8.24,8.29,61254570,8.34,8.44,8.24,8.29,61254570,8.34,8.44,8.24,8.29,61254570
2018-12-31,8.28,8.37,8.19,8.25,69406187,8.28,8.37,8.19,8.25,69406187,8.28,8.37,8.19,8.25,69406187
2019-01-01,8.12,8.20,8.04,8.09,47072146,8.12,8.20,8.04,8.09,47072146,8.12,8.20,8.04,8.09,47072146
2019-01-02,8.28,8.39,8.17,8.25,49948872,8.28,8.39,8.17,8.25,49948872,8.28,8.39,8.17,8.25,49948872
2019-01-03,8.31,8.38,8.24,8.30,43750360,8.31,8.38,8.24,8.30,43750360,8.31,8.38,8.24,8.30,43750360
2019-01-04,8.17,8.22,8.13,8.17,66848999,8.17,8.22,8.13,8.17,66848999,8.17,8.22,8.13,8.17,66848999
2019-01-07,8.19,8.30,8.08,8.20,65226850,8.19,8.30,8.08,8.20,65226850,8.19,8.30,8.08,8.20,65226850
2019-01-08,8.36,8.46,8.26,8.37,50053546,8.36,8.46,8.26,8.37,50053546,8.36,8.46,8.26,8.37,50053546
2019-01-09,8.28,8.39,8.17,8.26,50054810,8.28,8.39,8.17,8.26,50054810,8.28,8.39,8.17,8.26,50054810
2019-01-10,8.37,8.47,8.27,8.40,75586215,8.37,8.47,8.27,8.40,75586215,8.37,8.47,8.27,8.40,75586215
2019-01-11,8.34,8.44,8.23,8.37,45618130,8.34,8.44,8.23,8.37,45618130,8.34,8.44,8.23,8.37,45618130
2019-01-14,8.42,8.53,8.30,8.39,40130831,8.42,8.53,8.30,8.39,40130831,8.42,8.53,8.30,8.39,40130831
2019-01-15,8.48,8.56,8.40,8.50,68725120,8.48,8.56,8.40,8.50,68725120,8.48,8.56,8.40,8.50,68725120
2019-01-16,8.61,8.68,8.55,8.59,76412670,8.61,8.68,8.55,8.59,76412670,8.61,8.68,8.55,8.59,76412670
2019-01-17,8.61,8.71,8.51,8.60,55822223,8.61,8.71,8.51,8.60,55822223,8.61,8.71,8.51,8.60,55822223
2019-01-18,8.66,8.75,8.58,8.63,75463939,8.66,8.75,8.58,8.63,75463939,8.66,8.75,8.58,8.63,75463939
2019-01-21,8.83,8.92,8.74,8.79,45001960,8.83,8.92,8.74,8.79,45001960,8.83,8.92,8.74,8.79,45001960
2019-01-22,8.78,8.88,8.67,8.78,38962793,8.78,8.88,8.67,8.78,38962793,8.78,8.88,8.67,8.78,38962793
2019-01-23,8.81,8.92,8.70,8.79,42415538,8.81,8.92,8.70,8.79,42415538,8.81,8.92,8.70,8.79,42415538
2019-01-24,9.03,9.08,8.97,9.00,52849316,9.03,9.08,8.97,9.00,52849316,9.03,9.08,8.97,9.00,52849316
2019-01-25,9.02,9.17,8.87,9.02,40382925,9.02,9.17,8.87,9.02,40382925,9.02,9.17,8.87,9.02,40382925
2019-01-28,8.97,9.11,8.82,8.99,72226852,8.97,9.11,8.82,8.99,72226852,8.97,9.11,8.82,8.99,72226852
2019-01-29,8.78,8.87,8.70,8.76,74524057,8.78,8.87,8.70,8.76,74524057,8.78,8.87,8.70,8.76,74524057
2019-01-30,8.92,9.00,8.85,8.92,57492974,8.92,9.00,8.85,8.92,57492974,8.92,9.00,8.85,8.92,57492974
2019-01-31,8.74,8.80,8.67,8.69,43715574,8.74,8.80,8.67,8.69,43715574,8.74,8.80,8.67,8.69,43715574
2019-02-01,8.66,8.80,8.51,8.63,64508258,8.66,8.80,8.51,8.63,64508258,8.66,8.80,8.51,8.63,64508258
2019-02-04,8.46,8.57,8.35,8.48,56545830,8.46,8.57,8.35,8.48,56545830,8.46,8.57,8.35,8.48,56545830
2019-02-05,8.50,8.55,8.45,8.49,72965912,8.50,8.55,8.45,8.49,72965912,8.50,8.55,8.45,8.49,72965912
2019-02-06,8.53,8.58,8.48,8.53,40036240,8.53,8.58,8.48,8.53,40036240,8.53,8.58,8.48,8.53,40036240
2019-02-07,8.80,8.90,8.70,8.78,58640080,8.80,8.90,8.70,8.78,58640080,8.80,8.90,8.70,8.78,58640080
2019-02-08,8.91,9.00,8.83,8.83,61664248,8.91,9.00,8.83,8.83,61664248,8.91,9.00,8.83,8.83,61664248
2019-02-11,8.78,8.92,8.64,8.82,70157904,8.78,8.92,8.64,8.82,70157904,8.78,8.92,8.64,8.82,70157904
2019-02-12,8.76,8.81,8.71,8.75,55434023,8.76,8.81,8.71,8.75,55434023,8.76,8.81,8.71,8.75,55434023
2019-02-13,8.89,9.00,8.78,8.89,75038704,8.89,9.00,8.78,8.89,75038704,8.89,9.00,8.78,8.89,75038704
2019-02-14,9.11,9.21,9.01,9.05,58509000,9.11,9.21,9.01,9.05,58509000,9.11,9.21,9.01,9.05,58509000
2019-02-15,9.12,9.18,9.06,9.11,62519501,9.12,9.18,9.06,9.11,62519501,9.12,9.18,9.06,9.11,62519501
2019-02-18,9.06,9.17,8.96,9.06,57122140,9.06,9.17,8.96,9.06,57122140,9.06,9.17,8.96,9.06,57122140
2019-02-19,9.06,9.13,8.99,9.03,48246240,9.06,9.13,8.99,9.03,48246240,9.06,9.13,8.99,9.03,48246240
2019-02-20,8.99,9.07,8.91,8.97,71698149,8.99,9.07,8.91,8.97,71698149,8.99,9.07,8.91,8.97,71698149
2019-02-21,8.81,8.89,8.74,8.74,59091989,8.81,8.89,8.74,8.74,59091989,8.81,8.89,8.74,8.74,59091989
2019-02-22,9.01,9.08,8.95,9.02,69853750,9.01,9.08,8.95,9.02,69853750,9.01,9.08,8.95,9.02,69853750
2019-02-25,9.06,9.14,8.99,9.03,60826180,9.06,9.14,8.99,9.03,60826180,9.06,9.14,8.99,9.03,60826180
2019-02-26,8.99,9.11,8.87,8.93,63657654,8.99,9.11,8.87,8.93,63657654,8.99,9.11,8.87,8.93,63657654
2019-02-27,8.96,9.04,8.88,9.01,44789226,8.96,9.04,8.88,9.01,44789226,8.96,9.04,8.88,9.01,44789226
2019-02-28,9.04,9.12,8.95,9.11,47947590,9.04,9.12,8.95,9.11,47947590,9.04,9.12,8.95,9.11,47947590
2019-03-01,9.12,9.18,9.05,9.17,46067031,9.12,9.18,9.05,9.17,46067031,9.12,9.18,9.05,9.17,46067031
2019-03-04,9.26,9.34,9.19,9.32,71787204,9.26,9.34,9.19,9.32,71787204,9.26,9.34,9.19,9.32,71787204
2019-03-05,9.22,9.33,9.11,9.28,58933513,9.22,9.33,9.11,9.28,58933513,9.22,9.33,9.11,9.28,58933513
2019-03-06,9.24,9.33,9.14,9.22,48763615,9.24,9.33,9.14,9.22,48763615,9.24,9.33,9.14,9.22,48763615
2019-03-07,8.94,9.01,8.87,8.93,63611602,8.94,9.01,8.87,8.93,63611602,8.94,9.01,8.87,8.93,63611602
2019-03-08,8.94,9.04,8.84,8.93,75327508,8.94,9.04,8.84,8.93,75327508,8.94,9.04,8.84,8.93,75327508
2019-03-11,9.16,9.27,9.04,9.13,56159573,9.16,9.27,9.04,9.13,56159573,9.16,9.27,9.04,9.13,56159573
2019-03-12,9.37,9.50,9.25,9.38,54553731,9.37,9.50,9.25,9.38,54553731,9.37,9.50,9.25,9.38,54553731
2019-03-13,9.65,9.75,9.55,9.64,71840266,9.65,9.75,9.55,9.64,71840266,9.65,9.75,9.55,9.64,71840266
2019-03-14,9.86,9.99,9.73,9.85,66105170,9.86,9.99,9.73,9.85,66105170,9.86,9.99,9.73,9.85,66105170
2019-03-15,9.99,10.07,9.92,9.94,65818064,9.99,10.07,9.92,9.94,65818064,9.99,10.07,9.92,9.94,65818064
2019-03-18,9.83,9.96,9.70,9.85,72279940,9.83,9.96,9.70,9.85,72279940,9.83,9.96,9.70,9.85,72279940
2019-03-19,9.72,9.84,9.60,9.74,52842735,9.72,9.84,9.60,9.74,52842735,9.72,9.84,9.60,9.74,52842735
2019-03-20,9.46,9.50,9.41,9.45,39283242,9.46,9.50,9.41,9.45,39283242,9.46,9.50,9.41,9.45,39283242
2019-03-21,9.68,9.74,9.62,9.70,39609075,9.68,9.74,9.62,9.70,39609075,9.68,9.74,9.62,9.70,39609075
2019-03-22,9.51,9.57,9.45,9.46,61742792,9.51,9.57,9.45,9.46,61742792,9.51,9.57,9.45,9.46,61742792
2019-03-25,9.42,9.53,9.31,9.42,63405493,9.42,9.53,9.31,9.42,63405493,9.42,9.53,9.31,9.42,63405493
2019-03-26,9.43,9.54,9.32,9.39,54007605,9.43,9.54,9.32,9.39,54007605,9.43,9.54,9.32,9.39,54007605
2019-03-27,9.31,9.41,9.22,9.27,46327870,9.31,9.41,9.22,9.27,46327870,9.31,9.41,9.22,9.27,46327870
2019-03-28,9.25,9.38,9.12,9.24,39009396,9.25,9.38,9.12,9.24,39009396,9.25,9.38,9.12,9.24,39009396
2019-03-29,9.24,9.31,9.18,9.21,65477780,9.24,9.31,9.18,9.21,65477780,9.24,9.31,9.18,9.21,65477780
2019-04-01,9.45,9.62,9.27,9.45,62990560,9.45,9.62,9.27,9.45,62990560,9.45,9.62,9.27,9.45,62990560
2019-04-02,9.50,9.59,9.40,9.49,40827412,9.50,9.59,9.40,9.49,40827412,9.50,9.59,9.40,9.49,40827412
2019-04-03,9.45,9.53,9.37,9.45,45377717,9.45,9.53,9.37,9.45,45377717,9.45,9.53,9.37,9.45,45377717
2019-04-04,9.31,9.43,9.19,9.30,53501429,9.31,9.43,9.19,9.30,53501429,9.31,9.43,9.19,9.30,53501429
2019-04-05,9.43,9.53,9.32,9.42,43972043,9.43,9.53,9.32,9.42,43972043,9.43,9.53,9.32,9.42,43972043
2019-04-08,9.42,9.55,9.29,9.44,39374493,9.42,9.55,9.29,9.44,39374493,9.42,9.55,9.29,9.44,39374493
2019-04-09,9.53,9.64,9.42,9.53,45889266,9.53,9.64,9.42,9.53,45889266,9.53,9.64,9.42,9.53,45889266
2019-04-10,9.45,9.56,9.35,9.41,53028286,9.45,9.56,9.35,9.41,53028286,9.45,9.56,9.35,9.41,53028286
2019-04-11,9.52,9.61,9.43,9.54,48783081,9.52,9.61,9.43,9.54,48783081,9.52,9.61,9.43,9.54,48783081
2019-04-12,9.48,9.53,9.44,9.49,63291049,9.48,9.53,9.44,9.49,63291049,9.48,9.53,9.44,9.49,63291049
2019-04-15,9.47,9.57,9.37,9.50,41326366,9.47,9.57,9.37,9.50,41326366,9.47,9.57,9.37,9.50,41326366
2019-04-16,9.45,9.55,9.34,9.46,41910240,9.45,9.55,9.34,9.46,41910240,9.45,9.55,9.34,9.46,41910240
2019-04-17,9.45,9.56,9.34,9.45,39821603,9.45,9.56,9.34,9.45,39821603,9.45,9.56,9.34,9.45,39821603
2019-04-18,9.44,9.47,9.41,9.47,51574847,9.44,9.47,9.41,9.47,51574847,9.44,9.47,9.41,9.47,51574847
2019-04-19,9.62,9.70,9.54,9.60,54675772,9.62,9.70,9.54,9.60,54675772,9.62,9.70,9.54,9.60,54675772
2019-04-22,9.38,9.46,9.29,9.38,42901738,9.38,9.46,9.29,9.38,42901738,9.38,9.46,9.29,9.38,42901738
2019-04-23,9.53,9.63,9.43,9.54,49621485,9.53,9.63,9.43,9.54,49621485,9.53,9.63,9.43,9.54,49621485
2019-04-24,9.43,9.56,9.31,9.45,45111348,9.43,9.56,9.31,9.45,45111348,9.43,9.56,9.31,9.45,45111348
2019-04-25,9.82,9.98,9.66,9.78,70989171,9.82,9.98,9.66,9.78,70989171,9.82,9.98,9.66,9.78,70989171
2019-04-26,9.76,9.84,9.68,9.77,67970053,9.76,9.84,9.68,9.77,67970053,9.76,9.84,9.68,9.77,67970053
2019-04-29,9.56,9.67,9.44,9.58,45097245,9.56,9.67,9.44,9.58,45097245,9.56,9.67,9.44,9.58,45097245
2019-04-30,9.56,9.69,9.44,9.59,43766876,9.56,9.69,9.44,9.59,43766876,9.56,9.69,9.44,9.59,43766876
2019-05-01,9.38,9.49,9.27,9.42,38901062,9.38,9.49,9.27,9.42,38901062,9.38,9.49,9.27,9.42,38901062
2019-05-02,9.42,9.51,9.32,9.37,54117119,9.42,9.51,9.32,9.37,54117119,9.42,9.51,9.32,9.37,54117119
2019-05-03,9.51,9.62,9.40,9.52,66873174,9.51,9.62,9.40,9.52,66873174,9.51,9.62,9.40,9.52,66873174
2019-05-06,9.54,9.63,9.45,9.49,39513891,9.54,9.63,9.45,9.49,39513891,9.54,9.63,9.45,9.49,39513891
2019-05-07,9.73,9.84,9.61,9.68,62687623,9.73,9.84,9.61,9.68,62687623,9.73,9.84,9.61,9.68,62687623
2019-05-08,9.77,9.87,9.67,9.78,45700741,9.77,9.87,9.67,9.78,45700741,9.77,9.87,9.67,9.78,45700741
2019-05-09,9.83,9.97,9.69,9.75,63829825,9.83,9.97,9.69,9.75,63829825,9.83,9.97,9.69,9.75,63829825
2019-05-10,9.98,10.06,9.90,9.93,75375284,9.98,10.06,9.90,9.93,75375284,9.98,10.06,9.90,9.93,75375284
2019-05-13,9.87,9.99,9.75,9.86,49832886,9.87,9.99,9.75,9.86,49832886,9.87,9.99,9.75,9.86,49832886
2019-05-14,10.20,10.29,10.11,10.19,71548388,10.20,10.29,10.11,10.19,71548388,10.20,10.29,10.11,10.19,71548388
2019-05-15,10.26,10.37,10.15,10.19,54183245,10.26,10.37,10.15,10.19,54183245,10.26,10.37,10.15,10.19,54183245
2019-05-16,10.16,10.24,10.09,10.10,61774837,10.16,10.24,10.09,10.10,61774837,10.16,10.24,10.09,10.10,61774837
2019-05-17,10.28,10.41,10.15,10.29,50048226,10.28,10.41,10.15,10.29,50048226,10.28,10.41,10.15,10.29,50048226
2019-05-20,9.97,10.08,9.86,9.98,45764911,9.97,10.08,9.86,9.98,45764911,9.97,10.08,9.86,9.98,45764911
2019-05-21,9.91,10.04,9.78,9.90,58631289,9.91,10.04,9.78,9.90,58631289,9.91,10.04,9.78,9.90,58631289
2019-05-22,9.95,10.02,9.88,9.93,70203136,9.95,10.02,9.88,9.93,70203136,9.95,10.02,9.88,9.93,70203136
2019-05-23,10.17,10.26,10.08,10.18,68653715,10.17,10.26,10.08,10.18,68653715,10.17,10.26,10.08,10.18,68653715
2019-05-24,10.54,10.61,10.48,10.48,64932493,10.54,10.61,10.48,10.48,64932493,10.54,10.61,10.48,10.48,64932493
2019-05-27,10.35,10.48,10.22,10.39,57492152,10.35,10.48,10.22,10.39,57492152,10.35,10.48,10.22,10.39,57492152
2019-05-28,10.62,10.77,10.47,10.65,72430907,10.62,10.77,10.47,10.65,72430907,10.62,10.77,10.47,10.65,72430907
2019-05-29,10.49,10.68,10.31,10.50,72936426,10.49,10.68,10.31,10.50,72936426,10.49,10.68,10.31,10.50,72936426
2019-05-30,10.37,10.45,10.29,10.32,43073200,10.37,10.45,10.29,10.32,43073200,10.37,10.45,10.29,10.32,43073200
2019-05-31,10.49,10.58,10.40,10.51,73181228,10.49,10.58,10.40,10.51,73181228,10.49,10.58,10.40,10.51,73181228
2019-06-03,10.43,10.55,10.31,10.42,42017718,10.43,10.55,10.31,10.42,42017718,10.43,10.55,10.31,10.42,42017718
2019-06-04,10.61,10.70,10.52,10.58,55820277,10.61,10.70,10.52,10.58,55820277,10.61,10.70,10.52,10.58,55820277
2019-06-05,10.61,10.67,10.55,10.61,59346810,10.61,10.67,10.55,10.61,59346810,10.61,10.67,10.55,10.61,59346810
2019-06-06,10.05,10.14,9.97,10.14,70246894,10.05,10.14,9.97,10.14,70246894,10.05,10.14,9.97,10.14,70246894
2019-06-07,10.14,10.27,10.02,10.14,42629200,10.14,10.27,10.02,10.14,42629200,10.14,10.27,10.02,10.14,42629200
2019-06-10,10.15,10.26,10.04,10.16,40952795,10.15,10.26,10.04,10.16,40952795,10.15,10.26,10.04,10.16,40952795
2019-06-11,10.34,10.38,10.29,10.32,57013874,10.34,10.38,10.29,10.32,57013874,10.34,10.38,10.29,10.32,57013874
2019-06-12,10.35,10.45,10.25,10.38,74543516,10.35,10.45,10.25,10.38,74543516,10.35,10.45,10.25,10.38,74543516
2019-06-13,10.42,10.61,10.23,10.38,43805164,10.42,10.61,10.23,10.38,43805164,10.42,10.61,10.23,10.38,43805164
2019-06-14,10.48,10.57,10.39,10.45,60453097,10.48,10.57,10.39,10.45,60453097,10.48,10.57,10.39,10.45,60453097
2019-06-17,10.57,10.70,10.45,10.58,45654084,10.57,10.70,10.45,10.58,45654084,10.57,10.70,10.45,10.58,45654084
2019-06-18,10.66,10.75,10.56,10.58,72826034,10.66,10.75,10.56,10.58,72826034,10.66,10.75,10.56,10.58,72826034
2019-06-19,10.47,10.60,10.33,10.49,39678611,10.47,10.60,10.33,10.49,39678611,10.47,10.60,10.33,10.49,39678611
2019-06-20,10.28,10.38,10.18,10.26,42314462,10.28,10.38,10.18,10.26,42314462,10.28,10.38,10.18,10.26,42314462
2019-06-21,10.08,10.15,10.01,10.09,65019236,10.08,10.15,10.01,10.09,65019236,10.08,10.15,10.01,10.09,65019236
2019-06-24,10.13,10.20,10.05,10.12,41908041,10.13,10.20,10.05,10.12,41908041,10.13,10.20,10.05,10.12,41908041
2019-06-25,10.16,10.27,10.05,10.19,55718713,10.16,10.27,10.05,10.19,55718713,10.16,10.27,10.05,10.19,55718713
2019-06-26,10.48,10.63,10.33,10.47,49359375,10.48,10.63,10.33,10.47,49359375,10.48,10.63,10.33,10.47,49359375
2019-06-27,10.22,10.31,10.13,10.18,52103924,10.22,10.31,10.13,10.18,52103924,10.22,10.31,10.13,10.18,52103924
2019-06-28,10.56,10.70,10.41,10.46,55446960,10.56,10.70,10.41,10.46,55446960,10.56,10.70,10.41,10.46,55446960
2019-07-01,10.47,10.60,10.35,10.50,55587513,10.47,10.60,10.35,10.50,55587513,10.47,10.60,10.35,10.50,55587513
2019-07-02,10.76,10.86,10.67,10.73,71809083,10.76,10.86,10.67,10.73,71809083,10.76,10.86,10.67,10.73,71809083
2019-07-03,10.81,10.96,10.66,10.81,56443234,10.81,10.96,10.66,10.81,56443234,10.81,10.96,10.66,10.81,56443234
2019-07-04,10.84,11.01,10.66,10.80,72785851,10.84,11.01,10.66,10.80,72785851,10.84,11.01,10.66,10.80,72785851
2019-07-05,10.93,11.07,10.78,10.88,42406109,10.93,11.07,10.78,10.88,42406109,10.93,11.07,10.78,10.88,42406109
2019-07-08,10.93,11.00,10.87,10.92,56678932,10.93,11.00,10.87,10.92,56678932,10.93,11.00,10.87,10.92,56678932
2019-07-09,11.06,11.17,10.96,11.02,71421120,11.06,11.17,10.96,11.02,71421120,11.06,11.17,10.96,11.02,71421120
2019-07-10,10.93,11.10,10.76,10.90,76592527,10.93,11.10,10.76,10.90,76592527,10.93,11.10,10.76,10.90,76592527
2019-07-11,11.09,11.25,10.93,11.11,52624863,11.09,11.25,10.93,11.11,52624863,11.09,11.25,10.93,11.11,52624863
2019-07-12,11.40,11.53,11.27,11.30,55006044,11.40,11.53,11.27,11.30,55006044,11.40,11.53,11.27,11.30,55006044
2019-07-15,11.60,11.77,11.43,11.56,67871993,11.60,11.77,11.43,11.56,67871993,11.60,11.77,11.43,11.56,67871993
2019-07-16,11.49,11.62,11.36,11.51,73332785,11.49,11.62,11.36,11.51,73332785,11.49,11.62,11.36,11.51,73332785
2019-07-17,11.50,11.61,11.40,11.40,65683025,11.50,11.61,11.40,11.40,65683025,11.50,11.61,11.40,11.40,65683025
2019-07-18,11.47,11.56,11.39,11.45,71373298,11.47,11.56,11.39,11.45,71373298,11.47,11.56,11.39,11.45,71373298
2019-07-19,11.74,11.88,11.61,11.70,75117169,11.74,11.88,11.61,11.70,75117169,11.74,11.88,11.61,11.70,75117169
2019-07-22,11.85,11.94,11.76,11.80,69407852,11.85,11.94,11.76,11.80,69407852,11.85,11.94,11.76,11.80,69407852
2019-07-23,12.22,12.29,12.14,12.21,63777086,12.22,12.29,12.14,12.21,63777086,12.22,12.29,12.14,12.21,63777086
2019-07-24,12.04,12.13,11.94,12.01,73004764,12.04,12.13,11.94,12.01,73004764,12.04,12.13,11.94,12.01,73004764
2019-07-25,12.48,12.65,12.32,12.40,73500938,12.48,12.65,12.32,12.40,73500938,12.48,12.65,12.32,12.40,73500938
2019-07-26,12.50,12.65,12.35,12.43,63417091,12.50,12.65,12.35,12.43,63417091,12.50,12.65,12.35,12.43,63417091
2019-07-29,12.88,12.96,12.81,12.83,46567511,12.88,12.96,12.81,12.83,46567511,12.88,12.96,12.81,12.83,46567511
2019-07-30,12.88,13.00,12.76,12.88,64137027,12.88,13.00,12.76,12.88,64137027,12.88,13.00,12.76,12.88,64137027
2019-07-31,12.63,12.81,12.44,12.57,39856544,12.63,12.81,12.44,12.57,39856544,12.63,12.81,12.44,12.57,39856544
2019-08-01,12.88,12.97,12.79,12.89,59116467,12.88,12.97,12.79,12.89,59116467,12.88,12.97,12.79,12.89,59116467
2019-08-02,12.75,12.80,12.69,12.80,73049772,12.75,12.80,12.69,12.80,73049772,12.75,12.80,12.69,12.80,73049772
2019-08-05,12.86,12.95,12.77,12.84,54355238,12.86,12.95,12.77,12.84,54355238,12.86,12.95,12.77,12.84,54355238
2019-08-06,13.32,13.45,13.19,13.21,66967122,13.32,13.45,13.19,13.21,66967122,13.32,13.45,13.19,13.21,66967122
2019-08-07,13.19,13.39,12.99,13.15,73951755,13.19,13.39,12.99,13.15,73951755,13.19,13.39,12.99,13.15,73951755
2019-08-08,13.23,13.45,13.01,13.23,58963754,13.23,13.45,13.01,13.23,58963754,13.23,13.45,13.01,13.23,58963754
2019-08-09,13.25,13.35,13.16,13.21,60714497,13.25,13.35,13.16,13.21,60714497,13.25,13.35,13.16,13.21,60714497
2019-08-12,13.17,13.40,12.94,13.21,39902428,13.17,13.40,12.94,13.21,39902428,13.17,13.40,12.94,13.21,39902428
2019-08-13,12.90,13.02,12.79,12.93,63609345,12.90,13.02,12.79,12.93,63609345,12.90,13.02,12.79,12.93,63609345
2019-08-14,12.80,12.95,12.66,12.83,57205215,12.80,12.95,12.66,12.83,57205215,12.80,12.95,12.66,12.83,57205215
2019-08-15,12.42,12.49,12.35,12.37,56545936,12.42,12.49,12.35,12.37,56545936,12.42,12.49,12.35,12.37,56545936
2019-08-16,11.96,12.10,11.83,11.98,42462542,11.96,12.10,11.83,11.98,42462542,11.96,12.10,11.83,11.98,42462542
2019-08-19,11.78,11.92,11.64,11.75,46956388,11.78,11.92,11.64,11.75,46956388,11.78,11.92,11.64,11.75,46956388
2019-08-20,11.60,11.67,11.54,11.61,42066504,11.60,11.67,11.54,11.61,42066504,11.60,11.67,11.54,11.61,42066504
2019-08-21,11.55,11.68,11.43,11.54,65263564,11.55,11.68,11.43,11.54,65263564,11.55,11.68,11.43,11.54,65263564
2019-08-22,11.57,11.71,11.44,11.60,67326440,11.57,11.71,11.44,11.60,67326440,11.57,11.71,11.44,11.60,67326440
2019-08-23,11.53,11.69,11.36,11.52,45974044,11.53,11.69,11.36,11.52,45974044,11.53,11.69,11.36,11.52,45974044
2019-08-26,11.41,11.57,11.25,11.39,75429749,11.41,11.57,11.25,11.39,75429749,11.41,11.57,11.25,11.39,75429749
2019-08-27,11.56,11.65,11.47,11.51,58285991,11.56,11.65,11.47,11.51,58285991,11.56,11.65,11.47,11.51,58285991
2019-08-28,11.37,11.54,11.20,11.44,60328439,11.37,11.54,11.20,11.44,60328439,11.37,11.54,11.20,11.44,60328439
2019-08-29,11.56,11.62,11.49,11.61,48247416,11.56,11.62,11.49,11.61,48247416,11.56,11.62,11.49,11.61,48247416
2019-08-30,11.72,11.86,11.57,11.76,69923976,11.72,11.86,11.57,11.76,69923976,11.72,11.86,11.57,11.76,69923976
2019-09-02,11.78,11.86,11.69,11.75,72051939,11.78,11.86,11.69,11.75,72051939,11.78,11.86,11.69,11.75,72051939
2019-09-03,12.05,12.13,11.97,12.10,66254222,12.05,12.13,11.97,12.10,66254222,12.05,12.13,11.97,12.10,66254222
2019-09-04,12.44,12.56,12.32,12.38,64306936,12.44,12.56,12.32,12.38,64306936,12.44,12.56,12.32,12.38,64306936
2019-09-05,12.54,12.60,12.48,12.50,73980236,12.54,12.60,12.48,12.50,73980236,12.54,12.60,12.48,12.50,73980236
2019-09-06,12.79,12.86,12.72,12.80,55960726,12.79,12.86,12.72,12.80,55960726,12.79,12.86,12.72,12.80,55960726
2019-09-09,12.68,12.82,12.53,12.77,53540648,12.68,12.82,12.53,12.77,53540648,12.68,12.82,12.53,12.77,53540648
2019-09-10,12.99,13.11,12.87,12.99,72718578,12.99,13.11,12.87,12.99,72718578,12.99,13.11,12.87,12.99,72718578
2019-09-11,13.21,13.31,13.10,13.19,71078368,13.21,13.31,13.10,13.19,71078368,13.21,13.31,13.10,13.19,71078368
2019-09-12,13.17,13.35,12.99,13.17,58134685,13.17,13.35,12.99,13.17,58134685,13.17,13.35,12.99,13.17,58134685
2019-09-13,13.13,13.31,12.96,13.01,72773590,13.13,13.31,12.96,13.01,72773590,13.13,13.31,12.96,13.01,72773590
2019-09-16,13.07,13.21,12.93,13.09,39057039,13.07,13.21,12.93,13.09,39057039,13.07,13.21,12.93,13.09,39057039
2019-09-17,13.39,13.51,13.27,13.31,57842413,13.39,13.51,13.27,13.31,57842413,13.39,13.51,13.27,13.31,57842413
2019-09-18,13.02,13.13,12.91,12.96,53493246,13.02,13.13,12.91,12.96,53493246,13.02,13.13,12.91,12.96,53493246
2019-09-19,13.28,13.44,13.13,13.19,41974731,13.28,13.44,13.13,13.19,41974731,13.28,13.44,13.13,13.19,41974731
2019-09-20,13.06,13.18,12.95,13.06,61871820,13.06,13.18,12.95,13.06,61871820,13.06,13.18,12.95,13.06,61871820
2019-09-23,13.03,13.24,12.82,13.03,56794743,13.03,13.24,12.82,13.03,56794743,13.03,13.24,12.82,13.03,56794743
2019-09-24,13.14,13.26,13.02,13.16,46894911,13.14,13.26,13.02,13.16,46894911,13.14,13.26,13.02,13.16,46894911
2019-09-25,13.33,13.57,13.08,13.31,66431772,13.33,13.57,13.08,13.31,66431772,13.33,13.57,13.08,13.31,66431772
2019-09-26,13.17,13.37,12.96,13.18,57588180,13.17,13.37,12.96,13.18,57588180,13.17,13.37,12.96,13.18,57588180
2019-09-27,12.85,12.99,12.71,12.87,45125568,12.85,12.99,12.71,12.87,45125568,12.85,12.99,12.71,12.87,45125568
2019-09-30,13.05,13.21,12.88,12.98,60406308,13.05,13.21,12.88,12.98,60406308,13.05,13.21,12.88,12.98,60406308
2019-10-01,13.59,13.76,13.43,13.57,47084472,13.59,13.76,13.43,13.57,47084472,13.59,13.76,13.43,13.57,47084472
2019-10-02,13.84,14.05,13.63,13.74,45378533,13.84,14.05,13.63,13.74,45378533,13.84,14.05,13.63,13.74,45378533
2019-10-03,13.59,13.75,13.43,13.56,64807775,13.59,13.75,13.43,13.56,64807775,13.59,13.75,13.43,13.56,64807775
2019-10-04,13.64,13.79,13.48,13.63,69481159,13.64,13.79,13.48,13.63,69481159,13.64,13.79,13.48,13.63,69481159
2019-10-07,14.03,14.18,13.88,14.08,58914944,14.03,14.18,13.88,14.08,58914944,14.03,14.18,13.88,14.08,58914944
2019-10-08,13.74,13.95,13.54,13.64,49320325,13.74,13.95,13.54,13.64,49320325,13.74,13.95,13.54,13.64,49320325
2019-10-09,13.52,13.75,13.30,13.51,60534729,13.52,13.75,13.30,13.51,60534729,13.52,13.75,13.30,13.51,60534729
2019-10-10,13.85,14.01,13.69,13.90,71534101,13.85,14.01,13.69,13.90,71534101,13.85,14.01,13.69,13.90,71534101
2019-10-11,13.83,13.94,13.71,13.82,55978469,13.83,13.94,13.71,13.82,55978469,13.83,13.94,13.71,13.82,55978469
2019-10-14,13.47,13.58,13.35,13.42,71374818,13.47,13.58,13.35,13.42,71374818,13.47,13.58,13.35,13.42,71374818
2019-10-15,13.71,13.80,13.61,13.67,62456154,13.71,13.80,13.61,13.67,62456154,13.71,13.80,13.61,13.67,62456154
2019-10-16,13.52,13.69,13.36,13.51,71989593,13.52,13.69,13.36,13.51,71989593,13.52,13.69,13.36,13.51,71989593
2019-10-17,13.78,13.98,13.59,13.80,73565086,13.78,13.98,13.59,13.80,73565086,13.78,13.98,13.59,13.80,73565086
2019-10-18,13.98,14.09,13.86,13.90,73562286,13.98,14.09,13.86,13.90,73562286,13.98,14.09,13.86,13.90,73562286
2019-10-21,13.83,13.98,13.68,13.88,51628335,13.83,13.98,13.68,13.88,51628335,13.83,13.98,13.68,13.88,51628335
2019-10-22,13.96,14.15,13.76,13.85,58044503,13.96,14.15,13.76,13.85,58044503,13.96,14.15,13.76,13.85,58044503
2019-10-23,14.17,14.38,13.96,14.16,44930079,14.17,14.38,13.96,14.16,44930079,14.17,14.38,13.96,14.16,44930079
2019-10-24,14.24,14.34,14.14,14.23,52820279,14.24,14.34,14.14,14.23,52820279,14.24,14.34,14.14,14.23,52820279
2019-10-25,14.36,14.49,14.23,14.37,48421314,14.36,14.49,14.23,14.37,48421314,14.36,14.49,14.23,14.37,48421314
2019-10-28,14.09,14.31,13.87,14.20,43216619,14.09,14.31,13.87,14.20,43216619,14.09,14.31,13.87,14.20,43216619
2019-10-29,14.16,14.36,13.97,14.17,61494192,14.16,14.36,13.97,14.17,61494192,14.16,14.36,13.97,14.17,61494192
2019-10-30,14.17,14.34,14.00,14.15,58081444,14.17,14.34,14.00,14.15,58081444,14.17,14.34,14.00,14.15,58081444
2019-10-31,13.83,13.97,13.69,13.76,39640902,13.83,13.97,13.69,13.76,39640902,13.83,13.97,13.69,13.76,39640902
2019-11-01,13.76,13.97,13.55,13.68,76127351,13.76,13.97,13.55,13.68,76127351,13.76,13.97,13.55,13.68,76127351
2019-11-04,14.21,14.36,14.07,14.18,55987439,14.21,14.36,14.07,14.18,55987439,14.21,14.36,14.07,14.18,55987439
2019-11-05,14.38,14.54,14.22,14.33,39488690,14.38,14.54,14.22,14.33,39488690,14.38,14.54,14.22,14.33,39488690
2019-11-06,14.57,14.67,14.46,14.50,67071287,14.57,14.67,14.46,14.50,67071287,14.57,14.67,14.46,14.50,67071287
2019-11-07,14.38,14.59,14.17,14.44,60104947,14.38,14.59,14.17,14.44,60104947,14.38,14.59,14.17,14.44,60104947
2019-11-08,14.57,14.69,14.44,14.68,71623208,14.57,14.69,14.44,14.68,71623208,14.57,14.69,14.44,14.68,71623208
2019-11-11,15.15,15.27,15.03,15.07,63726348,15.15,15.27,15.03,15.07,63726348,15.15,15.27,15.03,15.07,63726348
2019-11-12,15.36,15.45,15.27,15.33,76702651,15.36,15.45,15.27,15.33,76702651,15.36,15.45,15.27,15.33,76702651
2019-11-13,15.61,15.81,15.40,15.60,70868070,15.61,15.81,15.40,15.60,70868070,15.61,15.81,15.40,15.60,70868070
2019-11-14,16.04,16.20,15.89,15.94,61238234,16.04,16.20,15.89,15.94,61238234,16.04,16.20,15.89,15.94,61238234
2019-11-15,15.71,15.86,15.56,15.64,61674927,15.71,15.86,15.56,15.64,61674927,15.71,15.86,15.56,15.64,61674927
2019-11-18,15.41,15.51,15.31,15.39,39888383,15.41,15.51,15.31,15.39,39888383,15.41,15.51,15.31,15.39,39888383
2019-11-19,15.73,15.89,15.58,15.73,48733087,15.73,15.89,15.58,15.73,48733087,15.73,15.89,15.58,15.73,48733087
2019-11-20,15.85,15.95,15.75,15.81,69483237,15.85,15.95,15.75,15.81,69483237,15.85,15.95,15.75,15.81,69483237
2019-11-21,16.28,16.42,16.14,16.17,47277776,16.28,16.42,16.14,16.17,47277776,16.28,16.42,16.14,16.17,47277776
2019-11-22,16.36,16.59,16.14,16.35,41364479,16.36,16.59,16.14,16.35,41364479,16.36,16.59,16.14,16.35,41364479
2019-11-25,16.26,16.46,16.06,16.34,64661785,16.26,16.46,16.06,16.34,64661785,16.26,16.46,16.06,16.34,64661785
2019-11-26,16.35,16.49,16.22,16.33,49498495,16.35,16.49,16.22,16.33,49498495,16.35,16.49,16.22,16.33,49498495
2019-11-27,16.28,16.39,16.16,16.25,70661346,16.28,16.39,16.16,16.25,70661346,16.28,16.39,16.16,16.25,70661346
2019-11-28,16.46,16.54,16.37,16.51,54378097,16.46,16.54,16.37,16.51,54378097,16.46,16.54,16.37,16.51,54378097
2019-11-29,16.65,16.93,16.37,16.58,41301972,16.65,16.93,16.37,16.58,41301972,16.65,16.93,16.37,16.58,41301972
2019-12-02,17.65,17.84,17.45,17.57,72813503,17.65,17.84,17.45,17.57,72813503,17.65,17.84,17.45,17.57,72813503
2019-12-03,16.94,17.15,16.73,16.91,49220195,16.94,17.15,16.73,16.91,49220195,16.94,17.15,16.73,16.91,49220195
2019-12-04,16.86,17.03,16.68,16.82,57200212,16.86,17.03,16.68,16.82,57200212,16.86,17.03,16.68,16.82,57200212
2019-12-05,16.77,16.95,16.60,16.73,41913659,16.77,16.95,16.60,16.73,41913659,16.77,16.95,16.60,16.73,41913659
2019-12-06,16.95,17.21,16.69,16.99,50305641,16.95,17.21,16.69,16.99,50305641,16.95,17.21,16.69,16.99,50305641
2019-12-09,16.99,17.12,16.86,16.93,65990446,16.99,17.12,16.86,16.93,65990446,16.99,17.12,16.86,16.93,65990446
2019-12-10,17.42,17.73,17.11,17.39,69026369,17.42,17.73,17.11,17.39,69026369,17.42,17.73,17.11,17.39,69026369
2019-12-11,17.19,17.42,16.97,17.06,68508571,17.19,17.42,16.97,17.06,68508571,17.19,17.42,16.97,17.06,68508571
2019-12-12,16.95,17.14,16.77,17.00,71713254,16.95,17.14,16.77,17.00,71713254,16.95,17.14,16.77,17.00,71713254
2019-12-13,16.97,17.26,16.68,16.85,63165825,16.97,17.26,16.68,16.85,63165825,16.97,17.26,16.68,16.85,63165825
2019-12-16,16.87,17.02,16.73,16.82,76747284,16.87,17.02,16.73,16.82,76747284,16.87,17.02,16.73,16.82,76747284
2019-12-17,17.08,17.32,16.85,16.97,75356606,17.08,17.32,16.85,16.97,75356606,17.08,17.32,16.85,16.97,75356606
2019-12-18,17.01,17.23,16.79,17.01,42311949,17.01,17.23,16.79,17.01,42311949,17.01,17.23,16.79,17.01,42311949
2019-12-19,16.91,17.02,16.81,16.86,65288322,16.91,17.02,16.81,16.86,65288322,16.91,17.02,16.81,16.86,65288322
2019-12-20,16.92,17.09,16.74,16.91,67146204,16.92,17.09,16.74,16.91,67146204,16.92,17.09,16.74,16.91,67146204
2019-12-23,17.14,17.25,17.03,17.08,38954967,17.14,17.25,17.03,17.08,38954967,17.14,17.25,17.03,17.08,38954967
2019-12-24,16.72,16.86,16.58,16.74,65417200,16.72,16.86,16.58,16.74,65417200,16.72,16.86,16.58,16.74,65417200
2019-12-25,16.48,16.60,16.36,16.47,39224083,16.48,16.60,16.36,16.47,39224083,16.48,16.60,16.36,16.47,39224083
2019-12-26,16.85,16.95,16.76,16.89,61033764,16.85,16.95,16.76,16.89,61033764,16.85,16.95,16.76,16.89,61033764
2019-12-27,16.79,17.05,16.54,16.74,51308591,16.79,17.05,16.54,16.74,51308591,16.79,17.05,16.54,16.74,51308591
2019-12-30,16.71,16.90,16.52,16.62,74464368,16.71,16.90,16.52,16.62,74464368,16.71,16.90,16.52,16.62,74464368
2019-12-31,16.39,16.57,16.20,16.38,75762246,16.39,16.57,16.20,16.38,75762246,16.39,16.57,16.20,16.38,75762246
2020-01-01,16.33,16.50,16.17,16.36,57205441,16.33,16.50,16.17,16.36,57205441,16.33,16.50,16.17,16.36,57205441
2020-01-02,16.55,16.77,16.32,16.47,71769455,16.55,16.77,16.32,16.47,71769455,16.55,16.77,16.32,16.47,71769455
2020-01-03,16.53,16.79,16.26,16.44,52862907,16.53,16.79,16.26,16.44,52862907,16.53,16.79,16.26,16.44,52862907
2020-01-06,16.56,16.80,16.33,16.59,45141464,16.56,16.80,16.33,16.59,45141464,16.56,16.80,16.33,16.59,45141464
2020-01-07,16.31,16.49,16.14,16.27,70998166,16.31,16.49,16.14,16.27,70998166,16.31,16.49,16.14,16.27,70998166
2020-01-08,16.04,16.25,15.84,16.02,49615106,16.04,16.25,15.84,16.02,49615106,16.04,16.25,15.84,16.02,49615106
2020-01-09,15.95,16.14,15.77,15.99,74669309,15.95,16.14,15.77,15.99,74669309,15.95,16.14,15.77,15.99,74669309
2020-01-10,15.89,16.07,15.70,15.84,60688249,15.89,16.07,15.70,15.84,60688249,15.89,16.07,15.70,15.84,60688249
2020-01-13,15.56,15.69,15.43,15.45,45070347,15.56,15.69,15.43,15.45,45070347,15.56,15.69,15.43,15.45,45070347
2020-01-14,15.41,15.64,15.18,15.49,63518149,15.41,15.64,15.18,15.49,63518149,15.41,15.64,15.18,15.49,63518149
2020-01-15,15.54,15.74,15.33,15.56,38822225,15.54,15.74,15.33,15.56,38822225,15.54,15.74,15.33,15.56,38822225
2020-01-16,15.98,16.27,15.68,15.99,50957977,15.98,16.27,15.68,15.99,50957977,15.98,16.27,15.68,15.99,50957977
2020-01-17,16.15,16.31,16.00,16.08,47939678,16.15,16.31,16.00,16.08,47939678,16.15,16.31,16.00,16.08,47939678
2020-01-20,15.79,15.99,15.58,15.94,39633968,15.79,15.99,15.58,15.94,39633968,15.79,15.99,15.58,15.94,39633968
2020-01-21,15.78,15.89,15.67,15.80,41586827,15.78,15.89,15.67,15.80,41586827,15.78,15.89,15.67,15.80,41586827
2020-01-22,15.57,15.76,15.37,15.48,61327539,15.57,15.76,15.37,15.48,61327539,15.57,15.76,15.37,15.48,61327539
2020-01-23,15.15,15.41,14.88,15.14,71735725,15.15,15.41,14.88,15.14,71735725,15.15,15.41,14.88,15.14,71735725
2020-01-24,15.29,15.42,15.16,15.33,60982398,15.29,15.42,15.16,15.33,60982398,15.29,15.42,15.16,15.33,60982398
2020-01-27,15.14,15.24,15.04,15.09,70346926,15.14,15.24,15.04,15.09,70346926,15.14,15.24,15.04,15.09,70346926
2020-01-28,15.03,15.16,14.91,15.06,66417648,15.03,15.16,14.91,15.06,66417648,15.03,15.16,14.91,15.06,66417648
2020-01-29,15.27,15.44,15.10,15.29,46901364,15.27,15.44,15.10,15.29,46901364,15.27,15.44,15.10,15.29,46901364
2020-01-30,15.59,15.78,15.39,15.53,53843501,15.59,15.78,15.39,15.53,53843501,15.59,15.78,15.39,15.53,53843501
2020-01-31,15.40,15.60,15.19,15.44,74148262,15.40,15.60,15.19,15.44,74148262,15.40,15.60,15.19,15.44,74148262
2020-02-03,15.12,15.35,14.89,15.05,52425639,15.12,15.35,14.89,15.05,52425639,15.12,15.35,14.89,15.05,52425639
2020-02-04,14.86,15.04,14.69,14.76,56350115,14.86,15.04,14.69,14.76,56350115,14.86,15.04,14.69,14.76,56350115
2020-02-05,14.58,14.79,14.37,14.51,75113982,14.58,14.79,14.37,14.51,75113982,14.58,14.79,14.37,14.51,75113982
2020-02-06,14.08,14.24,13.93,14.11,53565069,14.08,14.24,13.93,14.11,53565069,14.08,14.24,13.93,14.11,53565069
2020-02-07,13.85,13.91,13.79,13.80,41575021,13.85,13.91,13.79,13.80,41575021,13.85,13.91,13.79,13.80,41575021
2020-02-10,14.07,14.20,13.93,14.09,61846975,14.07,14.20,13.93,14.09,61846975,14.07,14.20,13.93,14.09,61846975
2020-02-11,13.43,13.68,13.17,13.32,55105830,13.43,13.68,13.17,13.32,55105830,13.43,13.68,13.17,13.32,55105830
2020-02-12,13.21,13.36,13.07,13.09,61840550,13.21,13.36,13.07,13.09,61840550,13.21,13.36,13.07,13.09,61840550
2020-02-13,13.11,13.27,12.96,13.19,67013401,13.11,13.27,12.96,13.19,67013401,13.11,13.27,12.96,13.19,67013401
2020-02-14,13.18,13.34,13.01,13.21,51784959,13.18,13.34,13.01,13.21,51784959,13.18,13.34,13.01,13.21,51784959
2020-02-17,13.08,13.20,12.96,13.00,73682869,13.08,13.20,12.96,13.00,73682869,13.08,13.20,12.96,13.00,73682869
2020-02-18,12.86,12.95,12.78,12.88,65142516,12.86,12.95,12.78,12.88,65142516,12.86,12.95,12.78,12.88,65142516
2020-02-19,13.07,13.21,12.93,13.13,73031526,13.07,13.21,12.93,13.13,73031526,13.07,13.21,12.93,13.13,73031526
2020-02-20,12.93,13.10,12.76,12.92,42422412,12.93,13.10,12.76,12.92,42422412,12.93,13.10,12.76,12.92,42422412
2020-02-21,12.90,13.08,12.73,12.88,46271135,12.90,13.08,12.73,12.88,46271135,12.90,13.08,12.73,12.88,46271135
2020-02-24,12.96,13.08,12.84,12.98,65285337,12.96,13.08,12.84,12.98,65285337,12.96,13.08,12.84,12.98,65285337
2020-02-25,12.63,12.77,12.50,12.64,65141273,12.63,12.77,12.50,12.64,65141273,12.63,12.77,12.50,12.64,65141273
2020-02-26,12.59,12.72,12.47,12.61,73171800,12.59,12.72,12.47,12.61,73171800,12.59,12.72,12.47,12.61,73171800
2020-02-27,12.63,12.79,12.48,12.61,55734230,12.63,12.79,12.48,12.61,55734230,12.63,12.79,12.48,12.61,55734230
2020-02-28,12.70,12.85,12.54,12.70,63190991,12.70,12.85,12.54,12.70,63190991,12.70,12.85,12.54,12.70,63190991
2020-03-02,12.90,13.02,12.77,12.95,58310673,12.90,13.02,12.77,12.95,58310673,12.90,13.02,12.77,12.95,58310673
2020-03-03,13.30,13.43,13.16,13.20,73474512,13.30,13.43,13.16,13.20,73474512,13.30,13.43,13.16,13.20,73474512
2020-03-04,13.26,13.38,13.15,13.21,69005202,13.26,13.38,13.15,13.21,69005202,13.26,13.38,13.15,13.21,69005202
2020-03-05,13.73,13.83,13.63,13.69,56451558,13.73,13.83,13.63,13.69,56451558,13.73,13.83,13.63,13.69,56451558
2020-03-06,13.30,13.44,13.17,13.37,45526148,13.30,13.44,13.17,13.37,45526148,13.30,13.44,13.17,13.37,45526148
2020-03-09,13.14,13.26,13.02,13.14,59948517,13.14,13.26,13.02,13.14,59948517,13.14,13.26,13.02,13.14,59948517
2020-03-10,13.33,13.47,13.20,13.29,43772717,13.33,13.47,13.20,13.29,43772717,13.33,13.47,13.20,13.29,43772717
2020-03-11,13.41,13.55,13.27,13.41,43766001,13.41,13.55,13.27,13.41,43766001,13.41,13.55,13.27,13.41,43766001
2020-03-12,12.97,13.12,12.82,12.97,62086340,12.97,13.12,12.82,12.97,62086340,12.97,13.12,12.82,12.97,62086340
2020-03-13,13.17,13.25,13.08,13.20,61192039,13.17,13.25,13.08,13.20,61192039,13.17,13.25,13.08,13.20,61192039
2020-03-16,12.93,13.16,12.70,12.91,44224248,12.93,13.16,12.70,12.91,44224248,12.93,13.16,12.70,12.91,44224248
2020-03-17,12.76,12.86,12.67,12.83,65557598,12.76,12.86,12.67,12.83,65557598,12.76,12.86,12.67,12.83,65557598
2020-03-18,13.00,13.19,12.81,12.95,58905940,13.00,13.19,12.81,12.95,58905940,13.00,13.19,12.81,12.95,58905940
2020-03-19,13.03,13.18,12.88,13.09,39921130,13.03,13.18,12.88,13.09,39921130,13.03,13.18,12.88,13.09,39921130
2020-03-20,12.80,12.94,12.67,12.83,69486448,12.80,12.94,12.67,12.83,69486448,12.80,12.94,12.67,12.83,69486448
2020-03-23,12.69,12.77,12.61,12.71,60060160,12.69,12.77,12.61,12.71,60060160,12.69,12.77,12.61,12.71,60060160
2020-03-24,12.69,12.82,12.55,12.61,54687536,12.69,12.82,12.55,12.61,54687536,12.69,12.82,12.55,12.61,54687536
2020-03-25,12.53,12.58,12.48,12.53,72660999,12.53,12.58,12.48,12.53,72660999,12.53,12.58,12.48,12.53,72660999
2020-03-26,12.87,13.04,12.70,12.86,72455370,12.87,13.04,12.70,12.86,72455370,12.87,13.04,12.70,12.86,72455370
2020-03-27,12.53,12.63,12.44,12.53,42759865,12.53,12.63,12.44,12.53,42759865,12.53,12.63,12.44,12.53,42759865
2020-03-30,12.22,12.40,12.03,12.21,63602954,12.22,12.40,12.03,12.21,63602954,12.22,12.40,12.03,12.21,63602954
2020-03-31,12.27,12.38,12.16,12.22,53654704,12.27,12.38,12.16,12.22,53654704,12.27,12.38,12.16,12.22,53654704
2020-04-01,11.98,12.08,11.87,12.00,43653178,11.98,12.08,11.87,12.00,43653178,11.98,12.08,11.87,12.00,43653178
2020-04-02,12.07,12.14,12.01,12.11,76150625,12.07,12.14,12.01,12.11,76150625,12.07,12.14,12.01,12.11,76150625
2020-04-03,12.43,12.47,12.40,12.43,63925868,12.43,12.47,12.40,12.43,63925868,12.43,12.47,12.40,12.43,63925868
2020-04-06,12.56,12.70,12.43,12.47,53271739,12.56,12.70,12.43,12.47,53271739,12.56,12.70,12.43,12.47,53271739
2020-04-07,12.77,13.01,12.53,12.77,56247179,12.77,13.01,12.53,12.77,56247179,12.77,13.01,12.53,12.77,56247179
2020-04-08,12.88,13.01,12.74,12.86,47970736,12.88,13.01,12.74,12.86,47970736,12.88,13.01,12.74,12.86,47970736
2020-04-09,13.00,13.11,12.89,12.97,70068388,13.00,13.11,12.89,12.97,70068388,13.00,13.11,12.89,12.97,70068388
2020-04-10,12.92,13.11,12.73,12.99,48025875,12.92,13.11,12.73,12.99,48025875,12.92,13.11,12.73,12.99,48025875
2020-04-13,13.00,13.11,12.90,13.03,60393380,13.00,13.11,12.90,13.03,60393380,13.00,13.11,12.90,13.03,60393380
2020-04-14,13.14,13.30,12.98,13.13,55438642,13.14,13.30,12.98,13.13,55438642,13.14,13.30,12.98,13.13,55438642
2020-04-15,13.40,13.60,13.20,13.40,58311783,13.40,13.60,13.20,13.40,58311783,13.40,13.60,13.20,13.40,58311783
2020-04-16,13.63,13.87,13.40,13.54,61964500,13.63,13.87,13.40,13.54,61964500,13.63,13.87,13.40,13.54,61964500
2020-04-17,13.76,13.96,13.57,13.76,65977283,13.76,13.96,13.57,13.76,65977283,13.76,13.96,13.57,13.76,65977283
2020-04-20,14.11,14.24,13.98,14.08,69999917,14.11,14.24,13.98,14.08,69999917,14.11,14.24,13.98,14.08,69999917
2020-04-21,14.49,14.69,14.30,14.49,39219611,14.49,14.69,14.30,14.49,39219611,14.49,14.69,14.30,14.49,39219611
2020-04-22,14.95,15.18,14.73,14.93,66329706,14.95,15.18,14.73,14.93,66329706,14.95,15.18,14.73,14.93,66329706
2020-04-23,14.96,15.20,14.71,14.91,73465636,14.96,15.20,14.71,14.91,73465636,14.96,15.20,14.71,14.91,73465636
2020-04-24,15.00,15.23,14.78,15.03,58793389,15.00,15.23,14.78,15.03,58793389,15.00,15.23,14.78,15.03,58793389
2020-04-27,14.68,14.91,14.45,14.80,47914268,14.68,14.91,14.45,14.80,47914268,14.68,14.91,14.45,14.80,47914268
2020-04-28,14.98,15.18,14.78,14.99,58770455,14.98,15.18,14.78,14.99,58770455,14.98,15.18,14.78,14.99,58770455
2020-04-29,14.92,15.07,14.77,14.90,63234723,14.92,15.07,14.77,14.90,63234723,14.92,15.07,14.77,14.90,63234723
2020-04-30,15.18,15.47,14.89,15.18,58739920,15.18,15.47,14.89,15.18,58739920,15.18,15.47,14.89,15.18,58739920
2020-05-01,15.03,15.22,14.84,15.10,55131575,15.03,15.22,14.84,15.10,55131575,15.03,15.22,14.84,15.10,55131575
2020-05-04,15.13,15.34,14.93,15.22,43326779,15.13,15.34,14.93,15.22,43326779,15.13,15.34,14.93,15.22,43326779
2020-05-05,15.13,15.24,15.01,15.02,74370067,15.13,15.24,15.01,15.02,74370067,15.13,15.24,15.01,15.02,74370067
2020-05-06,15.18,15.27,15.08,15.12,75440503,15.18,15.27,15.08,15.12,75440503,15.18,15.27,15.08,15.12,75440503
2020-05-07,15.50,15.59,15.41,15.51,62660568,15.50,15.59,15.41,15.51,62660568,15.50,15.59,15.41,15.51,62660568
2020-05-08,15.48,15.68,15.28,15.50,62607797,15.48,15.68,15.28,15.50,62607797,15.48,15.68,15.28,15.50,62607797
2020-05-11,15.34,15.52,15.15,15.20,53054459,15.34,15.52,15.15,15.20,53054459,15.34,15.52,15.15,15.20,53054459
2020-05-12,15.53,15.74,15.33,15.47,51910816,15.53,15.74,15.33,15.47,51910816,15.53,15.74,15.33,15.47,51910816
2020-05-13,15.22,15.44,15.01,15.22,67848932,15.22,15.44,15.01,15.22,67848932,15.22,15.44,15.01,15.22,67848932
2020-05-14,14.91,14.98,14.84,14.95,73545455,14.91,14.98,14.84,14.95,73545455,14.91,14.98,14.84,14.95,73545455
2020-05-15,15.09,15.28,14.91,15.15,74513687,15.09,15.28,14.91,15.15,74513687,15.09,15.28,14.91,15.15,74513687
2020-05-18,15.47,15.65,15.30,15.54,52106255,15.47,15.65,15.30,15.54,52106255,15.47,15.65,15.30,15.54,52106255
2020-05-19,15.49,15.70,15.28,15.52,70983029,15.49,15.70,15.28,15.52,70983029,15.49,15.70,15.28,15.52,70983029
2020-05-20,15.93,16.19,15.67,15.86,50154833,15.93,16.19,15.67,15.86,50154833,15.93,16.19,15.67,15.86,50154833
2020-05-21,15.79,16.01,15.57,15.72,68370246,15.79,16.01,15.57,15.72,68370246,15.79,16.01,15.57,15.72,68370246
2020-05-22,15.21,15.37,15.04,15.25,44053074,15.21,15.37,15.04,15.25,44053074,15.21,15.37,15.04,15.25,44053074
2020-05-25,15.29,15.32,15.26,15.29,64028969,15.29,15.32,15.26,15.29,64028969,15.29,15.32,15.26,15.29,64028969
2020-05-26,15.78,15.97,15.58,15.73,48547301,15.78,15.97,15.58,15.73,48547301,15.78,15.97,15.58,15.73,48547301
2020-05-27,16.31,16.53,16.10,16.21,52570734,16.31,16.53,16.10,16.21,52570734,16.31,16.53,16.10,16.21,52570734
2020-05-28,15.89,16.01,15.77,15.83,53386497,15.89,16.01,15.77,15.83,53386497,15.89,16.01,15.77,15.83,53386497
2020-05-29,15.87,15.95,15.78,15.86,43550720,15.87,15.95,15.78,15.86,43550720,15.87,15.95,15.78,15.86,43550720
2020-06-01,15.92,16.18,15.65,15.89,74735446,15.92,16.18,15.65,15.89,74735446,15.92,16.18,15.65,15.89,74735446
2020-06-02,16.03,16.13,15.93,15.99,69219236,16.03,16.13,15.93,15.99,69219236,16.03,16.13,15.93,15.99,69219236
2020-06-03,16.56,16.75,16.37,16.57,59768561,16.56,16.75,16.37,16.57,59768561,16.56,16.75,16.37,16.57,59768561
2020-06-04,16.33,16.46,16.20,16.33,62193629,16.33,16.46,16.20,16.33,62193629,16.33,16.46,16.20,16.33,62193629
2020-06-05,16.16,16.36,15.96,16.16,59009299,16.16,16.36,15.96,16.16,59009299,16.16,16.36,15.96,16.16,59009299
2020-06-08,15.90,16.08,15.71,15.88,50245690,15.90,16.08,15.71,15.88,50245690,15.90,16.08,15.71,15.88,50245690
2020-06-09,15.97,16.11,15.83,15.97,61489980,15.97,16.11,15.83,15.97,61489980,15.97,16.11,15.83,15.97,61489980
2020-06-10,16.10,16.27,15.93,16.10,42238729,16.10,16.27,15.93,16.10,42238729,16.10,16.27,15.93,16.10,42238729
2020-06-11,15.97,16.21,15.73,15.91,59204921,15.97,16.21,15.73,15.91,59204921,15.97,16.21,15.73,15.91,59204921
2020-06-12,16.07,16.30,15.85,16.08,38785367,16.07,16.30,15.85,16.08,38785367,16.07,16.30,15.85,16.08,38785367
2020-06-15,15.74,15.84,15.65,15.76,74578979,15.74,15.84,15.65,15.76,74578979,15.74,15.84,15.65,15.76,74578979
2020-06-16,16.28,16.45,16.10,16.34,66827345,16.28,16.45,16.10,16.34,66827345,16.28,16.45,16.10,16.34,66827345
2020-06-17,16.75,16.93,16.58,16.65,59636865,16.75,16.93,16.58,16.65,59636865,16.75,16.93,16.58,16.65,59636865
2020-06-18,16.83,16.99,16.68,16.80,45686948,16.83,16.99,16.68,16.80,45686948,16.83,16.99,16.68,16.80,45686948
2020-06-19,16.39,16.53,16.24,16.37,59815422,16.39,16.53,16.24,16.37,59815422,16.39,16.53,16.24,16.37,59815422
2020-06-22,16.40,16.63,16.17,16.39,52234595,16.40,16.63,16.17,16.39,52234595,16.40,16.63,16.17,16.39,52234595
2020-06-23,15.91,16.10,15.71,15.93,57382027,15.91,16.10,15.71,15.93,57382027,15.91,16.10,15.71,15.93,57382027
2020-06-24,16.53,16.66,16.41,16.45,43273507,16.53,16.66,16.41,16.45,43273507,16.53,16.66,16.41,16.45,43273507
2020-06-25,16.58,16.89,16.27,16.65,38970823,16.58,16.89,16.27,16.65,38970823,16.58,16.89,16.27,16.65,38970823
2020-06-26,16.62,16.80,16.45,16.55,44564083,16.62,16.80,16.45,16.55,44564083,16.62,16.80,16.45,16.55,44564083
2020-06-29,16.33,16.43,16.23,16.38,76741587,16.33,16.43,16.23,16.38,76741587,16.33,16.43,16.23,16.38,76741587
2020-06-30,17.06,17.31,16.81,16.94,43273153,17.06,17.31,16.81,16.94,43273153,17.06,17.31,16.81,16.94,43273153
2020-07-01,16.55,16.75,16.35,16.61,67450685,16.55,16.75,16.35,16.61,67450685,16.55,16.75,16.35,16.61,67450685
2020-07-02,16.92,17.08,16.76,16.87,59308495,16.92,17.08,16.76,16.87,59308495,16.92,17.08,16.76,16.87,59308495
2020-07-03,17.09,17.27,16.90,17.04,72915424,17.09,17.27,16.90,17.04,72915424,17.09,17.27,16.90,17.04,72915424
2020-07-06,17.09,17.29,16.89,17.16,69049158,17.09,17.29,16.89,17.16,69049158,17.09,17.29,16.89,17.16,69049158
2020-07-07,17.56,17.77,17.34,17.58,40154091,17.56,17.77,17.34,17.58,40154091,17.56,17.77,17.34,17.58,40154091
2020-07-08,18.06,18.24,17.89,18.13,46960932,18.06,18.24,17.89,18.13,46960932,18.06,18.24,17.89,18.13,46960932
2020-07-09,18.08,18.26,17.89,18.04,66468770,18.08,18.26,17.89,18.04,66468770,18.08,18.26,17.89,18.04,66468770
2020-07-10,18.60,18.71,18.48,18.55,41986498,18.60,18.71,18.48,18.55,41986498,18.60,18.71,18.48,18.55,41986498
2020-07-13,18.49,18.73,18.25,18.58,73641790,18.49,18.73,18.25,18.58,73641790,18.49,18.73,18.25,18.58,73641790
2020-07-14,18.07,18.25,17.89,17.99,61360882,18.07,18.25,17.89,17.99,61360882,18.07,18.25,17.89,17.99,61360882
2020-07-15,18.03,18.31,17.76,17.97,46246083,18.03,18.31,17.76,17.97,46246083,18.03,18.31,17.76,17.97,46246083
2020-07-16,17.92,18.08,17.77,17.89,75615094,17.92,18.08,17.77,17.89,75615094,17.92,18.08,17.77,17.89,75615094
2020-07-17,17.48,17.75,17.21,17.44,51032131,17.48,17.75,17.21,17.44,51032131,17.48,17.75,17.21,17.44,51032131
2020-07-20,17.36,17.55,17.18,17.40,51646639,17.36,17.55,17.18,17.40,51646639,17.36,17.55,17.18,17.40,51646639
2020-07-21,17.13,17.33,16.93,17.01,63813233,17.13,17.33,16.93,17.01,63813233,17.13,17.33,16.93,17.01,63813233
2020-07-22,17.34,17.44,17.24,17.30,56034789,17.34,17.44,17.24,17.30,56034789,17.34,17.44,17.24,17.30,56034789
2020-07-23,16.99,17.15,16.83,16.95,40640026,16.99,17.15,16.83,16.95,40640026,16.99,17.15,16.83,16.95,40640026
2020-07-24,17.41,17.65,17.17,17.38,73779529,17.41,17.65,17.17,17.38,73779529,17.41,17.65,17.17,17.38,73779529
2020-07-27,17.75,17.89,17.62,17.67,76766328,17.75,17.89,17.62,17.67,76766328,17.75,17.89,17.62,17.67,76766328
2020-07-28,18.09,18.26,17.91,18.01,39488717,18.09,18.26,17.91,18.01,39488717,18.09,18.26,17.91,18.01,39488717
2020-07-29,18.33,18.54,18.12,18.28,64223118,18.33,18.54,18.12,18.28,64223118,18.33,18.54,18.12,18.28,64223118
2020-07-30,18.41,18.65,18.17,18.35,46363807,18.41,18.65,18.17,18.35,46363807,18.41,18.65,18.17,18.35,46363807
2020-07-31,18.69,18.83,18.55,18.69,38823725,18.69,18.83,18.55,18.69,38823725,18.69,18.83,18.55,18.69,38823725
2020-08-03,18.90,19.20,18.60,19.00,74012057,18.90,19.20,18.60,19.00,74012057,18.90,19.20,18.60,19.00,74012057
2020-08-04,19.38,19.65,19.10,19.30,50967581,19.38,19.65,19.10,19.30,50967581,19.38,19.65,19.10,19.30,50967581
2020-08-05,19.82,20.08,19.57,19.72,50543921,19.82,20.08,19.57,19.72,50543921,19.82,20.08,19.57,19.72,50543921
2020-08-06,19.47,19.65,19.28,19.40,76756289,19.47,19.65,19.28,19.40,76756289,19.47,19.65,19.28,19.40,76756289
2020-08-07,20.20,20.55,19.85,20.09,72249398,20.20,20.55,19.85,20.09,72249398,20.20,20.55,19.85,20.09,72249398
2020-08-10,20.35,20.50,20.20,20.20,59779036,20.35,20.50,20.20,20.20,59779036,20.35,20.50,20.20,20.20,59779036
2020-08-11,20.76,21.09,20.44,20.73,57275250,20.76,21.09,20.44,20.73,57275250,20.76,21.09,20.44,20.73,57275250
2020-08-12,20.80,20.99,20.60,20.83,54811600,20.80,20.99,20.60,20.83,54811600,20.80,20.99,20.60,20.83,54811600
2020-08-13,21.30,21.52,21.08,21.32,54153679,21.30,21.52,21.08,21.32,54153679,21.30,21.52,21.08,21.32,54153679
2020-08-14,21.10,21.29,20.92,21.17,61973592,21.10,21.29,20.92,21.17,61973592,21.10,21.29,20.92,21.17,61973592
2020-08-17,21.12,21.37,20.86,21.10,40946831,21.12,21.37,20.86,21.10,40946831,21.12,21.37,20.86,21.10,40946831
2020-08-18,21.32,21.72,20.91,21.30,38979649,21.32,21.72,20.91,21.30,38979649,21.32,21.72,20.91,21.30,38979649
2020-08-19,21.48,21.75,21.20,21.50,64512318,21.48,21.75,21.20,21.50,64512318,21.48,21.75,21.20,21.50,64512318
2020-08-20,21.60,21.96,21.25,21.65,43395339,21.60,21.96,21.25,21.65,43395339,21.60,21.96,21.25,21.65,43395339
2020-08-21,22.34,22.56,22.11,22.25,48440506,22.34,22.56,22.11,22.25,48440506,22.34,22.56,22.11,22.25,48440506
2020-08-24,22.80,23.08,22.53,22.70,44726933,22.80,23.08,22.53,22.70,44726933,22.80,23.08,22.53,22.70,44726933
2020-08-25,22.69,22.83,22.56,22.61,71173219,22.69,22.83,22.56,22.61,71173219,22.69,22.83,22.56,22.61,71173219
2020-08-26,23.00,23.37,22.62,22.95,66059352,23.00,23.37,22.62,22.95,66059352,23.00,23.37,22.62,22.95,66059352
2020-08-27,22.75,23.08,22.42,22.75,73088082,22.75,23.08,22.42,22.75,73088082,22.75,23.08,22.42,22.75,73088082
2020-08-28,22.63,22.92,22.34,22.68,51184347,22.63,22.92,22.34,22.68,51184347,22.63,22.92,22.34,22.68,51184347
2020-08-31,22.27,22.47,22.06,22.41,41539201,22.27,22.47,22.06,22.41,41539201,22.27,22.47,22.06,22.41,41539201
2020-09-01,21.65,21.86,21.44,21.73,40405114,21.65,21.86,21.44,21.73,40405114,21.65,21.86,21.44,21.73,40405114
2020-09-02,21.71,21.92,21.49,21.74,55264574,21.71,21.92,21.49,21.74,55264574,21.71,21.92,21.49,21.74,55264574
2020-09-03,21.97,22.33,21.61,21.86,45458258,21.97,22.33,21.61,21.86,45458258,21.97,22.33,21.61,21.86,45458258
2020-09-04,22.05,22.35,21.75,22.00,62579849,22.05,22.35,21.75,22.00,62579849,22.05,22.35,21.75,22.00,62579849
2020-09-07,22.27,22.62,21.91,22.07,67309635,22.27,22.62,21.91,22.07,67309635,22.27,22.62,21.91,22.07,67309635
2020-09-08,22.23,22.55,21.91,22.22,52930209,22.23,22.55,21.91,22.22,52930209,22.23,22.55,21.91,22.22,52930209
2020-09-09,22.68,22.99,22.38,22.52,58584681,22.68,22.99,22.38,22.52,58584681,22.68,22.99,22.38,22.52,58584681
2020-09-10,22.65,22.96,22.33,22.72,44464110,22.65,22.96,22.33,22.72,44464110,22.65,22.96,22.33,22.72,44464110
2020-09-11,23.07,23.42,22.71,22.97,76549726,23.07,23.42,22.71,22.97,76549726,23.07,23.42,22.71,22.97,76549726
2020-09-14,23.39,23.59,23.19,23.37,42739495,23.39,23.59,23.19,23.37,42739495,23.39,23.59,23.19,23.37,42739495
2020-09-15,23.33,23.52,23.13,23.29,60547503,23.33,23.52,23.13,23.29,60547503,23.33,23.52,23.13,23.29,60547503
2020-09-16,23.49,23.73,23.25,23.33,48738915,23.49,23.73,23.25,23.33,48738915,23.49,23.73,23.25,23.33,48738915
2020-09-17,23.61,23.79,23.42,23.54,61227923,23.61,23.79,23.42,23.54,61227923,23.61,23.79,23.42,23.54,61227923
2020-09-18,24.02,24.22,23.82,23.99,53677902,24.02,24.22,23.82,23.99,53677902,24.02,24.22,23.82,23.99,53677902
2020-09-21,23.65,23.96,23.34,23.65,40063465,23.65,23.96,23.34,23.65,40063465,23.65,23.96,23.34,23.65,40063465
2020-09-22,23.64,23.75,23.53,23.71,52996683,23.64,23.75,23.53,23.71,52996683,23.64,23.75,23.53,23.71,52996683
2020-09-23,24.23,24.43,24.03,24.22,57385912,24.23,24.43,24.03,24.22,57385912,24.23,24.43,24.03,24.22,57385912
2020-09-24,24.17,24.47,23.87,24.19,65438399,24.17,24.47,23.87,24.19,65438399,24.17,24.47,23.87,24.19,65438399
2020-09-25,24.95,25.27,24.62,24.86,54267962,24.95,25.27,24.62,24.86,54267962,24.95,25.27,24.62,24.86,54267962
2020-09-28,25.99,26.20,25.79,25.87,50707219,25.99,26.20,25.79,25.87,50707219,25.99,26.20,25.79,25.87,50707219
2020-09-29,26.13,26.35,25.91,26.05,61961596,26.13,26.35,25.91,26.05,61961596,26.13,26.35,25.91,26.05,61961596
2020-09-30,26.33,26.54,26.12,26.34,47048274,26.33,26.54,26.12,26.34,47048274,26.33,26.54,26.12,26.34,47048274
2020-10-01,26.85,27.21,26.48,26.84,42557702,26.85,27.21,26.48,26.84,42557702,26.85,27.21,26.48,26.84,42557702
2020-10-02,27.65,28.02,27.27,27.82,60334704,27.65,28.02,27.27,27.82,60334704,27.65,28.02,27.27,27.82,60334704
2020-10-05,28.48,28.83,28.14,28.57,65775800,28.48,28.83,28.14,28.57,65775800,28.48,28.83,28.14,28.57,65775800
2020-10-06,28.45,28.84,28.06,28.39,39498627,28.45,28.84,28.06,28.39,39498627,28.45,28.84,28.06,28.39,39498627
2020-10-07,28.60,28.80,28.40,28.47,53971133,28.60,28.80,28.40,28.47,53971133,28.60,28.80,28.40,28.47,53971133
2020-10-08,28.10,28.43,27.78,28.03,58687677,28.10,28.43,27.78,28.03,58687677,28.10,28.43,27.78,28.03,58687677
2020-10-09,27.95,28.49,27.42,27.87,59623487,27.95,28.49,27.42,27.87,59623487,27.95,28.49,27.42,27.87,59623487
2020-10-12,28.46,28.66,28.27,28.43,57498728,28.46,28.66,28.27,28.43,57498728,28.46,28.66,28.27,28.43,57498728
2020-10-13,29.26,29.44,29.07,29.08,51846248,29.26,29.44,29.07,29.08,51846248,29.26,29.44,29.07,29.08,51846248
2020-10-14,29.67,30.09,29.25,29.69,60415334,29.67,30.09,29.25,29.69,60415334,29.67,30.09,29.25,29.69,60415334
2020-10-15,31.04,31.49,30.60,30.90,40441327,31.04,31.49,30.60,30.90,40441327,31.04,31.49,30.60,30.90,40441327
2020-10-16,31.35,31.72,30.98,31.20,64721287,31.35,31.72,30.98,31.20,64721287,31.35,31.72,30.98,31.20,64721287
2020-10-19,32.19,32.49,31.89,32.28,58312630,32.19,32.49,31.89,32.28,58312630,32.19,32.49,31.89,32.28,58312630
2020-10-20,32.65,32.84,32.45,32.73,58356853,32.65,32.84,32.45,32.73,58356853,32.65,32.84,32.45,32.73,58356853
2020-10-21,32.86,33.17,32.55,33.02,75190634,32.86,33.17,32.55,33.02,75190634,32.86,33.17,32.55,33.02,75190634
2020-10-22,32.44,32.81,32.07,32.41,52946678,32.44,32.81,32.07,32.41,52946678,32.44,32.81,32.07,32.41,52946678
2020-10-23,32.11,32.73,31.49,32.02,43959400,32.11,32.73,31.49,32.02,43959400,32.11,32.73,31.49,32.02,43959400
2020-10-26,32.60,32.92,32.28,32.51,44522755,32.60,32.92,32.28,32.51,44522755,32.60,32.92,32.28,32.51,44522755
2020-10-27,33.33,33.79,32.87,33.04,71251129,33.33,33.79,32.87,33.04,71251129,33.33,33.79,32.87,33.04,71251129
2020-10-28,33.12,33.30,32.95,33.16,55986457,33.12,33.30,32.95,33.16,55986457,33.12,33.30,32.95,33.16,55986457
2020-10-29,34.97,35.40,34.53,34.55,46914533,34.97,35.40,34.53,34.55,46914533,34.97,35.40,34.53,34.55,46914533
2020-10-30,33.79,34.11,33.47,33.69,38606246,33.79,34.11,33.47,33.69,38606246,33.79,34.11,33.47,33.69,38606246
2020-11-02,33.12,33.43,32.82,33.36,73099527,33.12,33.43,32.82,33.36,73099527,33.12,33.43,32.82,33.36,73099527
2020-11-03,33.80,34.32,33.27,33.83,58029114,33.80,34.32,33.27,33.83,58029114,33.80,34.32,33.27,33.83,58029114
2020-11-04,33.24,33.60,32.88,33.28,53577405,33.24,33.60,32.88,33.28,53577405,33.24,33.60,32.88,33.28,53577405
2020-11-05,33.74,34.08,33.40,33.83,65379277,33.74,34.08,33.40,33.83,65379277,33.74,34.08,33.40,33.83,65379277
2020-11-06,35.28,35.83,34.73,35.19,47717156,35.28,35.83,34.73,35.19,47717156,35.28,35.83,34.73,35.19,47717156
2020-11-09,34.53,35.04,34.02,34.66,65118560,34.53,35.04,34.02,34.66,65118560,34.53,35.04,34.02,34.66,65118560
2020-11-10,34.33,34.72,33.94,34.48,63995238,34.33,34.72,33.94,34.48,63995238,34.33,34.72,33.94,34.48,63995238
2020-11-11,34.92,35.39,34.46,35.00,67380610,34.92,35.39,34.46,35.00,67380610,34.92,35.39,34.46,35.00,67380610
2020-11-12,34.10,34.54,33.66,34.15,52378677,34.10,34.54,33.66,34.15,52378677,34.10,34.54,33.66,34.15,52378677
2020-11-13,33.14,33.49,32.79,33.22,43353734,33.14,33.49,32.79,33.22,43353734,33.14,33.49,32.79,33.22,43353734
2020-11-16,33.62,34.07,33.16,33.52,42354410,33.62,34.07,33.16,33.52,42354410,33.62,34.07,33.16,33.52,42354410
2020-11-17,34.41,34.79,34.03,34.38,39460648,34.41,34.79,34.03,34.38,39460648,34.41,34.79,34.03,34.38,39460648
2020-11-18,35.29,35.61,34.96,35.16,43268556,35.29,35.61,34.96,35.16,43268556,35.29,35.61,34.96,35.16,43268556
2020-11-19,35.55,35.95,35.15,35.62,42570803,35.55,35.95,35.15,35.62,42570803,35.55,35.95,35.15,35.62,42570803
2020-11-20,36.24,36.65,35.84,36.12,66261873,36.24,36.65,35.84,36.12,66261873,36.24,36.65,35.84,36.12,66261873
2020-11-23,36.45,37.01,35.88,36.37,63085582,36.45,37.01,35.88,36.37,63085582,36.45,37.01,35.88,36.37,63085582
2020-11-24,35.60,36.03,35.17,35.40,42071021,35.60,36.03,35.17,35.40,42071021,35.60,36.03,35.17,35.40,42071021
2020-11-25,36.36,36.76,35.95,36.32,44636570,36.36,36.76,35.95,36.32,44636570,36.36,36.76,35.95,36.32,44636570
2020-11-26,35.87,36.25,35.49,35.96,50146351,35.87,36.25,35.49,35.96,50146351,35.87,36.25,35.49,35.96,50146351
2020-11-27,37.95,38.30,37.61,37.86,43438680,37.95,38.30,37.61,37.86,43438680,37.95,38.30,37.61,37.86,43438680
2020-11-30,38.48,38.78,38.18,38.55,65208867,38.48,38.78,38.18,38.55,65208867,38.48,38.78,38.18,38.55,65208867
2020-12-01,39.98,40.44,39.52,39.86,41708959,39.98,40.44,39.52,39.86,41708959,39.98,40.44,39.52,39.86,41708959
2020-12-02,40.29,40.67,39.91,40.16,72993125,40.29,40.67,39.91,40.16,72993125,40.29,40.67,39.91,40.16,72993125
2020-12-03,42.03,42.66,41.40,41.92,75034786,42.03,42.66,41.40,41.92,75034786,42.03,42.66,41.40,41.92,75034786
2020-12-04,41.71,42.22,41.20,41.45,52007981,41.71,42.22,41.20,41.45,52007981,41.71,42.22,41.20,41.45,52007981
2020-12-07,40.99,41.31,40.66,40.95,49401589,40.99,41.31,40.66,40.95,49401589,40.99,41.31,40.66,40.95,49401589
2020-12-08,41.79,42.27,41.32,41.73,52718063,41.79,42.27,41.32,41.73,52718063,41.79,42.27,41.32,41.73,52718063
2020-12-09,42.89,43.20,42.58,42.78,54793595,42.89,43.20,42.58,42.78,54793595,42.89,43.20,42.58,42.78,54793595
2020-12-10,42.47,42.93,42.01,42.44,52895767,42.47,42.93,42.01,42.44,52895767,42.47,42.93,42.01,42.44,52895767
2020-12-11,41.83,42.08,41.59,41.73,61859165,41.83,42.08,41.59,41.73,61859165,41.83,42.08,41.59,41.73,61859165
2020-12-14,42.56,42.88,42.25,42.69,48762793,42.56,42.88,42.25,42.69,48762793,42.56,42.88,42.25,42.69,48762793
2020-12-15,44.22,44.86,43.58,44.10,76310262,44.22,44.86,43.58,44.10,76310262,44.22,44.86,43.58,44.10,76310262
2020-12-16,43.59,43.98,43.20,43.46,66721971,43.59,43.98,43.20,43.46,66721971,43.59,43.98,43.20,43.46,66721971
2020-12-17,43.54,44.14,42.94,43.37,41253471,43.54,44.14,42.94,43.37,41253471,43.54,44.14,42.94,43.37,41253471
2020-12-18,42.70,43.13,42.27,42.70,66551541,42.70,43.13,42.27,42.70,66551541,42.70,43.13,42.27,42.70,66551541
2020-12-21,40.63,40.94,40.33,40.63,45501973,40.63,40.94,40.33,40.63,45501973,40.63,40.94,40.33,40.63,45501973
2020-12-22,39.90,40.33,39.48,40.01,62245003,39.90,40.33,39.48,40.01,62245003,39.90,40.33,39.48,40.01,62245003
2020-12-23,40.97,41.12,40.82,40.89,64410532,40.97,41.12,40.82,40.89,64410532,40.97,41.12,40.82,40.89,64410532
2020-12-24,42.23,42.79,41.68,42.03,66589541,42.23,42.79,41.68,42.03,66589541,42.23,42.79,41.68,42.03,66589541
2020-12-25,43.10,43.59,42.60,43.05,41135236,43.10,43.59,42.60,43.05,41135236,43.10,43.59,42.60,43.05,41135236
2020-12-28,44.02,44.39,43.65,44.29,59294348,44.02,44.39,43.65,44.29,59294348,44.02,44.39,43.65,44.29,59294348
2020-12-29,45.65,46.44,44.86,45.59,42707335,45.65,46.44,44.86,45.59,42707335,45.65,46.44,44.86,45.59,42707335
2020-12-30,47.03,47.47,46.60,46.79,54214637,47.03,47.47,46.60,46.79,54214637,47.03,47.47,46.60,46.79,54214637
2020-12-31,46.70,47.28,46.12,46.65,57778799,46.70,47.28,46.12,46.65,57778799,46.70,47.28,46.12,46.65,57778799
2021-01-01,45.75,46.00,45.49,45.59,39846779,45.75,46.00,45.49,45.59,39846779,45.75,46.00,45.49,45.59,39846779
2021-01-04,46.53,47.15,45.90,46.54,43819652,46.53,47.15,45.90,46.54,43819652,46.53,47.15,45.90,46.54,43819652
2021-01-05,46.95,47.30,46.60,46.99,42594761,46.95,47.30,46.60,46.99,42594761,46.95,47.30,46.60,46.99,42594761
2021-01-06,47.24,47.87,46.60,47.29,46395743,47.24,47.87,46.60,47.29,46395743,47.24,47.87,46.60,47.29,46395743
2021-01-07,47.40,47.88,46.92,47.23,52799221,47.40,47.88,46.92,47.23,52799221,47.40,47.88,46.92,47.23,52799221
2021-01-08,48.08,48.56,47.60,48.28,50029022,48.08,48.56,47.60,48.28,50029022,48.08,48.56,47.60,48.28,50029022
2021-01-11,46.60,47.15,46.04,46.75,59097275,46.60,47.15,46.04,46.75,59097275,46.60,47.15,46.04,46.75,59097275
2021-01-12,46.00,46.47,45.52,45.82,60696409,46.00,46.47,45.52,45.82,60696409,46.00,46.47,45.52,45.82,60696409
2021-01-13,45.01,45.35,44.66,45.20,65221398,45.01,45.35,44.66,45.20,65221398,45.01,45.35,44.66,45.20,65221398
2021-01-14,46.60,46.90,46.31,46.70,46606794,46.60,46.90,46.31,46.70,46606794,46.60,46.90,46.31,46.70,46606794
2021-01-15,46.96,47.41,46.51,46.82,63347511,46.96,47.41,46.51,46.82,63347511,46.96,47.41,46.51,46.82,63347511
2021-01-18,46.33,46.84,45.81,46.51,45994387,46.33,46.84,45.81,46.51,45994387,46.33,46.84,45.81,46.51,45994387
2021-01-19,46.32,47.03,45.61,46.13,70438760,46.32,47.03,45.61,46.13,70438760,46.32,47.03,45.61,46.13,70438760
2021-01-20,45.27,45.95,44.60,45.18,65622062,45.27,45.95,44.60,45.18,65622062,45.27,45.95,44.60,45.18,65622062
2021-01-21,45.91,46.47,45.36,45.85,68288371,45.91,46.47,45.36,45.85,68288371,45.91,46.47,45.36,45.85,68288371
2021-01-22,46.13,46.90,45.35,46.06,65910879,46.13,46.90,45.35,46.06,65910879,46.13,46.90,45.35,46.06,65910879
2021-01-25,45.23,45.78,44.67,45.16,52636393,45.23,45.78,44.67,45.16,52636393,45.23,45.78,44.67,45.16,52636393
2021-01-26,45.62,45.98,45.26,45.63,70470987,45.62,45.98,45.26,45.63,70470987,45.62,45.98,45.26,45.63,70470987
2021-01-27,46.56,47.12,46.00,46.32,41188450,46.56,47.12,46.00,46.32,41188450,46.56,47.12,46.00,46.32,41188450
2021-01-28,47.43,48.32,46.53,47.48,74042571,47.43,48.32,46.53,47.48,74042571,47.43,48.32,46.53,47.48,74042571
2021-01-29,47.86,48.38,47.34,47.48,48653940,47.86,48.38,47.34,47.48,48653940,47.86,48.38,47.34,47.48,48653940
2021-02-01,46.23,46.71,45.74,46.38,52669458,46.23,46.71,45.74,46.38,52669458,46.23,46.71,45.74,46.38,52669458
2021-02-02,46.22,46.80,45.64,46.28,71408598,46.22,46.80,45.64,46.28,71408598,46.22,46.80,45.64,46.28,71408598
2021-02-03,45.00,45.31,44.69,44.73,48506691,45.00,45.31,44.69,44.73,48506691,45.00,45.31,44.69,44.73,48506691
2021-02-04,43.64,43.96,43.32,43.63,51436021,43.64,43.96,43.32,43.63,51436021,43.64,43.96,43.32,43.63,51436021
2021-02-05,42.87,43.43,42.31,42.59,44818241,42.87,43.43,42.31,42.59,44818241,42.87,43.43,42.31,42.59,44818241
2021-02-08,41.22,41.75,40.69,40.95,46870085,41.22,41.75,40.69,40.95,46870085,41.22,41.75,40.69,40.95,46870085
2021-02-09,40.56,40.94,40.19,40.69,75366806,40.56,40.94,40.19,40.69,75366806,40.56,40.94,40.19,40.69,75366806
2021-02-10,41.67,42.07,41.28,41.59,58600060,41.67,42.07,41.28,41.59,58600060,41.67,42.07,41.28,41.59,58600060
2021-02-11,40.89,41.32,40.47,40.82,41959721,40.89,41.32,40.47,40.82,41959721,40.89,41.32,40.47,40.82,41959721
2021-02-12,40.71,40.96,40.46,40.65,52462783,40.71,40.96,40.46,40.65,52462783,40.71,40.96,40.46,40.65,52462783
2021-02-15,42.16,42.69,41.62,42.18,42345898,42.16,42.69,41.62,42.18,42345898,42.16,42.69,41.62,42.18,42345898
2021-02-16,42.12,42.63,41.60,42.25,53035586,42.12,42.63,41.60,42.25,53035586,42.12,42.63,41.60,42.25,53035586
2021-02-17,42.58,43.17,41.99,42.61,67405001,42.58,43.17,41.99,42.61,67405001,42.58,43.17,41.99,42.61,67405001
2021-02-18,43.50,44.01,42.98,43.25,68704049,43.50,44.01,42.98,43.25,68704049,43.50,44.01,42.98,43.25,68704049
2021-02-19,45.26,46.07,44.46,45.07,51482025,45.26,46.07,44.46,45.07,51482025,45.26,46.07,44.46,45.07,51482025
2021-02-22,45.64,46.27,45.02,45.60,47513837,45.64,46.27,45.02,45.60,47513837,45.64,46.27,45.02,45.60,47513837
2021-02-23,45.06,45.64,44.48,44.97,73483110,45.06,45.64,44.48,44.97,73483110,45.06,45.64,44.48,44.97,73483110
2021-02-24,44.51,45.13,43.90,44.34,70973862,44.51,45.13,43.90,44.34,70973862,44.51,45.13,43.90,44.34,70973862
2021-02-25,44.81,45.32,44.30,44.68,50198346,44.81,45.32,44.30,44.68,50198346,44.81,45.32,44.30,44.68,50198346
2021-02-26,45.26,45.75,44.77,45.03,44415260,45.26,45.75,44.77,45.03,44415260,45.26,45.75,44.77,45.03,44415260
2021-03-01,45.18,45.74,44.62,45.23,43865177,45.18,45.74,44.62,45.23,43865177,45.18,45.74,44.62,45.23,43865177
2021-03-02,45.56,45.80,45.32,45.61,38872722,45.56,45.80,45.32,45.61,38872722,45.56,45.80,45.32,45.61,38872722
2021-03-03,44.87,45.22,44.53,45.01,53252148,44.87,45.22,44.53,45.01,53252148,44.87,45.22,44.53,45.01,53252148
2021-03-04,44.45,44.93,43.97,44.38,66577274,44.45,44.93,43.97,44.38,66577274,44.45,44.93,43.97,44.38,66577274
2021-03-05,44.82,45.22,44.41,44.41,38616825,44.82,45.22,44.41,44.41,38616825,44.82,45.22,44.41,44.41,38616825
2021-03-08,45.89,46.66,45.12,45.98,74595450,45.89,46.66,45.12,45.98,74595450,45.89,46.66,45.12,45.98,74595450
2021-03-09,45.24,45.76,44.73,45.32,46640784,45.24,45.76,44.73,45.32,46640784,45.24,45.76,44.73,45.32,46640784
2021-03-10,45.83,46.56,45.11,45.90,42716718,45.83,46.56,45.11,45.90,42716718,45.83,46.56,45.11,45.90,42716718
2021-03-11,46.49,47.17,45.80,46.61,39613034,46.49,47.17,45.80,46.61,39613034,46.49,47.17,45.80,46.61,39613034
2021-03-12,46.51,46.78,46.25,46.71,63396044,46.51,46.78,46.25,46.71,63396044,46.51,46.78,46.25,46.71,63396044
2021-03-15,45.50,46.33,44.67,45.85,74851839,45.50,46.33,44.67,45.85,74851839,45.50,46.33,44.67,45.85,74851839
2021-03-16,46.15,46.60,45.69,45.71,72582609,46.15,46.60,45.69,45.71,72582609,46.15,46.60,45.69,45.71,72582609
2021-03-17,46.73,47.02,46.45,46.74,44827136,46.73,47.02,46.45,46.74,44827136,46.73,47.02,46.45,46.74,44827136
2021-03-18,47.56,47.83,47.30,47.79,48758804,47.56,47.83,47.30,47.79,48758804,47.56,47.83,47.30,47.79,48758804
2021-03-19,48.01,48.55,47.47,47.87,74668546,48.01,48.55,47.47,47.87,74668546,48.01,48.55,47.47,47.87,74668546
2021-03-22,48.33,48.99,47.66,48.27,53505948,48.33,48.99,47.66,48.27,53505948,48.33,48.99,47.66,48.27,53505948
2021-03-23,50.51,51.08,49.94,50.57,41504744,50.51,51.08,49.94,50.57,41504744,50.51,51.08,49.94,50.57,41504744
2021-03-24,50.85,51.30,50.41,51.01,70008971,50.85,51.30,50.41,51.01,70008971,50.85,51.30,50.41,51.01,70008971
2021-03-25,52.43,52.98,51.88,52.30,74925600,52.43,52.98,51.88,52.30,74925600,52.43,52.98,51.88,52.30,74925600
2021-03-26,54.70,55.08,54.32,54.68,73037844,54.70,55.08,54.32,54.68,73037844,54.70,55.08,54.32,54.68,73037844
2021-03-29,55.07,55.64,54.49,55.21,62224448,55.07,55.64,54.49,55.21,62224448,55.07,55.64,54.49,55.21,62224448
2021-03-30,53.66,54.30,53.03,53.55,43575577,53.66,54.30,53.03,53.55,43575577,53.66,54.30,53.03,53.55,43575577
2021-03-31,52.38,52.54,52.22,52.43,42235886,52.38,52.54,52.22,52.43,42235886,52.38,52.54,52.22,52.43,42235886
2021-04-01,54.11,54.77,53.45,54.15,51692938,54.11,54.77,53.45,54.15,51692938,54.11,54.77,53.45,54.15,51692938
2021-04-02,52.89,53.38,52.40,52.82,54668468,52.89,53.38,52.40,52.82,54668468,52.89,53.38,52.40,52.82,54668468
2021-04-05,52.50,53.46,51.55,52.44,38503756,52.50,53.46,51.55,52.44,38503756,52.50,53.46,51.55,52.44,38503756
2021-04-06,52.65,53.15,52.16,52.43,69955772,52.65,53.15,52.16,52.43,69955772,52.65,53.15,52.16,52.43,69955772
2021-04-07,53.08,53.48,52.69,52.97,57397142,53.08,53.48,52.69,52.97,57397142,53.08,53.48,52.69,52.97,57397142
2021-04-08,54.66,55.52,53.81,54.30,74032007,54.66,55.52,53.81,54.30,74032007,54.66,55.52,53.81,54.30,74032007
2021-04-09,53.46,54.22,52.71,53.51,60534496,53.46,54.22,52.71,53.51,60534496,53.46,54.22,52.71,53.51,60534496
2021-04-12,53.47,54.01,52.92,53.43,66657208,53.47,54.01,52.92,53.43,66657208,53.47,54.01,52.92,53.43,66657208
2021-04-13,51.84,52.25,51.42,51.91,55414932,51.84,52.25,51.42,51.91,55414932,51.84,52.25,51.42,51.91,55414932
2021-04-14,52.43,52.91,51.95,52.45,65196424,52.43,52.91,51.95,52.45,65196424,52.43,52.91,51.95,52.45,65196424
2021-04-15,51.30,51.79,50.80,51.34,61129093,51.30,51.79,50.80,51.34,61129093,51.30,51.79,50.80,51.34,61129093
2021-04-16,50.79,51.60,49.99,50.70,56637691,50.79,51.60,49.99,50.70,56637691,50.79,51.60,49.99,50.70,56637691
2021-04-19,50.76,51.61,49.92,50.76,72083735,50.76,51.61,49.92,50.76,72083735,50.76,51.61,49.92,50.76,72083735
2021-04-20,50.48,51.08,49.88,50.60,49834669,50.48,51.08,49.88,50.60,49834669,50.48,51.08,49.88,50.60,49834669
2021-04-21,50.63,51.05,50.21,50.54,61491213,50.63,51.05,50.21,50.54,61491213,50.63,51.05,50.21,50.54,61491213
2021-04-22,50.50,51.17,49.84,50.30,65201316,50.50,51.17,49.84,50.30,65201316,50.50,51.17,49.84,50.30,65201316
2021-04-23,50.44,51.00,49.88,50.62,39538340,50.44,51.00,49.88,50.62,39538340,50.44,51.00,49.88,50.62,39538340
2021-04-26,50.22,50.87,49.57,50.30,47774368,50.22,50.87,49.57,50.30,47774368,50.22,50.87,49.57,50.30,47774368
2021-04-27,51.45,52.33,50.57,51.23,68516181,51.45,52.33,50.57,51.23,68516181,51.45,52.33,50.57,51.23,68516181
2021-04-28,50.36,50.85,49.87,50.32,70336583,50.36,50.85,49.87,50.32,70336583,50.36,50.85,49.87,50.32,70336583
2021-04-29,51.59,51.93,51.25,51.68,45083693,51.59,51.93,51.25,51.68,45083693,51.59,51.93,51.25,51.68,45083693
2021-04-30,52.50,53.25,51.75,52.21,59661086,52.50,53.25,51.75,52.21,59661086,52.50,53.25,51.75,52.21,59661086
2021-05-03,50.03,50.33,49.73,49.89,49757841,50.03,50.33,49.73,49.89,49757841,50.03,50.33,49.73,49.89,49757841
2021-05-04,49.78,49.99,49.57,49.98,53341536,49.78,49.99,49.57,49.98,53341536,49.78,49.99,49.57,49.98,53341536
2021-05-05,49.16,49.65,48.67,49.01,45215886,49.16,49.65,48.67,49.01,45215886,49.16,49.65,48.67,49.01,45215886
2021-05-06,50.22,50.65,49.79,50.14,50661313,50.22,50.65,49.79,50.14,50661313,50.22,50.65,49.79,50.14,50661313
2021-05-07,49.97,50.18,49.76,49.85,52858919,49.97,50.18,49.76,49.85,52858919,49.97,50.18,49.76,49.85,52858919
2021-05-10,51.49,51.83,51.15,51.39,40812502,51.49,51.83,51.15,51.39,40812502,51.49,51.83,51.15,51.39,40812502
2021-05-11,51.13,51.55,50.71,50.93,47537904,51.13,51.55,50.71,50.93,47537904,51.13,51.55,50.71,50.93,47537904
2021-05-12,51.03,51.59,50.47,50.97,76467280,51.03,51.59,50.47,50.97,76467280,51.03,51.59,50.47,50.97,76467280
2021-05-13,50.41,50.96,49.87,50.71,39149418,50.41,50.96,49.87,50.71,39149418,50.41,50.96,49.87,50.71,39149418
2021-05-14,49.37,50.03,48.71,49.46,48710730,49.37,50.03,48.71,49.46,48710730,49.37,50.03,48.71,49.46,48710730
2021-05-17,51.31,52.06,50.57,51.15,48502301,51.31,52.06,50.57,51.15,48502301,51.31,52.06,50.57,51.15,48502301
2021-05-18,50.45,51.16,49.73,50.48,70284880,50.45,51.16,49.73,50.48,70284880,50.45,51.16,49.73,50.48,70284880
2021-05-19,49.64,50.23,49.04,49.38,64593470,49.64,50.23,49.04,49.38,64593470,49.64,50.23,49.04,49.38,64593470
2021-05-20,49.95,50.73,49.16,50.22,57581807,49.95,50.73,49.16,50.22,57581807,49.95,50.73,49.16,50.22,57581807
2021-05-21,50.64,51.32,49.96,50.42,49846120,50.64,51.32,49.96,50.42,49846120,50.64,51.32,49.96,50.42,49846120
2021-05-24,50.21,50.97,49.45,50.09,41532295,50.21,50.97,49.45,50.09,41532295,50.21,50.97,49.45,50.09,41532295
2021-05-25,49.23,49.66,48.81,49.27,61519523,49.23,49.66,48.81,49.27,61519523,49.23,49.66,48.81,49.27,61519523
2021-05-26,49.45,49.94,48.96,49.41,45237782,49.45,49.94,48.96,49.41,45237782,49.45,49.94,48.96,49.41,45237782
2021-05-27,51.41,51.85,50.97,51.31,56410457,51.41,51.85,50.97,51.31,56410457,51.41,51.85,50.97,51.31,56410457
2021-05-28,52.78,53.23,52.33,52.33,70928880,52.78,53.23,52.33,52.33,70928880,52.78,53.23,52.33,52.33,70928880
2021-05-31,51.94,52.57,51.30,51.76,41864973,51.94,52.57,51.30,51.76,41864973,51.94,52.57,51.30,51.76,41864973
2021-06-01,50.45,50.96,49.93,50.96,45053002,50.45,50.96,49.93,50.96,45053002,50.45,50.96,49.93,50.96,45053002
2021-06-02,50.09,50.80,49.38,50.16,73312068,50.09,50.80,49.38,50.16,73312068,50.09,50.80,49.38,50.16,73312068
2021-06-03,50.26,50.43,50.08,50.37,46388628,50.26,50.43,50.08,50.37,46388628,50.26,50.43,50.08,50.37,46388628
2021-06-04,50.97,51.79,50.14,51.13,47495105,50.97,51.79,50.14,51.13,47495105,50.97,51.79,50.14,51.13,47495105
2021-06-07,48.23,48.84,47.62,48.54,67202140,48.23,48.84,47.62,48.54,67202140,48.23,48.84,47.62,48.54,67202140
2021-06-08,49.79,50.44,49.14,49.88,51687029,49.79,50.44,49.14,49.88,51687029,49.79,50.44,49.14,49.88,51687029
2021-06-09,49.69,50.11,49.28,49.69,48496188,49.69,50.11,49.28,49.69,48496188,49.69,50.11,49.28,49.69,48496188
2021-06-10,50.86,51.45,50.27,50.93,62437781,50.86,51.45,50.27,50.93,62437781,50.86,51.45,50.27,50.93,62437781
2021-06-11,50.19,50.66,49.72,50.24,44272749,50.19,50.66,49.72,50.24,44272749,50.19,50.66,49.72,50.24,44272749
2021-06-14,50.35,50.89,49.82,50.01,46300988,50.35,50.89,49.82,50.01,46300988,50.35,50.89,49.82,50.01,46300988
2021-06-15,50.05,50.54,49.56,49.78,48271505,50.05,50.54,49.56,49.78,48271505,50.05,50.54,49.56,49.78,48271505
2021-06-16,49.34,49.81,48.88,49.27,71595272,49.34,49.81,48.88,49.27,71595272,49.34,49.81,48.88,49.27,71595272
2021-06-17,50.12,50.70,49.53,50.01,47326313,50.12,50.70,49.53,50.01,47326313,50.12,50.70,49.53,50.01,47326313
2021-06-18,49.30,49.59,49.01,49.23,53917460,49.30,49.59,49.01,49.23,53917460,49.30,49.59,49.01,49.23,53917460
2021-06-21,50.56,51.04,50.08,50.55,62623678,50.56,51.04,50.08,50.55,62623678,50.56,51.04,50.08,50.55,62623678
2021-06-22,50.39,50.83,49.95,50.51,71312180,50.39,50.83,49.95,50.51,71312180,50.39,50.83,49.95,50.51,71312180
2021-06-23,49.66,49.81,49.51,49.57,59962020,49.66,49.81,49.51,49.57,59962020,49.66,49.81,49.51,49.57,59962020
2021-06-24,48.89,49.17,48.61,48.94,73322282,48.89,49.17,48.61,48.94,73322282,48.89,49.17,48.61,48.94,73322282
2021-06-25,50.01,50.33,49.70,49.99,47583826,50.01,50.33,49.70,49.99,47583826,50.01,50.33,49.70,49.99,47583826
2021-06-28,48.37,49.11,47.64,48.33,39356238,48.37,49.11,47.64,48.33,39356238,48.37,49.11,47.64,48.33,39356238
2021-06-29,48.43,49.25,47.61,48.42,43830331,48.43,49.25,47.61,48.42,43830331,48.43,49.25,47.61,48.42,43830331
2021-06-30,48.22,48.97,47.47,48.47,67118245,48.22,48.97,47.47,48.47,67118245,48.22,48.97,47.47,48.47,67118245
2021-07-01,48.47,49.11,47.84,48.62,64558197,48.47,49.11,47.84,48.62,64558197,48.47,49.11,47.84,48.62,64558197
2021-07-02,48.83,49.20,48.45,48.87,62765921,48.83,49.20,48.45,48.87,62765921,48.83,49.20,48.45,48.87,62765921
2021-07-05,48.04,48.69,47.38,48.08,71580078,48.04,48.69,47.38,48.08,71580078,48.04,48.69,47.38,48.08,71580078
2021-07-06,49.49,50.17,48.80,49.58,49012533,49.49,50.17,48.80,49.58,49012533,49.49,50.17,48.80,49.58,49012533
2021-07-07,50.05,50.77,49.34,50.09,49376144,50.05,50.77,49.34,50.09,49376144,50.05,50.77,49.34,50.09,49376144
2021-07-08,50.96,51.55,50.36,50.76,62172220,50.96,51.55,50.36,50.76,62172220,50.96,51.55,50.36,50.76,62172220
2021-07-09,50.96,51.18,50.73,50.97,63713897,50.96,51.18,50.73,50.97,63713897,50.96,51.18,50.73,50.97,63713897
2021-07-12,51.75,52.30,51.20,51.69,64447915,51.75,52.30,51.20,51.69,64447915,51.75,52.30,51.20,51.69,64447915
2021-07-13,51.32,51.87,50.78,51.39,57708370,51.32,51.87,50.78,51.39,57708370,51.32,51.87,50.78,51.39,57708370
2021-07-14,52.30,52.65,51.96,52.18,60611724,52.30,52.65,51.96,52.18,60611724,52.30,52.65,51.96,52.18,60611724
2021-07-15,52.18,52.51,51.85,52.20,42564092,52.18,52.51,51.85,52.20,42564092,52.18,52.51,51.85,52.20,42564092
2021-07-16,49.93,50.52,49.35,49.93,68876325,49.93,50.52,49.35,49.93,68876325,49.93,50.52,49.35,49.93,68876325
2021-07-19,49.50,49.96,49.05,49.29,61437316,49.50,49.96,49.05,49.29,61437316,49.50,49.96,49.05,49.29,61437316
2021-07-20,48.48,49.12,47.84,48.36,68916398,48.48,49.12,47.84,48.36,68916398,48.48,49.12,47.84,48.36,68916398
2021-07-21,48.05,48.75,47.35,47.92,65048380,48.05,48.75,47.35,47.92,65048380,48.05,48.75,47.35,47.92,65048380
2021-07-22,46.99,47.58,46.39,46.77,75481814,46.99,47.58,46.39,46.77,75481814,46.99,47.58,46.39,46.77,75481814
2021-07-23,46.02,46.72,45.32,45.65,72720797,46.02,46.72,45.32,45.65,72720797,46.02,46.72,45.32,45.65,72720797
2021-07-26,47.38,47.88,46.88,47.02,62921877,47.38,47.88,46.88,47.02,62921877,47.38,47.88,46.88,47.02,62921877
2021-07-27,46.55,46.96,46.15,46.60,42049599,46.55,46.96,46.15,46.60,42049599,46.55,46.96,46.15,46.60,42049599
2021-07-28,45.32,45.77,44.87,45.58,69464506,45.32,45.77,44.87,45.58,69464506,45.32,45.77,44.87,45.58,69464506
2021-07-29,44.40,45.06,43.74,44.22,65101677,44.40,45.06,43.74,44.22,65101677,44.40,45.06,43.74,44.22,65101677
2021-07-30,44.33,44.57,44.09,44.32,44119412,44.33,44.57,44.09,44.32,44119412,44.33,44.57,44.09,44.32,44119412
2021-08-02,43.32,43.70,42.94,43.50,67249302,43.32,43.70,42.94,43.50,67249302,43.32,43.70,42.94,43.50,67249302
2021-08-03,43.98,44.67,43.29,43.88,66932153,43.98,44.67,43.29,43.88,66932153,43.98,44.67,43.29,43.88,66932153
2021-08-04,42.21,42.75,41.68,42.31,75433209,42.21,42.75,41.68,42.31,75433209,42.21,42.75,41.68,42.31,75433209
2021-08-05,41.59,42.15,41.03,41.48,39047831,41.59,42.15,41.03,41.48,39047831,41.59,42.15,41.03,41.48,39047831
2021-08-06,41.90,42.46,41.33,41.88,61211650,41.90,42.46,41.33,41.88,61211650,41.90,42.46,41.33,41.88,61211650
2021-08-09,42.12,42.43,41.81,42.08,59899696,42.12,42.43,41.81,42.08,59899696,42.12,42.43,41.81,42.08,59899696
2021-08-10,43.44,43.83,43.06,43.19,46135095,43.44,43.83,43.06,43.19,46135095,43.44,43.83,43.06,43.19,46135095
2021-08-11,42.66,43.07,42.26,42.63,62017880,42.66,43.07,42.26,42.63,62017880,42.66,43.07,42.26,42.63,62017880
2021-08-12,43.65,44.31,42.99,43.56,72400512,43.65,44.31,42.99,43.56,72400512,43.65,44.31,42.99,43.56,72400512
2021-08-13,43.64,44.16,43.12,43.66,72294652,43.64,44.16,43.12,43.66,72294652,43.64,44.16,43.12,43.66,72294652
2021-08-16,43.30,43.94,42.66,43.16,43753414,43.30,43.94,42.66,43.16,43753414,43.30,43.94,42.66,43.16,43753414
2021-08-17,42.94,43.21,42.68,42.70,64675478,42.94,43.21,42.68,42.70,64675478,42.94,43.21,42.68,42.70,64675478
2021-08-18,43.14,43.56,42.72,42.89,64960766,43.14,43.56,42.72,42.89,64960766,43.14,43.56,42.72,42.89,64960766
2021-08-19,43.99,44.58,43.41,43.80,53609345,43.99,44.58,43.41,43.80,53609345,43.99,44.58,43.41,43.80,53609345
2021-08-20,41.86,42.16,41.55,41.91,65678161,41.86,42.16,41.55,41.91,65678161,41.86,42.16,41.55,41.91,65678161
2021-08-23,40.38,40.92,39.84,40.44,42692400,40.38,40.92,39.84,40.44,42692400,40.38,40.92,39.84,40.44,42692400
2021-08-24,41.05,41.15,40.94,41.09,39924096,41.05,41.15,40.94,41.09,39924096,41.05,41.15,40.94,41.09,39924096
2021-08-25,40.92,41.45,40.39,40.91,70898898,40.92,41.45,40.39,40.91,70898898,40.92,41.45,40.39,40.91,70898898
2021-08-26,41.37,41.70,41.04,41.49,75840085,41.37,41.70,41.04,41.49,75840085,41.37,41.70,41.04,41.49,75840085
2021-08-27,41.26,41.84,40.68,41.32,68866498,41.26,41.84,40.68,41.32,68866498,41.26,41.84,40.68,41.32,68866498
2021-08-30,40.96,41.56,40.37,40.89,45228934,40.96,41.56,40.37,40.89,45228934,40.96,41.56,40.37,40.89,45228934
2021-08-31,40.53,40.87,40.19,40.35,70647009,40.53,40.87,40.19,40.35,70647009,40.53,40.87,40.19,40.35,70647009
2021-09-01,40.90,41.33,40.47,40.94,63392666,40.90,41.33,40.47,40.94,63392666,40.90,41.33,40.47,40.94,63392666
2021-09-02,42.04,42.45,41.63,41.97,48640705,42.04,42.45,41.63,41.97,48640705,42.04,42.45,41.63,41.97,48640705
2021-09-03,41.58,42.06,41.09,41.78,61526709,41.58,42.06,41.09,41.78,61526709,41.58,42.06,41.09,41.78,61526709
2021-09-06,41.34,41.72,40.95,41.22,38539545,41.34,41.72,40.95,41.22,38539545,41.34,41.72,40.95,41.22,38539545
2021-09-07,41.68,42.11,41.25,41.31,52936493,41.68,42.11,41.25,41.31,52936493,41.68,42.11,41.25,41.31,52936493
2021-09-08,41.24,41.66,40.82,41.23,41716513,41.24,41.66,40.82,41.23,41716513,41.24,41.66,40.82,41.23,41716513
2021-09-09,40.52,40.89,40.15,40.41,42269136,40.52,40.89,40.15,40.41,42269136,40.52,40.89,40.15,40.41,42269136
2021-09-10,41.22,41.48,40.97,41.12,39859689,41.22,41.48,40.97,41.12,39859689,41.22,41.48,40.97,41.12,39859689
2021-09-13,40.73,41.19,40.27,40.88,70965336,40.73,41.19,40.27,40.88,70965336,40.73,41.19,40.27,40.88,70965336
2021-09-14,40.52,40.91,40.12,40.48,62915256,40.52,40.91,40.12,40.48,62915256,40.52,40.91,40.12,40.48,62915256
2021-09-15,41.18,41.70,40.65,41.10,49624141,41.18,41.70,40.65,41.10,49624141,41.18,41.70,40.65,41.10,49624141
2021-09-16,40.96,41.33,40.60,40.84,44588904,40.96,41.33,40.60,40.84,44588904,40.96,41.33,40.60,40.84,44588904
2021-09-17,41.74,42.25,41.23,41.56,39012427,41.74,42.25,41.23,41.56,39012427,41.74,42.25,41.23,41.56,39012427
2021-09-20,42.62,42.89,42.36,42.43,65219434,42.62,42.89,42.36,42.43,65219434,42.62,42.89,42.36,42.43,65219434
2021-09-21,42.96,43.05,42.86,43.02,62487406,42.96,43.05,42.86,43.02,62487406,42.96,43.05,42.86,43.02,62487406
2021-09-22,43.38,43.97,42.79,43.16,65088532,43.38,43.97,42.79,43.16,65088532,43.38,43.97,42.79,43.16,65088532
2021-09-23,43.20,43.51,42.89,43.21,69011136,43.20,43.51,42.89,43.21,69011136,43.20,43.51,42.89,43.21,69011136
2021-09-24,43.68,44.00,43.37,43.47,74711610,43.68,44.00,43.37,43.47,74711610,43.68,44.00,43.37,43.47,74711610
2021-09-27,42.36,42.98,41.74,42.11,52507423,42.36,42.98,41.74,42.11,52507423,42.36,42.98,41.74,42.11,52507423
2021-09-28,44.19,44.72,43.67,44.23,59180304,44.19,44.72,43.67,44.23,59180304,44.19,44.72,43.67,44.23,59180304
2021-09-29,45.67,46.24,45.10,45.12,73487400,45.67,46.24,45.10,45.12,73487400,45.67,46.24,45.10,45.12,73487400
2021-09-30,45.33,45.83,44.84,44.96,63774402,45.33,45.83,44.84,44.96,63774402,45.33,45.83,44.84,44.96,63774402
2021-10-01,46.78,47.37,46.19,46.76,53600486,46.78,47.37,46.19,46.76,53600486,46.78,47.37,46.19,46.76,53600486
2021-10-04,47.00,47.54,46.46,47.11,63922923,47.00,47.54,46.46,47.11,63922923,47.00,47.54,46.46,47.11,63922923
2021-10-05,46.91,47.36,46.46,46.95,50686965,46.91,47.36,46.46,46.95,50686965,46.91,47.36,46.46,46.95,50686965
2021-10-06,46.91,47.21,46.61,46.76,53232085,46.91,47.21,46.61,46.76,53232085,46.91,47.21,46.61,46.76,53232085
2021-10-07,47.55,48.01,47.10,47.67,53428695,47.55,48.01,47.10,47.67,53428695,47.55,48.01,47.10,47.67,53428695
2021-10-08,47.42,47.99,46.84,47.49,38832787,47.42,47.99,46.84,47.49,38832787,47.42,47.99,46.84,47.49,38832787
2021-10-11,50.25,51.00,49.51,49.93,68664580,50.25,51.00,49.51,49.93,68664580,50.25,51.00,49.51,49.93,68664580
2021-10-12,49.72,50.19,49.24,49.60,58920713,49.72,50.19,49.24,49.60,58920713,49.72,50.19,49.24,49.60,58920713
2021-10-13,49.68,50.23,49.13,49.63,73584331,49.68,50.23,49.13,49.63,73584331,49.68,50.23,49.13,49.63,73584331
2021-10-14,48.20,48.72,47.69,48.16,64266127,48.20,48.72,47.69,48.16,64266127,48.20,48.72,47.69,48.16,64266127
2021-10-15,49.34,49.71,48.97,49.48,73330571,49.34,49.71,48.97,49.48,73330571,49.34,49.71,48.97,49.48,73330571
2021-10-18,47.72,48.13,47.32,47.58,53036728,47.72,48.13,47.32,47.58,53036728,47.72,48.13,47.32,47.58,53036728
2021-10-19,47.28,47.97,46.60,47.06,72103740,47.28,47.97,46.60,47.06,72103740,47.28,47.97,46.60,47.06,72103740
2021-10-20,48.26,48.60,47.92,48.23,48020537,48.26,48.60,47.92,48.23,48020537,48.26,48.60,47.92,48.23,48020537
2021-10-21,46.78,47.36,46.20,46.72,72824401,46.78,47.36,46.20,46.72,72824401,46.78,47.36,46.20,46.72,72824401
2021-10-22,47.47,48.07,46.87,47.45,58469171,47.47,48.07,46.87,47.45,58469171,47.47,48.07,46.87,47.45,58469171
2021-10-25,47.88,48.49,47.28,47.68,55667957,47.88,48.49,47.28,47.68,55667957,47.88,48.49,47.28,47.68,55667957
2021-10-26,46.98,47.58,46.38,46.97,72198186,46.98,47.58,46.38,46.97,72198186,46.98,47.58,46.38,46.97,72198186
2021-10-27,46.65,47.18,46.12,46.38,54213614,46.65,47.18,46.12,46.38,54213614,46.65,47.18,46.12,46.38,54213614
2021-10-28,46.93,47.64,46.22,46.97,70278381,46.93,47.64,46.22,46.97,70278381,46.93,47.64,46.22,46.97,70278381
2021-10-29,47.69,48.14,47.24,47.77,55191082,47.69,48.14,47.24,47.77,55191082,47.69,48.14,47.24,47.77,55191082
2021-11-01,46.53,46.94,46.13,46.63,52407273,46.53,46.94,46.13,46.63,52407273,46.53,46.94,46.13,46.63,52407273
2021-11-02,47.47,48.30,46.65,47.27,74839569,47.47,48.30,46.65,47.27,74839569,47.47,48.30,46.65,47.27,74839569
2021-11-03,49.82,50.42,49.23,49.87,52047958,49.82,50.42,49.23,49.87,52047958,49.82,50.42,49.23,49.87,52047958
2021-11-04,49.34,49.77,48.91,49.15,47100502,49.34,49.77,48.91,49.15,47100502,49.34,49.77,48.91,49.15,47100502
2021-11-05,48.26,48.83,47.70,48.56,45089828,48.26,48.83,47.70,48.56,45089828,48.26,48.83,47.70,48.56,45089828
2021-11-08,48.65,49.20,48.10,48.37,72148446,48.65,49.20,48.10,48.37,72148446,48.65,49.20,48.10,48.37,72148446
2021-11-09,47.75,48.54,46.97,47.82,68141470,47.75,48.54,46.97,47.82,68141470,47.75,48.54,46.97,47.82,68141470
2021-11-10,48.16,48.72,47.59,48.01,60978718,48.16,48.72,47.59,48.01,60978718,48.16,48.72,47.59,48.01,60978718
2021-11-11,48.00,48.58,47.43,47.85,62048230,48.00,48.58,47.43,47.85,62048230,48.00,48.58,47.43,47.85,62048230
2021-11-12,45.64,46.03,45.24,45.50,76098139,45.64,46.03,45.24,45.50,76098139,45.64,46.03,45.24,45.50,76098139
2021-11-15,46.84,47.64,46.03,46.80,73894634,46.84,47.64,46.03,46.80,73894634,46.84,47.64,46.03,46.80,73894634
2021-11-16,46.71,47.16,46.26,46.51,62499783,46.71,47.16,46.26,46.51,62499783,46.71,47.16,46.26,46.51,62499783
2021-11-17,46.87,47.58,46.16,46.50,64601489,46.87,47.58,46.16,46.50,64601489,46.87,47.58,46.16,46.50,64601489
2021-11-18,45.45,46.07,44.83,45.33,57359270,45.45,46.07,44.83,45.33,57359270,45.45,46.07,44.83,45.33,57359270
2021-11-19,46.64,47.41,45.86,46.40,43321198,46.64,47.41,45.86,46.40,43321198,46.64,47.41,45.86,46.40,43321198
2021-11-22,47.41,47.86,46.96,47.42,62779278,47.41,47.86,46.96,47.42,62779278,47.41,47.86,46.96,47.42,62779278
2021-11-23,46.21,46.96,45.46,46.13,71840127,46.21,46.96,45.46,46.13,71840127,46.21,46.96,45.46,46.13,71840127
2021-11-24,47.55,47.87,47.24,47.49,75774081,47.55,47.87,47.24,47.49,75774081,47.55,47.87,47.24,47.49,75774081
2021-11-25,48.39,48.96,47.82,48.48,64490144,48.39,48.96,47.82,48.48,64490144,48.39,48.96,47.82,48.48,64490144
2021-11-26,48.29,49.07,47.51,48.09,63838955,48.29,49.07,47.51,48.09,63838955,48.29,49.07,47.51,48.09,63838955
2021-11-29,49.01,49.32,48.70,48.85,55206016,49.01,49.32,48.70,48.85,55206016,49.01,49.32,48.70,48.85,55206016
2021-11-30,49.82,50.51,49.13,49.56,56712329,49.82,50.51,49.13,49.56,56712329,49.82,50.51,49.13,49.56,56712329
2021-12-01,49.21,49.96,48.45,49.15,57385917,49.21,49.96,48.45,49.15,57385917,49.21,49.96,48.45,49.15,57385917
2021-12-02,48.79,49.35,48.23,48.92,45429473,48.79,49.35,48.23,48.92,45429473,48.79,49.35,48.23,48.92,45429473
2021-12-03,48.71,49.44,47.99,48.37,75644267,48.71,49.44,47.99,48.37,75644267,48.71,49.44,47.99,48.37,75644267
2021-12-06,49.38,50.09,48.66,49.29,75143740,49.38,50.09,48.66,49.29,75143740,49.38,50.09,48.66,49.29,75143740
2021-12-07,49.68,49.79,49.57,49.72,56227882,49.68,49.79,49.57,49.72,56227882,49.68,49.79,49.57,49.72,56227882
2021-12-08,50.99,51.62,50.36,50.84,52489846,50.99,51.62,50.36,50.84,52489846,50.99,51.62,50.36,50.84,52489846
2021-12-09,52.17,52.71,51.63,51.90,45416806,52.17,52.71,51.63,51.90,45416806,52.17,52.71,51.63,51.90,45416806
2021-12-10,50.42,50.92,49.93,50.50,52880192,50.42,50.92,49.93,50.50,52880192,50.42,50.92,49.93,50.50,52880192
2021-12-13,49.39,49.74,49.04,49.49,68062872,49.39,49.74,49.04,49.49,68062872,49.39,49.74,49.04,49.49,68062872
2021-12-14,48.53,48.86,48.21,48.59,56347700,48.53,48.86,48.21,48.59,56347700,48.53,48.86,48.21,48.59,56347700
2021-12-15,47.39,47.97,46.80,47.28,73330635,47.39,47.97,46.80,47.28,73330635,47.39,47.97,46.80,47.28,73330635
2021-12-16,47.13,47.57,46.69,46.98,65848253,47.13,47.57,46.69,46.98,65848253,47.13,47.57,46.69,46.98,65848253
2021-12-17,47.45,48.06,46.84,47.23,74787376,47.45,48.06,46.84,47.23,74787376,47.45,48.06,46.84,47.23,74787376
2021-12-20,46.28,46.37,46.19,46.35,74202314,46.28,46.37,46.19,46.35,74202314,46.28,46.37,46.19,46.35,74202314
2021-12-21,46.68,47.03,46.34,46.75,67865176,46.68,47.03,46.34,46.75,67865176,46.68,47.03,46.34,46.75,67865176
2021-12-22,46.20,46.88,45.51,46.41,60428166,46.20,46.88,45.51,46.41,60428166,46.20,46.88,45.51,46.41,60428166
2021-12-23,46.98,47.44,46.52,47.06,56826694,46.98,47.44,46.52,47.06,56826694,46.98,47.44,46.52,47.06,56826694
2021-12-24,47.36,47.86,46.86,47.31,74761694,47.36,47.86,46.86,47.31,74761694,47.36,47.86,46.86,47.31,74761694
2021-12-27,47.36,47.80,46.92,47.21,53904735,47.36,47.80,46.92,47.21,53904735,47.36,47.80,46.92,47.21,53904735
2021-12-28,47.06,47.47,46.65,47.24,70099538,47.06,47.47,46.65,47.24,70099538,47.06,47.47,46.65,47.24,70099538
2021-12-29,46.37,47.02,45.71,46.59,72317925,46.37,47.02,45.71,46.59,72317925,46.37,47.02,45.71,46.59,72317925
2021-12-30,46.37,46.72,46.02,46.31,42183903,46.37,46.72,46.02,46.31,42183903,46.37,46.72,46.02,46.31,42183903
2021-12-31,46.50,47.07,45.94,46.37,73473927,46.50,47.07,45.94,46.37,73473927,46.50,47.07,45.94,46.37,73473927
2022-01-03,45.43,45.87,45.00,45.35,46587857,45.43,45.87,45.00,45.35,46587857,45.43,45.87,45.00,45.35,46587857
2022-01-04,44.49,44.94,44.04,44.36,60885773,44.49,44.94,44.04,44.36,60885773,44.49,44.94,44.04,44.36,60885773
2022-01-05,45.03,45.44,44.62,45.06,42216503,45.03,45.44,44.62,45.06,42216503,45.03,45.44,44.62,45.06,42216503
2022-01-06,46.25,46.86,45.65,46.25,48011457,46.25,46.86,45.65,46.25,48011457,46.25,46.86,45.65,46.25,48011457
2022-01-07,45.26,45.89,44.62,44.98,57190678,45.26,45.89,44.62,44.98,57190678,45.26,45.89,44.62,44.98,57190678
2022-01-10,46.68,47.44,45.91,46.72,41578179,46.68,47.44,45.91,46.72,41578179,46.68,47.44,45.91,46.72,41578179
2022-01-11,46.69,46.96,46.42,46.50,63581205,46.69,46.96,46.42,46.50,63581205,46.69,46.96,46.42,46.50,63581205
2022-01-12,46.23,46.70,45.76,46.00,68266304,46.23,46.70,45.76,46.00,68266304,46.23,46.70,45.76,46.00,68266304
2022-01-13,46.15,46.58,45.71,46.22,61251377,46.15,46.58,45.71,46.22,61251377,46.15,46.58,45.71,46.22,61251377
2022-01-14,47.09,47.80,46.39,46.82,69653472,47.09,47.80,46.39,46.82,69653472,47.09,47.80,46.39,46.82,69653472
2022-01-17,45.39,45.89,44.89,45.30,71876984,45.39,45.89,44.89,45.30,71876984,45.39,45.89,44.89,45.30,71876984
2022-01-18,45.22,45.58,44.87,45.11,51369574,45.22,45.58,44.87,45.11,51369574,45.22,45.58,44.87,45.11,51369574
2022-01-19,45.22,45.78,44.67,44.99,56349446,45.22,45.78,44.67,44.99,56349446,45.22,45.78,44.67,44.99,56349446
2022-01-20,44.50,44.96,44.04,44.60,43511489,44.50,44.96,44.04,44.60,43511489,44.50,44.96,44.04,44.60,43511489
2022-01-21,43.63,44.10,43.16,43.46,64703593,43.63,44.10,43.16,43.46,64703593,43.63,44.10,43.16,43.46,64703593
2022-01-24,43.58,44.35,42.81,43.37,49103146,43.58,44.35,42.81,43.37,49103146,43.58,44.35,42.81,43.37,49103146
2022-01-25,43.90,44.38,43.42,43.99,62683524,43.90,44.38,43.42,43.99,62683524,43.90,44.38,43.42,43.99,62683524
2022-01-26,45.17,45.88,44.45,45.23,73865913,45.17,45.88,44.45,45.23,73865913,45.17,45.88,44.45,45.23,73865913
2022-01-27,45.50,45.92,45.09,45.58,53021590,45.50,45.92,45.09,45.58,53021590,45.50,45.92,45.09,45.58,53021590
2022-01-28,45.20,45.70,44.70,45.13,67230465,45.20,45.70,44.70,45.13,67230465,45.20,45.70,44.70,45.13,67230465
2022-01-31,43.89,44.35,43.43,44.03,66060243,43.89,44.35,43.43,44.03,66060243,43.89,44.35,43.43,44.03,66060243
2022-02-01,44.21,44.63,43.79,44.37,71332953,44.21,44.63,43.79,44.37,71332953,44.21,44.63,43.79,44.37,71332953
2022-02-02,44.32,45.30,43.34,44.40,70388641,44.32,45.30,43.34,44.40,70388641,44.32,45.30,43.34,44.40,70388641
2022-02-03,44.78,45.39,44.17,44.71,58030387,44.78,45.39,44.17,44.71,58030387,44.78,45.39,44.17,44.71,58030387
2022-02-04,45.58,46.08,45.08,45.46,62395111,45.58,46.08,45.08,45.46,62395111,45.58,46.08,45.08,45.46,62395111
2022-02-07,44.20,44.53,43.87,44.15,51074588,44.20,44.53,43.87,44.15,51074588,44.20,44.53,43.87,44.15,51074588
2022-02-08,44.44,44.79,44.10,44.61,47798773,44.44,44.79,44.10,44.61,47798773,44.44,44.79,44.10,44.61,47798773
2022-02-09,45.20,45.85,44.56,45.23,46930042,45.20,45.85,44.56,45.23,46930042,45.20,45.85,44.56,45.23,46930042
2022-02-10,46.06,46.56,45.56,46.14,44073549,46.06,46.56,45.56,46.14,44073549,46.06,46.56,45.56,46.14,44073549
2022-02-11,47.25,47.81,46.68,47.39,68206521,47.25,47.81,46.68,47.39,68206521,47.25,47.81,46.68,47.39,68206521
2022-02-14,46.40,46.96,45.85,46.21,47814930,46.40,46.96,45.85,46.21,47814930,46.40,46.96,45.85,46.21,47814930
2022-02-15,46.10,46.52,45.67,45.89,61553150,46.10,46.52,45.67,45.89,61553150,46.10,46.52,45.67,45.89,61553150
2022-02-16,47.42,48.13,46.72,47.30,41515945,47.42,48.13,46.72,47.30,41515945,47.42,48.13,46.72,47.30,41515945
2022-02-17,46.20,46.65,45.75,46.02,57233352,46.20,46.65,45.75,46.02,57233352,46.20,46.65,45.75,46.02,57233352
2022-02-18,45.80,46.48,45.12,45.59,68133325,45.80,46.48,45.12,45.59,68133325,45.80,46.48,45.12,45.59,68133325
2022-02-21,43.44,44.07,42.81,43.33,57227688,43.44,44.07,42.81,43.33,57227688,43.44,44.07,42.81,43.33,57227688
2022-02-22,41.84,42.18,41.50,41.97,62425195,41.84,42.18,41.50,41.97,62425195,41.84,42.18,41.50,41.97,62425195
2022-02-23,42.18,42.85,41.52,42.27,44627921,42.18,42.85,41.52,42.27,44627921,42.18,42.85,41.52,42.27,44627921
2022-02-24,42.51,42.78,42.25,42.67,67598411,42.51,42.78,42.25,42.67,67598411,42.51,42.78,42.25,42.67,67598411
2022-02-25,42.31,42.94,41.69,42.35,45298290,42.31,42.94,41.69,42.35,45298290,42.31,42.94,41.69,42.35,45298290
2022-02-28,42.99,43.46,42.53,42.71,44501694,42.99,43.46,42.53,42.71,44501694,42.99,43.46,42.53,42.71,44501694
2022-03-01,41.41,42.00,40.82,41.50,59945234,41.41,42.00,40.82,41.50,59945234,41.41,42.00,40.82,41.50,59945234
2022-03-02,41.63,41.94,41.32,41.48,44252148,41.63,41.94,41.32,41.48,44252148,41.63,41.94,41.32,41.48,44252148
2022-03-03,41.79,42.50,41.07,41.84,50915745,41.79,42.50,41.07,41.84,50915745,41.79,42.50,41.07,41.84,50915745
2022-03-04,41.04,41.61,40.47,41.15,57916103,41.04,41.61,40.47,41.15,57916103,41.04,41.61,40.47,41.15,57916103
2022-03-07,42.44,42.74,42.14,42.41,59657000,42.44,42.74,42.14,42.41,59657000,42.44,42.74,42.14,42.41,59657000
2022-03-08,42.99,43.50,42.49,42.96,71166315,42.99,43.50,42.49,42.96,71166315,42.99,43.50,42.49,42.96,71166315
2022-03-09,42.06,42.48,41.64,42.19,41295927,42.06,42.48,41.64,42.19,41295927,42.06,42.48,41.64,42.19,41295927
2022-03-10,42.26,42.62,41.90,42.23,73404961,42.26,42.62,41.90,42.23,73404961,42.26,42.62,41.90,42.23,73404961
2022-03-11,42.47,43.04,41.90,42.33,73211987,42.47,43.04,41.90,42.33,73211987,42.47,43.04,41.90,42.33,73211987
2022-03-14,41.78,42.16,41.41,41.91,57908809,41.78,42.16,41.41,41.91,57908809,41.78,42.16,41.41,41.91,57908809
2022-03-15,41.45,41.88,41.03,41.49,61154337,41.45,41.88,41.03,41.49,61154337,41.45,41.88,41.03,41.49,61154337
2022-03-16,40.53,40.83,40.22,40.52,66718913,40.53,40.83,40.22,40.52,66718913,40.53,40.83,40.22,40.52,66718913
2022-03-17,41.72,42.15,41.29,41.37,76457685,41.72,42.15,41.29,41.37,76457685,41.72,42.15,41.29,41.37,76457685
2022-03-18,40.87,41.40,40.34,40.94,43280476,40.87,41.40,40.34,40.94,43280476,40.87,41.40,40.34,40.94,43280476
2022-03-21,41.34,41.80,40.87,41.38,63261342,41.34,41.80,40.87,41.38,63261342,41.34,41.80,40.87,41.38,63261342
2022-03-22,43.57,44.22,42.93,43.47,40159371,43.57,44.22,42.93,43.47,40159371,43.57,44.22,42.93,43.47,40159371
2022-03-23,42.57,42.98,42.15,42.50,70517576,42.57,42.98,42.15,42.50,70517576,42.57,42.98,42.15,42.50,70517576
2022-03-24,42.29,42.44,42.13,42.29,65228801,42.29,42.44,42.13,42.29,65228801,42.29,42.44,42.13,42.29,65228801
2022-03-25,42.62,43.18,42.05,42.57,43651275,42.62,43.18,42.05,42.57,43651275,42.62,43.18,42.05,42.57,43651275
2022-03-28,43.08,43.51,42.66,43.00,57846259,43.08,43.51,42.66,43.00,57846259,43.08,43.51,42.66,43.00,57846259
2022-03-29,43.11,43.66,42.57,43.17,70740578,43.11,43.66,42.57,43.17,70740578,43.11,43.66,42.57,43.17,70740578
2022-03-30,42.37,42.85,41.90,42.34,63532625,42.37,42.85,41.90,42.34,63532625,42.37,42.85,41.90,42.34,63532625
2022-03-31,42.19,42.88,41.50,42.22,53381763,42.19,42.88,41.50,42.22,53381763,42.19,42.88,41.50,42.22,53381763
2022-04-01,40.36,40.99,39.74,40.08,76061374,40.36,40.99,39.74,40.08,76061374,40.36,40.99,39.74,40.08,76061374
2022-04-04,40.17,40.84,39.49,39.89,68379398,40.17,40.84,39.49,39.89,68379398,40.17,40.84,39.49,39.89,68379398
2022-04-05,39.20,39.76,38.65,39.14,54559493,39.20,39.76,38.65,39.14,54559493,39.20,39.76,38.65,39.14,54559493
2022-04-06,38.68,39.09,38.26,38.70,45298222,38.68,39.09,38.26,38.70,45298222,38.68,39.09,38.26,38.70,45298222
2022-04-07,36.88,37.30,36.45,36.96,63809474,36.88,37.30,36.45,36.96,63809474,36.88,37.30,36.45,36.96,63809474
2022-04-08,36.90,37.17,36.62,36.89,54671782,36.90,37.17,36.62,36.89,54671782,36.90,37.17,36.62,36.89,54671782
2022-04-11,38.15,38.56,37.75,38.30,42290719,38.15,38.56,37.75,38.30,42290719,38.15,38.56,37.75,38.30,42290719
2022-04-12,37.85,38.55,37.15,37.72,46463016,37.85,38.55,37.15,37.72,46463016,37.85,38.55,37.15,37.72,46463016
2022-04-13,38.09,38.61,37.57,37.94,73519377,38.09,38.61,37.57,37.94,73519377,38.09,38.61,37.57,37.94,73519377
2022-04-14,39.20,39.69,38.71,39.40,47686327,39.20,39.69,38.71,39.40,47686327,39.20,39.69,38.71,39.40,47686327
2022-04-15,39.73,40.17,39.28,39.71,73888118,39.73,40.17,39.28,39.71,73888118,39.73,40.17,39.28,39.71,73888118
2022-04-18,39.06,39.62,38.50,39.07,46986290,39.06,39.62,38.50,39.07,46986290,39.06,39.62,38.50,39.07,46986290
2022-04-19,37.71,38.31,37.11,37.82,46518792,37.71,38.31,37.11,37.82,46518792,37.71,38.31,37.11,37.82,46518792
2022-04-20,38.18,38.81,37.54,38.23,62075472,38.18,38.81,37.54,38.23,62075472,38.18,38.81,37.54,38.23,62075472
2022-04-21,37.47,37.96,36.99,37.60,51513469,37.47,37.96,36.99,37.60,51513469,37.47,37.96,36.99,37.60,51513469
2022-04-22,38.83,39.04,38.63,38.76,57360509,38.83,39.04,38.63,38.76,57360509,38.83,39.04,38.63,38.76,57360509
2022-04-25,39.01,39.41,38.61,38.72,66260265,39.01,39.41,38.61,38.72,66260265,39.01,39.41,38.61,38.72,66260265
2022-04-26,38.99,39.52,38.46,38.75,54248632,38.99,39.52,38.46,38.75,54248632,38.99,39.52,38.46,38.75,54248632
2022-04-27,38.37,38.89,37.85,38.28,63818971,38.37,38.89,37.85,38.28,63818971,38.37,38.89,37.85,38.28,63818971
2022-04-28,38.38,38.71,38.05,38.13,67483781,38.38,38.71,38.05,38.13,67483781,38.38,38.71,38.05,38.13,67483781
2022-04-29,38.54,38.91,38.17,38.52,75862899,38.54,38.91,38.17,38.52,75862899,38.54,38.91,38.17,38.52,75862899
2022-05-02,38.27,38.67,37.87,38.29,57122713,38.27,38.67,37.87,38.29,57122713,38.27,38.67,37.87,38.29,57122713
2022-05-03,38.95,39.24,38.66,38.76,42830625,38.95,39.24,38.66,38.76,42830625,38.95,39.24,38.66,38.76,42830625
2022-05-04,37.09,37.44,36.74,37.22,41485030,37.09,37.44,36.74,37.22,41485030,37.09,37.44,36.74,37.22,41485030
2022-05-05,37.41,37.76,37.06,37.46,61150058,37.41,37.76,37.06,37.46,61150058,37.41,37.76,37.06,37.46,61150058
2022-05-06,36.99,37.61,36.38,37.15,69974046,36.99,37.61,36.38,37.15,69974046,36.99,37.61,36.38,37.15,69974046
2022-05-09,37.55,38.11,36.99,37.64,54183374,37.55,38.11,36.99,37.64,54183374,37.55,38.11,36.99,37.64,54183374
2022-05-10,37.71,38.21,37.21,37.54,42644904,37.71,38.21,37.21,37.54,42644904,37.71,38.21,37.21,37.54,42644904
2022-05-11,38.65,39.17,38.13,38.62,55750483,38.65,39.17,38.13,38.62,55750483,38.65,39.17,38.13,38.62,55750483
2022-05-12,39.70,40.15,39.25,39.60,52736836,39.70,40.15,39.25,39.60,52736836,39.70,40.15,39.25,39.60,52736836
2022-05-13,39.09,39.28,38.89,39.05,40092506,39.09,39.28,38.89,39.05,40092506,39.09,39.28,38.89,39.05,40092506
2022-05-16,39.86,40.17,39.55,39.80,45277828,39.86,40.17,39.55,39.80,45277828,39.86,40.17,39.55,39.80,45277828
2022-05-17,40.34,40.54,40.14,40.20,75714344,40.34,40.54,40.14,40.20,75714344,40.34,40.54,40.14,40.20,75714344
2022-05-18,39.12,39.61,38.63,39.00,50013929,39.12,39.61,38.63,39.00,50013929,39.12,39.61,38.63,39.00,50013929
2022-05-19,37.49,37.97,37.01,37.81,48052814,37.49,37.97,37.01,37.81,48052814,37.49,37.97,37.01,37.81,48052814
2022-05-20,38.49,39.06,37.93,38.60,38771177,38.49,39.06,37.93,38.60,38771177,38.49,39.06,37.93,38.60,38771177
2022-05-23,39.48,40.01,38.96,39.45,63480314,39.48,40.01,38.96,39.45,63480314,39.48,40.01,38.96,39.45,63480314
2022-05-24,39.31,39.79,38.83,39.28,39577913,39.31,39.79,38.83,39.28,39577913,39.31,39.79,38.83,39.28,39577913
2022-05-25,39.23,39.58,38.89,39.26,75253266,39.23,39.58,38.89,39.26,75253266,39.23,39.58,38.89,39.26,75253266
2022-05-26,38.65,38.88,38.41,38.44,53293996,38.65,38.88,38.41,38.44,53293996,38.65,38.88,38.41,38.44,53293996
2022-05-27,37.59,38.11,37.07,37.57,69736445,37.59,38.11,37.07,37.57,69736445,37.59,38.11,37.07,37.57,69736445
2022-05-30,37.26,37.80,36.72,37.23,56188343,37.26,37.80,36.72,37.23,56188343,37.26,37.80,36.72,37.23,56188343
2022-05-31,36.88,37.40,36.36,36.69,44608527,36.88,37.40,36.36,36.69,44608527,36.88,37.40,36.36,36.69,44608527
2022-06-01,36.05,36.23,35.87,36.08,61567686,36.05,36.23,35.87,36.08,61567686,36.05,36.23,35.87,36.08,61567686
2022-06-02,36.81,37.20,36.41,36.93,42004479,36.81,37.20,36.41,36.93,42004479,36.81,37.20,36.41,36.93,42004479
2022-06-03,36.92,37.54,36.30,36.90,75099122,36.92,37.54,36.30,36.90,75099122,36.92,37.54,36.30,36.90,75099122
2022-06-06,35.87,36.13,35.61,35.88,57822795,35.87,36.13,35.61,35.88,57822795,35.87,36.13,35.61,35.88,57822795
2022-06-07,35.26,35.67,34.84,35.34,44573071,35.26,35.67,34.84,35.34,44573071,35.26,35.67,34.84,35.34,44573071
2022-06-08,35.07,35.34,34.81,34.97,73357797,35.07,35.34,34.81,34.97,73357797,35.07,35.34,34.81,34.97,73357797
2022-06-09,34.37,34.82,33.91,34.41,38614228,34.37,34.82,33.91,34.41,38614228,34.37,34.82,33.91,34.41,38614228
2022-06-10,34.30,34.70,33.90,34.33,56887905,34.30,34.70,33.90,34.33,56887905,34.30,34.70,33.90,34.33,56887905
2022-06-13,34.75,35.06,34.45,34.55,48655454,34.75,35.06,34.45,34.55,48655454,34.75,35.06,34.45,34.55,48655454
2022-06-14,34.97,35.30,34.65,34.98,65645595,34.97,35.30,34.65,34.98,65645595,34.97,35.30,34.65,34.98,65645595
2022-06-15,33.60,34.12,33.08,33.60,62620592,33.60,34.12,33.08,33.60,62620592,33.60,34.12,33.08,33.60,62620592
2022-06-16,32.80,33.35,32.24,32.82,41024470,32.80,33.35,32.24,32.82,41024470,32.80,33.35,32.24,32.82,41024470
2022-06-17,31.99,32.15,31.83,31.89,59037466,31.99,32.15,31.83,31.89,59037466,31.99,32.15,31.83,31.89,59037466
2022-06-20,32.83,33.26,32.40,32.88,53142256,32.83,33.26,32.40,32.88,53142256,32.83,33.26,32.40,32.88,53142256
2022-06-21,32.82,33.17,32.47,32.80,50453401,32.82,33.17,32.47,32.80,50453401,32.82,33.17,32.47,32.80,50453401
2022-06-22,32.61,33.06,32.16,32.53,41531109,32.61,33.06,32.16,32.53,41531109,32.61,33.06,32.16,32.53,41531109
2022-06-23,31.38,31.60,31.16,31.52,53249461,31.38,31.60,31.16,31.52,53249461,31.38,31.60,31.16,31.52,53249461
2022-06-24,31.78,32.39,31.17,31.83,68024062,31.78,32.39,31.17,31.83,68024062,31.78,32.39,31.17,31.83,68024062
2022-06-27,30.87,31.20,30.54,30.94,50085390,30.87,31.20,30.54,30.94,50085390,30.87,31.20,30.54,30.94,50085390
2022-06-28,30.27,30.58,29.96,30.29,51653834,30.27,30.58,29.96,30.29,51653834,30.27,30.58,29.96,30.29,51653834
2022-06-29,31.08,31.59,30.58,30.99,52145470,31.08,31.59,30.58,30.99,52145470,31.08,31.59,30.58,30.99,52145470
2022-06-30,30.70,30.90,30.49,30.54,55190660,30.70,30.90,30.49,30.54,55190660,30.70,30.90,30.49,30.54,55190660
2022-07-01,31.39,31.80,30.99,31.13,60539916,31.39,31.80,30.99,31.13,60539916,31.39,31.80,30.99,31.13,60539916
2022-07-04,30.88,31.29,30.47,30.92,68127736,30.88,31.29,30.47,30.92,68127736,30.88,31.29,30.47,30.92,68127736
2022-07-05,31.21,31.45,30.96,31.04,47581446,31.21,31.45,30.96,31.04,47581446,31.21,31.45,30.96,31.04,47581446
2022-07-06,31.02,31.25,30.79,30.95,75197153,31.02,31.25,30.79,30.95,75197153,31.02,31.25,30.79,30.95,75197153
2022-07-07,30.42,30.69,30.15,30.40,43324791,30.42,30.69,30.15,30.40,43324791,30.42,30.69,30.15,30.40,43324791
2022-07-08,30.82,31.20,30.44,30.70,67272706,30.82,31.20,30.44,30.70,67272706,30.82,31.20,30.44,30.70,67272706
2022-07-11,30.33,30.57,30.08,30.41,71564125,30.33,30.57,30.08,30.41,71564125,30.33,30.57,30.08,30.41,71564125
2022-07-12,29.60,29.94,29.27,29.73,45168699,29.60,29.94,29.27,29.73,45168699,29.60,29.94,29.27,29.73,45168699
2022-07-13,29.31,29.60,29.02,29.30,70325125,29.31,29.60,29.02,29.30,70325125,29.31,29.60,29.02,29.30,70325125
2022-07-14,28.47,28.85,28.09,28.62,69796497,28.47,28.85,28.09,28.62,69796497,28.47,28.85,28.09,28.62,69796497
2022-07-15,29.06,29.42,28.70,28.92,56397919,29.06,29.42,28.70,28.92,56397919,29.06,29.42,28.70,28.92,56397919
2022-07-18,30.13,30.54,29.71,30.03,38714966,30.13,30.54,29.71,30.03,38714966,30.13,30.54,29.71,30.03,38714966
2022-07-19,30.31,30.67,29.96,30.36,57818026,30.31,30.67,29.96,30.36,57818026,30.31,30.67,29.96,30.36,57818026
2022-07-20,29.97,30.18,29.76,29.96,62644529,29.97,30.18,29.76,29.96,62644529,29.97,30.18,29.76,29.96,62644529
2022-07-21,30.80,31.18,30.42,30.89,60381091,30.80,31.18,30.42,30.89,60381091,30.80,31.18,30.42,30.89,60381091
2022-07-22,31.49,31.77,31.21,31.25,54188826,31.49,31.77,31.21,31.25,54188826,31.49,31.77,31.21,31.25,54188826
2022-07-25,31.58,31.71,31.45,31.64,65414412,31.58,31.71,31.45,31.64,65414412,31.58,31.71,31.45,31.64,65414412
2022-07-26,31.32,31.71,30.92,31.18,73732688,31.32,31.71,30.92,31.18,73732688,31.32,31.71,30.92,31.18,73732688
2022-07-27,31.21,31.55,30.88,31.04,40835396,31.21,31.55,30.88,31.04,40835396,31.21,31.55,30.88,31.04,40835396
2022-07-28,30.75,31.14,30.36,30.71,75286293,30.75,31.14,30.36,30.71,75286293,30.75,31.14,30.36,30.71,75286293
2022-07-29,31.63,32.24,31.02,31.72,43561129,31.63,32.24,31.02,31.72,43561129,31.63,32.24,31.02,31.72,43561129
2022-08-01,30.17,30.56,29.78,30.24,40859128,30.17,30.56,29.78,30.24,40859128,30.17,30.56,29.78,30.24,40859128
2022-08-02,29.88,30.32,29.43,29.80,73431330,29.88,30.32,29.43,29.80,73431330,29.88,30.32,29.43,29.80,73431330
2022-08-03,29.48,29.79,29.16,29.30,43006834,29.48,29.79,29.16,29.30,43006834,29.48,29.79,29.16,29.30,43006834
2022-08-04,29.49,29.91,29.06,29.41,41089053,29.49,29.91,29.06,29.41,41089053,29.49,29.91,29.06,29.41,41089053
2022-08-05,29.38,29.67,29.08,29.45,46759937,29.38,29.67,29.08,29.45,46759937,29.38,29.67,29.08,29.45,46759937
2022-08-08,28.83,29.08,28.57,28.72,71694513,28.83,29.08,28.57,28.72,71694513,28.83,29.08,28.57,28.72,71694513
2022-08-09,29.20,29.60,28.80,29.17,53016008,29.20,29.60,28.80,29.17,53016008,29.20,29.60,28.80,29.17,53016008
2022-08-10,28.89,29.29,28.49,28.95,48812519,28.89,29.29,28.49,28.95,48812519,28.89,29.29,28.49,28.95,48812519
2022-08-11,29.13,29.26,28.99,29.15,47482110,29.13,29.26,28.99,29.15,47482110,29.13,29.26,28.99,29.15,47482110
2022-08-12,28.55,28.98,28.12,28.46,40078915,28.55,28.98,28.12,28.46,40078915,28.55,28.98,28.12,28.46,40078915
2022-08-15,28.34,28.73,27.96,28.31,52290362,28.34,28.73,27.96,28.31,52290362,28.34,28.73,27.96,28.31,52290362
2022-08-16,29.16,29.44,28.88,29.07,39517935,29.16,29.44,28.88,29.07,39517935,29.16,29.44,28.88,29.07,39517935
2022-08-17,30.43,30.70,30.16,30.34,51634096,30.43,30.70,30.16,30.34,51634096,30.43,30.70,30.16,30.34,51634096
2022-08-18,29.70,30.06,29.35,29.66,76011464,29.70,30.06,29.35,29.66,76011464,29.70,30.06,29.35,29.66,76011464
2022-08-19,30.05,30.23,29.86,29.97,67063976,30.05,30.23,29.86,29.97,67063976,30.05,30.23,29.86,29.97,67063976
2022-08-22,30.33,30.66,30.00,30.26,69075198,30.33,30.66,30.00,30.26,69075198,30.33,30.66,30.00,30.26,69075198
2022-08-23,30.22,30.53,29.91,30.07,62635806,30.22,30.53,29.91,30.07,62635806,30.22,30.53,29.91,30.07,62635806
2022-08-24,28.70,29.03,28.38,28.70,53838849,28.70,29.03,28.38,28.70,53838849,28.70,29.03,28.38,28.70,53838849
2022-08-25,27.52,27.95,27.10,27.61,56496536,27.52,27.95,27.10,27.61,56496536,27.52,27.95,27.10,27.61,56496536
2022-08-26,27.55,27.83,27.27,27.50,62569631,27.55,27.83,27.27,27.50,62569631,27.55,27.83,27.27,27.50,62569631
2022-08-29,27.00,27.33,26.68,27.00,47415357,27.00,27.33,26.68,27.00,47415357,27.00,27.33,26.68,27.00,47415357
2022-08-30,26.37,26.78,25.96,26.45,46901196,26.37,26.78,25.96,26.45,46901196,26.37,26.78,25.96,26.45,46901196
2022-08-31,26.45,26.69,26.21,26.37,62605319,26.45,26.69,26.21,26.37,62605319,26.45,26.69,26.21,26.37,62605319
2022-09-01,25.96,26.29,25.63,26.04,55145652,25.96,26.29,25.63,26.04,55145652,25.96,26.29,25.63,26.04,55145652
2022-09-02,25.65,25.90,25.40,25.57,55591095,25.65,25.90,25.40,25.57,55591095,25.65,25.90,25.40,25.57,55591095
2022-09-05,25.27,25.51,25.03,25.21,74253965,25.27,25.51,25.03,25.21,74253965,25.27,25.51,25.03,25.21,74253965
2022-09-06,25.24,25.47,25.01,25.20,43563464,25.24,25.47,25.01,25.20,43563464,25.24,25.47,25.01,25.20,43563464
2022-09-07,25.63,25.89,25.37,25.57,59761024,25.63,25.89,25.37,25.57,59761024,25.63,25.89,25.37,25.57,59761024
2022-09-08,25.87,26.06,25.67,25.82,67504476,25.87,26.06,25.67,25.82,67504476,25.87,26.06,25.67,25.82,67504476
2022-09-09,26.37,26.64,26.11,26.22,43063984,26.37,26.64,26.11,26.22,43063984,26.37,26.64,26.11,26.22,43063984
2022-09-12,25.84,26.09,25.59,25.68,66449727,25.84,26.09,25.59,25.68,66449727,25.84,26.09,25.59,25.68,66449727
2022-09-13,25.81,26.15,25.47,25.77,38731295,25.81,26.15,25.47,25.77,38731295,25.81,26.15,25.47,25.77,38731295
2022-09-14,25.84,25.99,25.68,25.81,44384174,25.84,25.99,25.68,25.81,44384174,25.84,25.99,25.68,25.81,44384174
2022-09-15,25.78,26.09,25.46,25.61,39725043,25.78,26.09,25.46,25.61,39725043,25.78,26.09,25.46,25.61,39725043
2022-09-16,26.02,26.27,25.77,26.00,40200329,26.02,26.27,25.77,26.00,40200329,26.02,26.27,25.77,26.00,40200329
2022-09-19,25.29,25.66,24.91,25.34,58730140,25.29,25.66,24.91,25.34,58730140,25.29,25.66,24.91,25.34,58730140
2022-09-20,25.05,25.40,24.71,24.95,63059820,25.05,25.40,24.71,24.95,63059820,25.05,25.40,24.71,24.95,63059820
2022-09-21,25.62,25.94,25.31,25.63,54608579,25.62,25.94,25.31,25.63,54608579,25.62,25.94,25.31,25.63,54608579
2022-09-22,25.72,25.94,25.50,25.61,39812710,25.72,25.94,25.50,25.61,39812710,25.72,25.94,25.50,25.61,39812710
2022-09-23,25.15,25.42,24.88,25.23,61855674,25.15,25.42,24.88,25.23,61855674,25.15,25.42,24.88,25.23,61855674
2022-09-26,25.34,25.72,24.96,25.26,55541109,25.34,25.72,24.96,25.26,55541109,25.34,25.72,24.96,25.26,55541109
2022-09-27,25.48,25.60,25.36,25.37,63632615,25.48,25.60,25.36,25.37,63632615,25.48,25.60,25.36,25.37,63632615
2022-09-28,25.92,26.15,25.69,25.92,75652101,25.92,26.15,25.69,25.92,75652101,25.92,26.15,25.69,25.92,75652101
2022-09-29,26.19,26.55,25.82,26.12,42500783,26.19,26.55,25.82,26.12,42500783,26.19,26.55,25.82,26.12,42500783
2022-09-30,25.71,25.86,25.56,25.70,71925736,25.71,25.86,25.56,25.70,71925736,25.71,25.86,25.56,25.70,71925736
2022-10-03,25.48,25.78,25.17,25.42,60963686,25.48,25.78,25.17,25.42,60963686,25.48,25.78,25.17,25.42,60963686
2022-10-04,25.40,25.61,25.19,25.45,38571970,25.40,25.61,25.19,25.45,38571970,25.40,25.61,25.19,25.45,38571970
2022-10-05,25.38,25.79,24.96,25.47,51029200,25.38,25.79,24.96,25.47,51029200,25.38,25.79,24.96,25.47,51029200
2022-10-06,25.61,25.88,25.34,25.60,48452065,25.61,25.88,25.34,25.60,48452065,25.61,25.88,25.34,25.60,48452065
2022-10-07,25.85,26.02,25.68,25.96,40119623,25.85,26.02,25.68,25.96,40119623,25.85,26.02,25.68,25.96,40119623
2022-10-10,26.69,26.97,26.40,26.69,66346747,26.69,26.97,26.40,26.69,66346747,26.69,26.97,26.40,26.69,66346747
2022-10-11,27.24,27.41,27.06,27.10,66590634,27.24,27.41,27.06,27.10,66590634,27.24,27.41,27.06,27.10,66590634
2022-10-12,26.88,27.33,26.42,26.79,62831908,26.88,27.33,26.42,26.79,62831908,26.88,27.33,26.42,26.79,62831908
2022-10-13,26.86,27.28,26.45,26.80,42936082,26.86,27.28,26.45,26.80,42936082,26.86,27.28,26.45,26.80,42936082
2022-10-14,27.16,27.37,26.95,27.04,61646507,27.16,27.37,26.95,27.04,61646507,27.16,27.37,26.95,27.04,61646507
2022-10-17,26.69,26.90,26.47,26.54,44492602,26.69,26.90,26.47,26.54,44492602,26.69,26.90,26.47,26.54,44492602
2022-10-18,27.63,27.90,27.36,27.38,47950144,27.63,27.90,27.36,27.38,47950144,27.63,27.90,27.36,27.38,47950144
2022-10-19,26.86,27.03,26.70,26.71,48034868,26.86,27.03,26.70,26.71,48034868,26.86,27.03,26.70,26.71,48034868
2022-10-20,27.14,27.47,26.81,27.01,38506932,27.14,27.47,26.81,27.01,38506932,27.14,27.47,26.81,27.01,38506932
2022-10-21,26.75,26.98,26.51,26.84,38984425,26.75,26.98,26.51,26.84,38984425,26.75,26.98,26.51,26.84,38984425
2022-10-24,26.94,27.28,26.60,26.98,44072455,26.94,27.28,26.60,26.98,44072455,26.94,27.28,26.60,26.98,44072455
2022-10-25,27.16,27.46,26.86,27.15,56190940,27.16,27.46,26.86,27.15,56190940,27.16,27.46,26.86,27.15,56190940
2022-10-26,27.80,28.08,27.51,27.84,76829917,27.80,28.08,27.51,27.84,76829917,27.80,28.08,27.51,27.84,76829917
2022-10-27,27.12,27.41,26.84,26.84,57847330,27.12,27.41,26.84,26.84,57847330,27.12,27.41,26.84,26.84,57847330
2022-10-28,26.54,26.92,26.16,26.50,54501300,26.54,26.92,26.16,26.50,54501300,26.54,26.92,26.16,26.50,54501300
2022-10-31,26.13,26.48,25.79,26.14,60227210,26.13,26.48,25.79,26.14,60227210,26.13,26.48,25.79,26.14,60227210
2022-11-01,26.11,26.45,25.77,26.17,48814517,26.11,26.45,25.77,26.17,48814517,26.11,26.45,25.77,26.17,48814517
2022-11-02,26.78,27.09,26.48,26.79,44360892,26.78,27.09,26.48,26.79,44360892,26.78,27.09,26.48,26.79,44360892
2022-11-03,27.16,27.39,26.94,27.08,73809871,27.16,27.39,26.94,27.08,73809871,27.16,27.39,26.94,27.08,73809871
2022-11-04,27.24,27.57,26.91,27.31,72720324,27.24,27.57,26.91,27.31,72720324,27.24,27.57,26.91,27.31,72720324
2022-11-07,27.36,27.55,27.17,27.30,46605813,27.36,27.55,27.17,27.30,46605813,27.36,27.55,27.17,27.30,46605813
2022-11-08,27.19,27.68,26.69,27.01,39763351,27.19,27.68,26.69,27.01,39763351,27.19,27.68,26.69,27.01,39763351
2022-11-09,27.65,27.84,27.45,27.56,75262121,27.65,27.84,27.45,27.56,75262121,27.65,27.84,27.45,27.56,75262121
2022-11-10,27.54,27.86,27.23,27.41,45961075,27.54,27.86,27.23,27.41,45961075,27.54,27.86,27.23,27.41,45961075
2022-11-11,26.84,27.25,26.43,27.21,47160480,26.84,27.25,26.43,27.21,47160480,26.84,27.25,26.43,27.21,47160480
2022-11-14,26.96,27.27,26.66,27.24,46535701,26.96,27.27,26.66,27.24,46535701,26.96,27.27,26.66,27.24,46535701
2022-11-15,27.43,27.79,27.06,27.37,70125426,27.43,27.79,27.06,27.37,70125426,27.43,27.79,27.06,27.37,70125426
2022-11-16,26.81,27.06,26.55,26.74,53750731,26.81,27.06,26.55,26.74,53750731,26.81,27.06,26.55,26.74,53750731
2022-11-17,26.34,26.60,26.07,26.45,47996265,26.34,26.60,26.07,26.45,47996265,26.34,26.60,26.07,26.45,47996265
2022-11-18,25.73,26.08,25.37,25.66,59939757,25.73,26.08,25.37,25.66,59939757,25.73,26.08,25.37,25.66,59939757
2022-11-21,25.48,25.99,24.97,25.47,69777593,25.48,25.99,24.97,25.47,69777593,25.48,25.99,24.97,25.47,69777593
2022-11-22,25.56,25.92,25.21,25.54,71036411,25.56,25.92,25.21,25.54,71036411,25.56,25.92,25.21,25.54,71036411
2022-11-23,25.27,25.35,25.19,25.26,71127126,25.27,25.35,25.19,25.26,71127126,25.27,25.35,25.19,25.26,71127126
2022-11-24,26.37,26.54,26.21,26.31,67403512,26.37,26.54,26.21,26.31,67403512,26.37,26.54,26.21,26.31,67403512
2022-11-25,26.55,26.88,26.22,26.55,49392169,26.55,26.88,26.22,26.55,49392169,26.55,26.88,26.22,26.55,49392169
2022-11-28,26.49,26.67,26.31,26.35,41241373,26.49,26.67,26.31,26.35,41241373,26.49,26.67,26.31,26.35,41241373
2022-11-29,25.51,25.72,25.30,25.58,53356751,25.51,25.72,25.30,25.58,53356751,25.51,25.72,25.30,25.58,53356751
2022-11-30,25.60,25.79,25.41,25.48,61669459,25.60,25.79,25.41,25.48,61669459,25.60,25.79,25.41,25.48,61669459
2022-12-01,25.24,25.59,24.89,25.27,65992450,25.24,25.59,24.89,25.27,65992450,25.24,25.59,24.89,25.27,65992450
2022-12-02,25.21,25.56,24.86,25.21,40195348,25.21,25.56,24.86,25.21,40195348,25.21,25.56,24.86,25.21,40195348
2022-12-05,26.01,26.25,25.77,25.90,58156410,26.01,26.25,25.77,25.90,58156410,26.01,26.25,25.77,25.90,58156410
2022-12-06,25.75,25.87,25.63,25.72,63331943,25.75,25.87,25.63,25.72,63331943,25.75,25.87,25.63,25.72,63331943
2022-12-07,25.77,26.19,25.35,25.75,59719128,25.77,26.19,25.35,25.75,59719128,25.77,26.19,25.35,25.75,59719128
2022-12-08,26.37,26.50,26.24,26.31,50654596,26.37,26.50,26.24,26.31,50654596,26.37,26.50,26.24,26.31,50654596
2022-12-09,26.65,27.00,26.30,26.66,61955143,26.65,27.00,26.30,26.66,61955143,26.65,27.00,26.30,26.66,61955143
2022-12-12,26.08,26.37,25.80,26.18,65250149,26.08,26.37,25.80,26.18,65250149,26.08,26.37,25.80,26.18,65250149
2022-12-13,26.74,26.97,26.51,26.69,45578428,26.74,26.97,26.51,26.69,45578428,26.74,26.97,26.51,26.69,45578428
2022-12-14,26.89,27.33,26.45,26.95,59952428,26.89,27.33,26.45,26.95,59952428,26.89,27.33,26.45,26.95,59952428
2022-12-15,27.24,27.59,26.89,27.21,70414756,27.24,27.59,26.89,27.21,70414756,27.24,27.59,26.89,27.21,70414756
2022-12-16,26.37,26.68,26.06,26.41,42509923,26.37,26.68,26.06,26.41,42509923,26.37,26.68,26.06,26.41,42509923
2022-12-19,25.14,25.41,24.87,25.24,60657839,25.14,25.41,24.87,25.24,60657839,25.14,25.41,24.87,25.24,60657839
2022-12-20,26.05,26.27,25.84,25.99,69775788,26.05,26.27,25.84,25.99,69775788,26.05,26.27,25.84,25.99,69775788
2022-12-21,26.22,26.58,25.85,26.27,61163843,26.22,26.58,25.85,26.27,61163843,26.22,26.58,25.85,26.27,61163843
2022-12-22,25.67,25.88,25.45,25.63,74310882,25.67,25.88,25.45,25.63,74310882,25.67,25.88,25.45,25.63,74310882
2022-12-23,25.91,26.05,25.78,25.86,47030118,25.91,26.05,25.78,25.86,47030118,25.91,26.05,25.78,25.86,47030118
2022-12-26,25.69,25.94,25.44,25.59,67234225,25.69,25.94,25.44,25.59,67234225,25.69,25.94,25.44,25.59,67234225
2022-12-27,25.87,26.14,25.60,25.80,51766053,25.87,26.14,25.60,25.80,51766053,25.87,26.14,25.60,25.80,51766053
2022-12-28,25.38,25.60,25.16,25.37,57238084,25.38,25.60,25.16,25.37,57238084,25.38,25.60,25.16,25.37,57238084
2022-12-29,25.45,25.69,25.20,25.41,42736141,25.45,25.69,25.20,25.41,42736141,25.45,25.69,25.20,25.41,42736141
2022-12-30,25.90,26.21,25.60,25.90,53714930,25.90,26.21,25.60,25.90,53714930,25.90,26.21,25.60,25.90,53714930
2023-01-02,24.97,25.31,24.63,24.98,52524342,24.97,25.31,24.63,24.98,52524342,24.97,25.31,24.63,24.98,52524342
2023-01-03,24.54,24.79,24.30,24.53,61179231,24.54,24.79,24.30,24.53,61179231,24.54,24.79,24.30,24.53,61179231
2023-01-04,24.63,24.82,24.45,24.57,44783593,24.63,24.82,24.45,24.57,44783593,24.63,24.82,24.45,24.57,44783593
2023-01-05,25.15,25.36,24.93,25.24,48932661,25.15,25.36,24.93,25.24,48932661,25.15,25.36,24.93,25.24,48932661
2023-01-06,26.12,26.45,25.80,26.04,55990431,26.12,26.45,25.80,26.04,55990431,26.12,26.45,25.80,26.04,55990431
2023-01-09,26.96,27.25,26.66,27.01,44359794,26.96,27.25,26.66,27.01,44359794,26.96,27.25,26.66,27.01,44359794
2023-01-10,26.94,27.28,26.59,26.73,51007567,26.94,27.28,26.59,26.73,51007567,26.94,27.28,26.59,26.73,51007567
2023-01-11,27.27,27.62,26.92,27.32,61251709,27.27,27.62,26.92,27.32,61251709,27.27,27.62,26.92,27.32,61251709
2023-01-12,27.39,27.72,27.05,27.46,61375520,27.39,27.72,27.05,27.46,61375520,27.39,27.72,27.05,27.46,61375520
2023-01-13,27.80,28.00,27.60,27.82,63642377,27.80,28.00,27.60,27.82,63642377,27.80,28.00,27.60,27.82,63642377
2023-01-16,27.77,27.98,27.57,27.82,43467325,27.77,27.98,27.57,27.82,43467325,27.77,27.98,27.57,27.82,43467325
2023-01-17,28.24,28.46,28.01,28.08,48191354,28.24,28.46,28.01,28.08,48191354,28.24,28.46,28.01,28.08,48191354
2023-01-18,27.45,27.63,27.27,27.30,76230476,27.45,27.63,27.27,27.30,76230476,27.45,27.63,27.27,27.30,76230476
2023-01-19,27.65,28.06,27.23,27.50,65471043,27.65,28.06,27.23,27.50,65471043,27.65,28.06,27.23,27.50,65471043
2023-01-20,26.77,27.20,26.35,26.88,56206892,26.77,27.20,26.35,26.88,56206892,26.77,27.20,26.35,26.88,56206892
2023-01-23,27.12,27.32,26.91,27.12,73388324,27.12,27.32,26.91,27.12,73388324,27.12,27.32,26.91,27.12,73388324
2023-01-24,27.00,27.28,26.72,27.11,56891956,27.00,27.28,26.72,27.11,56891956,27.00,27.28,26.72,27.11,56891956
2023-01-25,27.62,27.83,27.41,27.57,54630285,27.62,27.83,27.41,27.57,54630285,27.62,27.83,27.41,27.57,54630285
2023-01-26,27.00,27.21,26.79,27.05,76242377,27.00,27.21,26.79,27.05,76242377,27.00,27.21,26.79,27.05,76242377
2023-01-27,26.86,27.17,26.56,27.01,44124757,26.86,27.17,26.56,27.01,44124757,26.86,27.17,26.56,27.01,44124757
2023-01-30,27.53,27.93,27.14,27.55,59835901,27.53,27.93,27.14,27.55,59835901,27.53,27.93,27.14,27.55,59835901
2023-01-31,27.58,28.02,27.13,27.62,39974207,27.58,28.02,27.13,27.62,39974207,27.58,28.02,27.13,27.62,39974207
2023-02-01,27.16,27.46,26.85,27.18,60567314,27.16,27.46,26.85,27.18,60567314,27.16,27.46,26.85,27.18,60567314
2023-02-02,27.57,27.76,27.39,27.66,56785631,27.57,27.76,27.39,27.66,56785631,27.57,27.76,27.39,27.66,56785631
2023-02-03,28.50,28.87,28.13,28.44,67095100,28.50,28.87,28.13,28.44,67095100,28.50,28.87,28.13,28.44,67095100
2023-02-06,28.30,28.53,28.07,28.39,59258607,28.30,28.53,28.07,28.39,59258607,28.30,28.53,28.07,28.39,59258607
2023-02-07,26.93,27.19,26.68,26.82,45541361,26.93,27.19,26.68,26.82,45541361,26.93,27.19,26.68,26.82,45541361
2023-02-08,26.98,27.24,26.72,26.94,48643856,26.98,27.24,26.72,26.94,48643856,26.98,27.24,26.72,26.94,48643856
2023-02-09,26.68,26.98,26.38,26.75,51093705,26.68,26.98,26.38,26.75,51093705,26.68,26.98,26.38,26.75,51093705
2023-02-10,27.32,27.64,27.00,27.20,62521070,27.32,27.64,27.00,27.20,62521070,27.32,27.64,27.00,27.20,62521070
2023-02-13,27.78,28.08,27.47,27.89,76716410,27.78,28.08,27.47,27.89,76716410,27.78,28.08,27.47,27.89,76716410
2023-02-14,27.25,27.57,26.94,27.18,50845118,27.25,27.57,26.94,27.18,50845118,27.25,27.57,26.94,27.18,50845118
2023-02-15,26.42,26.94,25.91,26.34,56677577,26.42,26.94,25.91,26.34,56677577,26.42,26.94,25.91,26.34,56677577
2023-02-16,26.86,27.11,26.61,26.82,64667386,26.86,27.11,26.61,26.82,64667386,26.86,27.11,26.61,26.82,64667386
2023-02-17,27.10,27.36,26.85,26.91,54370213,27.10,27.36,26.85,26.91,54370213,27.10,27.36,26.85,26.91,54370213
2023-02-20,27.45,27.75,27.16,27.25,76410910,27.45,27.75,27.16,27.25,76410910,27.45,27.75,27.16,27.25,76410910
2023-02-21,27.29,27.58,27.01,27.18,48006246,27.29,27.58,27.01,27.18,48006246,27.29,27.58,27.01,27.18,48006246
2023-02-22,27.49,27.69,27.29,27.42,64634338,27.49,27.69,27.29,27.42,64634338,27.49,27.69,27.29,27.42,64634338
2023-02-23,28.05,28.32,27.78,27.98,51199324,28.05,28.32,27.78,27.98,51199324,28.05,28.32,27.78,27.98,51199324
2023-02-24,27.63,27.96,27.30,27.55,53533229,27.63,27.96,27.30,27.55,53533229,27.63,27.96,27.30,27.55,53533229
2023-02-27,27.60,27.88,27.32,27.58,48023913,27.60,27.88,27.32,27.58,48023913,27.60,27.88,27.32,27.58,48023913
2023-02-28,27.94,28.20,27.68,28.00,41277605,27.94,28.20,27.68,28.00,41277605,27.94,28.20,27.68,28.00,41277605
2023-03-01,28.25,28.55,27.95,28.04,40864833,28.25,28.55,27.95,28.04,40864833,28.25,28.55,27.95,28.04,40864833
2023-03-02,28.42,28.62,28.22,28.27,67969079,28.42,28.62,28.22,28.27,67969079,28.42,28.62,28.22,28.27,67969079
2023-03-03,29.22,29.57,28.86,29.22,67734214,29.22,29.57,28.86,29.22,67734214,29.22,29.57,28.86,29.22,67734214
2023-03-06,29.17,29.58,28.76,29.11,67533146,29.17,29.58,28.76,29.11,67533146,29.17,29.58,28.76,29.11,67533146
2023-03-07,29.49,29.66,29.32,29.50,58817251,29.49,29.66,29.32,29.50,58817251,29.49,29.66,29.32,29.50,58817251
2023-03-08,30.15,30.35,29.95,30.15,75829189,30.15,30.35,29.95,30.15,75829189,30.15,30.35,29.95,30.15,75829189
2023-03-09,30.35,30.78,29.92,30.28,48344494,30.35,30.78,29.92,30.28,48344494,30.35,30.78,29.92,30.28,48344494
2023-03-10,30.21,30.42,29.99,30.12,58899218,30.21,30.42,29.99,30.12,58899218,30.21,30.42,29.99,30.12,58899218
2023-03-13,30.35,30.64,30.07,30.40,56462152,30.35,30.64,30.07,30.40,56462152,30.35,30.64,30.07,30.40,56462152
2023-03-14,30.96,31.30,30.62,30.79,74374192,30.96,31.30,30.62,30.79,74374192,30.96,31.30,30.62,30.79,74374192
2023-03-15,30.95,31.11,30.78,30.93,54121675,30.95,31.11,30.78,30.93,54121675,30.95,31.11,30.78,30.93,54121675
2023-03-16,30.44,30.83,30.06,30.37,56828190,30.44,30.83,30.06,30.37,56828190,30.44,30.83,30.06,30.37,56828190
2023-03-17,29.66,29.83,29.50,29.56,75664720,29.66,29.83,29.50,29.56,75664720,29.66,29.83,29.50,29.56,75664720
2023-03-20,29.73,30.04,29.43,29.53,43791728,29.73,30.04,29.43,29.53,43791728,29.73,30.04,29.43,29.53,43791728
2023-03-21,29.94,30.36,29.52,29.81,46024743,29.94,30.36,29.52,29.81,46024743,29.94,30.36,29.52,29.81,46024743
2023-03-22,30.38,30.75,30.01,30.19,63875601,30.38,30.75,30.01,30.19,63875601,30.38,30.75,30.01,30.19,63875601
2023-03-23,30.89,31.16,30.62,30.77,63855300,30.89,31.16,30.62,30.77,63855300,30.89,31.16,30.62,30.77,63855300
2023-03-24,31.66,32.04,31.29,31.61,72728672,31.66,32.04,31.29,31.61,72728672,31.66,32.04,31.29,31.61,72728672
2023-03-27,31.22,31.67,30.76,31.16,61035631,31.22,31.67,30.76,31.16,61035631,31.22,31.67,30.76,31.16,61035631
2023-03-28,31.07,31.51,30.64,31.17,42468335,31.07,31.51,30.64,31.17,42468335,31.07,31.51,30.64,31.17,42468335
2023-03-29,30.79,31.15,30.43,30.85,41903898,30.79,31.15,30.43,30.85,41903898,30.79,31.15,30.43,30.85,41903898
2023-03-30,31.68,32.13,31.24,31.60,65348525,31.68,32.13,31.24,31.60,65348525,31.68,32.13,31.24,31.60,65348525
2023-03-31,30.74,31.07,30.41,30.69,71432653,30.74,31.07,30.41,30.69,71432653,30.74,31.07,30.41,30.69,71432653
2023-04-03,31.45,31.89,31.02,31.42,76607205,31.45,31.89,31.02,31.42,76607205,31.45,31.89,31.02,31.42,76607205
2023-04-04,31.31,31.73,30.89,31.35,67320176,31.31,31.73,30.89,31.35,67320176,31.31,31.73,30.89,31.35,67320176
2023-04-05,31.37,31.59,31.15,31.52,57512062,31.37,31.59,31.15,31.52,57512062,31.37,31.59,31.15,31.52,57512062
2023-04-06,31.41,31.82,31.00,31.43,68257729,31.41,31.82,31.00,31.43,68257729,31.41,31.82,31.00,31.43,68257729
2023-04-07,30.94,31.19,30.69,31.08,54095738,30.94,31.19,30.69,31.08,54095738,30.94,31.19,30.69,31.08,54095738
2023-04-10,31.45,31.63,31.26,31.44,38734904,31.45,31.63,31.26,31.44,38734904,31.45,31.63,31.26,31.44,38734904
2023-04-11,32.07,32.50,31.63,32.17,63231542,32.07,32.50,31.63,32.17,63231542,32.07,32.50,31.63,32.17,63231542
2023-04-12,32.00,32.27,31.73,31.96,47554033,32.00,32.27,31.73,31.96,47554033,32.00,32.27,31.73,31.96,47554033
2023-04-13,33.42,33.72,33.12,33.28,66433673,33.42,33.72,33.12,33.28,66433673,33.42,33.72,33.12,33.28,66433673
2023-04-14,34.09,34.34,33.84,34.09,67177968,34.09,34.34,33.84,34.09,67177968,34.09,34.34,33.84,34.09,67177968
2023-04-17,33.53,33.87,33.19,33.68,43202198,33.53,33.87,33.19,33.68,43202198,33.53,33.87,33.19,33.68,43202198
2023-04-18,33.66,33.85,33.48,33.70,59425068,33.66,33.85,33.48,33.70,59425068,33.66,33.85,33.48,33.70,59425068
2023-04-19,34.50,34.79,34.20,34.40,45339101,34.50,34.79,34.20,34.40,45339101,34.50,34.79,34.20,34.40,45339101
2023-04-20,34.13,34.48,33.79,34.27,54476460,34.13,34.48,33.79,34.27,54476460,34.13,34.48,33.79,34.27,54476460
2023-04-21,35.08,35.38,34.78,35.02,57956197,35.08,35.38,34.78,35.02,57956197,35.08,35.38,34.78,35.02,57956197
2023-04-24,34.61,35.00,34.21,34.37,62580728,34.61,35.00,34.21,34.37,62580728,34.61,35.00,34.21,34.37,62580728
2023-04-25,35.42,35.66,35.18,35.38,41396185,35.42,35.66,35.18,35.38,41396185,35.42,35.66,35.18,35.38,41396185
2023-04-26,36.66,37.00,36.31,36.79,76709111,36.66,37.00,36.31,36.79,76709111,36.66,37.00,36.31,36.79,76709111
2023-04-27,37.52,37.85,37.19,37.40,58572921,37.52,37.85,37.19,37.40,58572921,37.52,37.85,37.19,37.40,58572921
2023-04-28,37.36,37.82,36.89,37.22,76381221,37.36,37.82,36.89,37.22,76381221,37.36,37.82,36.89,37.22,76381221
2023-05-01,37.10,37.56,36.63,37.16,72236472,37.10,37.56,36.63,37.16,72236472,37.10,37.56,36.63,37.16,72236472
2023-05-02,36.88,37.38,36.37,36.81,62214228,36.88,37.38,36.37,36.81,62214228,36.88,37.38,36.37,36.81,62214228
2023-05-03,36.85,37.03,36.67,36.84,72385091,36.85,37.03,36.67,36.84,72385091,36.85,37.03,36.67,36.84,72385091
2023-05-04,36.46,36.78,36.14,36.58,47651576,36.46,36.78,36.14,36.58,47651576,36.46,36.78,36.14,36.58,47651576
2023-05-05,36.57,36.90,36.25,36.48,53571138,36.57,36.90,36.25,36.48,53571138,36.57,36.90,36.25,36.48,53571138
2023-05-08,36.61,36.97,36.25,36.57,75184309,36.61,36.97,36.25,36.57,75184309,36.61,36.97,36.25,36.57,75184309
2023-05-09,36.49,36.95,36.04,36.56,49814934,36.49,36.95,36.04,36.56,49814934,36.49,36.95,36.04,36.56,49814934
2023-05-10,37.66,38.22,37.09,37.58,48833225,37.66,38.22,37.09,37.58,48833225,37.66,38.22,37.09,37.58,48833225
2023-05-11,38.08,38.46,37.70,38.16,58163156,38.08,38.46,37.70,38.16,58163156,38.08,38.46,37.70,38.16,58163156
2023-05-12,37.63,38.17,37.09,37.65,58978705,37.63,38.17,37.09,37.65,58978705,37.63,38.17,37.09,37.65,58978705
2023-05-15,37.69,38.09,37.29,37.77,42580161,37.69,38.09,37.29,37.77,42580161,37.69,38.09,37.29,37.77,42580161
2023-05-16,37.33,37.73,36.92,37.49,54904566,37.33,37.73,36.92,37.49,54904566,37.33,37.73,36.92,37.49,54904566
2023-05-17,37.84,38.24,37.44,37.82,39782514,37.84,38.24,37.44,37.82,39782514,37.84,38.24,37.44,37.82,39782514
2023-05-18,38.36,38.60,38.12,38.24,61315078,38.36,38.60,38.12,38.24,61315078,38.36,38.60,38.12,38.24,61315078
2023-05-19,38.39,38.74,38.04,38.44,63155892,38.39,38.74,38.04,38.44,63155892,38.39,38.74,38.04,38.44,63155892
2023-05-22,38.39,38.81,37.97,38.17,67634059,38.39,38.81,37.97,38.17,67634059,38.39,38.81,37.97,38.17,67634059
2023-05-23,38.79,39.29,38.29,38.84,47917950,38.79,39.29,38.29,38.84,47917950,38.79,39.29,38.29,38.84,47917950
2023-05-24,37.98,38.43,37.53,38.08,41323163,37.98,38.43,37.53,38.08,41323163,37.98,38.43,37.53,38.08,41323163
2023-05-25,39.25,39.75,38.74,39.18,41368345,39.25,39.75,38.74,39.18,41368345,39.25,39.75,38.74,39.18,41368345
2023-05-26,40.65,40.92,40.38,40.55,44778090,40.65,40.92,40.38,40.55,44778090,40.65,40.92,40.38,40.55,44778090
2023-05-29,41.42,41.97,40.88,41.33,65081774,41.42,41.97,40.88,41.33,65081774,41.42,41.97,40.88,41.33,65081774
2023-05-30,41.32,41.83,40.81,41.23,50752694,41.32,41.83,40.81,41.23,50752694,41.32,41.83,40.81,41.23,50752694
2023-05-31,41.23,41.78,40.68,41.15,76964680,41.23,41.78,40.68,41.15,76964680,41.23,41.78,40.68,41.15,76964680
2023-06-01,40.32,40.70,39.93,40.35,61834110,40.32,40.70,39.93,40.35,61834110,40.32,40.70,39.93,40.35,61834110
2023-06-02,39.50,39.64,39.35,39.63,44978494,39.50,39.64,39.35,39.63,44978494,39.50,39.64,39.35,39.63,44978494
2023-06-05,39.41,39.75,39.07,39.30,68336749,39.41,39.75,39.07,39.30,68336749,39.41,39.75,39.07,39.30,68336749
2023-06-06,39.39,39.72,39.06,39.38,58962415,39.39,39.72,39.06,39.38,58962415,39.39,39.72,39.06,39.38,58962415
2023-06-07,40.34,40.53,40.15,40.24,69233081,40.34,40.53,40.15,40.24,69233081,40.34,40.53,40.15,40.24,69233081
2023-06-08,40.66,40.92,40.40,40.50,60178553,40.66,40.92,40.40,40.50,60178553,40.66,40.92,40.40,40.50,60178553
2023-06-09,39.98,40.43,39.53,39.80,75659134,39.98,40.43,39.53,39.80,75659134,39.98,40.43,39.53,39.80,75659134
2023-06-12,40.55,40.99,40.11,40.50,41903294,40.55,40.99,40.11,40.50,41903294,40.55,40.99,40.11,40.50,41903294
2023-06-13,41.85,42.29,41.40,42.04,61343117,41.85,42.29,41.40,42.04,61343117,41.85,42.29,41.40,42.04,61343117
2023-06-14,42.96,43.45,42.47,42.83,69727635,42.96,43.45,42.47,42.83,69727635,42.96,43.45,42.47,42.83,69727635
2023-06-15,43.37,43.82,42.92,43.37,49349501,43.37,43.82,42.92,43.37,49349501,43.37,43.82,42.92,43.37,49349501
2023-06-16,43.59,44.01,43.17,43.85,64523939,43.59,44.01,43.17,43.85,64523939,43.59,44.01,43.17,43.85,64523939
2023-06-19,44.93,45.29,44.57,44.74,66416730,44.93,45.29,44.57,44.74,66416730,44.93,45.29,44.57,44.74,66416730
2023-06-20,45.49,45.76,45.21,45.46,53583400,45.49,45.76,45.21,45.46,53583400,45.49,45.76,45.21,45.46,53583400
2023-06-21,46.98,47.62,46.34,47.01,60336064,46.98,47.62,46.34,47.01,60336064,46.98,47.62,46.34,47.01,60336064
2023-06-22,46.70,47.26,46.15,46.60,57512983,46.70,47.26,46.15,46.60,57512983,46.70,47.26,46.15,46.60,57512983
2023-06-23,47.44,47.95,46.93,47.46,73156149,47.44,47.95,46.93,47.46,73156149,47.44,47.95,46.93,47.46,73156149
2023-06-26,49.59,50.40,48.78,49.13,53212885,49.59,50.40,48.78,49.13,53212885,49.59,50.40,48.78,49.13,53212885
2023-06-27,48.23,48.93,47.53,48.11,42785384,48.23,48.93,47.53,48.11,42785384,48.23,48.93,47.53,48.11,42785384
2023-06-28,48.48,48.70,48.25,48.34,42138852,48.48,48.70,48.25,48.34,42138852,48.48,48.70,48.25,48.34,42138852
2023-06-29,50.91,51.52,50.30,50.58,41908183,50.91,51.52,50.30,50.58,41908183,50.91,51.52,50.30,50.58,41908183
2023-06-30,51.14,51.94,50.34,51.16,44733704,51.14,51.94,50.34,51.16,44733704,51.14,51.94,50.34,51.16,44733704
2023-07-03,51.96,52.68,51.24,52.28,46585334,51.96,52.68,51.24,52.28,46585334,51.96,52.68,51.24,52.28,46585334
2023-07-04,54.20,55.05,53.35,54.05,72582211,54.20,55.05,53.35,54.05,72582211,54.20,55.05,53.35,54.05,72582211
2023-07-05,55.20,56.00,54.41,54.91,47235582,55.20,56.00,54.41,54.91,47235582,55.20,56.00,54.41,54.91,47235582
2023-07-06,57.22,58.01,56.43,57.29,61381255,57.22,58.01,56.43,57.29,61381255,57.22,58.01,56.43,57.29,61381255
2023-07-07,57.18,57.91,56.45,57.20,49599804,57.18,57.91,56.45,57.20,49599804,57.18,57.91,56.45,57.20,49599804
2023-07-10,57.18,58.29,56.06,57.42,48331087,57.18,58.29,56.06,57.42,48331087,57.18,58.29,56.06,57.42,48331087
2023-07-11,58.16,58.79,57.53,57.95,66267333,58.16,58.79,57.53,57.95,66267333,58.16,58.79,57.53,57.95,66267333
2023-07-12,57.14,57.81,56.46,56.93,44878445,57.14,57.81,56.46,56.93,44878445,57.14,57.81,56.46,56.93,44878445
2023-07-13,56.66,57.18,56.14,56.62,76968382,56.66,57.18,56.14,56.62,76968382,56.66,57.18,56.14,56.62,76968382
2023-07-14,56.42,57.01,55.84,56.36,48957247,56.42,57.01,55.84,56.36,48957247,56.42,57.01,55.84,56.36,48957247
2023-07-17,58.13,59.05,57.21,58.16,58429705,58.13,59.05,57.21,58.16,58429705,58.13,59.05,57.21,58.16,58429705
2023-07-18,60.38,61.15,59.61,60.06,51739411,60.38,61.15,59.61,60.06,51739411,60.38,61.15,59.61,60.06,51739411
2023-07-19,59.77,60.05,59.48,59.65,61891493,59.77,60.05,59.48,59.65,61891493,59.77,60.05,59.48,59.65,61891493
2023-07-20,59.67,60.50,58.84,59.72,55696730,59.67,60.50,58.84,59.72,55696730,59.67,60.50,58.84,59.72,55696730
2023-07-21,60.79,61.78,59.81,60.81,66598950,60.79,61.78,59.81,60.81,66598950,60.79,61.78,59.81,60.81,66598950
2023-07-24,59.57,59.92,59.21,59.41,42572379,59.57,59.92,59.21,59.41,42572379,59.57,59.92,59.21,59.41,42572379
2023-07-25,59.65,60.06,59.23,59.72,68090952,59.65,60.06,59.23,59.72,68090952,59.65,60.06,59.23,59.72,68090952
2023-07-26,61.11,62.17,60.06,61.10,71033164,61.11,62.17,60.06,61.10,71033164,61.11,62.17,60.06,61.10,71033164
2023-07-27,62.06,62.68,61.44,61.86,50636009,62.06,62.68,61.44,61.86,50636009,62.06,62.68,61.44,61.86,50636009
2023-07-28,61.31,61.95,60.68,61.12,43742579,61.31,61.95,60.68,61.12,43742579,61.31,61.95,60.68,61.12,43742579
2023-07-31,61.80,62.58,61.02,61.75,72678234,61.80,62.58,61.02,61.75,72678234,61.80,62.58,61.02,61.75,72678234
2023-08-01,63.59,64.34,62.85,63.48,42481479,63.59,64.34,62.85,63.48,42481479,63.59,64.34,62.85,63.48,42481479
2023-08-02,64.48,65.63,63.32,64.49,70851224,64.48,65.63,63.32,64.49,70851224,64.48,65.63,63.32,64.49,70851224
2023-08-03,65.57,66.30,64.85,65.58,46085883,65.57,66.30,64.85,65.58,46085883,65.57,66.30,64.85,65.58,46085883
2023-08-04,66.72,67.56,65.87,67.08,57231630,66.72,67.56,65.87,67.08,57231630,66.72,67.56,65.87,67.08,57231630
2023-08-07,67.22,67.82,66.62,67.34,68397494,67.22,67.82,66.62,67.34,68397494,67.22,67.82,66.62,67.34,68397494
2023-08-08,67.25,67.98,66.52,66.82,69832828,67.25,67.98,66.52,66.82,69832828,67.25,67.98,66.52,66.82,69832828
2023-08-09,66.38,67.46,65.31,66.45,47694651,66.38,67.46,65.31,66.45,47694651,66.38,67.46,65.31,66.45,47694651
2023-08-10,67.09,67.54,66.64,67.04,61371587,67.09,67.54,66.64,67.04,61371587,67.09,67.54,66.64,67.04,61371587
2023-08-11,65.08,66.21,63.94,65.03,48542979,65.08,66.21,63.94,65.03,48542979,65.08,66.21,63.94,65.03,48542979
2023-08-14,65.08,65.86,64.30,64.79,71496604,65.08,65.86,64.30,64.79,71496604,65.08,65.86,64.30,64.79,71496604
2023-08-15,65.26,65.92,64.60,64.79,65863735,65.26,65.92,64.60,64.79,65863735,65.26,65.92,64.60,64.79,65863735
2023-08-16,65.84,66.46,65.22,65.34,71105755,65.84,66.46,65.22,65.34,71105755,65.84,66.46,65.22,65.34,71105755
2023-08-17,64.43,65.26,63.60,64.33,75615365,64.43,65.26,63.60,64.33,75615365,64.43,65.26,63.60,64.33,75615365
2023-08-18,65.01,65.24,64.77,65.08,40553861,65.01,65.24,64.77,65.08,40553861,65.01,65.24,64.77,65.08,40553861
2023-08-21,65.90,66.82,64.97,65.99,60474807,65.90,66.82,64.97,65.99,60474807,65.90,66.82,64.97,65.99,60474807
2023-08-22,68.37,69.24,67.51,68.30,56574961,68.37,69.24,67.51,68.30,56574961,68.37,69.24,67.51,68.30,56574961
2023-08-23,67.40,68.31,66.48,67.48,74802997,67.40,68.31,66.48,67.48,74802997,67.40,68.31,66.48,67.48,74802997
2023-08-24,68.28,69.05,67.51,68.26,52117832,68.28,69.05,67.51,68.26,52117832,68.28,69.05,67.51,68.26,52117832
2023-08-25,70.34,71.24,69.45,69.94,60854307,70.34,71.24,69.45,69.94,60854307,70.34,71.24,69.45,69.94,60854307
2023-08-28,72.46,72.96,71.96,72.53,69440521,72.46,72.96,71.96,72.53,69440521,72.46,72.96,71.96,72.53,69440521
2023-08-29,71.18,71.99,70.37,71.08,51937308,71.18,71.99,70.37,71.08,51937308,71.18,71.99,70.37,71.08,51937308
2023-08-30,71.89,72.83,70.95,72.25,71746996,71.89,72.83,70.95,72.25,71746996,71.89,72.83,70.95,72.25,71746996
2023-08-31,73.16,73.90,72.41,72.73,61892648,73.16,73.90,72.41,72.73,61892648,73.16,73.90,72.41,72.73,61892648
2023-09-01,73.19,74.21,72.17,72.94,75416815,73.19,74.21,72.17,72.94,75416815,73.19,74.21,72.17,72.94,75416815
2023-09-04,73.02,73.88,72.16,72.61,50946162,73.02,73.88,72.16,72.61,50946162,73.02,73.88,72.16,72.61,50946162
2023-09-05,74.18,74.45,73.92,74.02,51865884,74.18,74.45,73.92,74.02,51865884,74.18,74.45,73.92,74.02,51865884
2023-09-06,73.19,73.79,72.59,73.02,69222722,73.19,73.79,72.59,73.02,69222722,73.19,73.79,72.59,73.02,69222722
2023-09-07,75.54,75.98,75.09,75.71,51987983,75.54,75.98,75.09,75.71,51987983,75.54,75.98,75.09,75.71,51987983
2023-09-08,77.30,78.35,76.25,77.28,67616114,77.30,78.35,76.25,77.28,67616114,77.30,78.35,76.25,77.28,67616114
2023-09-11,76.84,77.88,75.80,76.84,54261763,76.84,77.88,75.80,76.84,54261763,76.84,77.88,75.80,76.84,54261763
2023-09-12,76.31,77.07,75.55,76.50,59234339,76.31,77.07,75.55,76.50,59234339,76.31,77.07,75.55,76.50,59234339
2023-09-13,77.08,77.66,76.49,77.15,64216821,77.08,77.66,76.49,77.15,64216821,77.08,77.66,76.49,77.15,64216821
2023-09-14,75.32,76.27,74.37,75.45,70986168,75.32,76.27,74.37,75.45,70986168,75.32,76.27,74.37,75.45,70986168
2023-09-15,77.55,78.44,76.67,77.49,50532737,77.55,78.44,76.67,77.49,50532737,77.55,78.44,76.67,77.49,50532737
2023-09-18,80.89,81.47,80.30,80.95,68512114,80.89,81.47,80.30,80.95,68512114,80.89,81.47,80.30,80.95,68512114
2023-09-19,79.22,80.11,78.32,79.57,73879063,79.22,80.11,78.32,79.57,73879063,79.22,80.11,78.32,79.57,73879063
2023-09-20,82.39,83.66,81.11,82.58,74211285,82.39,83.66,81.11,82.58,74211285,82.39,83.66,81.11,82.58,74211285
2023-09-21,84.87,85.89,83.85,84.75,56533115,84.87,85.89,83.85,84.75,56533115,84.87,85.89,83.85,84.75,56533115
2023-09-22,84.12,84.53,83.71,84.25,70742468,84.12,84.53,83.71,84.25,70742468,84.12,84.53,83.71,84.25,70742468
2023-09-25,84.00,84.38,83.62,84.19,63926173,84.00,84.38,83.62,84.19,63926173,84.00,84.38,83.62,84.19,63926173
2023-09-26,83.67,84.52,82.81,83.58,58829331,83.67,84.52,82.81,83.58,58829331,83.67,84.52,82.81,83.58,58829331
2023-09-27,81.62,82.63,80.61,82.18,68833652,81.62,82.63,80.61,82.18,68833652,81.62,82.63,80.61,82.18,68833652
2023-09-28,84.89,85.89,83.89,84.93,55356589,84.89,85.89,83.89,84.93,55356589,84.89,85.89,83.89,84.93,55356589
2023-09-29,85.71,86.73,84.69,85.68,71483858,85.71,86.73,84.69,85.68,71483858,85.71,86.73,84.69,85.68,71483858
2023-10-02,87.59,88.34,86.83,87.39,39004061,87.59,88.34,86.83,87.39,39004061,87.59,88.34,86.83,87.39,39004061
2023-10-03,88.45,89.24,87.66,88.67,64069317,88.45,89.24,87.66,88.67,64069317,88.45,89.24,87.66,88.67,64069317
2023-10-04,90.94,91.85,90.04,90.62,55992349,90.94,91.85,90.04,90.62,55992349,90.94,91.85,90.04,90.62,55992349
2023-10-05,89.77,90.64,88.91,89.05,60007527,89.77,90.64,88.91,89.05,60007527,89.77,90.64,88.91,89.05,60007527
2023-10-06,92.78,93.48,92.08,92.52,52909728,92.78,93.48,92.08,92.52,52909728,92.78,93.48,92.08,92.52,52909728
2023-10-09,94.90,96.24,93.56,94.62,50610064,94.90,96.24,93.56,94.62,50610064,94.90,96.24,93.56,94.62,50610064
2023-10-10,96.23,97.66,94.81,96.50,45949489,96.23,97.66,94.81,96.50,45949489,96.23,97.66,94.81,96.50,45949489
2023-10-11,96.20,97.48,94.91,96.14,68150571,96.20,97.48,94.91,96.14,68150571,96.20,97.48,94.91,96.14,68150571
2023-10-12,95.30,96.42,94.18,95.59,71863617,95.30,96.42,94.18,95.59,71863617,95.30,96.42,94.18,95.59,71863617
2023-10-13,97.63,98.99,96.28,97.56,42711699,97.63,98.99,96.28,97.56,42711699,97.63,98.99,96.28,97.56,42711699
2023-10-16,101.23,102.88,99.58,101.15,50530909,101.23,102.88,99.58,101.15,50530909,101.23,102.88,99.58,101.15,50530909
2023-10-17,103.50,104.55,102.45,102.47,42996224,103.50,104.55,102.45,102.47,42996224,103.50,104.55,102.45,102.47,42996224
2023-10-18,105.30,106.44,104.15,104.82,48950500,105.30,106.44,104.15,104.82,48950500,105.30,106.44,104.15,104.82,48950500
2023-10-19,106.43,107.34,105.52,106.67,69262679,106.43,107.34,105.52,106.67,69262679,106.43,107.34,105.52,106.67,69262679
2023-10-20,108.05,108.93,107.17,108.73,57074881,108.05,108.93,107.17,108.73,57074881,108.05,108.93,107.17,108.73,57074881
2023-10-23,109.89,111.23,108.54,109.81,56862803,109.89,111.23,108.54,109.81,56862803,109.89,111.23,108.54,109.81,56862803
2023-10-24,112.35,113.64,111.07,112.72,51192599,112.35,113.64,111.07,112.72,51192599,112.35,113.64,111.07,112.72,51192599
2023-10-25,113.55,115.08,112.02,113.32,72990472,113.55,115.08,112.02,113.32,72990472,113.55,115.08,112.02,113.32,72990472
2023-10-26,113.45,115.04,111.87,112.66,76205465,113.45,115.04,111.87,112.66,76205465,113.45,115.04,111.87,112.66,76205465
2023-10-27,114.92,115.85,114.00,114.79,49347986,114.92,115.85,114.00,114.79,49347986,114.92,115.85,114.00,114.79,49347986
2023-10-30,112.08,113.27,110.89,112.00,50182396,112.08,113.27,110.89,112.00,50182396,112.08,113.27,110.89,112.00,50182396
2023-10-31,116.45,117.81,115.09,116.91,49781725,116.45,117.81,115.09,116.91,49781725,116.45,117.81,115.09,116.91,49781725
2023-11-01,121.41,122.88,119.95,121.50,46850417,121.41,122.88,119.95,121.50,46850417,121.41,122.88,119.95,121.50,46850417
2023-11-02,126.04,127.54,124.53,125.81,54226800,126.04,127.54,124.53,125.81,54226800,126.04,127.54,124.53,125.81,54226800
2023-11-03,128.86,130.15,127.57,129.61,41226701,128.86,130.15,127.57,129.61,41226701,128.86,130.15,127.57,129.61,41226701
2023-11-06,131.46,132.52,130.40,131.76,75338741,131.46,132.52,130.40,131.76,75338741,131.46,132.52,130.40,131.76,75338741
2023-11-07,131.27,132.90,129.65,131.71,43820994,131.27,132.90,129.65,131.71,43820994,131.27,132.90,129.65,131.71,43820994
2023-11-08,127.31,128.12,126.50,127.07,73558468,127.31,128.12,126.50,127.07,73558468,127.31,128.12,126.50,127.07,73558468
2023-11-09,126.95,128.83,125.07,127.27,52566154,126.95,128.83,125.07,127.27,52566154,126.95,128.83,125.07,127.27,52566154
2023-11-10,130.12,131.68,128.56,130.19,39200339,130.12,131.68,128.56,130.19,39200339,130.12,131.68,128.56,130.19,39200339
2023-11-13,129.71,131.41,128.01,129.85,47229791,129.71,131.41,128.01,129.85,47229791,129.71,131.41,128.01,129.85,47229791
2023-11-14,132.14,133.00,131.28,132.29,57944488,132.14,133.00,131.28,132.29,57944488,132.14,133.00,131.28,132.29,57944488
2023-11-15,131.45,133.10,129.80,132.58,56134369,131.45,133.10,129.80,132.58,56134369,131.45,133.10,129.80,132.58,56134369
2023-11-16,136.26,138.49,134.03,135.19,43958955,136.26,138.49,134.03,135.19,43958955,136.26,138.49,134.03,135.19,43958955
2023-11-17,134.84,137.07,132.60,135.25,55049422,134.84,137.07,132.60,135.25,55049422,134.84,137.07,132.60,135.25,55049422
2023-11-20,135.40,136.97,133.82,134.65,67159557,135.40,136.97,133.82,134.65,67159557,135.40,136.97,133.82,134.65,67159557
2023-11-21,136.08,138.12,134.05,135.83,72552324,136.08,138.12,134.05,135.83,72552324,136.08,138.12,134.05,135.83,72552324
2023-11-22,138.99,140.22,137.75,138.24,74855582,138.99,140.22,137.75,138.24,74855582,138.99,140.22,137.75,138.24,74855582
2023-11-23,135.87,137.69,134.05,135.99,52612513,135.87,137.69,134.05,135.99,52612513,135.87,137.69,134.05,135.99,52612513
2023-11-24,136.19,138.10,134.28,135.92,40140940,136.19,138.10,134.28,135.92,40140940,136.19,138.10,134.28,135.92,40140940
2023-11-27,135.05,136.77,133.33,134.36,49865824,135.05,136.77,133.33,134.36,49865824,135.05,136.77,133.33,134.36,49865824
2023-11-28,141.86,143.80,139.92,141.32,54158720,141.86,143.80,139.92,141.32,54158720,141.86,143.80,139.92,141.32,54158720
2023-11-29,145.75,148.34,143.17,145.45,67409489,145.75,148.34,143.17,145.45,67409489,145.75,148.34,143.17,145.45,67409489
2023-11-30,150.06,151.92,148.19,149.52,43694981,150.06,151.92,148.19,149.52,43694981,150.06,151.92,148.19,149.52,43694981
2023-12-01,156.17,157.96,154.37,155.97,62080106,156.17,157.96,154.37,155.97,62080106,156.17,157.96,154.37,155.97,62080106
2023-12-04,157.47,158.62,156.32,157.25,56194029,157.47,158.62,156.32,157.25,56194029,157.47,158.62,156.32,157.25,56194029
2023-12-05,153.88,156.18,151.58,154.32,56775191,153.88,156.18,151.58,154.32,56775191,153.88,156.18,151.58,154.32,56775191
2023-12-06,156.13,156.79,155.46,156.38,67654463,156.13,156.79,155.46,156.38,67654463,156.13,156.79,155.46,156.38,67654463
2023-12-07,154.99,156.47,153.51,154.94,51731576,154.99,156.47,153.51,154.94,51731576,154.99,156.47,153.51,154.94,51731576
2023-12-08,160.14,161.39,158.88,159.09,43490755,160.14,161.39,158.88,159.09,43490755,160.14,161.39,158.88,159.09,43490755
2023-12-11,157.68,160.42,154.95,158.37,64591508,157.68,160.42,154.95,158.37,64591508,157.68,160.42,154.95,158.37,64591508
2023-12-12,156.62,158.27,154.97,157.27,45092348,156.62,158.27,154.97,157.27,45092348,156.62,158.27,154.97,157.27,45092348
2023-12-13,156.36,157.92,154.80,156.47,59656812,156.36,157.92,154.80,156.47,59656812,156.36,157.92,154.80,156.47,59656812
2023-12-14,156.06,157.87,154.24,156.61,47188967,156.06,157.87,154.24,156.61,47188967,156.06,157.87,154.24,156.61,47188967
2023-12-15,156.79,158.29,155.30,156.26,64966852,156.79,158.29,155.30,156.26,64966852,156.79,158.29,155.30,156.26,64966852
2023-12-18,159.31,160.17,158.44,159.51,58726123,159.31,160.17,158.44,159.51,58726123,159.31,160.17,158.44,159.51,58726123
2023-12-19,163.73,166.43,161.03,163.98,65423951,163.73,166.43,161.03,163.98,65423951,163.73,166.43,161.03,163.98,65423951
2023-12-20,168.51,170.63,166.40,167.96,49862517,168.51,170.63,166.40,167.96,49862517,168.51,170.63,166.40,167.96,49862517
2023-12-21,167.38,168.86,165.90,166.97,62222679,167.38,168.86,165.90,166.97,62222679,167.38,168.86,165.90,166.97,62222679
2023-12-22,165.76,167.65,163.87,166.41,71948240,165.76,167.65,163.87,166.41,71948240,165.76,167.65,163.87,166.41,71948240
2023-12-25,173.59,176.54,170.64,173.06,71629491,173.59,176.54,170.64,173.06,71629491,173.59,176.54,170.64,173.06,71629491
2023-12-26,177.05,178.54,175.56,175.75,72272807,177.05,178.54,175.56,175.75,72272807,177.05,178.54,175.56,175.75,72272807
2023-12-27,177.14,179.54,174.74,176.92,43920389,177.14,179.54,174.74,176.92,43920389,177.14,179.54,174.74,176.92,43920389
2023-12-28,174.75,176.34,173.17,175.79,41495847,174.75,176.34,173.17,175.79,41495847,174.75,176.34,173.17,175.79,41495847
2023-12-29,173.98,175.11,172.86,173.36,67976863,173.98,175.11,172.86,173.36,67976863,173.98,175.11,172.86,173.36,67976863
