Date,Open,High,Low,Close,Volume,UnadjustedOpen,UnadjustedHigh,UnadjustedLow,UnadjustedClose,UnadjustedVolume,AdjustedOpen,AdjustedHigh,AdjustedLow,AdjustedClose,AdjustedVolume
2018-01-02,132.15,132.42,131.89,132.04,7781751,132.15,132.42,131.89,132.04,7781751,132.15,132.42,131.89,132.04,7781751
2018-01-03,133.97,134.44,133.51,134.20,9859627,133.97,134.44,133.51,134.20,9859627,133.97,134.44,133.51,134.20,9859627
2018-01-04,137.56,138.19,136.92,137.17,8992258,137.56,138.19,136.92,137.17,8992258,137.56,138.19,136.92,137.17,8992258
2018-01-05,136.92,138.41,135.44,136.41,9583531,136.92,138.41,135.44,136.41,9583531,136.92,138.41,135.44,136.41,9583531
2018-01-08,136.59,138.24,134.95,135.68,9450815,136.59,138.24,134.95,135.68,9450815,136.59,138.24,134.95,135.68,9450815
2018-01-09,137.22,139.12,135.33,136.04,10343156,137.22,139.12,135.33,136.04,10343156,137.22,139.12,135.33,136.04,10343156
2018-01-10,137.47,139.24,135.70,136.55,7564277,137.47,139.24,135.70,136.55,7564277,137.47,139.24,135.70,136.55,7564277
2018-01-11,132.18,133.44,130.92,131.59,9472484,132.18,133.44,130.92,131.59,9472484,132.18,133.44,130.92,131.59,9472484
2018-01-12,132.03,133.40,130.67,131.52,8485413,132.03,133.40,130.67,131.52,8485413,132.03,133.40,130.67,131.52,8485413
2018-01-15,137.23,139.17,135.30,136.49,10828655,137.23,139.17,135.30,136.49,10828655,137.23,139.17,135.30,136.49,10828655
2018-01-16,135.38,136.78,133.97,136.38,6463231,135.38,136.78,133.97,136.38,6463231,135.38,136.78,133.97,136.38,6463231
2018-01-17,138.85,140.70,136.99,139.28,8401811,138.85,140.70,136.99,139.28,8401811,138.85,140.70,136.99,139.28,8401811
2018-01-18,137.10,139.39,134.82,136.54,7541996,137.10,139.39,134.82,136.54,7541996,137.10,139.39,134.82,136.54,7541996
2018-01-19,131.66,132.74,130.57,131.78,10330561,131.66,132.74,130.57,131.78,10330561,131.66,132.74,130.57,131.78,10330561
2018-01-22,129.52,131.42,127.62,129.96,6670778,129.52,131.42,127.62,129.96,6670778,129.52,131.42,127.62,129.96,6670778
2018-01-23,132.01,132.69,131.34,131.83,9232299,132.01,132.69,131.34,131.83,9232299,132.01,132.69,131.34,131.83,9232299
2018-01-24,127.87,129.11,126.63,127.78,5955069,127.87,129.11,126.63,127.78,5955069,127.87,129.11,126.63,127.78,5955069
2018-01-25,128.78,129.81,127.74,128.41,7276350,128.78,129.81,127.74,128.41,7276350,128.78,129.81,127.74,128.41,7276350
2018-01-26,127.85,129.29,126.41,128.25,10227828,127.85,129.29,126.41,128.25,10227828,127.85,129.29,126.41,128.25,10227828
2018-01-29,132.61,133.68,131.54,132.59,7616900,132.61,133.68,131.54,132.59,7616900,132.61,133.68,131.54,132.59,7616900
2018-01-30,131.51,133.00,130.03,130.92,11124480,131.51,133.00,130.03,130.92,11124480,131.51,133.00,130.03,130.92,11124480
2018-01-31,129.98,131.51,128.46,129.90,6802981,129.98,131.51,128.46,129.90,6802981,129.98,131.51,128.46,129.90,6802981
2018-02-01,131.42,133.53,129.30,131.00,7383456,131.42,133.53,129.30,131.00,7383456,131.42,133.53,129.30,131.00,7383456
2018-02-02,132.61,134.85,130.37,132.01,7901801,132.61,134.85,130.37,132.01,7901801,132.61,134.85,130.37,132.01,7901801
2018-02-05,134.76,136.51,133.01,133.56,9249330,134.76,136.51,133.01,133.56,9249330,134.76,136.51,133.01,133.56,9249330
2018-02-06,131.44,133.14,129.74,130.76,6288864,131.44,133.14,129.74,130.76,6288864,131.44,133.14,129.74,130.76,6288864
2018-02-07,127.59,128.98,126.19,127.71,6199611,127.59,128.98,126.19,127.71,6199611,127.59,128.98,126.19,127.71,6199611
2018-02-08,129.55,130.72,128.39,129.55,9743981,129.55,130.72,128.39,129.55,9743981,129.55,130.72,128.39,129.55,9743981
2018-02-09,126.34,127.40,125.28,126.17,7040850,126.34,127.40,125.28,126.17,7040850,126.34,127.40,125.28,126.17,7040850
2018-02-12,127.34,128.55,126.13,126.25,8416475,127.34,128.55,126.13,126.25,8416475,127.34,128.55,126.13,126.25,8416475
2018-02-13,123.84,125.45,122.22,123.41,6921753,123.84,125.45,122.22,123.41,6921753,123.84,125.45,122.22,123.41,6921753
2018-02-14,120.34,121.51,119.17,120.34,9114286,120.34,121.51,119.17,120.34,9114286,120.34,121.51,119.17,120.34,9114286
2018-02-15,118.38,119.68,117.09,118.88,10172620,118.38,119.68,117.09,118.88,10172620,118.38,119.68,117.09,118.88,10172620
2018-02-16,118.37,120.49,116.24,118.57,8653208,118.37,120.49,116.24,118.57,8653208,118.37,120.49,116.24,118.57,8653208
2018-02-19,121.83,123.16,120.50,121.69,9467412,121.83,123.16,120.50,121.69,9467412,121.83,123.16,120.50,121.69,9467412
2018-02-20,124.01,124.48,123.55,124.11,10613576,124.01,124.48,123.55,124.11,10613576,124.01,124.48,123.55,124.11,10613576
2018-02-21,125.22,126.66,123.79,124.77,8029060,125.22,126.66,123.79,124.77,8029060,125.22,126.66,123.79,124.77,8029060
2018-02-22,126.75,128.41,125.09,127.12,5823819,126.75,128.41,125.09,127.12,5823819,126.75,128.41,125.09,127.12,5823819
2018-02-23,124.25,124.96,123.53,124.51,10832763,124.25,124.96,123.53,124.51,10832763,124.25,124.96,123.53,124.51,10832763
2018-02-26,122.11,123.75,120.47,122.38,9575382,122.11,123.75,120.47,122.38,9575382,122.11,123.75,120.47,122.38,9575382
2018-02-27,122.80,124.51,121.08,123.42,9206530,122.80,124.51,121.08,123.42,9206530,122.80,124.51,121.08,123.42,9206530
2018-02-28,123.48,124.87,122.09,123.02,8804189,123.48,124.87,122.09,123.02,8804189,123.48,124.87,122.09,123.02,8804189
2018-03-01,123.32,124.24,122.40,122.70,10421014,123.32,124.24,122.40,122.70,10421014,123.32,124.24,122.40,122.70,10421014
2018-03-02,124.45,125.74,123.15,124.58,10402041,124.45,125.74,123.15,124.58,10402041,124.45,125.74,123.15,124.58,10402041
2018-03-05,123.87,125.41,122.33,124.09,7238193,123.87,125.41,122.33,124.09,7238193,123.87,125.41,122.33,124.09,7238193
2018-03-06,122.03,124.39,119.67,122.06,7852665,122.03,124.39,119.67,122.06,7852665,122.03,124.39,119.67,122.06,7852665
2018-03-07,120.07,121.34,118.80,119.84,10529269,120.07,121.34,118.80,119.84,10529269,120.07,121.34,118.80,119.84,10529269
2018-03-08,121.33,123.50,119.17,120.61,7040863,121.33,123.50,119.17,120.61,7040863,121.33,123.50,119.17,120.61,7040863
2018-03-09,120.34,121.05,119.64,120.53,8065232,120.34,121.05,119.64,120.53,8065232,120.34,121.05,119.64,120.53,8065232
2018-03-12,117.22,117.93,116.50,117.08,11048293,117.22,117.93,116.50,117.08,11048293,117.22,117.93,116.50,117.08,11048293
2018-03-13,119.43,121.23,117.63,119.60,9021145,119.43,121.23,117.63,119.60,9021145,119.43,121.23,117.63,119.60,9021145
2018-03-14,119.52,120.64,118.40,119.80,11079978,119.52,120.64,118.40,119.80,11079978,119.52,120.64,118.40,119.80,11079978
2018-03-15,118.13,119.23,117.02,117.78,7941585,118.13,119.23,117.02,117.78,7941585,118.13,119.23,117.02,117.78,7941585
2018-03-16,116.97,118.33,115.62,117.50,7353373,116.97,118.33,115.62,117.50,7353373,116.97,118.33,115.62,117.50,7353373
2018-03-19,117.47,120.27,114.66,116.69,5868571,117.47,120.27,114.66,116.69,5868571,117.47,120.27,114.66,116.69,5868571
2018-03-20,110.86,112.14,109.58,110.68,9880279,110.86,112.14,109.58,110.68,9880279,110.86,112.14,109.58,110.68,9880279
2018-03-21,112.75,113.36,112.13,112.67,9931890,112.75,113.36,112.13,112.67,9931890,112.75,113.36,112.13,112.67,9931890
2018-03-22,111.87,113.12,110.62,111.54,7730294,111.87,113.12,110.62,111.54,7730294,111.87,113.12,110.62,111.54,7730294
2018-03-23,110.61,111.74,109.48,109.94,5722273,110.61,111.74,109.48,109.94,5722273,110.61,111.74,109.48,109.94,5722273
2018-03-26,111.30,112.70,109.90,111.18,10531215,111.30,112.70,109.90,111.18,10531215,111.30,112.70,109.90,111.18,10531215
2018-03-27,110.99,112.02,109.97,110.21,8064573,110.99,112.02,109.97,110.21,8064573,110.99,112.02,109.97,110.21,8064573
2018-03-28,108.41,109.84,106.98,108.68,7293237,108.41,109.84,106.98,108.68,7293237,108.41,109.84,106.98,108.68,7293237
2018-03-29,109.03,110.33,107.73,109.46,6714848,109.03,110.33,107.73,109.46,6714848,109.03,110.33,107.73,109.46,6714848
2018-03-30,111.81,113.57,110.06,111.62,7906567,111.81,113.57,110.06,111.62,7906567,111.81,113.57,110.06,111.62,7906567
2018-04-02,114.35,115.10,113.60,113.81,7423918,114.35,115.10,113.60,113.81,7423918,114.35,115.10,113.60,113.81,7423918
2018-04-03,109.27,111.17,107.36,108.99,6500220,109.27,111.17,107.36,108.99,6500220,109.27,111.17,107.36,108.99,6500220
2018-04-04,107.16,109.04,105.27,106.46,8005610,107.16,109.04,105.27,106.46,8005610,107.16,109.04,105.27,106.46,8005610
2018-04-05,108.28,110.07,106.49,109.32,10836996,108.28,110.07,106.49,109.32,10836996,108.28,110.07,106.49,109.32,10836996
2018-04-06,109.04,110.52,107.56,109.22,10695828,109.04,110.52,107.56,109.22,10695828,109.04,110.52,107.56,109.22,10695828
2018-04-09,112.91,113.87,111.94,112.49,6444318,112.91,113.87,111.94,112.49,6444318,112.91,113.87,111.94,112.49,6444318
2018-04-10,115.35,116.62,114.08,115.35,8665467,115.35,116.62,114.08,115.35,8665467,115.35,116.62,114.08,115.35,8665467
2018-04-11,115.57,117.68,113.46,115.83,8742920,115.57,117.68,113.46,115.83,8742920,115.57,117.68,113.46,115.83,8742920
2018-04-12,114.99,116.94,113.05,115.38,9885972,114.99,116.94,113.05,115.38,9885972,114.99,116.94,113.05,115.38,9885972
2018-04-13,112.94,114.14,111.73,113.04,6842696,112.94,114.14,111.73,113.04,6842696,112.94,114.14,111.73,113.04,6842696
2018-04-16,112.47,114.32,110.62,112.57,9220864,112.47,114.32,110.62,112.57,9220864,112.47,114.32,110.62,112.57,9220864
2018-04-17,114.45,114.83,114.07,114.10,10292718,114.45,114.83,114.07,114.10,10292718,114.45,114.83,114.07,114.10,10292718
2018-04-18,112.33,113.62,111.05,112.78,7652459,112.33,113.62,111.05,112.78,7652459,112.33,113.62,111.05,112.78,7652459
2018-04-19,108.72,110.24,107.19,108.99,8412201,108.72,110.24,107.19,108.99,8412201,108.72,110.24,107.19,108.99,8412201
2018-04-20,105.71,106.45,104.96,105.54,9461143,105.71,106.45,104.96,105.54,9461143,105.71,106.45,104.96,105.54,9461143
2018-04-23,106.84,107.78,105.90,107.00,5700617,106.84,107.78,105.90,107.00,5700617,106.84,107.78,105.90,107.00,5700617
2018-04-24,107.62,108.96,106.28,108.02,8410673,107.62,108.96,106.28,108.02,8410673,107.62,108.96,106.28,108.02,8410673
2018-04-25,107.68,108.79,106.56,107.14,11184183,107.68,108.79,106.56,107.14,11184183,107.68,108.79,106.56,107.14,11184183
2018-04-26,110.41,112.19,108.63,110.29,7236342,110.41,112.19,108.63,110.29,7236342,110.41,112.19,108.63,110.29,7236342
2018-04-27,114.42,116.27,112.56,114.21,8824291,114.42,116.27,112.56,114.21,8824291,114.42,116.27,112.56,114.21,8824291
2018-04-30,111.52,112.44,110.60,111.12,6007210,111.52,112.44,110.60,111.12,6007210,111.52,112.44,110.60,111.12,6007210
2018-05-01,111.40,113.12,109.68,111.40,9234580,111.40,113.12,109.68,111.40,9234580,111.40,113.12,109.68,111.40,9234580
2018-05-02,111.77,112.76,110.78,111.06,8205585,111.77,112.76,110.78,111.06,8205585,111.77,112.76,110.78,111.06,8205585
2018-05-03,108.09,109.70,106.47,107.59,6819139,108.09,109.70,106.47,107.59,6819139,108.09,109.70,106.47,107.59,6819139
2018-05-04,107.48,108.28,106.68,108.04,5915116,107.48,108.28,106.68,108.04,5915116,107.48,108.28,106.68,108.04,5915116
2018-05-07,106.04,106.96,105.12,106.39,5647422,106.04,106.96,105.12,106.39,5647422,106.04,106.96,105.12,106.39,5647422
2018-05-08,104.82,105.41,104.23,105.09,10726439,104.82,105.41,104.23,105.09,10726439,104.82,105.41,104.23,105.09,10726439
2018-05-09,107.34,108.54,106.15,107.45,6472017,107.34,108.54,106.15,107.45,6472017,107.34,108.54,106.15,107.45,6472017
2018-05-10,106.15,106.71,105.59,106.12,8579431,106.15,106.71,105.59,106.12,8579431,106.15,106.71,105.59,106.12,8579431
2018-05-11,106.91,108.81,105.02,106.57,8680515,106.91,108.81,105.02,106.57,8680515,106.91,108.81,105.02,106.57,8680515
2018-05-14,107.83,109.36,106.30,107.49,8042217,107.83,109.36,106.30,107.49,8042217,107.83,109.36,106.30,107.49,8042217
2018-05-15,108.91,110.07,107.75,108.39,7761912,108.91,110.07,107.75,108.39,7761912,108.91,110.07,107.75,108.39,7761912
2018-05-16,107.16,108.91,105.40,107.70,10516002,107.16,108.91,105.40,107.70,10516002,107.16,108.91,105.40,107.70,10516002
2018-05-17,109.27,110.40,108.13,109.23,5965561,109.27,110.40,108.13,109.23,5965561,109.27,110.40,108.13,109.23,5965561
2018-05-18,108.03,109.00,107.05,107.94,6500388,108.03,109.00,107.05,107.94,6500388,108.03,109.00,107.05,107.94,6500388
2018-05-21,108.04,109.11,106.96,108.45,11026854,108.04,109.11,106.96,108.45,11026854,108.04,109.11,106.96,108.45,11026854
2018-05-22,109.67,110.91,108.43,109.27,7483845,109.67,110.91,108.43,109.27,7483845,109.67,110.91,108.43,109.27,7483845
2018-05-23,108.91,109.77,108.05,108.97,6275589,108.91,109.77,108.05,108.97,6275589,108.91,109.77,108.05,108.97,6275589
2018-05-24,106.90,108.41,105.40,106.74,10648198,106.90,108.41,105.40,106.74,10648198,106.90,108.41,105.40,106.74,10648198
2018-05-25,110.35,111.55,109.16,110.47,9016905,110.35,111.55,109.16,110.47,9016905,110.35,111.55,109.16,110.47,9016905
2018-05-28,112.78,113.86,111.70,112.29,7047316,112.78,113.86,111.70,112.29,7047316,112.78,113.86,111.70,112.29,7047316
2018-05-29,113.32,114.83,111.81,113.07,10592562,113.32,114.83,111.81,113.07,10592562,113.32,114.83,111.81,113.07,10592562
2018-05-30,115.50,116.38,114.63,115.25,7564968,115.50,116.38,114.63,115.25,7564968,115.50,116.38,114.63,115.25,7564968
2018-05-31,117.20,119.24,115.15,117.30,7698117,117.20,119.24,115.15,117.30,7698117,117.20,119.24,115.15,117.30,7698117
2018-06-01,117.05,118.19,115.90,116.02,6254509,117.05,118.19,115.90,116.02,6254509,117.05,118.19,115.90,116.02,6254509
2018-06-04,119.53,120.68,118.38,118.98,10142851,119.53,120.68,118.38,118.98,10142851,119.53,120.68,118.38,118.98,10142851
2018-06-05,114.44,115.89,112.99,114.72,8219061,114.44,115.89,112.99,114.72,8219061,114.44,115.89,112.99,114.72,8219061
2018-06-06,111.73,112.83,110.63,111.26,7527598,111.73,112.83,110.63,111.26,7527598,111.73,112.83,110.63,111.26,7527598
2018-06-07,113.56,115.00,112.11,113.50,5814527,113.56,115.00,112.11,113.50,5814527,113.56,115.00,112.11,113.50,5814527
2018-06-08,113.25,114.39,112.10,112.42,9289418,113.25,114.39,112.10,112.42,9289418,113.25,114.39,112.10,112.42,9289418
2018-06-11,111.12,112.48,109.75,110.42,8769152,111.12,112.48,109.75,110.42,8769152,111.12,112.48,109.75,110.42,8769152
2018-06-12,113.83,114.78,112.88,114.12,10340950,113.83,114.78,112.88,114.12,10340950,113.83,114.78,112.88,114.12,10340950
2018-06-13,114.04,115.10,112.97,113.53,8673963,114.04,115.10,112.97,113.53,8673963,114.04,115.10,112.97,113.53,8673963
2018-06-14,108.18,108.99,107.37,108.63,6761942,108.18,108.99,107.37,108.63,6761942,108.18,108.99,107.37,108.63,6761942
2018-06-15,112.12,113.22,111.02,112.78,10833199,112.12,113.22,111.02,112.78,10833199,112.12,113.22,111.02,112.78,10833199
2018-06-18,113.91,115.00,112.81,113.95,5890249,113.91,115.00,112.81,113.95,5890249,113.91,115.00,112.81,113.95,5890249
2018-06-19,115.43,116.00,114.86,115.45,10362773,115.43,116.00,114.86,115.45,10362773,115.43,116.00,114.86,115.45,10362773
2018-06-20,114.85,115.86,113.85,114.48,7490937,114.85,115.86,113.85,114.48,7490937,114.85,115.86,113.85,114.48,7490937
2018-06-21,116.25,117.89,114.62,115.82,7484582,116.25,117.89,114.62,115.82,7484582,116.25,117.89,114.62,115.82,7484582
2018-06-22,114.24,115.64,112.84,114.29,10794917,114.24,115.64,112.84,114.29,10794917,114.24,115.64,112.84,114.29,10794917
2018-06-25,115.81,117.39,114.23,116.15,7187766,115.81,117.39,114.23,116.15,7187766,115.81,117.39,114.23,116.15,7187766
2018-06-26,116.71,117.77,115.64,116.54,9213699,116.71,117.77,115.64,116.54,9213699,116.71,117.77,115.64,116.54,9213699
2018-06-27,116.58,118.32,114.84,116.30,6702830,116.58,118.32,114.84,116.30,6702830,116.58,118.32,114.84,116.30,6702830
2018-06-28,113.73,114.77,112.69,113.92,10142356,113.73,114.77,112.69,113.92,10142356,113.73,114.77,112.69,113.92,10142356
2018-06-29,114.82,116.49,113.14,114.33,6169712,114.82,116.49,113.14,114.33,6169712,114.82,116.49,113.14,114.33,6169712
2018-07-02,112.51,113.64,111.38,112.03,9500418,112.51,113.64,111.38,112.03,9500418,112.51,113.64,111.38,112.03,9500418
2018-07-03,109.77,111.00,108.54,109.86,6832994,109.77,111.00,108.54,109.86,6832994,109.77,111.00,108.54,109.86,6832994
2018-07-04,108.99,110.54,107.45,108.69,8921357,108.99,110.54,107.45,108.69,8921357,108.99,110.54,107.45,108.69,8921357
2018-07-05,108.75,110.22,107.27,108.82,7341109,108.75,110.22,107.27,108.82,7341109,108.75,110.22,107.27,108.82,7341109
2018-07-06,107.95,109.26,106.64,107.97,10938184,107.95,109.26,106.64,107.97,10938184,107.95,109.26,106.64,107.97,10938184
2018-07-09,106.21,107.99,104.43,106.23,9454174,106.21,107.99,104.43,106.23,9454174,106.21,107.99,104.43,106.23,9454174
2018-07-10,108.44,109.63,107.25,108.48,5882599,108.44,109.63,107.25,108.48,5882599,108.44,109.63,107.25,108.48,5882599
2018-07-11,109.47,110.47,108.48,109.21,10160622,109.47,110.47,108.48,109.21,10160622,109.47,110.47,108.48,109.21,10160622
2018-07-12,104.94,106.44,103.44,105.17,6885068,104.94,106.44,103.44,105.17,6885068,104.94,106.44,103.44,105.17,6885068
2018-07-13,102.54,104.23,100.86,102.78,9011627,102.54,104.23,100.86,102.78,9011627,102.54,104.23,100.86,102.78,9011627
2018-07-16,96.87,96.99,96.75,96.84,10724814,96.87,96.99,96.75,96.84,10724814,96.87,96.99,96.75,96.84,10724814
2018-07-17,95.94,97.37,94.51,95.94,8798115,95.94,97.37,94.51,95.94,8798115,95.94,97.37,94.51,95.94,8798115
2018-07-18,93.83,95.26,92.40,93.77,9567864,93.83,95.26,92.40,93.77,9567864,93.83,95.26,92.40,93.77,9567864
2018-07-19,94.39,95.66,93.13,94.32,7478980,94.39,95.66,93.13,94.32,7478980,94.39,95.66,93.13,94.32,7478980
2018-07-20,93.93,95.06,92.80,93.73,8167146,93.93,95.06,92.80,93.73,8167146,93.93,95.06,92.80,93.73,8167146
2018-07-23,93.02,94.41,91.62,93.46,6451792,93.02,94.41,91.62,93.46,6451792,93.02,94.41,91.62,93.46,6451792
2018-07-24,90.07,91.11,89.03,91.02,10285310,90.07,91.11,89.03,91.02,10285310,90.07,91.11,89.03,91.02,10285310
2018-07-25,89.59,90.53,88.66,90.27,10282658,89.59,90.53,88.66,90.27,10282658,89.59,90.53,88.66,90.27,10282658
2018-07-26,87.70,89.02,86.38,88.14,9171846,87.70,89.02,86.38,88.14,9171846,87.70,89.02,86.38,88.14,9171846
2018-07-27,86.92,87.66,86.19,86.80,8059884,86.92,87.66,86.19,86.80,8059884,86.92,87.66,86.19,86.80,8059884
2018-07-30,83.98,84.94,83.01,83.88,7778173,83.98,84.94,83.01,83.88,7778173,83.98,84.94,83.01,83.88,7778173
2018-07-31,85.75,86.52,84.98,85.99,10156257,85.75,86.52,84.98,85.99,10156257,85.75,86.52,84.98,85.99,10156257
2018-08-01,84.15,85.32,82.97,84.13,6057879,84.15,85.32,82.97,84.13,6057879,84.15,85.32,82.97,84.13,6057879
2018-08-02,84.64,85.51,83.77,84.53,7471391,84.64,85.51,83.77,84.53,7471391,84.64,85.51,83.77,84.53,7471391
2018-08-03,82.64,83.20,82.08,82.48,6661305,82.64,83.20,82.08,82.48,6661305,82.64,83.20,82.08,82.48,6661305
2018-08-06,82.37,83.41,81.33,82.38,10934816,82.37,83.41,81.33,82.38,10934816,82.37,83.41,81.33,82.38,10934816
2018-08-07,82.26,83.00,81.53,82.63,6988228,82.26,83.00,81.53,82.63,6988228,82.26,83.00,81.53,82.63,6988228
2018-08-08,82.40,82.80,82.00,82.10,9241463,82.40,82.80,82.00,82.10,9241463,82.40,82.80,82.00,82.10,9241463
2018-08-09,82.85,83.38,82.31,82.97,8573212,82.85,83.38,82.31,82.97,8573212,82.85,83.38,82.31,82.97,8573212
2018-08-10,84.01,85.01,83.02,83.99,7285322,84.01,85.01,83.02,83.99,7285322,84.01,85.01,83.02,83.99,7285322
2018-08-13,83.29,83.64,82.94,83.25,7604923,83.29,83.64,82.94,83.25,7604923,83.29,83.64,82.94,83.25,7604923
2018-08-14,83.13,83.71,82.55,82.74,9037743,83.13,83.71,82.55,82.74,9037743,83.13,83.71,82.55,82.74,9037743
2018-08-15,84.64,86.07,83.21,84.10,8262082,84.64,86.07,83.21,84.10,8262082,84.64,86.07,83.21,84.10,8262082
2018-08-16,85.17,85.44,84.91,85.25,6017366,85.17,85.44,84.91,85.25,6017366,85.17,85.44,84.91,85.25,6017366
2018-08-17,85.90,86.76,85.04,85.76,7450168,85.90,86.76,85.04,85.76,7450168,85.90,86.76,85.04,85.76,7450168
2018-08-20,83.62,85.21,82.03,83.32,9080490,83.62,85.21,82.03,83.32,9080490,83.62,85.21,82.03,83.32,9080490
2018-08-21,82.34,83.31,81.37,82.83,9950328,82.34,83.31,81.37,82.83,9950328,82.34,83.31,81.37,82.83,9950328
2018-08-22,82.27,82.93,81.61,82.39,9505016,82.27,82.93,81.61,82.39,9505016,82.27,82.93,81.61,82.39,9505016
2018-08-23,80.96,81.80,80.12,81.21,9646978,80.96,81.80,80.12,81.21,9646978,80.96,81.80,80.12,81.21,9646978
2018-08-24,82.82,83.73,81.91,82.61,9623683,82.82,83.73,81.91,82.61,9623683,82.82,83.73,81.91,82.61,9623683
2018-08-27,85.33,86.58,84.07,84.99,9923567,85.33,86.58,84.07,84.99,9923567,85.33,86.58,84.07,84.99,9923567
2018-08-28,83.03,84.14,81.93,83.37,6741340,83.03,84.14,81.93,83.37,6741340,83.03,84.14,81.93,83.37,6741340
2018-08-29,85.91,86.94,84.88,85.13,9290138,85.91,86.94,84.88,85.13,9290138,85.91,86.94,84.88,85.13,9290138
2018-08-30,82.86,83.92,81.80,83.40,6493770,82.86,83.92,81.80,83.40,6493770,82.86,83.92,81.80,83.40,6493770
2018-08-31,82.60,83.53,81.68,82.65,8808864,82.60,83.53,81.68,82.65,8808864,82.60,83.53,81.68,82.65,8808864
2018-09-03,83.11,83.44,82.78,83.03,9156391,83.11,83.44,82.78,83.03,9156391,83.11,83.44,82.78,83.03,9156391
2018-09-04,81.27,81.75,80.80,81.01,10781450,81.27,81.75,80.80,81.01,10781450,81.27,81.75,80.80,81.01,10781450
2018-09-05,80.32,81.62,79.03,80.11,10123062,80.32,81.62,79.03,80.11,10123062,80.32,81.62,79.03,80.11,10123062
2018-09-06,78.33,79.44,77.21,78.42,8494079,78.33,79.44,77.21,78.42,8494079,78.33,79.44,77.21,78.42,8494079
2018-09-07,77.18,78.43,75.94,77.29,7339933,77.18,78.43,75.94,77.29,7339933,77.18,78.43,75.94,77.29,7339933
2018-09-10,79.90,80.93,78.87,79.70,5969228,79.90,80.93,78.87,79.70,5969228,79.90,80.93,78.87,79.70,5969228
2018-09-11,77.31,78.39,76.24,77.14,7104106,77.31,78.39,76.24,77.14,7104106,77.31,78.39,76.24,77.14,7104106
2018-09-12,77.57,78.81,76.34,77.34,10443373,77.57,78.81,76.34,77.34,10443373,77.57,78.81,76.34,77.34,10443373
2018-09-13,76.92,77.85,75.98,76.53,10455644,76.92,77.85,75.98,76.53,10455644,76.92,77.85,75.98,76.53,10455644
2018-09-14,78.36,79.00,77.71,77.88,9480372,78.36,79.00,77.71,77.88,9480372,78.36,79.00,77.71,77.88,9480372
2018-09-17,79.87,80.69,79.05,79.88,8972246,79.87,80.69,79.05,79.88,8972246,79.87,80.69,79.05,79.88,8972246
2018-09-18,79.83,80.80,78.85,79.39,10226398,79.83,80.80,78.85,79.39,10226398,79.83,80.80,78.85,79.39,10226398
2018-09-19,81.30,81.69,80.92,81.17,11027230,81.30,81.69,80.92,81.17,11027230,81.30,81.69,80.92,81.17,11027230
2018-09-20,83.65,84.50,82.81,83.01,7728708,83.65,84.50,82.81,83.01,7728708,83.65,84.50,82.81,83.01,7728708
2018-09-21,83.55,84.80,82.31,84.03,10885597,83.55,84.80,82.31,84.03,10885597,83.55,84.80,82.31,84.03,10885597
2018-09-24,81.99,82.34,81.63,81.99,9102958,81.99,82.34,81.63,81.99,9102958,81.99,82.34,81.63,81.99,9102958
2018-09-25,81.52,82.87,80.17,81.59,8713939,81.52,82.87,80.17,81.59,8713939,81.52,82.87,80.17,81.59,8713939
2018-09-26,84.02,84.42,83.63,83.65,10037303,84.02,84.42,83.63,83.65,10037303,84.02,84.42,83.63,83.65,10037303
2018-09-27,83.36,84.73,81.98,83.26,7710469,83.36,84.73,81.98,83.26,7710469,83.36,84.73,81.98,83.26,7710469
2018-09-28,82.45,83.09,81.81,82.53,8640515,82.45,83.09,81.81,82.53,8640515,82.45,83.09,81.81,82.53,8640515
2018-10-01,83.02,83.92,82.12,83.63,7155528,83.02,83.92,82.12,83.63,7155528,83.02,83.92,82.12,83.63,7155528
2018-10-02,83.27,84.11,82.42,82.89,7751112,83.27,84.11,82.42,82.89,7751112,83.27,84.11,82.42,82.89,7751112
2018-10-03,84.02,84.71,83.33,83.66,7989540,84.02,84.71,83.33,83.66,7989540,84.02,84.71,83.33,83.66,7989540
2018-10-04,83.79,85.01,82.57,83.35,6693054,83.79,85.01,82.57,83.35,6693054,83.79,85.01,82.57,83.35,6693054
2018-10-05,82.32,83.41,81.23,82.48,8160272,82.32,83.41,81.23,82.48,8160272,82.32,83.41,81.23,82.48,8160272
2018-10-08,83.91,85.22,82.59,83.53,7102488,83.91,85.22,82.59,83.53,7102488,83.91,85.22,82.59,83.53,7102488
2018-10-09,84.18,85.00,83.37,83.95,7225456,84.18,85.00,83.37,83.95,7225456,84.18,85.00,83.37,83.95,7225456
2018-10-10,83.97,84.74,83.21,84.06,9388791,83.97,84.74,83.21,84.06,9388791,83.97,84.74,83.21,84.06,9388791
2018-10-11,84.84,86.27,83.42,85.10,6619302,84.84,86.27,83.42,85.10,6619302,84.84,86.27,83.42,85.10,6619302
2018-10-12,85.07,85.84,84.31,84.87,8222499,85.07,85.84,84.31,84.87,8222499,85.07,85.84,84.31,84.87,8222499
2018-10-15,83.23,84.35,82.10,83.20,8828526,83.23,84.35,82.10,83.20,8828526,83.23,84.35,82.10,83.20,8828526
2018-10-16,81.81,82.58,81.05,82.06,7011568,81.81,82.58,81.05,82.06,7011568,81.81,82.58,81.05,82.06,7011568
2018-10-17,85.40,86.60,84.20,84.83,8676098,85.40,86.60,84.20,84.83,8676098,85.40,86.60,84.20,84.83,8676098
2018-10-18,86.30,88.01,84.58,86.34,6008273,86.30,88.01,84.58,86.34,6008273,86.30,88.01,84.58,86.34,6008273
2018-10-19,83.26,83.97,82.55,83.38,8037276,83.26,83.97,82.55,83.38,8037276,83.26,83.97,82.55,83.38,8037276
2018-10-22,83.74,84.83,82.66,83.48,9024142,83.74,84.83,82.66,83.48,9024142,83.74,84.83,82.66,83.48,9024142
2018-10-23,84.47,85.32,83.61,84.40,7803018,84.47,85.32,83.61,84.40,7803018,84.47,85.32,83.61,84.40,7803018
2018-10-24,84.52,85.57,83.48,84.54,8017772,84.52,85.57,83.48,84.54,8017772,84.52,85.57,83.48,84.54,8017772
2018-10-25,83.51,84.09,82.93,83.60,6066515,83.51,84.09,82.93,83.60,6066515,83.51,84.09,82.93,83.60,6066515
2018-10-26,83.76,84.68,82.83,83.54,6637333,83.76,84.68,82.83,83.54,6637333,83.76,84.68,82.83,83.54,6637333
2018-10-29,82.54,83.23,81.85,82.10,7888541,82.54,83.23,81.85,82.10,7888541,82.54,83.23,81.85,82.10,7888541
2018-10-30,84.83,85.77,83.89,84.84,8933222,84.83,85.77,83.89,84.84,8933222,84.83,85.77,83.89,84.84,8933222
2018-10-31,85.67,86.85,84.50,85.46,5613913,85.67,86.85,84.50,85.46,5613913,85.67,86.85,84.50,85.46,5613913
2018-11-01,87.08,88.33,85.84,86.62,6622261,87.08,88.33,85.84,86.62,6622261,87.08,88.33,85.84,86.62,6622261
2018-11-02,85.18,86.27,84.09,85.07,5789765,85.18,86.27,84.09,85.07,5789765,85.18,86.27,84.09,85.07,5789765
2018-11-05,86.60,87.32,85.88,86.90,6855700,86.60,87.32,85.88,86.90,6855700,86.60,87.32,85.88,86.90,6855700
2018-11-06,86.19,86.95,85.42,85.51,10780925,86.19,86.95,85.42,85.51,10780925,86.19,86.95,85.42,85.51,10780925
2018-11-07,87.32,88.69,85.94,87.47,10527005,87.32,88.69,85.94,87.47,10527005,87.32,88.69,85.94,87.47,10527005
2018-11-08,87.85,88.86,86.83,87.78,10767883,87.85,88.86,86.83,87.78,10767883,87.85,88.86,86.83,87.78,10767883
2018-11-09,89.92,90.96,88.87,89.31,6559143,89.92,90.96,88.87,89.31,6559143,89.92,90.96,88.87,89.31,6559143
2018-11-12,89.00,89.88,88.12,88.63,9916544,89.00,89.88,88.12,88.63,9916544,89.00,89.88,88.12,88.63,9916544
2018-11-13,89.39,90.57,88.22,89.10,9604388,89.39,90.57,88.22,89.10,9604388,89.39,90.57,88.22,89.10,9604388
2018-11-14,88.20,89.34,87.06,88.15,6398214,88.20,89.34,87.06,88.15,6398214,88.20,89.34,87.06,88.15,6398214
2018-11-15,87.57,88.59,86.56,87.34,10302420,87.57,88.59,86.56,87.34,10302420,87.57,88.59,86.56,87.34,10302420
2018-11-16,86.86,87.74,85.98,86.98,6187908,86.86,87.74,85.98,86.98,6187908,86.86,87.74,85.98,86.98,6187908
2018-11-19,85.90,86.72,85.08,85.50,10417423,85.90,86.72,85.08,85.50,10417423,85.90,86.72,85.08,85.50,10417423
2018-11-20,85.12,86.57,83.68,85.29,6678037,85.12,86.57,83.68,85.29,6678037,85.12,86.57,83.68,85.29,6678037
2018-11-21,85.39,85.75,85.03,85.18,6840048,85.39,85.75,85.03,85.18,6840048,85.39,85.75,85.03,85.18,6840048
2018-11-22,86.91,87.67,86.15,86.77,5917407,86.91,87.67,86.15,86.77,5917407,86.91,87.67,86.15,86.77,5917407
2018-11-23,87.43,88.78,86.08,86.97,9321139,87.43,88.78,86.08,86.97,9321139,87.43,88.78,86.08,86.97,9321139
2018-11-26,89.27,90.22,88.33,88.90,8628202,89.27,90.22,88.33,88.90,8628202,89.27,90.22,88.33,88.90,8628202
2018-11-27,87.02,88.15,85.90,86.65,10922951,87.02,88.15,85.90,86.65,10922951,87.02,88.15,85.90,86.65,10922951
2018-11-28,87.13,87.57,86.69,86.71,8883171,87.13,87.57,86.69,86.71,8883171,87.13,87.57,86.69,86.71,8883171
2018-11-29,84.54,85.06,84.02,84.63,9123206,84.54,85.06,84.02,84.63,9123206,84.54,85.06,84.02,84.63,9123206
2018-11-30,86.74,87.61,85.86,86.88,5791913,86.74,87.61,85.86,86.88,5791913,86.74,87.61,85.86,86.88,5791913
2018-12-03,87.48,88.71,86.25,87.19,10163541,87.48,88.71,86.25,87.19,10163541,87.48,88.71,86.25,87.19,10163541
2018-12-04,86.63,87.64,85.63,86.13,6301839,86.63,87.64,85.63,86.13,6301839,86.63,87.64,85.63,86.13,6301839
2018-12-05,86.48,87.22,85.75,86.50,7446791,86.48,87.22,85.75,86.50,7446791,86.48,87.22,85.75,86.50,7446791
2018-12-06,87.05,88.29,85.81,87.29,5669736,87.05,88.29,85.81,87.29,5669736,87.05,88.29,85.81,87.29,5669736
2018-12-07,85.51,86.59,84.42,85.55,7606886,85.51,86.59,84.42,85.55,7606886,85.51,86.59,84.42,85.55,7606886
2018-12-10,88.37,89.24,87.50,87.97,8221790,88.37,89.24,87.50,87.97,8221790,88.37,89.24,87.50,87.97,8221790
2018-12-11,86.24,87.66,84.81,86.10,7414717,86.24,87.66,84.81,86.10,7414717,86.24,87.66,84.81,86.10,7414717
2018-12-12,84.84,85.80,83.89,85.64,9059174,84.84,85.80,83.89,85.64,9059174,84.84,85.80,83.89,85.64,9059174
2018-12-13,86.27,86.71,85.83,86.30,7324359,86.27,86.71,85.83,86.30,7324359,86.27,86.71,85.83,86.30,7324359
2018-12-14,84.74,86.52,82.96,84.68,10802610,84.74,86.52,82.96,84.68,10802610,84.74,86.52,82.96,84.68,10802610
2018-12-17,83.88,84.55,83.21,83.61,8618777,83.88,84.55,83.21,83.61,8618777,83.88,84.55,83.21,83.61,8618777
2018-12-18,84.81,86.35,83.27,84.75,6616160,84.81,86.35,83.27,84.75,6616160,84.81,86.35,83.27,84.75,6616160
2018-12-19,84.91,86.13,83.69,84.64,8015551,84.91,86.13,83.69,84.64,8015551,84.91,86.13,83.69,84.64,8015551
2018-12-20,85.12,86.46,83.78,84.73,8264686,85.12,86.46,83.78,84.73,8264686,85.12,86.46,83.78,84.73,8264686
2018-12-21,87.67,88.47,86.87,87.84,8751724,87.67,88.47,86.87,87.84,8751724,87.67,88.47,86.87,87.84,8751724
2018-12-24,89.63,90.62,88.64,89.70,6242364,89.63,90.62,88.64,89.70,6242364,89.63,90.62,88.64,89.70,6242364
2018-12-25,86.23,87.10,85.36,85.77,10240090,86.23,87.10,85.36,85.77,10240090,86.23,87.10,85.36,85.77,10240090
2018-12-26,87.02,88.34,85.70,87.10,11104166,87.02,88.34,85.70,87.10,11104166,87.02,88.34,85.70,87.10,11104166
2018-12-27,87.78,88.55,87.02,87.52,6663399,87.78,88.55,87.02,87.52,6663399,87.78,88.55,87.02,87.52,6663399
2018-12-28,87.19,87.59,86.79,87.22,7418390,87.19,87.59,86.79,87.22,7418390,87.19,87.59,86.79,87.22,7418390
2018-12-31,90.51,91.17,89.86,90.18,7938090,90.51,91.17,89.86,90.18,7938090,90.51,91.17,89.86,90.18,7938090
2019-01-01,91.23,91.87,90.58,90.99,10063018,91.23,91.87,90.58,90.99,10063018,91.23,91.87,90.58,90.99,10063018
2019-01-02,92.32,93.26,91.38,93.14,6038417,92.32,93.26,91.38,93.14,6038417,92.32,93.26,91.38,93.14,6038417
2019-01-03,91.66,92.42,90.90,92.08,10721349,91.66,92.42,90.90,92.08,10721349,91.66,92.42,90.90,92.08,10721349
2019-01-04,93.59,94.08,93.11,93.54,8193818,93.59,94.08,93.11,93.54,8193818,93.59,94.08,93.11,93.54,8193818
2019-01-07,95.10,96.16,94.05,95.07,10102488,95.10,96.16,94.05,95.07,10102488,95.10,96.16,94.05,95.07,10102488
2019-01-08,95.28,96.68,93.87,94.91,9058924,95.28,96.68,93.87,94.91,9058924,95.28,96.68,93.87,94.91,9058924
2019-01-09,96.90,97.89,95.91,97.51,10251818,96.90,97.89,95.91,97.51,10251818,96.90,97.89,95.91,97.51,10251818
2019-01-10,98.78,99.93,97.64,98.67,7389168,98.78,99.93,97.64,98.67,7389168,98.78,99.93,97.64,98.67,7389168
2019-01-11,96.45,97.30,95.59,96.82,6011775,96.45,97.30,95.59,96.82,6011775,96.45,97.30,95.59,96.82,6011775
2019-01-14,96.52,97.28,95.76,96.72,10141003,96.52,97.28,95.76,96.72,10141003,96.52,97.28,95.76,96.72,10141003
2019-01-15,96.84,97.59,96.08,96.66,7709626,96.84,97.59,96.08,96.66,7709626,96.84,97.59,96.08,96.66,7709626
2019-01-16,96.27,97.32,95.23,96.33,11107632,96.27,97.32,95.23,96.33,11107632,96.27,97.32,95.23,96.33,11107632
2019-01-17,96.32,97.16,95.47,96.13,8289980,96.32,97.16,95.47,96.13,8289980,96.32,97.16,95.47,96.13,8289980
2019-01-18,98.74,99.75,97.72,98.28,6605433,98.74,99.75,97.72,98.28,6605433,98.74,99.75,97.72,98.28,6605433
2019-01-21,98.75,100.30,97.19,98.54,9928798,98.75,100.30,97.19,98.54,9928798,98.75,100.30,97.19,98.54,9928798
2019-01-22,98.86,100.20,97.51,98.71,6114177,98.86,100.20,97.51,98.71,6114177,98.86,100.20,97.51,98.71,6114177
2019-01-23,97.32,98.65,95.99,97.11,6380008,97.32,98.65,95.99,97.11,6380008,97.32,98.65,95.99,97.11,6380008
2019-01-24,98.51,99.05,97.97,97.99,8365900,98.51,99.05,97.97,97.99,8365900,98.51,99.05,97.97,97.99,8365900
2019-01-25,97.25,99.10,95.40,96.76,7829206,97.25,99.10,95.40,96.76,7829206,97.25,99.10,95.40,96.76,7829206
2019-01-28,97.27,98.36,96.17,97.34,6279735,97.27,98.36,96.17,97.34,6279735,97.27,98.36,96.17,97.34,6279735
2019-01-29,96.02,96.91,95.12,96.07,9248250,96.02,96.91,95.12,96.07,9248250,96.02,96.91,95.12,96.07,9248250
2019-01-30,95.74,97.12,94.37,96.21,6852002,95.74,97.12,94.37,96.21,6852002,95.74,97.12,94.37,96.21,6852002
2019-01-31,93.87,94.41,93.33,94.32,11031287,93.87,94.41,93.33,94.32,11031287,93.87,94.41,93.33,94.32,11031287
2019-02-01,95.09,95.93,94.25,95.32,7752509,95.09,95.93,94.25,95.32,7752509,95.09,95.93,94.25,95.32,7752509
2019-02-04,95.04,96.50,93.59,94.71,10248868,95.04,96.50,93.59,94.71,10248868,95.04,96.50,93.59,94.71,10248868
2019-02-05,92.56,94.01,91.11,92.14,9215321,92.56,94.01,91.11,92.14,9215321,92.56,94.01,91.11,92.14,9215321
2019-02-06,89.89,90.83,88.95,89.69,7015792,89.89,90.83,88.95,89.69,7015792,89.89,90.83,88.95,89.69,7015792
2019-02-07,90.73,91.57,89.88,90.68,8392463,90.73,91.57,89.88,90.68,8392463,90.73,91.57,89.88,90.68,8392463
2019-02-08,90.48,91.29,89.67,91.12,7266859,90.48,91.29,89.67,91.12,7266859,90.48,91.29,89.67,91.12,7266859
2019-02-11,86.40,87.68,85.13,86.57,6767234,86.40,87.68,85.13,86.57,6767234,86.40,87.68,85.13,86.57,6767234
2019-02-12,88.07,89.54,86.60,87.97,7151209,88.07,89.54,86.60,87.97,7151209,88.07,89.54,86.60,87.97,7151209
2019-02-13,86.82,87.88,85.76,86.64,9020348,86.82,87.88,85.76,86.64,9020348,86.82,87.88,85.76,86.64,9020348
2019-02-14,85.89,86.31,85.47,86.07,10700192,85.89,86.31,85.47,86.07,10700192,85.89,86.31,85.47,86.07,10700192
2019-02-15,89.06,89.63,88.50,89.05,5653697,89.06,89.63,88.50,89.05,5653697,89.06,89.63,88.50,89.05,5653697
2019-02-18,86.51,86.98,86.04,86.59,8449225,86.51,86.98,86.04,86.59,8449225,86.51,86.98,86.04,86.59,8449225
2019-02-19,85.61,87.01,84.21,85.81,5798521,85.61,87.01,84.21,85.81,5798521,85.61,87.01,84.21,85.81,5798521
2019-02-20,82.75,83.32,82.18,82.70,9208906,82.75,83.32,82.18,82.70,9208906,82.75,83.32,82.18,82.70,9208906
2019-02-21,80.91,81.89,79.93,81.20,7502167,80.91,81.89,79.93,81.20,7502167,80.91,81.89,79.93,81.20,7502167
2019-02-22,79.38,80.26,78.51,79.38,8028067,79.38,80.26,78.51,79.38,8028067,79.38,80.26,78.51,79.38,8028067
2019-02-25,80.38,81.53,79.23,79.99,5787007,80.38,81.53,79.23,79.99,5787007,80.38,81.53,79.23,79.99,5787007
2019-02-26,81.30,81.52,81.08,81.13,6726329,81.30,81.52,81.08,81.13,6726329,81.30,81.52,81.08,81.13,6726329
2019-02-27,81.46,82.39,80.53,80.99,6628761,81.46,82.39,80.53,80.99,6628761,81.46,82.39,80.53,80.99,6628761
2019-02-28,79.40,80.49,78.31,78.81,7112502,79.40,80.49,78.31,78.81,7112502,79.40,80.49,78.31,78.81,7112502
2019-03-01,79.65,80.23,79.07,79.73,8182691,79.65,80.23,79.07,79.73,8182691,79.65,80.23,79.07,79.73,8182691
2019-03-04,80.17,80.91,79.44,79.96,8175673,80.17,80.91,79.44,79.96,8175673,80.17,80.91,79.44,79.96,8175673
2019-03-05,80.41,81.77,79.05,80.20,6334788,80.41,81.77,79.05,80.20,6334788,80.41,81.77,79.05,80.20,6334788
2019-03-06,80.60,81.71,79.49,80.85,7817522,80.60,81.71,79.49,80.85,7817522,80.60,81.71,79.49,80.85,7817522
2019-03-07,80.09,81.14,79.03,80.44,10635403,80.09,81.14,79.03,80.44,10635403,80.09,81.14,79.03,80.44,10635403
2019-03-08,80.08,81.00,79.16,80.84,7317520,80.08,81.00,79.16,80.84,7317520,80.08,81.00,79.16,80.84,7317520
2019-03-11,81.14,81.92,80.36,81.32,10604236,81.14,81.92,80.36,81.32,10604236,81.14,81.92,80.36,81.32,10604236
2019-03-12,81.86,82.50,81.21,81.60,7433626,81.86,82.50,81.21,81.60,7433626,81.86,82.50,81.21,81.60,7433626
2019-03-13,83.29,84.16,82.42,83.50,10670226,83.29,84.16,82.42,83.50,10670226,83.29,84.16,82.42,83.50,10670226
2019-03-14,83.84,84.81,82.87,83.76,6452483,83.84,84.81,82.87,83.76,6452483,83.84,84.81,82.87,83.76,6452483
2019-03-15,85.41,86.08,84.74,85.33,6835581,85.41,86.08,84.74,85.33,6835581,85.41,86.08,84.74,85.33,6835581
2019-03-18,86.90,88.06,85.73,87.05,7265890,86.90,88.06,85.73,87.05,7265890,86.90,88.06,85.73,87.05,7265890
2019-03-19,87.56,87.88,87.23,87.49,7244685,87.56,87.88,87.23,87.49,7244685,87.56,87.88,87.23,87.49,7244685
2019-03-20,89.48,90.77,88.19,89.12,6639906,89.48,90.77,88.19,89.12,6639906,89.48,90.77,88.19,89.12,6639906
2019-03-21,91.14,91.92,90.35,90.63,10743030,91.14,91.92,90.35,90.63,10743030,91.14,91.92,90.35,90.63,10743030
2019-03-22,92.04,92.97,91.10,91.85,10059226,92.04,92.97,91.10,91.85,10059226,92.04,92.97,91.10,91.85,10059226
2019-03-25,91.34,92.54,90.13,91.51,6173688,91.34,92.54,90.13,91.51,6173688,91.34,92.54,90.13,91.51,6173688
2019-03-26,89.24,89.94,88.55,89.03,8165320,89.24,89.94,88.55,89.03,8165320,89.24,89.94,88.55,89.03,8165320
2019-03-27,84.36,85.82,82.90,84.17,7817294,84.36,85.82,82.90,84.17,7817294,84.36,85.82,82.90,84.17,7817294
2019-03-28,82.24,82.80,81.67,82.41,6719511,82.24,82.80,81.67,82.41,6719511,82.24,82.80,81.67,82.41,6719511
2019-03-29,82.19,83.10,81.29,81.70,11135815,82.19,83.10,81.29,81.70,11135815,82.19,83.10,81.29,81.70,11135815
2019-04-01,82.18,83.08,81.28,81.44,5618527,82.18,83.08,81.28,81.44,5618527,82.18,83.08,81.28,81.44,5618527
2019-04-02,82.90,83.22,82.58,82.69,9705316,82.90,83.22,82.58,82.69,9705316,82.90,83.22,82.58,82.69,9705316
2019-04-03,83.69,84.22,83.15,83.27,5790463,83.69,84.22,83.15,83.27,5790463,83.69,84.22,83.15,83.27,5790463
2019-04-04,85.53,87.18,83.88,85.12,7012492,85.53,87.18,83.88,85.12,7012492,85.53,87.18,83.88,85.12,7012492
2019-04-05,85.47,86.65,84.28,85.37,8395182,85.47,86.65,84.28,85.37,8395182,85.47,86.65,84.28,85.37,8395182
2019-04-08,84.51,85.68,83.34,84.14,6373807,84.51,85.68,83.34,84.14,6373807,84.51,85.68,83.34,84.14,6373807
2019-04-09,86.39,87.48,85.30,86.46,7620546,86.39,87.48,85.30,86.46,7620546,86.39,87.48,85.30,86.46,7620546
2019-04-10,87.11,87.53,86.68,87.07,9715829,87.11,87.53,86.68,87.07,9715829,87.11,87.53,86.68,87.07,9715829
2019-04-11,87.37,88.27,86.46,87.67,10637470,87.37,88.27,86.46,87.67,10637470,87.37,88.27,86.46,87.67,10637470
2019-04-12,88.09,88.86,87.32,88.08,9217650,88.09,88.86,87.32,88.08,9217650,88.09,88.86,87.32,88.08,9217650
2019-04-15,88.11,89.47,86.75,88.12,7977741,88.11,89.47,86.75,88.12,7977741,88.11,89.47,86.75,88.12,7977741
2019-04-16,87.46,88.56,86.36,87.94,7711970,87.46,88.56,86.36,87.94,7711970,87.46,88.56,86.36,87.94,7711970
2019-04-17,88.00,89.00,87.01,87.94,8657582,88.00,89.00,87.01,87.94,8657582,88.00,89.00,87.01,87.94,8657582
2019-04-18,86.19,87.44,84.95,86.90,6394844,86.19,87.44,84.95,86.90,6394844,86.19,87.44,84.95,86.90,6394844
2019-04-19,87.57,88.34,86.80,87.00,9252294,87.57,88.34,86.80,87.00,9252294,87.57,88.34,86.80,87.00,9252294
2019-04-22,84.79,85.87,83.71,84.34,7055680,84.79,85.87,83.71,84.34,7055680,84.79,85.87,83.71,84.34,7055680
2019-04-23,85.12,86.20,84.05,85.25,7641577,85.12,86.20,84.05,85.25,7641577,85.12,86.20,84.05,85.25,7641577
2019-04-24,83.35,84.14,82.57,83.39,6536510,83.35,84.14,82.57,83.39,6536510,83.35,84.14,82.57,83.39,6536510
2019-04-25,83.02,84.23,81.81,83.56,9726113,83.02,84.23,81.81,83.56,9726113,83.02,84.23,81.81,83.56,9726113
2019-04-26,83.58,84.48,82.67,83.66,5811880,83.58,84.48,82.67,83.66,5811880,83.58,84.48,82.67,83.66,5811880
2019-04-29,83.85,84.98,82.72,83.57,8456153,83.85,84.98,82.72,83.57,8456153,83.85,84.98,82.72,83.57,8456153
2019-04-30,84.07,84.85,83.28,84.30,7022627,84.07,84.85,83.28,84.30,7022627,84.07,84.85,83.28,84.30,7022627
2019-05-01,84.29,85.26,83.33,84.20,9190448,84.29,85.26,83.33,84.20,9190448,84.29,85.26,83.33,84.20,9190448
2019-05-02,82.17,83.22,81.12,81.82,10302306,82.17,83.22,81.12,81.82,10302306,82.17,83.22,81.12,81.82,10302306
2019-05-03,82.77,83.65,81.89,82.51,9428263,82.77,83.65,81.89,82.51,9428263,82.77,83.65,81.89,82.51,9428263
2019-05-06,81.02,82.07,79.97,81.01,6764514,81.02,82.07,79.97,81.01,6764514,81.02,82.07,79.97,81.01,6764514
2019-05-07,82.47,83.74,81.20,82.43,7977110,82.47,83.74,81.20,82.43,7977110,82.47,83.74,81.20,82.43,7977110
2019-05-08,81.26,82.36,80.16,81.33,9138562,81.26,82.36,80.16,81.33,9138562,81.26,82.36,80.16,81.33,9138562
2019-05-09,82.52,83.67,81.37,81.98,8632566,82.52,83.67,81.37,81.98,8632566,82.52,83.67,81.37,81.98,8632566
2019-05-10,82.72,83.52,81.91,82.81,9738068,82.72,83.52,81.91,82.81,9738068,82.72,83.52,81.91,82.81,9738068
2019-05-13,81.58,82.25,80.91,81.39,10572777,81.58,82.25,80.91,81.39,10572777,81.58,82.25,80.91,81.39,10572777
2019-05-14,80.95,81.59,80.31,81.07,7011736,80.95,81.59,80.31,81.07,7011736,80.95,81.59,80.31,81.07,7011736
2019-05-15,82.66,83.66,81.66,82.38,6682614,82.66,83.66,81.66,82.38,6682614,82.66,83.66,81.66,82.38,6682614
2019-05-16,83.58,84.27,82.90,83.30,9917895,83.58,84.27,82.90,83.30,9917895,83.58,84.27,82.90,83.30,9917895
2019-05-17,83.20,83.71,82.69,82.71,9424011,83.20,83.71,82.69,82.71,9424011,83.20,83.71,82.69,82.71,9424011
2019-05-20,82.66,83.69,81.64,82.48,8949719,82.66,83.69,81.64,82.48,8949719,82.66,83.69,81.64,82.48,8949719
2019-05-21,83.36,84.95,81.76,83.01,7464305,83.36,84.95,81.76,83.01,7464305,83.36,84.95,81.76,83.01,7464305
2019-05-22,80.59,81.45,79.74,80.86,7658904,80.59,81.45,79.74,80.86,7658904,80.59,81.45,79.74,80.86,7658904
2019-05-23,83.61,85.03,82.18,83.53,7382516,83.61,85.03,82.18,83.53,7382516,83.61,85.03,82.18,83.53,7382516
2019-05-24,84.75,85.62,83.87,85.11,6715260,84.75,85.62,83.87,85.11,6715260,84.75,85.62,83.87,85.11,6715260
2019-05-27,88.52,89.63,87.41,88.74,11155124,88.52,89.63,87.41,88.74,11155124,88.52,89.63,87.41,88.74,11155124
2019-05-28,91.95,93.00,90.90,92.08,9848811,91.95,93.00,90.90,92.08,9848811,91.95,93.00,90.90,92.08,9848811
2019-05-29,90.48,92.02,88.94,90.88,7483107,90.48,92.02,88.94,90.88,7483107,90.48,92.02,88.94,90.88,7483107
2019-05-30,93.28,94.43,92.13,93.23,10795526,93.28,94.43,92.13,93.23,10795526,93.28,94.43,92.13,93.23,10795526
2019-05-31,93.66,94.27,93.04,93.56,7539084,93.66,94.27,93.04,93.56,7539084,93.66,94.27,93.04,93.56,7539084
2019-06-03,93.67,94.36,92.98,94.13,9321181,93.67,94.36,92.98,94.13,9321181,93.67,94.36,92.98,94.13,9321181
2019-06-04,92.04,93.74,90.35,92.04,9579022,92.04,93.74,90.35,92.04,9579022,92.04,93.74,90.35,92.04,9579022
2019-06-05,90.44,91.44,89.45,90.33,10225812,90.44,91.44,89.45,90.33,10225812,90.44,91.44,89.45,90.33,10225812
2019-06-06,89.38,90.47,88.30,89.08,6120905,89.38,90.47,88.30,89.08,6120905,89.38,90.47,88.30,89.08,6120905
2019-06-07,88.96,89.85,88.06,88.67,6975289,88.96,89.85,88.06,88.67,6975289,88.96,89.85,88.06,88.67,6975289
2019-06-10,87.93,89.15,86.71,88.12,6879199,87.93,89.15,86.71,88.12,6879199,87.93,89.15,86.71,88.12,6879199
2019-06-11,86.79,87.95,85.63,86.48,5758990,86.79,87.95,85.63,86.48,5758990,86.79,87.95,85.63,86.48,5758990
2019-06-12,86.37,87.26,85.48,85.68,8842111,86.37,87.26,85.48,85.68,8842111,86.37,87.26,85.48,85.68,8842111
2019-06-13,85.83,86.74,84.93,86.07,7522305,85.83,86.74,84.93,86.07,7522305,85.83,86.74,84.93,86.07,7522305
2019-06-14,83.59,84.74,82.44,83.10,7228635,83.59,84.74,82.44,83.10,7228635,83.59,84.74,82.44,83.10,7228635
2019-06-17,80.99,81.73,80.24,80.42,8271566,80.99,81.73,80.24,80.42,8271566,80.99,81.73,80.24,80.42,8271566
2019-06-18,81.71,82.96,80.47,81.78,10454893,81.71,82.96,80.47,81.78,10454893,81.71,82.96,80.47,81.78,10454893
2019-06-19,84.55,85.62,83.49,84.49,8934586,84.55,85.62,83.49,84.49,8934586,84.55,85.62,83.49,84.49,8934586
2019-06-20,83.66,84.18,83.14,83.54,6630199,83.66,84.18,83.14,83.54,6630199,83.66,84.18,83.14,83.54,6630199
2019-06-21,83.94,85.03,82.86,84.00,8113843,83.94,85.03,82.86,84.00,8113843,83.94,85.03,82.86,84.00,8113843
2019-06-24,83.82,84.62,83.02,83.28,8528491,83.82,84.62,83.02,83.28,8528491,83.82,84.62,83.02,83.28,8528491
2019-06-25,84.84,85.77,83.91,84.96,9317944,84.84,85.77,83.91,84.96,9317944,84.84,85.77,83.91,84.96,9317944
2019-06-26,85.41,86.49,84.33,85.05,8176915,85.41,86.49,84.33,85.05,8176915,85.41,86.49,84.33,85.05,8176915
2019-06-27,87.50,88.02,86.97,87.41,5811816,87.50,88.02,86.97,87.41,5811816,87.50,88.02,86.97,87.41,5811816
2019-06-28,84.60,85.55,83.65,84.41,7543193,84.60,85.55,83.65,84.41,7543193,84.60,85.55,83.65,84.41,7543193
2019-07-01,84.05,85.19,82.92,84.16,8718841,84.05,85.19,82.92,84.16,8718841,84.05,85.19,82.92,84.16,8718841
2019-07-02,84.36,84.95,83.77,84.22,11107901,84.36,84.95,83.77,84.22,11107901,84.36,84.95,83.77,84.22,11107901
2019-07-03,85.32,86.39,84.26,84.91,7440920,85.32,86.39,84.26,84.91,7440920,85.32,86.39,84.26,84.91,7440920
2019-07-04,84.85,85.79,83.91,84.80,9333148,84.85,85.79,83.91,84.80,9333148,84.85,85.79,83.91,84.80,9333148
2019-07-05,84.97,86.26,83.69,84.59,10359570,84.97,86.26,83.69,84.59,10359570,84.97,86.26,83.69,84.59,10359570
2019-07-08,86.08,86.79,85.36,85.81,10877693,86.08,86.79,85.36,85.81,10877693,86.08,86.79,85.36,85.81,10877693
2019-07-09,80.98,82.29,79.68,81.17,7600803,80.98,82.29,79.68,81.17,7600803,80.98,82.29,79.68,81.17,7600803
2019-07-10,81.29,82.64,79.94,81.72,8582647,81.29,82.64,79.94,81.72,8582647,81.29,82.64,79.94,81.72,8582647
2019-07-11,82.32,83.35,81.29,81.69,9892258,82.32,83.35,81.29,81.69,9892258,82.32,83.35,81.29,81.69,9892258
2019-07-12,83.14,83.71,82.57,83.44,9787398,83.14,83.71,82.57,83.44,9787398,83.14,83.71,82.57,83.44,9787398
2019-07-15,82.45,83.61,81.30,82.21,7202682,82.45,83.61,81.30,82.21,7202682,82.45,83.61,81.30,82.21,7202682
2019-07-16,81.12,81.90,80.34,80.94,8570047,81.12,81.90,80.34,80.94,8570047,81.12,81.90,80.34,80.94,8570047
2019-07-17,83.27,84.37,82.16,83.58,8791774,83.27,84.37,82.16,83.58,8791774,83.27,84.37,82.16,83.58,8791774
2019-07-18,84.50,85.31,83.69,84.25,11075152,84.50,85.31,83.69,84.25,11075152,84.50,85.31,83.69,84.25,11075152
2019-07-19,86.71,87.43,85.99,86.11,9523739,86.71,87.43,85.99,86.11,9523739,86.71,87.43,85.99,86.11,9523739
2019-07-22,85.41,86.08,84.74,85.67,6840967,85.41,86.08,84.74,85.67,6840967,85.41,86.08,84.74,85.67,6840967
2019-07-23,86.00,86.77,85.23,85.46,5833176,86.00,86.77,85.23,85.46,5833176,86.00,86.77,85.23,85.46,5833176
2019-07-24,84.04,85.02,83.07,83.58,10595847,84.04,85.02,83.07,83.58,10595847,84.04,85.02,83.07,83.58,10595847
2019-07-25,84.22,85.20,83.23,83.77,10229537,84.22,85.20,83.23,83.77,10229537,84.22,85.20,83.23,83.77,10229537
2019-07-26,81.74,82.93,80.55,82.03,8379451,81.74,82.93,80.55,82.03,8379451,81.74,82.93,80.55,82.03,8379451
2019-07-29,81.59,82.66,80.52,81.54,6078563,81.59,82.66,80.52,81.54,6078563,81.59,82.66,80.52,81.54,6078563
2019-07-30,80.77,81.67,79.88,80.34,9433577,80.77,81.67,79.88,80.34,9433577,80.77,81.67,79.88,80.34,9433577
2019-07-31,81.12,82.32,79.92,81.16,5966220,81.12,82.32,79.92,81.16,5966220,81.12,82.32,79.92,81.16,5966220
2019-08-01,80.25,80.99,79.52,80.11,10075533,80.25,80.99,79.52,80.11,10075533,80.25,80.99,79.52,80.11,10075533
2019-08-02,78.92,80.27,77.56,79.03,10437802,78.92,80.27,77.56,79.03,10437802,78.92,80.27,77.56,79.03,10437802
2019-08-05,80.82,81.84,79.81,81.14,11121245,80.82,81.84,79.81,81.14,11121245,80.82,81.84,79.81,81.14,11121245
2019-08-06,82.76,84.18,81.33,82.49,10016987,82.76,84.18,81.33,82.49,10016987,82.76,84.18,81.33,82.49,10016987
2019-08-07,83.08,83.70,82.45,82.89,9351333,83.08,83.70,82.45,82.89,9351333,83.08,83.70,82.45,82.89,9351333
2019-08-08,83.53,84.17,82.89,83.08,7173377,83.53,84.17,82.89,83.08,7173377,83.53,84.17,82.89,83.08,7173377
2019-08-09,82.73,83.49,81.97,82.68,6431493,82.73,83.49,81.97,82.68,6431493,82.73,83.49,81.97,82.68,6431493
2019-08-12,78.74,79.68,77.79,78.41,10698140,78.74,79.68,77.79,78.41,10698140,78.74,79.68,77.79,78.41,10698140
2019-08-13,78.17,79.36,76.99,77.22,11163998,78.17,79.36,76.99,77.22,11163998,78.17,79.36,76.99,77.22,11163998
2019-08-14,77.55,78.40,76.71,77.79,7124020,77.55,78.40,76.71,77.79,7124020,77.55,78.40,76.71,77.79,7124020
2019-08-15,75.99,77.26,74.71,75.93,7094791,75.99,77.26,74.71,75.93,7094791,75.99,77.26,74.71,75.93,7094791
2019-08-16,75.21,76.13,74.28,75.10,6295157,75.21,76.13,74.28,75.10,6295157,75.21,76.13,74.28,75.10,6295157
2019-08-19,74.96,75.72,74.20,74.57,10738935,74.96,75.72,74.20,74.57,10738935,74.96,75.72,74.20,74.57,10738935
2019-08-20,73.50,74.66,72.35,73.60,8138247,73.50,74.66,72.35,73.60,8138247,73.50,74.66,72.35,73.60,8138247
2019-08-21,72.63,73.71,71.56,72.50,6452186,72.63,73.71,71.56,72.50,6452186,72.63,73.71,71.56,72.50,6452186
2019-08-22,71.58,72.50,70.66,71.46,8602146,71.58,72.50,70.66,71.46,8602146,71.58,72.50,70.66,71.46,8602146
2019-08-23,71.01,71.76,70.26,70.76,5806628,71.01,71.76,70.26,70.76,5806628,71.01,71.76,70.26,70.76,5806628
2019-08-26,70.92,72.22,69.61,71.00,7443806,70.92,72.22,69.61,71.00,7443806,70.92,72.22,69.61,71.00,7443806
2019-08-27,73.77,74.50,73.05,73.56,9397468,73.77,74.50,73.05,73.56,9397468,73.77,74.50,73.05,73.56,9397468
2019-08-28,73.94,75.21,72.67,73.86,10345178,73.94,75.21,72.67,73.86,10345178,73.94,75.21,72.67,73.86,10345178
2019-08-29,75.05,75.71,74.38,74.77,10192784,75.05,75.71,74.38,74.77,10192784,75.05,75.71,74.38,74.77,10192784
2019-08-30,74.23,75.21,73.24,74.28,7242665,74.23,75.21,73.24,74.28,7242665,74.23,75.21,73.24,74.28,7242665
2019-09-02,71.54,72.61,70.47,71.61,9587817,71.54,72.61,70.47,71.61,9587817,71.54,72.61,70.47,71.61,9587817
2019-09-03,73.13,73.87,72.39,72.78,8856103,73.13,73.87,72.39,72.78,8856103,73.13,73.87,72.39,72.78,8856103
2019-09-04,73.61,74.53,72.70,73.27,9765379,73.61,74.53,72.70,73.27,9765379,73.61,74.53,72.70,73.27,9765379
2019-09-05,71.96,72.73,71.18,72.17,7585723,71.96,72.73,71.18,72.17,7585723,71.96,72.73,71.18,72.17,7585723
2019-09-06,72.38,73.23,71.54,72.34,8416401,72.38,73.23,71.54,72.34,8416401,72.38,73.23,71.54,72.34,8416401
2019-09-09,73.40,74.27,72.53,73.51,6851702,73.40,74.27,72.53,73.51,6851702,73.40,74.27,72.53,73.51,6851702
2019-09-10,72.89,73.57,72.20,72.74,5894901,72.89,73.57,72.20,72.74,5894901,72.89,73.57,72.20,72.74,5894901
2019-09-11,72.76,73.96,71.56,72.44,8605377,72.76,73.96,71.56,72.44,8605377,72.76,73.96,71.56,72.44,8605377
2019-09-12,72.13,72.86,71.41,72.24,10227876,72.13,72.86,71.41,72.24,10227876,72.13,72.86,71.41,72.24,10227876
2019-09-13,71.14,71.49,70.79,71.22,7059863,71.14,71.49,70.79,71.22,7059863,71.14,71.49,70.79,71.22,7059863
2019-09-16,70.05,70.87,69.24,70.39,5682519,70.05,70.87,69.24,70.39,5682519,70.05,70.87,69.24,70.39,5682519
2019-09-17,71.08,71.69,70.47,70.96,9205834,71.08,71.69,70.47,70.96,9205834,71.08,71.69,70.47,70.96,9205834
2019-09-18,70.45,71.59,69.31,70.60,8668961,70.45,71.59,69.31,70.60,8668961,70.45,71.59,69.31,70.60,8668961
2019-09-19,69.98,70.68,69.27,69.66,7956358,69.98,70.68,69.27,69.66,7956358,69.98,70.68,69.27,69.66,7956358
2019-09-20,70.42,71.10,69.75,70.35,6050370,70.42,71.10,69.75,70.35,6050370,70.42,71.10,69.75,70.35,6050370
2019-09-23,70.51,71.06,69.96,70.21,7182804,70.51,71.06,69.96,70.21,7182804,70.51,71.06,69.96,70.21,7182804
2019-09-24,69.95,70.67,69.23,69.61,5838294,69.95,70.67,69.23,69.61,5838294,69.95,70.67,69.23,69.61,5838294
2019-09-25,70.77,71.58,69.96,70.48,6060606,70.77,71.58,69.96,70.48,6060606,70.77,71.58,69.96,70.48,6060606
2019-09-26,71.06,72.10,70.03,71.19,8132793,71.06,72.10,70.03,71.19,8132793,71.06,72.10,70.03,71.19,8132793
2019-09-27,69.33,70.38,68.27,68.79,7226217,69.33,70.38,68.27,68.79,7226217,69.33,70.38,68.27,68.79,7226217
2019-09-30,69.82,71.25,68.40,69.78,10732196,69.82,71.25,68.40,69.78,10732196,69.82,71.25,68.40,69.78,10732196
2019-10-01,68.16,68.92,67.40,67.85,5666960,68.16,68.92,67.40,67.85,5666960,68.16,68.92,67.40,67.85,5666960
2019-10-02,69.54,70.37,68.71,69.05,7727530,69.54,70.37,68.71,69.05,7727530,69.54,70.37,68.71,69.05,7727530
2019-10-03,68.54,69.79,67.28,68.39,6549484,68.54,69.79,67.28,68.39,6549484,68.54,69.79,67.28,68.39,6549484
2019-10-04,70.70,71.19,70.20,70.94,8851357,70.70,71.19,70.20,70.94,8851357,70.70,71.19,70.20,70.94,8851357
2019-10-07,71.39,72.36,70.42,71.66,7749660,71.39,72.36,70.42,71.66,7749660,71.39,72.36,70.42,71.66,7749660
2019-10-08,73.81,74.49,73.13,73.45,7827122,73.81,74.49,73.13,73.45,7827122,73.81,74.49,73.13,73.45,7827122
2019-10-09,74.45,76.13,72.78,74.12,7501733,74.45,76.13,72.78,74.12,7501733,74.45,76.13,72.78,74.12,7501733
2019-10-10,77.28,77.87,76.68,76.85,10088864,77.28,77.87,76.68,76.85,10088864,77.28,77.87,76.68,76.85,10088864
2019-10-11,74.35,75.36,73.33,74.64,11177675,74.35,75.36,73.33,74.64,11177675,74.35,75.36,73.33,74.64,11177675
2019-10-14,74.23,75.11,73.36,74.39,6801044,74.23,75.11,73.36,74.39,6801044,74.23,75.11,73.36,74.39,6801044
2019-10-15,75.53,76.44,74.62,75.89,10463989,75.53,76.44,74.62,75.89,10463989,75.53,76.44,74.62,75.89,10463989
2019-10-16,75.04,75.75,74.33,75.09,8099760,75.04,75.75,74.33,75.09,8099760,75.04,75.75,74.33,75.09,8099760
2019-10-17,76.24,77.18,75.29,75.88,7575162,76.24,77.18,75.29,75.88,7575162,76.24,77.18,75.29,75.88,7575162
2019-10-18,74.57,75.48,73.66,74.71,10962220,74.57,75.48,73.66,74.71,10962220,74.57,75.48,73.66,74.71,10962220
2019-10-21,74.82,75.68,73.97,74.78,9939709,74.82,75.68,73.97,74.78,9939709,74.82,75.68,73.97,74.78,9939709
2019-10-22,77.72,79.06,76.38,77.33,5710842,77.72,79.06,76.38,77.33,5710842,77.72,79.06,76.38,77.33,5710842
2019-10-23,78.07,79.15,76.98,77.94,8608674,78.07,79.15,76.98,77.94,8608674,78.07,79.15,76.98,77.94,8608674
2019-10-24,79.29,80.14,78.44,78.66,10345524,79.29,80.14,78.44,78.66,10345524,79.29,80.14,78.44,78.66,10345524
2019-10-25,79.12,79.78,78.45,78.98,9438272,79.12,79.78,78.45,78.98,9438272,79.12,79.78,78.45,78.98,9438272
2019-10-28,79.47,80.81,78.13,79.61,6003899,79.47,80.81,78.13,79.61,6003899,79.47,80.81,78.13,79.61,6003899
2019-10-29,79.09,79.81,78.37,79.14,8298423,79.09,79.81,78.37,79.14,8298423,79.09,79.81,78.37,79.14,8298423
2019-10-30,78.97,79.64,78.29,78.90,6695391,78.97,79.64,78.29,78.90,6695391,78.97,79.64,78.29,78.90,6695391
2019-10-31,78.12,78.77,77.48,78.16,8555324,78.12,78.77,77.48,78.16,8555324,78.12,78.77,77.48,78.16,8555324
2019-11-01,79.72,80.61,78.82,79.78,8229980,79.72,80.61,78.82,79.78,8229980,79.72,80.61,78.82,79.78,8229980
2019-11-04,80.67,81.08,80.25,80.39,9449282,80.67,81.08,80.25,80.39,9449282,80.67,81.08,80.25,80.39,9449282
2019-11-05,83.78,84.93,82.64,83.69,10886265,83.78,84.93,82.64,83.69,10886265,83.78,84.93,82.64,83.69,10886265
2019-11-06,84.72,86.05,83.39,84.08,7159653,84.72,86.05,83.39,84.08,7159653,84.72,86.05,83.39,84.08,7159653
2019-11-07,84.22,84.85,83.60,84.19,8508741,84.22,84.85,83.60,84.19,8508741,84.22,84.85,83.60,84.19,8508741
2019-11-08,84.35,85.05,83.66,84.11,7114312,84.35,85.05,83.66,84.11,7114312,84.35,85.05,83.66,84.11,7114312
2019-11-11,82.70,83.44,81.95,82.37,11172823,82.70,83.44,81.95,82.37,11172823,82.70,83.44,81.95,82.37,11172823
2019-11-12,81.76,82.56,80.95,81.56,9005039,81.76,82.56,80.95,81.56,9005039,81.76,82.56,80.95,81.56,9005039
2019-11-13,82.71,83.99,81.43,82.46,11059815,82.71,83.99,81.43,82.46,11059815,82.71,83.99,81.43,82.46,11059815
2019-11-14,80.21,81.30,79.12,80.40,8273486,80.21,81.30,79.12,80.40,8273486,80.21,81.30,79.12,80.40,8273486
2019-11-15,80.69,81.25,80.13,80.71,8255573,80.69,81.25,80.13,80.71,8255573,80.69,81.25,80.13,80.71,8255573
2019-11-18,80.11,81.30,78.91,80.27,6902366,80.11,81.30,78.91,80.27,6902366,80.11,81.30,78.91,80.27,6902366
2019-11-19,83.10,84.54,81.65,83.43,8184180,83.10,84.54,81.65,83.43,8184180,83.10,84.54,81.65,83.43,8184180
2019-11-20,82.68,82.99,82.37,82.59,7615799,82.68,82.99,82.37,82.59,7615799,82.68,82.99,82.37,82.59,7615799
2019-11-21,84.87,85.90,83.84,85.09,11058136,84.87,85.90,83.84,85.09,11058136,84.87,85.90,83.84,85.09,11058136
2019-11-22,86.01,86.37,85.64,86.03,8363740,86.01,86.37,85.64,86.03,8363740,86.01,86.37,85.64,86.03,8363740
2019-11-25,87.02,87.54,86.49,86.77,10438596,87.02,87.54,86.49,86.77,10438596,87.02,87.54,86.49,86.77,10438596
2019-11-26,87.37,88.27,86.47,87.39,6700495,87.37,88.27,86.47,87.39,6700495,87.37,88.27,86.47,87.39,6700495
2019-11-27,87.27,88.42,86.12,87.00,6764325,87.27,88.42,86.12,87.00,6764325,87.27,88.42,86.12,87.00,6764325
2019-11-28,87.41,88.23,86.60,87.56,10122082,87.41,88.23,86.60,87.56,10122082,87.41,88.23,86.60,87.56,10122082
2019-11-29,88.35,89.28,87.41,88.18,8267998,88.35,89.28,87.41,88.18,8267998,88.35,89.28,87.41,88.18,8267998
2019-12-02,88.64,89.81,87.47,88.38,8021814,88.64,89.81,87.47,88.38,8021814,88.64,89.81,87.47,88.38,8021814
2019-12-03,86.52,87.62,85.42,86.42,9503114,86.52,87.62,85.42,86.42,9503114,86.52,87.62,85.42,86.42,9503114
2019-12-04,84.03,84.19,83.88,83.97,7033568,84.03,84.19,83.88,83.97,7033568,84.03,84.19,83.88,83.97,7033568
2019-12-05,83.91,84.74,83.07,83.74,10864376,83.91,84.74,83.07,83.74,10864376,83.91,84.74,83.07,83.74,10864376
2019-12-06,84.43,85.72,83.14,83.88,10380151,84.43,85.72,83.14,83.88,10380151,84.43,85.72,83.14,83.88,10380151
2019-12-09,83.99,84.61,83.37,84.26,7799526,83.99,84.61,83.37,84.26,7799526,83.99,84.61,83.37,84.26,7799526
2019-12-10,86.09,86.42,85.77,85.97,9046415,86.09,86.42,85.77,85.97,9046415,86.09,86.42,85.77,85.97,9046415
2019-12-11,85.49,86.62,84.36,85.83,8567965,85.49,86.62,84.36,85.83,8567965,85.49,86.62,84.36,85.83,8567965
2019-12-12,86.22,87.31,85.12,86.32,9244447,86.22,87.31,85.12,86.32,9244447,86.22,87.31,85.12,86.32,9244447
2019-12-13,86.91,88.46,85.36,86.87,8219606,86.91,88.46,85.36,86.87,8219606,86.91,88.46,85.36,86.87,8219606
2019-12-16,86.51,87.36,85.66,86.47,10447491,86.51,87.36,85.66,86.47,10447491,86.51,87.36,85.66,86.47,10447491
2019-12-17,89.06,89.94,88.19,89.21,10215522,89.06,89.94,88.19,89.21,10215522,89.06,89.94,88.19,89.21,10215522
2019-12-18,89.33,90.71,87.94,88.74,8520142,89.33,90.71,87.94,88.74,8520142,89.33,90.71,87.94,88.74,8520142
2019-12-19,90.46,91.46,89.46,90.32,7457706,90.46,91.46,89.46,90.32,7457706,90.46,91.46,89.46,90.32,7457706
2019-12-20,91.37,92.44,90.31,90.88,9648226,91.37,92.44,90.31,90.88,9648226,91.37,92.44,90.31,90.88,9648226
2019-12-23,89.05,90.18,87.93,88.74,10513904,89.05,90.18,87.93,88.74,10513904,89.05,90.18,87.93,88.74,10513904
2019-12-24,88.04,89.10,86.98,87.43,10643219,88.04,89.10,86.98,87.43,10643219,88.04,89.10,86.98,87.43,10643219
2019-12-25,87.76,88.60,86.92,88.05,8220290,87.76,88.60,86.92,88.05,8220290,87.76,88.60,86.92,88.05,8220290
2019-12-26,86.95,88.33,85.57,87.34,9203756,86.95,88.33,85.57,87.34,9203756,86.95,88.33,85.57,87.34,9203756
2019-12-27,87.51,88.13,86.89,87.21,9944226,87.51,88.13,86.89,87.21,9944226,87.51,88.13,86.89,87.21,9944226
2019-12-30,89.30,90.28,88.31,89.32,10737088,89.30,90.28,88.31,89.32,10737088,89.30,90.28,88.31,89.32,10737088
2019-12-31,89.36,90.85,87.88,89.49,10740920,89.36,90.85,87.88,89.49,10740920,89.36,90.85,87.88,89.49,10740920
2020-01-01,89.56,90.11,89.01,89.30,7938202,89.56,90.11,89.01,89.30,7938202,89.56,90.11,89.01,89.30,7938202
2020-01-02,87.34,88.49,86.18,86.91,11076499,87.34,88.49,86.18,86.91,11076499,87.34,88.49,86.18,86.91,11076499
2020-01-03,87.94,88.48,87.40,88.16,9729404,87.94,88.48,87.40,88.16,9729404,87.94,88.48,87.40,88.16,9729404
2020-01-06,89.40,90.58,88.23,89.10,11086711,89.40,90.58,88.23,89.10,11086711,89.40,90.58,88.23,89.10,11086711
2020-01-07,90.10,90.97,89.23,89.88,8313041,90.10,90.97,89.23,89.88,8313041,90.10,90.97,89.23,89.88,8313041
2020-01-08,90.67,92.05,89.28,90.61,10560869,90.67,92.05,89.28,90.61,10560869,90.67,92.05,89.28,90.61,10560869
2020-01-09,90.75,92.05,89.46,90.41,6615412,90.75,92.05,89.46,90.41,6615412,90.75,92.05,89.46,90.41,6615412
2020-01-10,91.01,91.95,90.07,91.19,9457367,91.01,91.95,90.07,91.19,9457367,91.01,91.95,90.07,91.19,9457367
2020-01-13,88.67,90.18,87.16,88.43,9074001,88.67,90.18,87.16,88.43,9074001,88.67,90.18,87.16,88.43,9074001
2020-01-14,87.25,88.19,86.31,87.24,5631803,87.25,88.19,86.31,87.24,5631803,87.25,88.19,86.31,87.24,5631803
2020-01-15,87.45,88.41,86.49,87.46,7464031,87.45,88.41,86.49,87.46,7464031,87.45,88.41,86.49,87.46,7464031
2020-01-16,89.73,90.91,88.55,90.20,10811342,89.73,90.91,88.55,90.20,10811342,89.73,90.91,88.55,90.20,10811342
2020-01-17,90.53,91.87,89.19,91.03,8540626,90.53,91.87,89.19,91.03,8540626,90.53,91.87,89.19,91.03,8540626
2020-01-20,91.72,92.80,90.63,91.64,6781658,91.72,92.80,90.63,91.64,6781658,91.72,92.80,90.63,91.64,6781658
2020-01-21,93.33,93.74,92.93,93.21,7219375,93.33,93.74,92.93,93.21,7219375,93.33,93.74,92.93,93.21,7219375
2020-01-22,94.39,95.75,93.02,94.38,9712849,94.39,95.75,93.02,94.38,9712849,94.39,95.75,93.02,94.38,9712849
2020-01-23,94.27,95.59,92.94,93.63,9908295,94.27,95.59,92.94,93.63,9908295,94.27,95.59,92.94,93.63,9908295
2020-01-24,91.13,92.55,89.71,90.57,9312711,91.13,92.55,89.71,90.57,9312711,91.13,92.55,89.71,90.57,9312711
2020-01-27,91.08,92.07,90.10,90.88,9667801,91.08,92.07,90.10,90.88,9667801,91.08,92.07,90.10,90.88,9667801
2020-01-28,92.86,93.50,92.22,92.89,10466564,92.86,93.50,92.22,92.89,10466564,92.86,93.50,92.22,92.89,10466564
2020-01-29,94.64,95.50,93.79,94.34,6906030,94.64,95.50,93.79,94.34,6906030,94.64,95.50,93.79,94.34,6906030
2020-01-30,93.45,94.40,92.49,93.03,10146723,93.45,94.40,92.49,93.03,10146723,93.45,94.40,92.49,93.03,10146723
2020-01-31,92.79,93.74,91.83,92.45,9560489,92.79,93.74,91.83,92.45,9560489,92.79,93.74,91.83,92.45,9560489
2020-02-03,91.32,92.67,89.96,92.07,10848475,91.32,92.67,89.96,92.07,10848475,91.32,92.67,89.96,92.07,10848475
2020-02-04,91.38,92.90,89.85,91.22,8672531,91.38,92.90,89.85,91.22,8672531,91.38,92.90,89.85,91.22,8672531
2020-02-05,87.55,88.27,86.83,87.21,8176130,87.55,88.27,86.83,87.21,8176130,87.55,88.27,86.83,87.21,8176130
2020-02-06,87.19,88.50,85.89,88.09,7719496,87.19,88.50,85.89,88.09,7719496,87.19,88.50,85.89,88.09,7719496
2020-02-07,87.32,88.13,86.51,87.06,8490229,87.32,88.13,86.51,87.06,8490229,87.32,88.13,86.51,87.06,8490229
2020-02-10,83.76,84.42,83.11,83.68,9224334,83.76,84.42,83.11,83.68,9224334,83.76,84.42,83.11,83.68,9224334
2020-02-11,82.16,83.37,80.95,82.62,6393208,82.16,83.37,80.95,82.62,6393208,82.16,83.37,80.95,82.62,6393208
2020-02-12,81.98,82.62,81.34,81.40,7432476,81.98,82.62,81.34,81.40,7432476,81.98,82.62,81.34,81.40,7432476
2020-02-13,80.35,81.19,79.50,80.38,7999723,80.35,81.19,79.50,80.38,7999723,80.35,81.19,79.50,80.38,7999723
2020-02-14,76.99,78.38,75.61,77.48,9672106,76.99,78.38,75.61,77.48,9672106,76.99,78.38,75.61,77.48,9672106
2020-02-17,76.61,77.51,75.70,76.34,10610806,76.61,77.51,75.70,76.34,10610806,76.61,77.51,75.70,76.34,10610806
2020-02-18,76.60,77.68,75.53,77.02,10491163,76.60,77.68,75.53,77.02,10491163,76.60,77.68,75.53,77.02,10491163
2020-02-19,77.68,78.90,76.47,77.76,7654791,77.68,78.90,76.47,77.76,7654791,77.68,78.90,76.47,77.76,7654791
2020-02-20,76.32,77.39,75.25,76.64,7869090,76.32,77.39,75.25,76.64,7869090,76.32,77.39,75.25,76.64,7869090
2020-02-21,75.71,76.60,74.83,75.59,9162017,75.71,76.60,74.83,75.59,9162017,75.71,76.60,74.83,75.59,9162017
2020-02-24,76.69,77.64,75.74,76.08,9575168,76.69,77.64,75.74,76.08,9575168,76.69,77.64,75.74,76.08,9575168
2020-02-25,76.86,77.54,76.18,77.22,10589216,76.86,77.54,76.18,77.22,10589216,76.86,77.54,76.18,77.22,10589216
2020-02-26,77.67,78.78,76.56,77.65,9793589,77.67,78.78,76.56,77.65,9793589,77.67,78.78,76.56,77.65,9793589
2020-02-27,77.59,78.76,76.43,77.67,10915570,77.59,78.76,76.43,77.67,10915570,77.59,78.76,76.43,77.67,10915570
2020-02-28,76.30,77.33,75.28,76.19,10514118,76.30,77.33,75.28,76.19,10514118,76.30,77.33,75.28,76.19,10514118
2020-03-02,75.23,75.49,74.97,75.39,6788159,75.23,75.49,74.97,75.39,6788159,75.23,75.49,74.97,75.39,6788159
2020-03-03,74.43,75.01,73.86,74.21,6553935,74.43,75.01,73.86,74.21,6553935,74.43,75.01,73.86,74.21,6553935
2020-03-04,74.86,75.88,73.85,75.09,10146450,74.86,75.88,73.85,75.09,10146450,74.86,75.88,73.85,75.09,10146450
2020-03-05,76.35,76.87,75.83,76.17,7325040,76.35,76.87,75.83,76.17,7325040,76.35,76.87,75.83,76.17,7325040
2020-03-06,75.60,76.83,74.37,75.73,10156941,75.60,76.83,74.37,75.73,10156941,75.60,76.83,74.37,75.73,10156941
2020-03-09,75.15,75.94,74.36,74.92,10821421,75.15,75.94,74.36,74.92,10821421,75.15,75.94,74.36,74.92,10821421
2020-03-10,77.02,78.20,75.85,76.76,11173498,77.02,78.20,75.85,76.76,11173498,77.02,78.20,75.85,76.76,11173498
2020-03-11,77.58,78.48,76.67,77.26,9029492,77.58,78.48,76.67,77.26,9029492,77.58,78.48,76.67,77.26,9029492
2020-03-12,77.86,78.68,77.04,77.86,5899315,77.86,78.68,77.04,77.86,5899315,77.86,78.68,77.04,77.86,5899315
2020-03-13,77.33,78.07,76.59,77.48,9807869,77.33,78.07,76.59,77.48,9807869,77.33,78.07,76.59,77.48,9807869
2020-03-16,76.07,76.93,75.20,76.07,9928062,76.07,76.93,75.20,76.07,9928062,76.07,76.93,75.20,76.07,9928062
2020-03-17,76.74,77.81,75.66,77.15,9512532,76.74,77.81,75.66,77.15,9512532,76.74,77.81,75.66,77.15,9512532
2020-03-18,77.72,78.76,76.67,77.54,10876302,77.72,78.76,76.67,77.54,10876302,77.72,78.76,76.67,77.54,10876302
2020-03-19,77.69,79.13,76.26,78.19,6704413,77.69,79.13,76.26,78.19,6704413,77.69,79.13,76.26,78.19,6704413
2020-03-20,79.03,79.92,78.13,78.58,6303933,79.03,79.92,78.13,78.58,6303933,79.03,79.92,78.13,78.58,6303933
2020-03-23,78.04,78.68,77.41,77.85,6490274,78.04,78.68,77.41,77.85,6490274,78.04,78.68,77.41,77.85,6490274
2020-03-24,77.79,79.02,76.56,77.69,7875326,77.79,79.02,76.56,77.69,7875326,77.79,79.02,76.56,77.69,7875326
2020-03-25,77.61,78.31,76.90,77.40,8700779,77.61,78.31,76.90,77.40,8700779,77.61,78.31,76.90,77.40,8700779
2020-03-26,75.09,76.08,74.10,75.11,6887176,75.09,76.08,74.10,75.11,6887176,75.09,76.08,74.10,75.11,6887176
2020-03-27,76.00,77.15,74.85,75.70,5643034,76.00,77.15,74.85,75.70,5643034,76.00,77.15,74.85,75.70,5643034
2020-03-30,74.48,75.05,73.92,74.81,6445558,74.48,75.05,73.92,74.81,6445558,74.48,75.05,73.92,74.81,6445558
2020-03-31,74.63,75.04,74.23,74.85,7848028,74.63,75.04,74.23,74.85,7848028,74.63,75.04,74.23,74.85,7848028
2020-04-01,75.78,77.18,74.38,75.09,6446723,75.78,77.18,74.38,75.09,6446723,75.78,77.18,74.38,75.09,6446723
2020-04-02,74.42,75.03,73.81,74.84,6770229,74.42,75.03,73.81,74.84,6770229,74.42,75.03,73.81,74.84,6770229
2020-04-03,76.52,77.40,75.65,76.35,11066475,76.52,77.40,75.65,76.35,11066475,76.52,77.40,75.65,76.35,11066475
2020-04-06,77.59,78.87,76.30,77.71,9482364,77.59,78.87,76.30,77.71,9482364,77.59,78.87,76.30,77.71,9482364
2020-04-07,76.66,76.81,76.51,76.61,9905346,76.66,76.81,76.51,76.61,9905346,76.66,76.81,76.51,76.61,9905346
2020-04-08,78.49,79.37,77.61,78.13,6452081,78.49,79.37,77.61,78.13,6452081,78.49,79.37,77.61,78.13,6452081
2020-04-09,79.21,80.09,78.33,79.45,9989672,79.21,80.09,78.33,79.45,9989672,79.21,80.09,78.33,79.45,9989672
2020-04-10,78.90,79.70,78.11,78.84,6531619,78.90,79.70,78.11,78.84,6531619,78.90,79.70,78.11,78.84,6531619
2020-04-13,80.47,81.22,79.72,80.08,6022631,80.47,81.22,79.72,80.08,6022631,80.47,81.22,79.72,80.08,6022631
2020-04-14,79.79,81.03,78.55,79.86,8595000,79.79,81.03,78.55,79.86,8595000,79.79,81.03,78.55,79.86,8595000
2020-04-15,82.93,83.60,82.25,82.80,6911676,82.93,83.60,82.25,82.80,6911676,82.93,83.60,82.25,82.80,6911676
2020-04-16,85.69,86.64,84.75,85.73,8590435,85.69,86.64,84.75,85.73,8590435,85.69,86.64,84.75,85.73,8590435
2020-04-17,87.71,89.32,86.10,87.65,10503668,87.71,89.32,86.10,87.65,10503668,87.71,89.32,86.10,87.65,10503668
2020-04-20,90.52,91.49,89.55,89.80,9503013,90.52,91.49,89.55,89.80,9503013,90.52,91.49,89.55,89.80,9503013
2020-04-21,91.90,92.75,91.06,91.56,10335288,91.90,92.75,91.06,91.56,10335288,91.90,92.75,91.06,91.56,10335288
2020-04-22,96.10,97.64,94.57,95.01,8860765,96.10,97.64,94.57,95.01,8860765,96.10,97.64,94.57,95.01,8860765
2020-04-23,97.47,98.13,96.80,97.42,6867801,97.47,98.13,96.80,97.42,6867801,97.47,98.13,96.80,97.42,6867801
2020-04-24,100.57,101.87,99.28,100.05,5776796,100.57,101.87,99.28,100.05,5776796,100.57,101.87,99.28,100.05,5776796
2020-04-27,97.58,98.55,96.62,97.48,9508231,97.58,98.55,96.62,97.48,9508231,97.58,98.55,96.62,97.48,9508231
2020-04-28,99.69,100.15,99.23,99.65,7424888,99.69,100.15,99.23,99.65,7424888,99.69,100.15,99.23,99.65,7424888
2020-04-29,100.29,101.55,99.02,100.32,7086433,100.29,101.55,99.02,100.32,7086433,100.29,101.55,99.02,100.32,7086433
2020-04-30,98.63,100.71,96.56,98.62,8120258,98.63,100.71,96.56,98.62,8120258,98.63,100.71,96.56,98.62,8120258
2020-05-01,101.49,102.10,100.88,100.90,6592017,101.49,102.10,100.88,100.90,6592017,101.49,102.10,100.88,100.90,6592017
2020-05-04,100.37,101.88,98.86,100.49,9678904,100.37,101.88,98.86,100.49,9678904,100.37,101.88,98.86,100.49,9678904
2020-05-05,98.73,99.65,97.82,99.25,9488642,98.73,99.65,97.82,99.25,9488642,98.73,99.65,97.82,99.25,9488642
2020-05-06,101.31,103.25,99.36,101.17,10997296,101.31,103.25,99.36,101.17,10997296,101.31,103.25,99.36,101.17,10997296
2020-05-07,103.24,104.86,101.61,102.99,9595922,103.24,104.86,101.61,102.99,9595922,103.24,104.86,101.61,102.99,9595922
2020-05-08,103.75,104.75,102.74,103.49,10599020,103.75,104.75,102.74,103.49,10599020,103.75,104.75,102.74,103.49,10599020
2020-05-11,103.23,104.31,102.15,103.02,5609611,103.23,104.31,102.15,103.02,5609611,103.23,104.31,102.15,103.02,5609611
2020-05-12,103.35,104.67,102.04,103.29,7221043,103.35,104.67,102.04,103.29,7221043,103.35,104.67,102.04,103.29,7221043
2020-05-13,104.29,105.75,102.84,104.13,11193788,104.29,105.75,102.84,104.13,11193788,104.29,105.75,102.84,104.13,11193788
2020-05-14,102.54,103.98,101.11,102.88,10159389,102.54,103.98,101.11,102.88,10159389,102.54,103.98,101.11,102.88,10159389
2020-05-15,102.74,103.99,101.50,102.65,6875352,102.74,103.99,101.50,102.65,6875352,102.74,103.99,101.50,102.65,6875352
2020-05-18,107.60,109.05,106.15,107.89,8844117,107.60,109.05,106.15,107.89,8844117,107.60,109.05,106.15,107.89,8844117
2020-05-19,107.37,108.40,106.34,107.41,10168160,107.37,108.40,106.34,107.41,10168160,107.37,108.40,106.34,107.41,10168160
2020-05-20,108.54,109.82,107.26,108.53,10921794,108.54,109.82,107.26,108.53,10921794,108.54,109.82,107.26,108.53,10921794
2020-05-21,111.58,111.95,111.20,111.51,9679701,111.58,111.95,111.20,111.51,9679701,111.58,111.95,111.20,111.51,9679701
2020-05-22,114.29,115.95,112.62,113.47,10103626,114.29,115.95,112.62,113.47,10103626,114.29,115.95,112.62,113.47,10103626
2020-05-25,113.37,114.70,112.05,112.96,10067435,113.37,114.70,112.05,112.96,10067435,113.37,114.70,112.05,112.96,10067435
2020-05-26,113.43,114.26,112.61,113.56,10056564,113.43,114.26,112.61,113.56,10056564,113.43,114.26,112.61,113.56,10056564
2020-05-27,113.43,113.76,113.10,113.12,6602561,113.43,113.76,113.10,113.12,6602561,113.43,113.76,113.10,113.12,6602561
2020-05-28,115.39,116.27,114.51,115.50,9627271,115.39,116.27,114.51,115.50,9627271,115.39,116.27,114.51,115.50,9627271
2020-05-29,115.40,116.49,114.31,115.85,6038247,115.40,116.49,114.31,115.85,6038247,115.40,116.49,114.31,115.85,6038247
2020-06-01,116.24,118.68,113.79,116.52,9123908,116.24,118.68,113.79,116.52,9123908,116.24,118.68,113.79,116.52,9123908
2020-06-02,120.96,121.89,120.03,120.60,5789165,120.96,121.89,120.03,120.60,5789165,120.96,121.89,120.03,120.60,5789165
2020-06-03,120.48,121.03,119.93,120.04,9290785,120.48,121.03,119.93,120.04,9290785,120.48,121.03,119.93,120.04,9290785
2020-06-04,120.05,121.10,119.00,119.24,10926526,120.05,121.10,119.00,119.24,10926526,120.05,121.10,119.00,119.24,10926526
2020-06-05,119.85,121.91,117.80,119.66,8574855,119.85,121.91,117.80,119.66,8574855,119.85,121.91,117.80,119.66,8574855
2020-06-08,118.01,119.30,116.72,118.26,6792205,118.01,119.30,116.72,118.26,6792205,118.01,119.30,116.72,118.26,6792205
2020-06-09,118.92,121.29,116.55,119.25,9193257,118.92,121.29,116.55,119.25,9193257,118.92,121.29,116.55,119.25,9193257
2020-06-10,116.97,118.11,115.84,116.36,9256765,116.97,118.11,115.84,116.36,9256765,116.97,118.11,115.84,116.36,9256765
2020-06-11,118.84,119.92,117.75,118.80,6312451,118.84,119.92,117.75,118.80,6312451,118.84,119.92,117.75,118.80,6312451
2020-06-12,116.48,117.52,115.44,116.69,10073199,116.48,117.52,115.44,116.69,10073199,116.48,117.52,115.44,116.69,10073199
2020-06-15,116.37,117.87,114.88,115.90,7616475,116.37,117.87,114.88,115.90,7616475,116.37,117.87,114.88,115.90,7616475
2020-06-16,120.47,122.25,118.69,120.31,5884959,120.47,122.25,118.69,120.31,5884959,120.47,122.25,118.69,120.31,5884959
2020-06-17,116.71,117.20,116.21,117.16,7592226,116.71,117.20,116.21,117.16,7592226,116.71,117.20,116.21,117.16,7592226
2020-06-18,119.46,120.16,118.75,119.07,6151109,119.46,120.16,118.75,119.07,6151109,119.46,120.16,118.75,119.07,6151109
2020-06-19,117.61,118.92,116.31,118.21,7149331,117.61,118.92,116.31,118.21,7149331,117.61,118.92,116.31,118.21,7149331
2020-06-22,120.17,120.79,119.55,120.59,6885140,120.17,120.79,119.55,120.59,6885140,120.17,120.79,119.55,120.59,6885140
2020-06-23,121.57,122.91,120.24,120.85,9624943,121.57,122.91,120.24,120.85,9624943,121.57,122.91,120.24,120.85,9624943
2020-06-24,121.52,122.72,120.31,121.59,10979065,121.52,122.72,120.31,121.59,10979065,121.52,122.72,120.31,121.59,10979065
2020-06-25,123.43,124.01,122.86,122.99,8374724,123.43,124.01,122.86,122.99,8374724,123.43,124.01,122.86,122.99,8374724
2020-06-26,123.41,124.99,121.84,123.09,6821476,123.41,124.99,121.84,123.09,6821476,123.41,124.99,121.84,123.09,6821476
2020-06-29,124.53,125.88,123.17,124.37,8494663,124.53,125.88,123.17,124.37,8494663,124.53,125.88,123.17,124.37,8494663
2020-06-30,127.07,128.75,125.39,126.78,6325336,127.07,128.75,125.39,126.78,6325336,127.07,128.75,125.39,126.78,6325336
2020-07-01,124.70,125.94,123.45,124.28,9658384,124.70,125.94,123.45,124.28,9658384,124.70,125.94,123.45,124.28,9658384
2020-07-02,125.57,127.11,124.03,125.63,6846585,125.57,127.11,124.03,125.63,6846585,125.57,127.11,124.03,125.63,6846585
2020-07-03,125.11,126.84,123.39,125.64,7736203,125.11,126.84,123.39,125.64,7736203,125.11,126.84,123.39,125.64,7736203
2020-07-06,126.57,127.81,125.32,126.49,6391325,126.57,127.81,125.32,126.49,6391325,126.57,127.81,125.32,126.49,6391325
2020-07-07,123.60,124.70,122.50,124.07,8928621,123.60,124.70,122.50,124.07,8928621,123.60,124.70,122.50,124.07,8928621
2020-07-08,122.37,123.60,121.15,122.73,11081851,122.37,123.60,121.15,122.73,11081851,122.37,123.60,121.15,122.73,11081851
2020-07-09,122.39,124.11,120.67,122.23,9074803,122.39,124.11,120.67,122.23,9074803,122.39,124.11,120.67,122.23,9074803
2020-07-10,127.21,128.33,126.09,126.66,8337472,127.21,128.33,126.09,126.66,8337472,127.21,128.33,126.09,126.66,8337472
2020-07-13,129.85,131.86,127.83,130.05,10109466,129.85,131.86,127.83,130.05,10109466,129.85,131.86,127.83,130.05,10109466
2020-07-14,126.80,127.84,125.77,126.72,5806061,126.80,127.84,125.77,126.72,5806061,126.80,127.84,125.77,126.72,5806061
2020-07-15,126.77,127.45,126.08,126.42,8913057,126.77,127.45,126.08,126.42,8913057,126.77,127.45,126.08,126.42,8913057
2020-07-16,125.81,127.20,124.41,125.31,11136684,125.81,127.20,124.41,125.31,11136684,125.81,127.20,124.41,125.31,11136684
2020-07-17,127.29,128.77,125.80,126.75,6666609,127.29,128.77,125.80,126.75,6666609,127.29,128.77,125.80,126.75,6666609
2020-07-20,124.58,125.25,123.92,124.91,6378679,124.58,125.25,123.92,124.91,6378679,124.58,125.25,123.92,124.91,6378679
2020-07-21,122.25,124.13,120.37,121.42,7679181,122.25,124.13,120.37,121.42,7679181,122.25,124.13,120.37,121.42,7679181
2020-07-22,122.20,123.07,121.34,122.54,8554505,122.20,123.07,121.34,122.54,8554505,122.20,123.07,121.34,122.54,8554505
2020-07-23,122.89,123.46,122.31,122.74,10350461,122.89,123.46,122.31,122.74,10350461,122.89,123.46,122.31,122.74,10350461
2020-07-24,122.45,123.75,121.15,122.62,9738484,122.45,123.75,121.15,122.62,9738484,122.45,123.75,121.15,122.62,9738484
2020-07-27,123.03,123.75,122.32,122.58,9363663,123.03,123.75,122.32,122.58,9363663,123.03,123.75,122.32,122.58,9363663
2020-07-28,125.31,126.31,124.30,124.65,11184010,125.31,126.31,124.30,124.65,11184010,125.31,126.31,124.30,124.65,11184010
2020-07-29,125.25,126.95,123.55,124.35,7192805,125.25,126.95,123.55,124.35,7192805,125.25,126.95,123.55,124.35,7192805
2020-07-30,122.01,123.81,120.21,122.04,5707732,122.01,123.81,120.21,122.04,5707732,122.01,123.81,120.21,122.04,5707732
2020-07-31,123.41,124.88,121.94,123.17,6491870,123.41,124.88,121.94,123.17,6491870,123.41,124.88,121.94,123.17,6491870
2020-08-03,123.08,124.07,122.08,123.42,8448768,123.08,124.07,122.08,123.42,8448768,123.08,124.07,122.08,123.42,8448768
2020-08-04,126.25,127.00,125.50,126.28,7905766,126.25,127.00,125.50,126.28,7905766,126.25,127.00,125.50,126.28,7905766
2020-08-05,123.43,124.32,122.54,124.27,5920952,123.43,124.32,122.54,124.27,5920952,123.43,124.32,122.54,124.27,5920952
2020-08-06,125.22,125.83,124.61,125.68,5660929,125.22,125.83,124.61,125.68,5660929,125.22,125.83,124.61,125.68,5660929
2020-08-07,124.60,126.24,122.97,125.04,5904048,124.60,126.24,122.97,125.04,5904048,124.60,126.24,122.97,125.04,5904048
2020-08-10,122.49,123.97,121.00,122.75,8997001,122.49,123.97,121.00,122.75,8997001,122.49,123.97,121.00,122.75,8997001
2020-08-11,126.05,126.83,125.26,126.83,6658421,126.05,126.83,125.26,126.83,6658421,126.05,126.83,125.26,126.83,6658421
2020-08-12,126.12,127.16,125.09,125.86,8688001,126.12,127.16,125.09,125.86,8688001,126.12,127.16,125.09,125.86,8688001
2020-08-13,126.72,127.96,125.48,126.32,9888590,126.72,127.96,125.48,126.32,9888590,126.72,127.96,125.48,126.32,9888590
2020-08-14,127.15,128.49,125.81,126.61,10699455,127.15,128.49,125.81,126.61,10699455,127.15,128.49,125.81,126.61,10699455
2020-08-17,129.50,131.00,128.00,128.65,6409439,129.50,131.00,128.00,128.65,6409439,129.50,131.00,128.00,128.65,6409439
2020-08-18,133.93,135.87,131.98,134.34,9103617,133.93,135.87,131.98,134.34,9103617,133.93,135.87,131.98,134.34,9103617
2020-08-19,132.13,133.23,131.03,131.98,10453408,132.13,133.23,131.03,131.98,10453408,132.13,133.23,131.03,131.98,10453408
2020-08-20,134.67,135.65,133.69,135.12,6121674,134.67,135.65,133.69,135.12,6121674,134.67,135.65,133.69,135.12,6121674
2020-08-21,133.84,135.34,132.33,134.02,6680877,133.84,135.34,132.33,134.02,6680877,133.84,135.34,132.33,134.02,6680877
2020-08-24,136.64,137.97,135.30,136.34,9753489,136.64,137.97,135.30,136.34,9753489,136.64,137.97,135.30,136.34,9753489
2020-08-25,136.71,138.18,135.23,136.27,6376045,136.71,138.18,135.23,136.27,6376045,136.71,138.18,135.23,136.27,6376045
2020-08-26,135.79,137.39,134.18,135.28,5908197,135.79,137.39,134.18,135.28,5908197,135.79,137.39,134.18,135.28,5908197
2020-08-27,137.11,139.61,134.61,136.61,6787465,137.11,139.61,134.61,136.61,6787465,137.11,139.61,134.61,136.61,6787465
2020-08-28,136.22,138.04,134.39,135.30,7494082,136.22,138.04,134.39,135.30,7494082,136.22,138.04,134.39,135.30,7494082
2020-08-31,135.52,135.88,135.16,135.20,8411044,135.52,135.88,135.16,135.20,8411044,135.52,135.88,135.16,135.20,8411044
2020-09-01,132.24,134.49,129.98,132.19,11105708,132.24,134.49,129.98,132.19,11105708,132.24,134.49,129.98,132.19,11105708
2020-09-02,131.10,132.89,129.31,130.52,10198970,131.10,132.89,129.31,130.52,10198970,131.10,132.89,129.31,130.52,10198970
2020-09-03,132.21,133.49,130.92,132.15,9709195,132.21,133.49,130.92,132.15,9709195,132.21,133.49,130.92,132.15,9709195
2020-09-04,129.60,130.31,128.89,129.56,6260871,129.60,130.31,128.89,129.56,6260871,129.60,130.31,128.89,129.56,6260871
2020-09-07,133.50,135.24,131.75,132.85,6329145,133.50,135.24,131.75,132.85,6329145,133.50,135.24,131.75,132.85,6329145
2020-09-08,131.06,132.51,129.62,130.83,9284147,131.06,132.51,129.62,130.83,9284147,131.06,132.51,129.62,130.83,9284147
2020-09-09,130.75,131.49,130.01,130.20,8351453,130.75,131.49,130.01,130.20,8351453,130.75,131.49,130.01,130.20,8351453
2020-09-10,131.53,133.41,129.65,131.58,5873828,131.53,133.41,129.65,131.58,5873828,131.53,133.41,129.65,131.58,5873828
2020-09-11,133.47,135.42,131.53,133.12,7028426,133.47,135.42,131.53,133.12,7028426,133.47,135.42,131.53,133.12,7028426
2020-09-14,133.08,133.95,132.20,133.31,8717665,133.08,133.95,132.20,133.31,8717665,133.08,133.95,132.20,133.31,8717665
2020-09-15,133.69,134.62,132.75,133.74,8400829,133.69,134.62,132.75,133.74,8400829,133.69,134.62,132.75,133.74,8400829
2020-09-16,133.38,135.13,131.63,133.59,9065456,133.38,135.13,131.63,133.59,9065456,133.38,135.13,131.63,133.59,9065456
2020-09-17,136.20,137.72,134.68,136.37,7202729,136.20,137.72,134.68,136.37,7202729,136.20,137.72,134.68,136.37,7202729
2020-09-18,135.35,136.80,133.89,135.22,7418114,135.35,136.80,133.89,135.22,7418114,135.35,136.80,133.89,135.22,7418114
2020-09-21,137.83,138.56,137.09,138.30,7203075,137.83,138.56,137.09,138.30,7203075,137.83,138.56,137.09,138.30,7203075
2020-09-22,135.38,136.73,134.02,136.46,9986922,135.38,136.73,134.02,136.46,9986922,135.38,136.73,134.02,136.46,9986922
2020-09-23,131.83,132.76,130.90,131.67,8957012,131.83,132.76,130.90,131.67,8957012,131.83,132.76,130.90,131.67,8957012
2020-09-24,135.65,137.43,133.86,135.09,8995570,135.65,137.43,133.86,135.09,8995570,135.65,137.43,133.86,135.09,8995570
2020-09-25,135.87,138.10,133.65,135.73,10583506,135.87,138.10,133.65,135.73,10583506,135.87,138.10,133.65,135.73,10583506
2020-09-28,143.50,145.24,141.75,144.16,7927332,143.50,145.24,141.75,144.16,7927332,143.50,145.24,141.75,144.16,7927332
2020-09-29,143.18,145.28,141.07,142.56,6576095,143.18,145.28,141.07,142.56,6576095,143.18,145.28,141.07,142.56,6576095
2020-09-30,143.35,144.06,142.63,143.78,6007494,143.35,144.06,142.63,143.78,6007494,143.35,144.06,142.63,143.78,6007494
2020-10-01,147.60,149.78,145.42,148.21,8663424,147.60,149.78,145.42,148.21,8663424,147.60,149.78,145.42,148.21,8663424
2020-10-02,148.21,149.58,146.84,147.78,8554495,148.21,149.58,146.84,147.78,8554495,148.21,149.58,146.84,147.78,8554495
2020-10-05,148.47,150.64,146.29,148.74,7691339,148.47,150.64,146.29,148.74,7691339,148.47,150.64,146.29,148.74,7691339
2020-10-06,148.90,149.50,148.30,149.33,6164974,148.90,149.50,148.30,149.33,6164974,148.90,149.50,148.30,149.33,6164974
2020-10-07,146.19,147.29,145.09,145.30,6879589,146.19,147.29,145.09,145.30,6879589,146.19,147.29,145.09,145.30,6879589
2020-10-08,143.64,145.75,141.53,143.08,8777531,143.64,145.75,141.53,143.08,8777531,143.64,145.75,141.53,143.08,8777531
2020-10-09,142.61,144.40,140.81,143.02,5708525,142.61,144.40,140.81,143.02,5708525,142.61,144.40,140.81,143.02,5708525
2020-10-12,144.75,146.20,143.30,144.52,8323084,144.75,146.20,143.30,144.52,8323084,144.75,146.20,143.30,144.52,8323084
2020-10-13,146.06,147.41,144.71,146.18,6303728,146.06,147.41,144.71,146.18,6303728,146.06,147.41,144.71,146.18,6303728
2020-10-14,151.41,152.77,150.05,151.72,7723158,151.41,152.77,150.05,151.72,7723158,151.41,152.77,150.05,151.72,7723158
2020-10-15,146.71,148.63,144.79,147.67,10369145,146.71,148.63,144.79,147.67,10369145,146.71,148.63,144.79,147.67,10369145
2020-10-16,147.09,148.71,145.48,147.86,7600260,147.09,148.71,145.48,147.86,7600260,147.09,148.71,145.48,147.86,7600260
2020-10-19,148.68,151.48,145.88,148.10,6224516,148.68,151.48,145.88,148.10,6224516,148.68,151.48,145.88,148.10,6224516
2020-10-20,145.03,146.51,143.55,144.52,6156371,145.03,146.51,143.55,144.52,6156371,145.03,146.51,143.55,144.52,6156371
2020-10-21,143.53,144.97,142.09,143.11,10869482,143.53,144.97,142.09,143.11,10869482,143.53,144.97,142.09,143.11,10869482
2020-10-22,141.18,143.30,139.05,140.82,10451291,141.18,143.30,139.05,140.82,10451291,141.18,143.30,139.05,140.82,10451291
2020-10-23,136.88,137.84,135.92,136.31,8394102,136.88,137.84,135.92,136.31,8394102,136.88,137.84,135.92,136.31,8394102
2020-10-26,137.47,139.21,135.73,137.04,7430772,137.47,139.21,135.73,137.04,7430772,137.47,139.21,135.73,137.04,7430772
2020-10-27,138.10,140.50,135.70,137.76,10557188,138.10,140.50,135.70,137.76,10557188,138.10,140.50,135.70,137.76,10557188
2020-10-28,134.08,136.40,131.76,134.32,9992333,134.08,136.40,131.76,134.32,9992333,134.08,136.40,131.76,134.32,9992333
2020-10-29,135.26,136.58,133.94,135.69,7380085,135.26,136.58,133.94,135.69,7380085,135.26,136.58,133.94,135.69,7380085
2020-10-30,137.39,138.53,136.26,137.24,8327028,137.39,138.53,136.26,137.24,8327028,137.39,138.53,136.26,137.24,8327028
2020-11-02,139.13,141.26,136.99,139.56,6894999,139.13,141.26,136.99,139.56,6894999,139.13,141.26,136.99,139.56,6894999
2020-11-03,141.18,142.90,139.45,140.63,11128965,141.18,142.90,139.45,140.63,11128965,141.18,142.90,139.45,140.63,11128965
2020-11-04,143.12,144.87,141.36,143.46,10619926,143.12,144.87,141.36,143.46,10619926,143.12,144.87,141.36,143.46,10619926
2020-11-05,147.07,148.62,145.52,146.18,5927703,147.07,148.62,145.52,146.18,5927703,147.07,148.62,145.52,146.18,5927703
2020-11-06,149.96,151.72,148.21,149.33,8235426,149.96,151.72,148.21,149.33,8235426,149.96,151.72,148.21,149.33,8235426
2020-11-09,153.52,155.49,151.55,153.29,8300796,153.52,155.49,151.55,153.29,8300796,153.52,155.49,151.55,153.29,8300796
2020-11-10,154.23,156.66,151.80,153.65,6243627,154.23,156.66,151.80,153.65,6243627,154.23,156.66,151.80,153.65,6243627
2020-11-11,152.90,154.41,151.39,151.79,6459855,152.90,154.41,151.39,151.79,6459855,152.90,154.41,151.39,151.79,6459855
2020-11-12,150.45,151.73,149.17,150.49,10330757,150.45,151.73,149.17,150.49,10330757,150.45,151.73,149.17,150.49,10330757
2020-11-13,153.96,154.78,153.15,153.95,9596480,153.96,154.78,153.15,153.95,9596480,153.96,154.78,153.15,153.95,9596480
2020-11-16,152.17,153.58,150.77,152.72,9027738,152.17,153.58,150.77,152.72,9027738,152.17,153.58,150.77,152.72,9027738
2020-11-17,152.40,154.68,150.13,151.66,8205215,152.40,154.68,150.13,151.66,8205215,152.40,154.68,150.13,151.66,8205215
2020-11-18,148.20,149.67,146.73,148.36,10188358,148.20,149.67,146.73,148.36,10188358,148.20,149.67,146.73,148.36,10188358
2020-11-19,149.05,150.07,148.02,148.80,10696664,149.05,150.07,148.02,148.80,10696664,149.05,150.07,148.02,148.80,10696664
2020-11-20,152.30,154.40,150.20,152.90,6629428,152.30,154.40,150.20,152.90,6629428,152.30,154.40,150.20,152.90,6629428
2020-11-23,151.50,153.03,149.96,151.84,9972609,151.50,153.03,149.96,151.84,9972609,151.50,153.03,149.96,151.84,9972609
2020-11-24,151.75,153.85,149.65,151.56,6645036,151.75,153.85,149.65,151.56,6645036,151.75,153.85,149.65,151.56,6645036
2020-11-25,151.19,152.15,150.23,150.94,9736278,151.19,152.15,150.23,150.94,9736278,151.19,152.15,150.23,150.94,9736278
2020-11-26,153.10,154.42,151.78,151.81,9711722,153.10,154.42,151.78,151.81,9711722,153.10,154.42,151.78,151.81,9711722
2020-11-27,152.37,154.97,149.77,153.12,6487534,152.37,154.97,149.77,153.12,6487534,152.37,154.97,149.77,153.12,6487534
2020-11-30,159.34,160.88,157.80,159.18,8914200,159.34,160.88,157.80,159.18,8914200,159.34,160.88,157.80,159.18,8914200
2020-12-01,154.45,155.52,153.38,154.69,7716743,154.45,155.52,153.38,154.69,7716743,154.45,155.52,153.38,154.69,7716743
2020-12-02,151.73,153.46,150.01,152.72,7945067,151.73,153.46,150.01,152.72,7945067,151.73,153.46,150.01,152.72,7945067
2020-12-03,151.62,153.11,150.14,151.59,6740776,151.62,153.11,150.14,151.59,6740776,151.62,153.11,150.14,151.59,6740776
2020-12-04,152.12,153.30,150.95,152.14,9323830,152.12,153.30,150.95,152.14,9323830,152.12,153.30,150.95,152.14,9323830
2020-12-07,154.79,155.63,153.95,154.92,8114996,154.79,155.63,153.95,154.92,8114996,154.79,155.63,153.95,154.92,8114996
2020-12-08,160.59,161.94,159.23,161.28,5718972,160.59,161.94,159.23,161.28,5718972,160.59,161.94,159.23,161.28,5718972
2020-12-09,165.86,168.78,162.93,165.46,8448299,165.86,168.78,162.93,165.46,8448299,165.86,168.78,162.93,165.46,8448299
2020-12-10,167.00,168.86,165.14,165.97,10989460,167.00,168.86,165.14,165.97,10989460,167.00,168.86,165.14,165.97,10989460
2020-12-11,167.97,170.11,165.82,167.90,7782360,167.97,170.11,165.82,167.90,7782360,167.97,170.11,165.82,167.90,7782360
2020-12-14,165.68,166.73,164.63,166.16,9722193,165.68,166.73,164.63,166.16,9722193,165.68,166.73,164.63,166.16,9722193
2020-12-15,166.62,168.32,164.92,166.12,7168933,166.62,168.32,164.92,166.12,7168933,166.62,168.32,164.92,166.12,7168933
2020-12-16,164.36,166.91,161.81,163.61,10042333,164.36,166.91,161.81,163.61,10042333,164.36,166.91,161.81,163.61,10042333
2020-12-17,163.05,164.24,161.86,162.69,6114064,163.05,164.24,161.86,162.69,6114064,163.05,164.24,161.86,162.69,6114064
2020-12-18,162.76,163.73,161.78,162.26,8891913,162.76,163.73,161.78,162.26,8891913,162.76,163.73,161.78,162.26,8891913
2020-12-21,159.92,162.80,157.04,160.29,7231079,159.92,162.80,157.04,160.29,7231079,159.92,162.80,157.04,160.29,7231079
2020-12-22,158.80,161.01,156.58,158.48,6100451,158.80,161.01,156.58,158.48,6100451,158.80,161.01,156.58,158.48,6100451
2020-12-23,158.48,159.94,157.01,158.04,9095940,158.48,159.94,157.01,158.04,9095940,158.48,159.94,157.01,158.04,9095940
2020-12-24,157.73,158.75,156.70,157.52,6751530,157.73,158.75,156.70,157.52,6751530,157.73,158.75,156.70,157.52,6751530
2020-12-25,155.78,157.27,154.30,155.97,8345296,155.78,157.27,154.30,155.97,8345296,155.78,157.27,154.30,155.97,8345296
2020-12-28,157.29,159.64,154.94,156.81,8266194,157.29,159.64,154.94,156.81,8266194,157.29,159.64,154.94,156.81,8266194
2020-12-29,158.28,159.92,156.63,158.10,9537228,158.28,159.92,156.63,158.10,9537228,158.28,159.92,156.63,158.10,9537228
2020-12-30,159.49,162.30,156.69,159.33,10251377,159.49,162.30,156.69,159.33,10251377,159.49,162.30,156.69,159.33,10251377
2020-12-31,161.78,164.17,159.38,160.61,9403663,161.78,164.17,159.38,160.61,9403663,161.78,164.17,159.38,160.61,9403663
2021-01-01,162.96,165.21,160.72,162.66,11190523,162.96,165.21,160.72,162.66,11190523,162.96,165.21,160.72,162.66,11190523
2021-01-04,161.09,164.65,157.52,160.47,9592712,161.09,164.65,157.52,160.47,9592712,161.09,164.65,157.52,160.47,9592712
2021-01-05,164.43,165.44,163.42,163.57,7677155,164.43,165.44,163.42,163.57,7677155,164.43,165.44,163.42,163.57,7677155
2021-01-06,163.25,165.52,160.99,163.92,9589511,163.25,165.52,160.99,163.92,9589511,163.25,165.52,160.99,163.92,9589511
2021-01-07,163.68,165.54,161.83,164.27,8676542,163.68,165.54,161.83,164.27,8676542,163.68,165.54,161.83,164.27,8676542
2021-01-08,168.06,170.37,165.75,168.26,9812521,168.06,170.37,165.75,168.26,9812521,168.06,170.37,165.75,168.26,9812521
2021-01-11,170.86,172.51,169.22,169.55,10871564,170.86,172.51,169.22,169.55,10871564,170.86,172.51,169.22,169.55,10871564
2021-01-12,171.26,172.74,169.78,171.01,7879758,171.26,172.74,169.78,171.01,7879758,171.26,172.74,169.78,171.01,7879758
2021-01-13,173.27,175.11,171.42,173.43,10574886,173.27,175.11,171.42,173.43,10574886,173.27,175.11,171.42,173.43,10574886
2021-01-14,173.23,175.32,171.14,174.46,7110609,173.23,175.32,171.14,174.46,7110609,173.23,175.32,171.14,174.46,7110609
2021-01-15,178.79,180.35,177.22,178.10,10307572,178.79,180.35,177.22,178.10,10307572,178.79,180.35,177.22,178.10,10307572
2021-01-18,179.64,181.44,177.85,180.17,6062410,179.64,181.44,177.85,180.17,6062410,179.64,181.44,177.85,180.17,6062410
2021-01-19,179.79,182.39,177.19,179.73,5922474,179.79,182.39,177.19,179.73,5922474,179.79,182.39,177.19,179.73,5922474
2021-01-20,179.53,182.03,177.04,177.88,10600066,179.53,182.03,177.04,177.88,10600066,179.53,182.03,177.04,177.88,10600066
2021-01-21,178.58,181.33,175.84,179.52,8161303,178.58,181.33,175.84,179.52,8161303,178.58,181.33,175.84,179.52,8161303
2021-01-22,178.50,180.74,176.25,177.79,6054362,178.50,180.74,176.25,177.79,6054362,178.50,180.74,176.25,177.79,6054362
2021-01-25,177.90,180.78,175.01,176.86,10830317,177.90,180.78,175.01,176.86,10830317,177.90,180.78,175.01,176.86,10830317
2021-01-26,179.46,182.00,176.92,178.50,7233869,179.46,182.00,176.92,178.50,7233869,179.46,182.00,176.92,178.50,7233869
2021-01-27,179.88,182.46,177.30,178.90,10157265,179.88,182.46,177.30,178.90,10157265,179.88,182.46,177.30,178.90,10157265
2021-01-28,180.84,183.43,178.24,179.76,6519903,180.84,183.43,178.24,179.76,6519903,180.84,183.43,178.24,179.76,6519903
2021-01-29,178.93,182.49,175.37,179.19,10871095,178.93,182.49,175.37,179.19,10871095,178.93,182.49,175.37,179.19,10871095
2021-02-01,179.78,182.16,177.39,179.52,9813309,179.78,182.16,177.39,179.52,9813309,179.78,182.16,177.39,179.52,9813309
2021-02-02,180.67,181.22,180.13,180.89,7079150,180.67,181.22,180.13,180.89,7079150,180.67,181.22,180.13,180.89,7079150
2021-02-03,179.78,180.64,178.91,179.14,6797827,179.78,180.64,178.91,179.14,6797827,179.78,180.64,178.91,179.14,6797827
2021-02-04,185.02,187.21,182.83,184.48,9860301,185.02,187.21,182.83,184.48,9860301,185.02,187.21,182.83,184.48,9860301
2021-02-05,187.09,188.93,185.24,186.84,10804627,187.09,188.93,185.24,186.84,10804627,187.09,188.93,185.24,186.84,10804627
2021-02-08,184.62,187.52,181.73,183.66,7145167,184.62,187.52,181.73,183.66,7145167,184.62,187.52,181.73,183.66,7145167
2021-02-09,182.12,184.42,179.82,180.98,10924486,182.12,184.42,179.82,180.98,10924486,182.12,184.42,179.82,180.98,10924486
2021-02-10,176.13,178.09,174.16,176.13,10293559,176.13,178.09,174.16,176.13,10293559,176.13,178.09,174.16,176.13,10293559
2021-02-11,172.00,173.43,170.56,171.16,9705759,172.00,173.43,170.56,171.16,9705759,172.00,173.43,170.56,171.16,9705759
2021-02-12,165.57,168.05,163.09,165.07,7822108,165.57,168.05,163.09,165.07,7822108,165.57,168.05,163.09,165.07,7822108
2021-02-15,168.01,170.06,165.96,167.49,10561541,168.01,170.06,165.96,167.49,10561541,168.01,170.06,165.96,167.49,10561541
2021-02-16,164.93,167.17,162.69,165.74,6624656,164.93,167.17,162.69,165.74,6624656,164.93,167.17,162.69,165.74,6624656
2021-02-17,165.54,166.96,164.12,165.21,6590761,165.54,166.96,164.12,165.21,6590761,165.54,166.96,164.12,165.21,6590761
2021-02-18,161.58,163.35,159.81,161.29,6997414,161.58,163.35,159.81,161.29,6997414,161.58,163.35,159.81,161.29,6997414
2021-02-19,158.32,159.46,157.19,157.35,6086078,158.32,159.46,157.19,157.35,6086078,158.32,159.46,157.19,157.35,6086078
2021-02-22,157.21,159.06,155.35,157.20,7801065,157.21,159.06,155.35,157.20,7801065,157.21,159.06,155.35,157.20,7801065
2021-02-23,157.33,157.94,156.72,157.18,8290343,157.33,157.94,156.72,157.18,8290343,157.33,157.94,156.72,157.18,8290343
2021-02-24,160.85,162.05,159.66,159.99,10008401,160.85,162.05,159.66,159.99,10008401,160.85,162.05,159.66,159.99,10008401
2021-02-25,160.27,161.46,159.08,160.11,10866851,160.27,161.46,159.08,160.11,10866851,160.27,161.46,159.08,160.11,10866851
2021-02-26,160.65,161.93,159.36,159.67,7686673,160.65,161.93,159.36,159.67,7686673,160.65,161.93,159.36,159.67,7686673
2021-03-01,159.35,160.83,157.88,160.30,9149977,159.35,160.83,157.88,160.30,9149977,159.35,160.83,157.88,160.30,9149977
2021-03-02,163.02,165.48,160.56,162.30,8497753,163.02,165.48,160.56,162.30,8497753,163.02,165.48,160.56,162.30,8497753
2021-03-03,162.98,164.73,161.24,162.41,8343944,162.98,164.73,161.24,162.41,8343944,162.98,164.73,161.24,162.41,8343944
2021-03-04,156.99,158.21,155.76,156.94,8015747,156.99,158.21,155.76,156.94,8015747,156.99,158.21,155.76,156.94,8015747
2021-03-05,156.02,158.42,153.63,156.20,6060730,156.02,158.42,153.63,156.20,6060730,156.02,158.42,153.63,156.20,6060730
2021-03-08,154.34,156.56,152.12,154.29,8678679,154.34,156.56,152.12,154.29,8678679,154.34,156.56,152.12,154.29,8678679
2021-03-09,156.22,157.68,154.76,156.41,8554655,156.22,157.68,154.76,156.41,8554655,156.22,157.68,154.76,156.41,8554655
2021-03-10,156.96,158.61,155.31,156.96,7211308,156.96,158.61,155.31,156.96,7211308,156.96,158.61,155.31,156.96,7211308
2021-03-11,153.44,154.86,152.02,154.03,9754485,153.44,154.86,152.02,154.03,9754485,153.44,154.86,152.02,154.03,9754485
2021-03-12,152.86,154.97,150.75,153.64,7490278,152.86,154.97,150.75,153.64,7490278,152.86,154.97,150.75,153.64,7490278
2021-03-15,153.27,154.39,152.16,153.33,6475791,153.27,154.39,152.16,153.33,6475791,153.27,154.39,152.16,153.33,6475791
2021-03-16,149.90,151.37,148.43,149.84,5633730,149.90,151.37,148.43,149.84,5633730,149.90,151.37,148.43,149.84,5633730
2021-03-17,151.14,153.29,148.99,150.80,9669683,151.14,153.29,148.99,150.80,9669683,151.14,153.29,148.99,150.80,9669683
2021-03-18,158.08,159.92,156.24,157.89,6968699,158.08,159.92,156.24,157.89,6968699,158.08,159.92,156.24,157.89,6968699
2021-03-19,157.23,159.35,155.11,157.70,5676963,157.23,159.35,155.11,157.70,5676963,157.23,159.35,155.11,157.70,5676963
2021-03-22,157.43,159.60,155.27,157.01,6426712,157.43,159.60,155.27,157.01,6426712,157.43,159.60,155.27,157.01,6426712
2021-03-23,158.67,161.19,156.15,158.58,10767529,158.67,161.19,156.15,158.58,10767529,158.67,161.19,156.15,158.58,10767529
2021-03-24,157.05,159.12,154.98,157.75,8867808,157.05,159.12,154.98,157.75,8867808,157.05,159.12,154.98,157.75,8867808
2021-03-25,157.93,159.21,156.66,157.82,7833456,157.93,159.21,156.66,157.82,7833456,157.93,159.21,156.66,157.82,7833456
2021-03-26,154.82,155.90,153.74,155.44,8307860,154.82,155.90,153.74,155.44,8307860,154.82,155.90,153.74,155.44,8307860
2021-03-29,153.77,155.22,152.32,153.54,9012490,153.77,155.22,152.32,153.54,9012490,153.77,155.22,152.32,153.54,9012490
2021-03-30,154.97,156.27,153.66,155.46,5767766,154.97,156.27,153.66,155.46,5767766,154.97,156.27,153.66,155.46,5767766
2021-03-31,155.51,158.24,152.78,155.48,5785690,155.51,158.24,152.78,155.48,5785690,155.51,158.24,152.78,155.48,5785690
2021-04-01,153.59,155.65,151.53,154.18,8689093,153.59,155.65,151.53,154.18,8689093,153.59,155.65,151.53,154.18,8689093
2021-04-02,155.78,158.15,153.41,155.04,10003513,155.78,158.15,153.41,155.04,10003513,155.78,158.15,153.41,155.04,10003513
2021-04-05,154.36,154.58,154.14,154.55,7010783,154.36,154.58,154.14,154.55,7010783,154.36,154.58,154.14,154.55,7010783
2021-04-06,156.74,159.06,154.43,156.93,10289752,156.74,159.06,154.43,156.93,10289752,156.74,159.06,154.43,156.93,10289752
2021-04-07,159.41,160.41,158.40,158.89,8041374,159.41,160.41,158.40,158.89,8041374,159.41,160.41,158.40,158.89,8041374
2021-04-08,157.69,159.13,156.25,157.18,10116791,157.69,159.13,156.25,157.18,10116791,157.69,159.13,156.25,157.18,10116791
2021-04-09,158.38,160.65,156.11,157.71,7362062,158.38,160.65,156.11,157.71,7362062,158.38,160.65,156.11,157.71,7362062
2021-04-12,158.77,160.49,157.05,159.13,10888846,158.77,160.49,157.05,159.13,10888846,158.77,160.49,157.05,159.13,10888846
2021-04-13,164.26,165.36,163.16,164.20,10280148,164.26,165.36,163.16,164.20,10280148,164.26,165.36,163.16,164.20,10280148
2021-04-14,161.27,164.15,158.40,160.89,6514185,161.27,164.15,158.40,160.89,6514185,161.27,164.15,158.40,160.89,6514185
2021-04-15,160.13,162.17,158.10,160.12,10031603,160.13,162.17,158.10,160.12,10031603,160.13,162.17,158.10,160.12,10031603
2021-04-16,163.23,164.13,162.33,163.63,8332444,163.23,164.13,162.33,163.63,8332444,163.23,164.13,162.33,163.63,8332444
2021-04-19,168.14,169.76,166.52,168.31,10433845,168.14,169.76,166.52,168.31,10433845,168.14,169.76,166.52,168.31,10433845
2021-04-20,167.42,169.69,165.16,167.11,8305872,167.42,169.69,165.16,167.11,8305872,167.42,169.69,165.16,167.11,8305872
2021-04-21,169.17,169.85,168.48,168.76,8592746,169.17,169.85,168.48,168.76,8592746,169.17,169.85,168.48,168.76,8592746
2021-04-22,163.06,164.40,161.71,163.89,9013713,163.06,164.40,161.71,163.89,9013713,163.06,164.40,161.71,163.89,9013713
2021-04-23,161.77,163.15,160.39,161.18,6451148,161.77,163.15,160.39,161.18,6451148,161.77,163.15,160.39,161.18,6451148
2021-04-26,157.01,159.87,154.14,157.62,8165028,157.01,159.87,154.14,157.62,8165028,157.01,159.87,154.14,157.62,8165028
2021-04-27,157.45,159.33,155.58,156.61,10386085,157.45,159.33,155.58,156.61,10386085,157.45,159.33,155.58,156.61,10386085
2021-04-28,159.05,160.45,157.65,159.01,6897798,159.05,160.45,157.65,159.01,6897798,159.05,160.45,157.65,159.01,6897798
2021-04-29,151.78,153.25,150.32,152.03,8913170,151.78,153.25,150.32,152.03,8913170,151.78,153.25,150.32,152.03,8913170
2021-04-30,152.51,154.38,150.65,151.83,5874566,152.51,154.38,150.65,151.83,5874566,152.51,154.38,150.65,151.83,5874566
2021-05-03,150.81,153.29,148.33,149.85,7977107,150.81,153.29,148.33,149.85,7977107,150.81,153.29,148.33,149.85,7977107
2021-05-04,145.31,147.09,143.53,144.88,8667668,145.31,147.09,143.53,144.88,8667668,145.31,147.09,143.53,144.88,8667668
2021-05-05,143.06,145.16,140.95,142.76,7478188,143.06,145.16,140.95,142.76,7478188,143.06,145.16,140.95,142.76,7478188
2021-05-06,142.17,144.36,139.98,142.27,7168338,142.17,144.36,139.98,142.27,7168338,142.17,144.36,139.98,142.27,7168338
2021-05-07,144.20,145.52,142.87,143.74,10299337,144.20,145.52,142.87,143.74,10299337,144.20,145.52,142.87,143.74,10299337
2021-05-10,143.99,145.24,142.74,143.25,6251193,143.99,145.24,142.74,143.25,6251193,143.99,145.24,142.74,143.25,6251193
2021-05-11,142.83,144.01,141.66,142.67,6329617,142.83,144.01,141.66,142.67,6329617,142.83,144.01,141.66,142.67,6329617
2021-05-12,143.72,145.16,142.27,142.41,6780160,143.72,145.16,142.27,142.41,6780160,143.72,145.16,142.27,142.41,6780160
2021-05-13,144.63,146.23,143.03,144.24,6812653,144.63,146.23,143.03,144.24,6812653,144.63,146.23,143.03,144.24,6812653
2021-05-14,145.42,147.11,143.74,146.74,6688163,145.42,147.11,143.74,146.74,6688163,145.42,147.11,143.74,146.74,6688163
2021-05-17,147.83,150.08,145.58,147.16,7770039,147.83,150.08,145.58,147.16,7770039,147.83,150.08,145.58,147.16,7770039
2021-05-18,147.84,149.45,146.24,147.37,10403965,147.84,149.45,146.24,147.37,10403965,147.84,149.45,146.24,147.37,10403965
2021-05-19,153.08,154.99,151.17,152.64,7321947,153.08,154.99,151.17,152.64,7321947,153.08,154.99,151.17,152.64,7321947
2021-05-20,153.86,156.19,151.54,153.64,7382669,153.86,156.19,151.54,153.64,7382669,153.86,156.19,151.54,153.64,7382669
2021-05-21,152.87,153.95,151.78,152.37,6524710,152.87,153.95,151.78,152.37,6524710,152.87,153.95,151.78,152.37,6524710
2021-05-24,153.27,154.54,152.01,153.48,11076472,153.27,154.54,152.01,153.48,11076472,153.27,154.54,152.01,153.48,11076472
2021-05-25,150.28,152.10,148.47,149.69,7819644,150.28,152.10,148.47,149.69,7819644,150.28,152.10,148.47,149.69,7819644
2021-05-26,147.01,148.32,145.70,147.45,8450512,147.01,148.32,145.70,147.45,8450512,147.01,148.32,145.70,147.45,8450512
2021-05-27,144.66,146.03,143.30,145.40,9259404,144.66,146.03,143.30,145.40,9259404,144.66,146.03,143.30,145.40,9259404
2021-05-28,146.47,147.65,145.30,146.63,9014617,146.47,147.65,145.30,146.63,9014617,146.47,147.65,145.30,146.63,9014617
2021-05-31,144.81,146.64,142.98,144.68,8550920,144.81,146.64,142.98,144.68,8550920,144.81,146.64,142.98,144.68,8550920
2021-06-01,144.62,147.24,142.00,144.76,10515581,144.62,147.24,142.00,144.76,10515581,144.62,147.24,142.00,144.76,10515581
2021-06-02,145.47,147.33,143.60,145.16,6902482,145.47,147.33,143.60,145.16,6902482,145.47,147.33,143.60,145.16,6902482
2021-06-03,149.38,150.83,147.93,148.94,11121013,149.38,150.83,147.93,148.94,11121013,149.38,150.83,147.93,148.94,11121013
2021-06-04,151.44,153.39,149.50,151.30,9591778,151.44,153.39,149.50,151.30,9591778,151.44,153.39,149.50,151.30,9591778
2021-06-07,153.37,155.24,151.51,153.24,9119457,153.37,155.24,151.51,153.24,9119457,153.37,155.24,151.51,153.24,9119457
2021-06-08,155.14,156.31,153.97,155.22,9444988,155.14,156.31,153.97,155.22,9444988,155.14,156.31,153.97,155.22,9444988
2021-06-09,156.33,158.67,153.99,155.77,8762819,156.33,158.67,153.99,155.77,8762819,156.33,158.67,153.99,155.77,8762819
2021-06-10,155.51,157.41,153.61,153.75,7145347,155.51,157.41,153.61,153.75,7145347,155.51,157.41,153.61,153.75,7145347
2021-06-11,153.18,154.79,151.57,152.17,6004133,153.18,154.79,151.57,152.17,6004133,153.18,154.79,151.57,152.17,6004133
2021-06-14,157.17,159.01,155.33,156.61,7313748,157.17,159.01,155.33,156.61,7313748,157.17,159.01,155.33,156.61,7313748
2021-06-15,151.09,153.05,149.14,151.79,6832335,151.09,153.05,149.14,151.79,6832335,151.09,153.05,149.14,151.79,6832335
2021-06-16,152.69,154.53,150.86,151.58,7203439,152.69,154.53,150.86,151.58,7203439,152.69,154.53,150.86,151.58,7203439
2021-06-17,150.19,151.77,148.61,149.37,5983687,150.19,151.77,148.61,149.37,5983687,150.19,151.77,148.61,149.37,5983687
2021-06-18,148.65,149.35,147.95,149.07,8433181,148.65,149.35,147.95,149.07,8433181,148.65,149.35,147.95,149.07,8433181
2021-06-21,149.49,150.99,148.00,148.87,10561139,149.49,150.99,148.00,148.87,10561139,149.49,150.99,148.00,148.87,10561139
2021-06-22,149.14,151.34,146.94,149.47,6626910,149.14,151.34,146.94,149.47,6626910,149.14,151.34,146.94,149.47,6626910
2021-06-23,144.79,146.16,143.43,144.88,7964505,144.79,146.16,143.43,144.88,7964505,144.79,146.16,143.43,144.88,7964505
2021-06-24,145.65,146.83,144.47,145.45,9584891,145.65,146.83,144.47,145.45,9584891,145.65,146.83,144.47,145.45,9584891
2021-06-25,140.50,141.90,139.11,139.85,5789828,140.50,141.90,139.11,139.85,5789828,140.50,141.90,139.11,139.85,5789828
2021-06-28,138.11,139.83,136.39,138.27,10468543,138.11,139.83,136.39,138.27,10468543,138.11,139.83,136.39,138.27,10468543
2021-06-29,137.81,138.97,136.66,138.48,8386571,137.81,138.97,136.66,138.48,8386571,137.81,138.97,136.66,138.48,8386571
2021-06-30,137.27,139.20,135.34,136.79,9739618,137.27,139.20,135.34,136.79,9739618,137.27,139.20,135.34,136.79,9739618
2021-07-01,136.12,138.54,133.70,136.60,8138550,136.12,138.54,133.70,136.60,8138550,136.12,138.54,133.70,136.60,8138550
2021-07-02,134.61,135.18,134.05,134.78,10258552,134.61,135.18,134.05,134.78,10258552,134.61,135.18,134.05,134.78,10258552
2021-07-05,141.10,142.67,139.52,140.47,7502842,141.10,142.67,139.52,140.47,7502842,141.10,142.67,139.52,140.47,7502842
2021-07-06,138.48,139.79,137.18,138.54,10574992,138.48,139.79,137.18,138.54,10574992,138.48,139.79,137.18,138.54,10574992
2021-07-07,139.98,141.41,138.54,139.26,9710686,139.98,141.41,138.54,139.26,9710686,139.98,141.41,138.54,139.26,9710686
2021-07-08,136.32,137.56,135.08,135.40,10675118,136.32,137.56,135.08,135.40,10675118,136.32,137.56,135.08,135.40,10675118
2021-07-09,139.06,139.93,138.19,139.44,9853983,139.06,139.93,138.19,139.44,9853983,139.06,139.93,138.19,139.44,9853983
2021-07-12,141.03,142.63,139.43,140.88,10408100,141.03,142.63,139.43,140.88,10408100,141.03,142.63,139.43,140.88,10408100
2021-07-13,143.09,145.40,140.78,142.75,7148083,143.09,145.40,140.78,142.75,7148083,143.09,145.40,140.78,142.75,7148083
2021-07-14,140.74,142.72,138.77,139.81,9379408,140.74,142.72,138.77,139.81,9379408,140.74,142.72,138.77,139.81,9379408
2021-07-15,137.38,138.16,136.61,136.78,7030433,137.38,138.16,136.61,136.78,7030433,137.38,138.16,136.61,136.78,7030433
2021-07-16,137.40,138.97,135.84,136.51,8384801,137.40,138.97,135.84,136.51,8384801,137.40,138.97,135.84,136.51,8384801
2021-07-19,138.57,139.99,137.15,138.50,7959215,138.57,139.99,137.15,138.50,7959215,138.57,139.99,137.15,138.50,7959215
2021-07-20,143.05,144.62,141.48,143.21,9319262,143.05,144.62,141.48,143.21,9319262,143.05,144.62,141.48,143.21,9319262
2021-07-21,143.36,145.58,141.15,143.31,11115037,143.36,145.58,141.15,143.31,11115037,143.36,145.58,141.15,143.31,11115037
2021-07-22,141.50,143.52,139.47,141.69,10543354,141.50,143.52,139.47,141.69,10543354,141.50,143.52,139.47,141.69,10543354
2021-07-23,141.93,144.03,139.84,140.99,10008013,141.93,144.03,139.84,140.99,10008013,141.93,144.03,139.84,140.99,10008013
2021-07-26,138.95,140.41,137.50,138.21,6985130,138.95,140.41,137.50,138.21,6985130,138.95,140.41,137.50,138.21,6985130
2021-07-27,135.48,137.71,133.26,136.12,8754581,135.48,137.71,133.26,136.12,8754581,135.48,137.71,133.26,136.12,8754581
2021-07-28,133.96,134.44,133.49,133.99,7142233,133.96,134.44,133.49,133.99,7142233,133.96,134.44,133.49,133.99,7142233
2021-07-29,136.70,137.88,135.53,135.78,9169569,136.70,137.88,135.53,135.78,9169569,136.70,137.88,135.53,135.78,9169569
2021-07-30,135.54,137.90,133.18,134.98,7313687,135.54,137.90,133.18,134.98,7313687,135.54,137.90,133.18,134.98,7313687
2021-08-02,134.23,135.70,132.76,133.40,10390068,134.23,135.70,132.76,133.40,10390068,134.23,135.70,132.76,133.40,10390068
2021-08-03,132.37,133.64,131.10,132.88,10369621,132.37,133.64,131.10,132.88,10369621,132.37,133.64,131.10,132.88,10369621
2021-08-04,132.34,134.46,130.21,131.71,9839475,132.34,134.46,130.21,131.71,9839475,132.34,134.46,130.21,131.71,9839475
2021-08-05,131.13,132.34,129.92,130.61,6828766,131.13,132.34,129.92,130.61,6828766,131.13,132.34,129.92,130.61,6828766
2021-08-06,127.34,128.22,126.46,127.10,7299687,127.34,128.22,126.46,127.10,7299687,127.34,128.22,126.46,127.10,7299687
2021-08-09,127.21,128.35,126.07,126.84,7261426,127.21,128.35,126.07,126.84,7261426,127.21,128.35,126.07,126.84,7261426
2021-08-10,125.31,127.27,123.36,124.35,9818573,125.31,127.27,123.36,124.35,9818573,125.31,127.27,123.36,124.35,9818573
2021-08-11,123.80,125.09,122.51,123.81,11140447,123.80,125.09,122.51,123.81,11140447,123.80,125.09,122.51,123.81,11140447
2021-08-12,121.21,123.01,119.41,121.21,5763362,121.21,123.01,119.41,121.21,5763362,121.21,123.01,119.41,121.21,5763362
2021-08-13,120.96,122.27,119.66,121.64,5820149,120.96,122.27,119.66,121.64,5820149,120.96,122.27,119.66,121.64,5820149
2021-08-16,121.39,122.73,120.06,120.74,8867230,121.39,122.73,120.06,120.74,8867230,121.39,122.73,120.06,120.74,8867230
2021-08-17,122.42,124.28,120.56,122.63,7316694,122.42,124.28,120.56,122.63,7316694,122.42,124.28,120.56,122.63,7316694
2021-08-18,121.09,122.37,119.80,121.24,8448596,121.09,122.37,119.80,121.24,8448596,121.09,122.37,119.80,121.24,8448596
2021-08-19,124.16,124.91,123.41,123.68,9072352,124.16,124.91,123.41,123.68,9072352,124.16,124.91,123.41,123.68,9072352
2021-08-20,122.98,124.36,121.59,123.26,8995106,122.98,124.36,121.59,123.26,8995106,122.98,124.36,121.59,123.26,8995106
2021-08-23,120.63,121.72,119.53,120.52,8783008,120.63,121.72,119.53,120.52,8783008,120.63,121.72,119.53,120.52,8783008
2021-08-24,119.85,121.07,118.64,120.40,6972154,119.85,121.07,118.64,120.40,6972154,119.85,121.07,118.64,120.40,6972154
2021-08-25,121.14,122.21,120.08,121.03,7618404,121.14,122.21,120.08,121.03,7618404,121.14,122.21,120.08,121.03,7618404
2021-08-26,124.58,126.18,122.98,123.98,8112596,124.58,126.18,122.98,123.98,8112596,124.58,126.18,122.98,123.98,8112596
2021-08-27,123.62,124.96,122.28,123.30,6069736,123.62,124.96,122.28,123.30,6069736,123.62,124.96,122.28,123.30,6069736
2021-08-30,125.19,126.65,123.73,124.42,9372257,125.19,126.65,123.73,124.42,9372257,125.19,126.65,123.73,124.42,9372257
2021-08-31,121.31,123.09,119.53,120.68,8437498,121.31,123.09,119.53,120.68,8437498,121.31,123.09,119.53,120.68,8437498
2021-09-01,116.30,117.31,115.29,117.26,10338454,116.30,117.31,115.29,117.26,10338454,116.30,117.31,115.29,117.26,10338454
2021-09-02,115.33,116.58,114.09,115.61,5668199,115.33,116.58,114.09,115.61,5668199,115.33,116.58,114.09,115.61,5668199
2021-09-03,113.30,114.43,112.18,113.65,6074234,113.30,114.43,112.18,113.65,6074234,113.30,114.43,112.18,113.65,6074234
2021-09-06,115.28,115.98,114.57,115.26,8934549,115.28,115.98,114.57,115.26,8934549,115.28,115.98,114.57,115.26,8934549
2021-09-07,119.63,121.03,118.23,119.33,9273174,119.63,121.03,118.23,119.33,9273174,119.63,121.03,118.23,119.33,9273174
2021-09-08,121.04,122.65,119.43,121.14,7326373,121.04,122.65,119.43,121.14,7326373,121.04,122.65,119.43,121.14,7326373
2021-09-09,124.00,125.49,122.51,124.35,9762463,124.00,125.49,122.51,124.35,9762463,124.00,125.49,122.51,124.35,9762463
2021-09-10,126.39,127.85,124.92,126.28,10390448,126.39,127.85,124.92,126.28,10390448,126.39,127.85,124.92,126.28,10390448
2021-09-13,130.82,132.80,128.84,130.60,7607702,130.82,132.80,128.84,130.60,7607702,130.82,132.80,128.84,130.60,7607702
2021-09-14,133.01,134.28,131.74,133.12,7930534,133.01,134.28,131.74,133.12,7930534,133.01,134.28,131.74,133.12,7930534
2021-09-15,133.69,135.17,132.20,133.94,8880660,133.69,135.17,132.20,133.94,8880660,133.69,135.17,132.20,133.94,8880660
2021-09-16,132.90,135.50,130.29,132.96,6822260,132.90,135.50,130.29,132.96,6822260,132.90,135.50,130.29,132.96,6822260
2021-09-17,131.90,133.63,130.18,131.88,7187406,131.90,133.63,130.18,131.88,7187406,131.90,133.63,130.18,131.88,7187406
2021-09-20,128.97,129.92,128.01,128.88,6640070,128.97,129.92,128.01,128.88,6640070,128.97,129.92,128.01,128.88,6640070
2021-09-21,131.24,132.47,130.02,130.76,6296076,131.24,132.47,130.02,130.76,6296076,131.24,132.47,130.02,130.76,6296076
2021-09-22,129.94,131.63,128.25,130.04,8211199,129.94,131.63,128.25,130.04,8211199,129.94,131.63,128.25,130.04,8211199
2021-09-23,130.30,132.32,128.29,130.11,8256971,130.30,132.32,128.29,130.11,8256971,130.30,132.32,128.29,130.11,8256971
2021-09-24,131.22,132.50,129.94,130.06,11072497,131.22,132.50,129.94,130.06,11072497,131.22,132.50,129.94,130.06,11072497
2021-09-27,132.04,134.11,129.98,132.52,6604790,132.04,134.11,129.98,132.52,6604790,132.04,134.11,129.98,132.52,6604790
2021-09-28,129.46,130.77,128.14,130.03,9921817,129.46,130.77,128.14,130.03,9921817,129.46,130.77,128.14,130.03,9921817
2021-09-29,125.75,126.52,124.98,125.95,9598520,125.75,126.52,124.98,125.95,9598520,125.75,126.52,124.98,125.95,9598520
2021-09-30,129.87,131.50,128.23,129.51,10148216,129.87,131.50,128.23,129.51,10148216,129.87,131.50,128.23,129.51,10148216
2021-10-01,127.52,128.54,126.50,127.37,6024124,127.52,128.54,126.50,127.37,6024124,127.52,128.54,126.50,127.37,6024124
2021-10-04,125.73,127.40,124.06,125.89,6167119,125.73,127.40,124.06,125.89,6167119,125.73,127.40,124.06,125.89,6167119
2021-10-05,124.34,126.41,122.28,124.22,7020590,124.34,126.41,122.28,124.22,7020590,124.34,126.41,122.28,124.22,7020590
2021-10-06,125.64,126.58,124.70,125.59,6028659,125.64,126.58,124.70,125.59,6028659,125.64,126.58,124.70,125.59,6028659
2021-10-07,130.58,132.18,128.97,130.80,7400862,130.58,132.18,128.97,130.80,7400862,130.58,132.18,128.97,130.80,7400862
2021-10-08,132.96,133.95,131.96,132.79,8769034,132.96,133.95,131.96,132.79,8769034,132.96,133.95,131.96,132.79,8769034
2021-10-11,131.94,132.61,131.28,132.61,11173282,131.94,132.61,131.28,132.61,11173282,131.94,132.61,131.28,132.61,11173282
2021-10-12,135.48,136.81,134.14,135.92,8397305,135.48,136.81,134.14,135.92,8397305,135.48,136.81,134.14,135.92,8397305
2021-10-13,134.89,136.63,133.15,134.60,6510394,134.89,136.63,133.15,134.60,6510394,134.89,136.63,133.15,134.60,6510394
2021-10-14,136.59,138.39,134.78,135.73,10849477,136.59,138.39,134.78,135.73,10849477,136.59,138.39,134.78,135.73,10849477
2021-10-15,138.23,139.61,136.86,138.27,6463561,138.23,139.61,136.86,138.27,6463561,138.23,139.61,136.86,138.27,6463561
2021-10-18,138.55,139.44,137.67,137.94,9033254,138.55,139.44,137.67,137.94,9033254,138.55,139.44,137.67,137.94,9033254
2021-10-19,136.38,138.01,134.76,137.02,10315521,136.38,138.01,134.76,137.02,10315521,136.38,138.01,134.76,137.02,10315521
2021-10-20,140.98,142.81,139.16,140.45,9420279,140.98,142.81,139.16,140.45,9420279,140.98,142.81,139.16,140.45,9420279
2021-10-21,137.52,139.74,135.30,137.97,9849305,137.52,139.74,135.30,137.97,9849305,137.52,139.74,135.30,137.97,9849305
2021-10-22,141.27,143.55,138.99,141.67,8919843,141.27,143.55,138.99,141.67,8919843,141.27,143.55,138.99,141.67,8919843
2021-10-25,140.61,142.55,138.67,140.02,11145735,140.61,142.55,138.67,140.02,11145735,140.61,142.55,138.67,140.02,11145735
2021-10-26,141.33,142.65,140.01,141.28,8805774,141.33,142.65,140.01,141.28,8805774,141.33,142.65,140.01,141.28,8805774
2021-10-27,142.33,144.50,140.16,142.10,7017006,142.33,144.50,140.16,142.10,7017006,142.33,144.50,140.16,142.10,7017006
2021-10-28,143.72,145.49,141.96,143.36,8179215,143.72,145.49,141.96,143.36,8179215,143.72,145.49,141.96,143.36,8179215
2021-10-29,137.98,139.44,136.51,137.83,9910168,137.98,139.44,136.51,137.83,9910168,137.98,139.44,136.51,137.83,9910168
2021-11-01,135.10,137.20,133.00,135.59,9629398,135.10,137.20,133.00,135.59,9629398,135.10,137.20,133.00,135.59,9629398
2021-11-02,138.76,139.87,137.65,138.78,6753272,138.76,139.87,137.65,138.78,6753272,138.76,139.87,137.65,138.78,6753272
2021-11-03,140.85,142.05,139.65,140.51,5975100,140.85,142.05,139.65,140.51,5975100,140.85,142.05,139.65,140.51,5975100
2021-11-04,143.13,144.37,141.89,142.66,5974863,143.13,144.37,141.89,142.66,5974863,143.13,144.37,141.89,142.66,5974863
2021-11-05,141.57,142.24,140.89,141.18,8319925,141.57,142.24,140.89,141.18,8319925,141.57,142.24,140.89,141.18,8319925
2021-11-08,143.97,145.40,142.55,143.21,8093449,143.97,145.40,142.55,143.21,8093449,143.97,145.40,142.55,143.21,8093449
2021-11-09,140.01,141.59,138.43,140.33,9984362,140.01,141.59,138.43,140.33,9984362,140.01,141.59,138.43,140.33,9984362
2021-11-10,141.68,143.06,140.30,142.02,8457599,141.68,143.06,140.30,142.02,8457599,141.68,143.06,140.30,142.02,8457599
2021-11-11,143.76,145.48,142.04,142.96,7397132,143.76,145.48,142.04,142.96,7397132,143.76,145.48,142.04,142.96,7397132
2021-11-12,143.11,145.15,141.07,143.60,10743287,143.11,145.15,141.07,143.60,10743287,143.11,145.15,141.07,143.60,10743287
2021-11-15,139.29,140.50,138.09,138.72,8729082,139.29,140.50,138.09,138.72,8729082,139.29,140.50,138.09,138.72,8729082
2021-11-16,138.05,140.04,136.06,137.78,6536320,138.05,140.04,136.06,137.78,6536320,138.05,140.04,136.06,137.78,6536320
2021-11-17,131.42,131.74,131.10,131.65,6705409,131.42,131.74,131.10,131.65,6705409,131.42,131.74,131.10,131.65,6705409
2021-11-18,131.86,133.45,130.26,131.08,6102588,131.86,133.45,130.26,131.08,6102588,131.86,133.45,130.26,131.08,6102588
2021-11-19,129.97,131.68,128.27,130.18,10124328,129.97,131.68,128.27,130.18,10124328,129.97,131.68,128.27,130.18,10124328
2021-11-22,129.24,131.11,127.38,129.01,7168380,129.24,131.11,127.38,129.01,7168380,129.24,131.11,127.38,129.01,7168380
2021-11-23,129.40,131.63,127.17,129.27,8134956,129.40,131.63,127.17,129.27,8134956,129.40,131.63,127.17,129.27,8134956
2021-11-24,122.52,123.30,121.74,122.24,10050584,122.52,123.30,121.74,122.24,10050584,122.52,123.30,121.74,122.24,10050584
2021-11-25,122.50,123.53,121.47,122.43,7518303,122.50,123.53,121.47,122.43,7518303,122.50,123.53,121.47,122.43,7518303
2021-11-26,118.76,120.72,116.80,119.26,5914559,118.76,120.72,116.80,119.26,5914559,118.76,120.72,116.80,119.26,5914559
2021-11-29,118.62,119.96,117.28,118.02,7940432,118.62,119.96,117.28,118.02,7940432,118.62,119.96,117.28,118.02,7940432
2021-11-30,120.70,122.56,118.84,120.62,6188623,120.70,122.56,118.84,120.62,6188623,120.70,122.56,118.84,120.62,6188623
2021-12-01,119.25,120.30,118.19,119.16,10148220,119.25,120.30,118.19,119.16,10148220,119.25,120.30,118.19,119.16,10148220
2021-12-02,120.97,121.92,120.01,120.41,10283910,120.97,121.92,120.01,120.41,10283910,120.97,121.92,120.01,120.41,10283910
2021-12-03,123.27,124.00,122.53,123.13,5758369,123.27,124.00,122.53,123.13,5758369,123.27,124.00,122.53,123.13,5758369
2021-12-06,121.42,122.20,120.63,121.28,8829374,121.42,122.20,120.63,121.28,8829374,121.42,122.20,120.63,121.28,8829374
2021-12-07,118.84,119.95,117.73,118.18,6346564,118.84,119.95,117.73,118.18,6346564,118.84,119.95,117.73,118.18,6346564
2021-12-08,119.11,120.37,117.85,118.43,6573273,119.11,120.37,117.85,118.43,6573273,119.11,120.37,117.85,118.43,6573273
2021-12-09,120.62,122.12,119.13,120.72,8290872,120.62,122.12,119.13,120.72,8290872,120.62,122.12,119.13,120.72,8290872
2021-12-10,120.56,122.08,119.04,121.16,10948437,120.56,122.08,119.04,121.16,10948437,120.56,122.08,119.04,121.16,10948437
2021-12-13,122.59,123.98,121.21,121.85,8033217,122.59,123.98,121.21,121.85,8033217,122.59,123.98,121.21,121.85,8033217
2021-12-14,121.18,122.40,119.96,120.67,8742577,121.18,122.40,119.96,120.67,8742577,121.18,122.40,119.96,120.67,8742577
2021-12-15,120.47,122.98,117.96,120.70,11045052,120.47,122.98,117.96,120.70,11045052,120.47,122.98,117.96,120.70,11045052
2021-12-16,125.27,126.65,123.89,125.16,6184138,125.27,126.65,123.89,125.16,6184138,125.27,126.65,123.89,125.16,6184138
2021-12-17,125.16,126.75,123.57,125.00,7366620,125.16,126.75,123.57,125.00,7366620,125.16,126.75,123.57,125.00,7366620
2021-12-20,125.97,127.08,124.86,124.92,8268636,125.97,127.08,124.86,124.92,8268636,125.97,127.08,124.86,124.92,8268636
2021-12-21,129.11,130.40,127.82,128.38,6250580,129.11,130.40,127.82,128.38,6250580,129.11,130.40,127.82,128.38,6250580
2021-12-22,128.12,129.00,127.25,128.77,9437586,128.12,129.00,127.25,128.77,9437586,128.12,129.00,127.25,128.77,9437586
2021-12-23,124.92,126.69,123.16,125.66,9908187,124.92,126.69,123.16,125.66,9908187,124.92,126.69,123.16,125.66,9908187
2021-12-24,124.23,125.20,123.26,124.93,8067959,124.23,125.20,123.26,124.93,8067959,124.23,125.20,123.26,124.93,8067959
2021-12-27,121.79,122.61,120.97,121.57,7165021,121.79,122.61,120.97,121.57,7165021,121.79,122.61,120.97,121.57,7165021
2021-12-28,121.93,123.70,120.16,121.70,6620420,121.93,123.70,120.16,121.70,6620420,121.93,123.70,120.16,121.70,6620420
2021-12-29,122.07,123.65,120.48,122.14,10394800,122.07,123.65,120.48,122.14,10394800,122.07,123.65,120.48,122.14,10394800
2021-12-30,120.74,122.00,119.47,121.02,6388264,120.74,122.00,119.47,121.02,6388264,120.74,122.00,119.47,121.02,6388264
2021-12-31,118.34,119.68,117.00,118.65,7030663,118.34,119.68,117.00,118.65,7030663,118.34,119.68,117.00,118.65,7030663
2022-01-03,120.33,121.31,119.34,120.38,9364219,120.33,121.31,119.34,120.38,9364219,120.33,121.31,119.34,120.38,9364219
2022-01-04,118.33,119.54,117.12,119.03,10431923,118.33,119.54,117.12,119.03,10431923,118.33,119.54,117.12,119.03,10431923
2022-01-05,119.22,120.33,118.12,119.44,7769925,119.22,120.33,118.12,119.44,7769925,119.22,120.33,118.12,119.44,7769925
2022-01-06,115.32,116.71,113.94,115.33,11066123,115.32,116.71,113.94,115.33,11066123,115.32,116.71,113.94,115.33,11066123
2022-01-07,116.42,117.70,115.14,116.74,9484202,116.42,117.70,115.14,116.74,9484202,116.42,117.70,115.14,116.74,9484202
2022-01-10,117.49,119.48,115.49,117.41,11116289,117.49,119.48,115.49,117.41,11116289,117.49,119.48,115.49,117.41,11116289
2022-01-11,115.68,116.76,114.60,115.08,5842770,115.68,116.76,114.60,115.08,5842770,115.68,116.76,114.60,115.08,5842770
2022-01-12,117.42,118.17,116.66,117.16,6343397,117.42,118.17,116.66,117.16,6343397,117.42,118.17,116.66,117.16,6343397
2022-01-13,117.52,119.14,115.91,117.30,11154894,117.52,119.14,115.91,117.30,11154894,117.52,119.14,115.91,117.30,11154894
2022-01-14,118.50,119.62,117.38,118.59,6500808,118.50,119.62,117.38,118.59,6500808,118.50,119.62,117.38,118.59,6500808
2022-01-17,114.98,116.45,113.51,114.49,8257596,114.98,116.45,113.51,114.49,8257596,114.98,116.45,113.51,114.49,8257596
2022-01-18,113.60,115.07,112.14,113.29,6107804,113.60,115.07,112.14,113.29,6107804,113.60,115.07,112.14,113.29,6107804
2022-01-19,112.55,113.26,111.85,113.17,8484157,112.55,113.26,111.85,113.17,8484157,112.55,113.26,111.85,113.17,8484157
2022-01-20,112.27,113.92,110.62,111.43,7211762,112.27,113.92,110.62,111.43,7211762,112.27,113.92,110.62,111.43,7211762
2022-01-21,109.62,110.23,109.02,109.17,7057853,109.62,110.23,109.02,109.17,7057853,109.62,110.23,109.02,109.17,7057853
2022-01-24,109.85,110.68,109.01,109.70,8318443,109.85,110.68,109.01,109.70,8318443,109.85,110.68,109.01,109.70,8318443
2022-01-25,110.08,111.78,108.39,110.76,6764455,110.08,111.78,108.39,110.76,6764455,110.08,111.78,108.39,110.76,6764455
2022-01-26,110.50,111.79,109.20,109.50,7341857,110.50,111.79,109.20,109.50,7341857,110.50,111.79,109.20,109.50,7341857
2022-01-27,111.21,112.31,110.11,111.29,10619900,111.21,112.31,110.11,111.29,10619900,111.21,112.31,110.11,111.29,10619900
2022-01-28,113.94,115.86,112.03,113.47,8628955,113.94,115.86,112.03,113.47,8628955,113.94,115.86,112.03,113.47,8628955
2022-01-31,112.40,113.93,110.87,112.10,9692483,112.40,113.93,110.87,112.10,9692483,112.40,113.93,110.87,112.10,9692483
2022-02-01,110.63,112.33,108.94,110.60,8777518,110.63,112.33,108.94,110.60,8777518,110.63,112.33,108.94,110.60,8777518
2022-02-02,114.10,115.34,112.87,113.94,8326077,114.10,115.34,112.87,113.94,8326077,114.10,115.34,112.87,113.94,8326077
2022-02-03,110.47,111.67,109.27,110.70,7278599,110.47,111.67,109.27,110.70,7278599,110.47,111.67,109.27,110.70,7278599
2022-02-04,108.86,110.78,106.95,108.52,6084804,108.86,110.78,106.95,108.52,6084804,108.86,110.78,106.95,108.52,6084804
2022-02-07,105.07,106.65,103.49,105.32,6753715,105.07,106.65,103.49,105.32,6753715,105.07,106.65,103.49,105.32,6753715
2022-02-08,102.74,104.21,101.27,103.10,7869601,102.74,104.21,101.27,103.10,7869601,102.74,104.21,101.27,103.10,7869601
2022-02-09,105.26,106.54,103.97,104.80,8825988,105.26,106.54,103.97,104.80,8825988,105.26,106.54,103.97,104.80,8825988
2022-02-10,103.27,104.38,102.16,102.96,7653343,103.27,104.38,102.16,102.96,7653343,103.27,104.38,102.16,102.96,7653343
2022-02-11,106.21,106.93,105.50,105.92,7414625,106.21,106.93,105.50,105.92,7414625,106.21,106.93,105.50,105.92,7414625
2022-02-14,100.82,102.16,99.47,100.81,9925299,100.82,102.16,99.47,100.81,9925299,100.82,102.16,99.47,100.81,9925299
2022-02-15,102.07,102.43,101.70,101.84,9634587,102.07,102.43,101.70,101.84,9634587,102.07,102.43,101.70,101.84,9634587
2022-02-16,104.00,105.04,102.96,103.72,6168734,104.00,105.04,102.96,103.72,6168734,104.00,105.04,102.96,103.72,6168734
2022-02-17,105.61,106.88,104.35,105.73,7692953,105.61,106.88,104.35,105.73,7692953,105.61,106.88,104.35,105.73,7692953
2022-02-18,105.16,105.82,104.50,104.69,7054598,105.16,105.82,104.50,104.69,7054598,105.16,105.82,104.50,104.69,7054598
2022-02-21,105.29,105.89,104.69,105.32,10407255,105.29,105.89,104.69,105.32,10407255,105.29,105.89,104.69,105.32,10407255
2022-02-22,107.32,108.57,106.07,107.04,8274434,107.32,108.57,106.07,107.04,8274434,107.32,108.57,106.07,107.04,8274434
2022-02-23,108.70,110.37,107.04,108.86,8182441,108.70,110.37,107.04,108.86,8182441,108.70,110.37,107.04,108.86,8182441
2022-02-24,109.30,110.04,108.56,108.69,6424765,109.30,110.04,108.56,108.69,6424765,109.30,110.04,108.56,108.69,6424765
2022-02-25,108.13,108.96,107.30,108.64,7079608,108.13,108.96,107.30,108.64,7079608,108.13,108.96,107.30,108.64,7079608
2022-02-28,107.99,109.17,106.80,107.76,9854184,107.99,109.17,106.80,107.76,9854184,107.99,109.17,106.80,107.76,9854184
2022-03-01,108.15,109.62,106.67,108.05,10487993,108.15,109.62,106.67,108.05,10487993,108.15,109.62,106.67,108.05,10487993
2022-03-02,108.56,109.54,107.59,108.32,9995532,108.56,109.54,107.59,108.32,9995532,108.56,109.54,107.59,108.32,9995532
2022-03-03,107.62,108.80,106.44,107.83,10211670,107.62,108.80,106.44,107.83,10211670,107.62,108.80,106.44,107.83,10211670
2022-03-04,107.33,108.29,106.37,107.12,6030516,107.33,108.29,106.37,107.12,6030516,107.33,108.29,106.37,107.12,6030516
2022-03-07,108.52,109.89,107.15,108.54,8109234,108.52,109.89,107.15,108.54,8109234,108.52,109.89,107.15,108.54,8109234
2022-03-08,112.31,113.67,110.95,112.30,9741348,112.31,113.67,110.95,112.30,9741348,112.31,113.67,110.95,112.30,9741348
2022-03-09,114.03,114.83,113.23,113.70,8874935,114.03,114.83,113.23,113.70,8874935,114.03,114.83,113.23,113.70,8874935
2022-03-10,110.83,112.18,109.48,110.44,9821914,110.83,112.18,109.48,110.44,9821914,110.83,112.18,109.48,110.44,9821914
2022-03-11,109.24,109.97,108.51,109.37,7884885,109.24,109.97,108.51,109.37,7884885,109.24,109.97,108.51,109.37,7884885
2022-03-14,111.76,113.05,110.46,111.64,8293020,111.76,113.05,110.46,111.64,8293020,111.76,113.05,110.46,111.64,8293020
2022-03-15,112.67,113.82,111.52,112.67,9731023,112.67,113.82,111.52,112.67,9731023,112.67,113.82,111.52,112.67,9731023
2022-03-16,109.22,109.91,108.53,108.62,9519724,109.22,109.91,108.53,108.62,9519724,109.22,109.91,108.53,108.62,9519724
2022-03-17,106.96,108.15,105.76,107.66,7359755,106.96,108.15,105.76,107.66,7359755,106.96,108.15,105.76,107.66,7359755
2022-03-18,108.16,109.77,106.55,108.07,6021291,108.16,109.77,106.55,108.07,6021291,108.16,109.77,106.55,108.07,6021291
2022-03-21,110.91,111.91,109.90,110.64,10810800,110.91,111.91,109.90,110.64,10810800,110.91,111.91,109.90,110.64,10810800
2022-03-22,112.50,113.84,111.17,112.45,6973892,112.50,113.84,111.17,112.45,6973892,112.50,113.84,111.17,112.45,6973892
2022-03-23,110.67,111.44,109.91,111.14,9589067,110.67,111.44,109.91,111.14,9589067,110.67,111.44,109.91,111.14,9589067
2022-03-24,108.75,109.10,108.41,109.06,6605064,108.75,109.10,108.41,109.06,6605064,108.75,109.10,108.41,109.06,6605064
2022-03-25,106.63,107.55,105.71,106.87,7101935,106.63,107.55,105.71,106.87,7101935,106.63,107.55,105.71,106.87,7101935
2022-03-28,103.41,104.55,102.27,103.19,11050048,103.41,104.55,102.27,103.19,11050048,103.41,104.55,102.27,103.19,11050048
2022-03-29,102.64,104.23,101.04,102.98,10756692,102.64,104.23,101.04,102.98,10756692,102.64,104.23,101.04,102.98,10756692
2022-03-30,102.50,103.77,101.22,102.08,6768660,102.50,103.77,101.22,102.08,6768660,102.50,103.77,101.22,102.08,6768660
2022-03-31,100.64,102.24,99.05,100.87,10360550,100.64,102.24,99.05,100.87,10360550,100.64,102.24,99.05,100.87,10360550
2022-04-01,103.28,104.65,101.92,103.44,9180641,103.28,104.65,101.92,103.44,9180641,103.28,104.65,101.92,103.44,9180641
2022-04-04,100.23,101.67,98.79,100.10,7148417,100.23,101.67,98.79,100.10,7148417,100.23,101.67,98.79,100.10,7148417
2022-04-05,97.73,98.47,96.98,97.54,7789708,97.73,98.47,96.98,97.54,7789708,97.73,98.47,96.98,97.54,7789708
2022-04-06,98.58,99.79,97.36,98.89,7232402,98.58,99.79,97.36,98.89,7232402,98.58,99.79,97.36,98.89,7232402
2022-04-07,98.97,99.98,97.96,98.78,7933620,98.97,99.98,97.96,98.78,7933620,98.97,99.98,97.96,98.78,7933620
2022-04-08,97.17,98.37,95.97,97.03,6171261,97.17,98.37,95.97,97.03,6171261,97.17,98.37,95.97,97.03,6171261
2022-04-11,95.74,97.00,94.49,95.31,9485627,95.74,97.00,94.49,95.31,9485627,95.74,97.00,94.49,95.31,9485627
2022-04-12,96.12,97.49,94.76,95.92,11163921,96.12,97.49,94.76,95.92,11163921,96.12,97.49,94.76,95.92,11163921
2022-04-13,94.74,95.44,94.04,94.74,9457381,94.74,95.44,94.04,94.74,9457381,94.74,95.44,94.04,94.74,9457381
2022-04-14,97.75,99.48,96.02,97.21,9333317,97.75,99.48,96.02,97.21,9333317,97.75,99.48,96.02,97.21,9333317
2022-04-15,99.45,101.25,97.64,99.48,9945731,99.45,101.25,97.64,99.48,9945731,99.45,101.25,97.64,99.48,9945731
2022-04-18,100.30,101.62,98.99,100.18,7371854,100.30,101.62,98.99,100.18,7371854,100.30,101.62,98.99,100.18,7371854
2022-04-19,102.34,103.09,101.59,102.17,8099991,102.34,103.09,101.59,102.17,8099991,102.34,103.09,101.59,102.17,8099991
2022-04-20,100.58,101.78,99.38,100.88,7251660,100.58,101.78,99.38,100.88,7251660,100.58,101.78,99.38,100.88,7251660
2022-04-21,99.23,99.79,98.66,98.96,10835456,99.23,99.79,98.66,98.96,10835456,99.23,99.79,98.66,98.96,10835456
2022-04-22,100.49,101.24,99.73,99.76,7891355,100.49,101.24,99.73,99.76,7891355,100.49,101.24,99.73,99.76,7891355
2022-04-25,99.19,100.78,97.59,99.34,6559261,99.19,100.78,97.59,99.34,6559261,99.19,100.78,97.59,99.34,6559261
2022-04-26,99.94,100.90,98.98,99.72,8683590,99.94,100.90,98.98,99.72,8683590,99.94,100.90,98.98,99.72,8683590
2022-04-27,98.45,99.17,97.73,98.88,8969952,98.45,99.17,97.73,98.88,8969952,98.45,99.17,97.73,98.88,8969952
2022-04-28,98.75,99.73,97.78,98.74,7339266,98.75,99.73,97.78,98.74,7339266,98.75,99.73,97.78,98.74,7339266
2022-04-29,97.22,97.92,96.52,97.83,10333602,97.22,97.92,96.52,97.83,10333602,97.22,97.92,96.52,97.83,10333602
2022-05-02,98.97,99.50,98.44,98.78,6441338,98.97,99.50,98.44,98.78,6441338,98.97,99.50,98.44,98.78,6441338
2022-05-03,99.60,100.86,98.33,99.21,6455260,99.60,100.86,98.33,99.21,6455260,99.60,100.86,98.33,99.21,6455260
2022-05-04,97.69,98.27,97.11,98.08,8256061,97.69,98.27,97.11,98.08,8256061,97.69,98.27,97.11,98.08,8256061
2022-05-05,95.95,96.79,95.10,96.32,7724306,95.95,96.79,95.10,96.32,7724306,95.95,96.79,95.10,96.32,7724306
2022-05-06,95.09,96.78,93.41,94.79,5798484,95.09,96.78,93.41,94.79,5798484,95.09,96.78,93.41,94.79,5798484
2022-05-09,96.44,97.53,95.35,95.36,8049977,96.44,97.53,95.35,95.36,8049977,96.44,97.53,95.35,95.36,8049977
2022-05-10,93.56,94.45,92.67,93.80,9309690,93.56,94.45,92.67,93.80,9309690,93.56,94.45,92.67,93.80,9309690
2022-05-11,90.64,91.91,89.37,91.18,6650388,90.64,91.91,89.37,91.18,6650388,90.64,91.91,89.37,91.18,6650388
2022-05-12,89.34,90.27,88.42,89.02,9440218,89.34,90.27,88.42,89.02,9440218,89.34,90.27,88.42,89.02,9440218
2022-05-13,88.87,89.30,88.45,88.94,7392462,88.87,89.30,88.45,88.94,7392462,88.87,89.30,88.45,88.94,7392462
2022-05-16,86.59,88.00,85.18,86.78,9685137,86.59,88.00,85.18,86.78,9685137,86.59,88.00,85.18,86.78,9685137
2022-05-17,89.11,90.37,87.85,88.31,10569428,89.11,90.37,87.85,88.31,10569428,89.11,90.37,87.85,88.31,10569428
2022-05-18,85.21,86.88,83.54,85.50,5897536,85.21,86.88,83.54,85.50,5897536,85.21,86.88,83.54,85.50,5897536
2022-05-19,87.59,88.66,86.51,87.13,7282549,87.59,88.66,86.51,87.13,7282549,87.59,88.66,86.51,87.13,7282549
2022-05-20,87.74,88.85,86.63,87.32,11091767,87.74,88.85,86.63,87.32,11091767,87.74,88.85,86.63,87.32,11091767
2022-05-23,88.78,89.33,88.23,89.21,6597565,88.78,89.33,88.23,89.21,6597565,88.78,89.33,88.23,89.21,6597565
2022-05-24,88.03,89.25,86.81,88.37,10359826,88.03,89.25,86.81,88.37,10359826,88.03,89.25,86.81,88.37,10359826
2022-05-25,90.81,91.62,90.00,90.43,7736494,90.81,91.62,90.00,90.43,7736494,90.81,91.62,90.00,90.43,7736494
2022-05-26,91.18,91.75,90.60,91.07,7023414,91.18,91.75,90.60,91.07,7023414,91.18,91.75,90.60,91.07,7023414
2022-05-27,92.17,92.68,91.66,91.68,6939421,92.17,92.68,91.66,91.68,6939421,92.17,92.68,91.66,91.68,6939421
2022-05-30,90.51,91.38,89.64,89.84,10967227,90.51,91.38,89.64,89.84,10967227,90.51,91.38,89.64,89.84,10967227
2022-05-31,84.39,85.20,83.59,84.21,7280666,84.39,85.20,83.59,84.21,7280666,84.39,85.20,83.59,84.21,7280666
2022-06-01,83.77,84.48,83.06,84.02,7990154,83.77,84.48,83.06,84.02,7990154,83.77,84.48,83.06,84.02,7990154
2022-06-02,82.17,82.94,81.41,81.97,7066652,82.17,82.94,81.41,81.97,7066652,82.17,82.94,81.41,81.97,7066652
2022-06-03,78.89,79.32,78.45,78.90,9031801,78.89,79.32,78.45,78.90,9031801,78.89,79.32,78.45,78.90,9031801
2022-06-06,81.37,82.54,80.19,80.70,9659980,81.37,82.54,80.19,80.70,9659980,81.37,82.54,80.19,80.70,9659980
2022-06-07,79.35,80.15,78.54,79.59,6527157,79.35,80.15,78.54,79.59,6527157,79.35,80.15,78.54,79.59,6527157
2022-06-08,78.48,79.36,77.60,78.75,8617597,78.48,79.36,77.60,78.75,8617597,78.48,79.36,77.60,78.75,8617597
2022-06-09,78.99,79.75,78.22,78.75,8315754,78.99,79.75,78.22,78.75,8315754,78.99,79.75,78.22,78.75,8315754
2022-06-10,78.32,79.41,77.23,78.18,9537947,78.32,79.41,77.23,78.18,9537947,78.32,79.41,77.23,78.18,9537947
2022-06-13,77.67,78.68,76.66,77.75,8994813,77.67,78.68,76.66,77.75,8994813,77.67,78.68,76.66,77.75,8994813
2022-06-14,74.46,75.58,73.34,73.89,6639830,74.46,75.58,73.34,73.89,6639830,74.46,75.58,73.34,73.89,6639830
2022-06-15,74.01,74.49,73.54,73.80,8033509,74.01,74.49,73.54,73.80,8033509,74.01,74.49,73.54,73.80,8033509
2022-06-16,73.11,73.70,72.51,72.64,8487661,73.11,73.70,72.51,72.64,8487661,73.11,73.70,72.51,72.64,8487661
2022-06-17,73.06,74.42,71.70,73.10,6806132,73.06,74.42,71.70,73.10,6806132,73.06,74.42,71.70,73.10,6806132
2022-06-20,74.44,75.53,73.35,74.16,9633817,74.44,75.53,73.35,74.16,9633817,74.44,75.53,73.35,74.16,9633817
2022-06-21,74.42,75.26,73.58,74.76,10209633,74.42,75.26,73.58,74.76,10209633,74.42,75.26,73.58,74.76,10209633
2022-06-22,77.86,78.75,76.97,78.06,5799636,77.86,78.75,76.97,78.06,5799636,77.86,78.75,76.97,78.06,5799636
2022-06-23,75.90,76.70,75.10,76.05,6874417,75.90,76.70,75.10,76.05,6874417,75.90,76.70,75.10,76.05,6874417
2022-06-24,73.87,74.64,73.09,73.97,7428134,73.87,74.64,73.09,73.97,7428134,73.87,74.64,73.09,73.97,7428134
2022-06-27,73.19,73.97,72.41,73.43,10130631,73.19,73.97,72.41,73.43,10130631,73.19,73.97,72.41,73.43,10130631
2022-06-28,74.75,75.91,73.60,74.72,7694470,74.75,75.91,73.60,74.72,7694470,74.75,75.91,73.60,74.72,7694470
2022-06-29,74.46,75.81,73.11,74.30,10932608,74.46,75.81,73.11,74.30,10932608,74.46,75.81,73.11,74.30,10932608
2022-06-30,75.46,76.08,74.83,75.21,5738348,75.46,76.08,74.83,75.21,5738348,75.46,76.08,74.83,75.21,5738348
2022-07-01,73.48,74.15,72.80,73.52,10072407,73.48,74.15,72.80,73.52,10072407,73.48,74.15,72.80,73.52,10072407
2022-07-04,74.70,75.70,73.69,74.45,7934141,74.70,75.70,73.69,74.45,7934141,74.70,75.70,73.69,74.45,7934141
2022-07-05,74.25,75.08,73.43,74.28,8127081,74.25,75.08,73.43,74.28,8127081,74.25,75.08,73.43,74.28,8127081
2022-07-06,75.10,76.12,74.07,75.25,10270214,75.10,76.12,74.07,75.25,10270214,75.10,76.12,74.07,75.25,10270214
2022-07-07,73.40,73.94,72.86,73.41,8910687,73.40,73.94,72.86,73.41,8910687,73.40,73.94,72.86,73.41,8910687
2022-07-08,74.10,74.83,73.37,74.43,8579427,74.10,74.83,73.37,74.43,8579427,74.10,74.83,73.37,74.43,8579427
2022-07-11,72.72,73.66,71.78,72.91,11041598,72.72,73.66,71.78,72.91,11041598,72.72,73.66,71.78,72.91,11041598
2022-07-12,72.78,73.73,71.84,72.82,7755792,72.78,73.73,71.84,72.82,7755792,72.78,73.73,71.84,72.82,7755792
2022-07-13,72.60,73.75,71.44,72.54,10197020,72.60,73.75,71.44,72.54,10197020,72.60,73.75,71.44,72.54,10197020
2022-07-14,73.98,74.88,73.09,73.95,8973500,73.98,74.88,73.09,73.95,8973500,73.98,74.88,73.09,73.95,8973500
2022-07-15,74.50,75.07,73.93,74.17,8490787,74.50,75.07,73.93,74.17,8490787,74.50,75.07,73.93,74.17,8490787
2022-07-18,72.66,73.14,72.17,72.92,9546565,72.66,73.14,72.17,72.92,9546565,72.66,73.14,72.17,72.92,9546565
2022-07-19,74.68,75.92,73.43,74.14,6118487,74.68,75.92,73.43,74.14,6118487,74.68,75.92,73.43,74.14,6118487
2022-07-20,73.85,74.95,72.76,73.79,10075924,73.85,74.95,72.76,73.79,10075924,73.85,74.95,72.76,73.79,10075924
2022-07-21,75.24,76.20,74.28,75.17,8215835,75.24,76.20,74.28,75.17,8215835,75.24,76.20,74.28,75.17,8215835
2022-07-22,75.48,76.84,74.11,75.43,9115680,75.48,76.84,74.11,75.43,9115680,75.48,76.84,74.11,75.43,9115680
2022-07-25,75.37,76.06,74.69,75.24,9083719,75.37,76.06,74.69,75.24,9083719,75.37,76.06,74.69,75.24,9083719
2022-07-26,74.83,75.51,74.15,74.37,8056638,74.83,75.51,74.15,74.37,8056638,74.83,75.51,74.15,74.37,8056638
2022-07-27,73.11,73.78,72.43,72.78,7906071,73.11,73.78,72.43,72.78,7906071,73.11,73.78,72.43,72.78,7906071
2022-07-28,71.30,71.96,70.65,71.78,6535435,71.30,71.96,70.65,71.78,6535435,71.30,71.96,70.65,71.78,6535435
2022-07-29,70.76,71.48,70.04,70.58,6891243,70.76,71.48,70.04,70.58,6891243,70.76,71.48,70.04,70.58,6891243
2022-08-01,69.93,70.62,69.25,69.72,7227771,69.93,70.62,69.25,69.72,7227771,69.93,70.62,69.25,69.72,7227771
2022-08-02,69.34,69.76,68.93,68.95,8512776,69.34,69.76,68.93,68.95,8512776,69.34,69.76,68.93,68.95,8512776
2022-08-03,67.16,68.13,66.19,66.94,6779580,67.16,68.13,66.19,66.94,6779580,67.16,68.13,66.19,66.94,6779580
2022-08-04,66.92,67.66,66.19,66.78,7898047,66.92,67.66,66.19,66.78,7898047,66.92,67.66,66.19,66.78,7898047
2022-08-05,66.56,67.47,65.65,66.30,9016732,66.56,67.47,65.65,66.30,9016732,66.56,67.47,65.65,66.30,9016732
2022-08-08,65.94,66.09,65.79,65.87,11190569,65.94,66.09,65.79,65.87,11190569,65.94,66.09,65.79,65.87,11190569
2022-08-09,67.94,68.85,67.03,67.89,9804608,67.94,68.85,67.03,67.89,9804608,67.94,68.85,67.03,67.89,9804608
2022-08-10,67.88,68.18,67.58,67.78,7300256,67.88,68.18,67.58,67.78,7300256,67.88,68.18,67.58,67.78,7300256
2022-08-11,66.75,67.53,65.98,66.64,8597216,66.75,67.53,65.98,66.64,8597216,66.75,67.53,65.98,66.64,8597216
2022-08-12,64.42,65.40,63.43,64.22,6514124,64.42,65.40,63.43,64.22,6514124,64.42,65.40,63.43,64.22,6514124
2022-08-15,64.51,65.23,63.79,64.56,6768248,64.51,65.23,63.79,64.56,6768248,64.51,65.23,63.79,64.56,6768248
2022-08-16,65.04,65.65,64.43,64.86,10472240,65.04,65.65,64.43,64.86,10472240,65.04,65.65,64.43,64.86,10472240
2022-08-17,65.15,65.77,64.54,65.05,7270414,65.15,65.77,64.54,65.05,7270414,65.15,65.77,64.54,65.05,7270414
2022-08-18,63.89,64.33,63.45,63.97,6424568,63.89,64.33,63.45,63.97,6424568,63.89,64.33,63.45,63.97,6424568
2022-08-19,63.25,64.21,62.29,63.46,9727652,63.25,64.21,62.29,63.46,9727652,63.25,64.21,62.29,63.46,9727652
2022-08-22,62.55,62.98,62.13,62.85,8671501,62.55,62.98,62.13,62.85,8671501,62.55,62.98,62.13,62.85,8671501
2022-08-23,61.53,62.09,60.98,61.52,10614159,61.53,62.09,60.98,61.52,10614159,61.53,62.09,60.98,61.52,10614159
2022-08-24,61.72,62.29,61.15,61.45,9823547,61.72,62.29,61.15,61.45,9823547,61.72,62.29,61.15,61.45,9823547
2022-08-25,61.52,62.10,60.95,61.46,8081990,61.52,62.10,60.95,61.46,8081990,61.52,62.10,60.95,61.46,8081990
2022-08-26,59.99,60.24,59.73,60.04,9896373,59.99,60.24,59.73,60.04,9896373,59.99,60.24,59.73,60.04,9896373
2022-08-29,59.72,60.32,59.11,59.30,8923694,59.72,60.32,59.11,59.30,8923694,59.72,60.32,59.11,59.30,8923694
2022-08-30,58.69,59.32,58.05,58.52,10063271,58.69,59.32,58.05,58.52,10063271,58.69,59.32,58.05,58.52,10063271
2022-08-31,60.05,60.83,59.27,59.94,8593352,60.05,60.83,59.27,59.94,8593352,60.05,60.83,59.27,59.94,8593352
2022-09-01,62.41,62.64,62.17,62.40,9699407,62.41,62.64,62.17,62.40,9699407,62.41,62.64,62.17,62.40,9699407
2022-09-02,61.44,61.97,60.91,61.44,8540741,61.44,61.97,60.91,61.44,8540741,61.44,61.97,60.91,61.44,8540741
2022-09-05,62.85,63.71,62.00,62.59,8398431,62.85,63.71,62.00,62.59,8398431,62.85,63.71,62.00,62.59,8398431
2022-09-06,61.14,61.98,60.30,61.03,6212007,61.14,61.98,60.30,61.03,6212007,61.14,61.98,60.30,61.03,6212007
2022-09-07,61.59,62.12,61.05,61.48,6304276,61.59,62.12,61.05,61.48,6304276,61.59,62.12,61.05,61.48,6304276
2022-09-08,59.92,60.89,58.94,59.95,10988362,59.92,60.89,58.94,59.95,10988362,59.92,60.89,58.94,59.95,10988362
2022-09-09,60.17,60.81,59.54,60.08,8138000,60.17,60.81,59.54,60.08,8138000,60.17,60.81,59.54,60.08,8138000
2022-09-12,60.04,60.12,59.96,60.05,6242923,60.04,60.12,59.96,60.05,6242923,60.04,60.12,59.96,60.05,6242923
2022-09-13,59.00,59.84,58.16,58.74,6186501,59.00,59.84,58.16,58.74,6186501,59.00,59.84,58.16,58.74,6186501
2022-09-14,57.66,58.59,56.72,57.64,8973389,57.66,58.59,56.72,57.64,8973389,57.66,58.59,56.72,57.64,8973389
2022-09-15,58.87,59.51,58.23,58.47,8160703,58.87,59.51,58.23,58.47,8160703,58.87,59.51,58.23,58.47,8160703
2022-09-16,58.73,59.64,57.83,58.58,10198270,58.73,59.64,57.83,58.58,10198270,58.73,59.64,57.83,58.58,10198270
2022-09-19,58.87,59.08,58.66,58.87,10466778,58.87,59.08,58.66,58.87,10466778,58.87,59.08,58.66,58.87,10466778
2022-09-20,58.08,58.73,57.42,58.24,6324730,58.08,58.73,57.42,58.24,6324730,58.08,58.73,57.42,58.24,6324730
2022-09-21,58.13,58.88,57.39,58.33,9061578,58.13,58.88,57.39,58.33,9061578,58.13,58.88,57.39,58.33,9061578
2022-09-22,59.24,59.99,58.49,58.99,10197662,59.24,59.99,58.49,58.99,10197662,59.24,59.99,58.49,58.99,10197662
2022-09-23,57.26,58.36,56.16,57.29,9474947,57.26,58.36,56.16,57.29,9474947,57.26,58.36,56.16,57.29,9474947
2022-09-26,56.58,57.37,55.79,56.50,9579639,56.58,57.37,55.79,56.50,9579639,56.58,57.37,55.79,56.50,9579639
2022-09-27,56.96,57.47,56.45,56.67,8515381,56.96,57.47,56.45,56.67,8515381,56.96,57.47,56.45,56.67,8515381
2022-09-28,56.70,57.76,55.64,56.60,6286080,56.70,57.76,55.64,56.60,6286080,56.70,57.76,55.64,56.60,6286080
2022-09-29,56.63,57.05,56.20,56.50,9783978,56.63,57.05,56.20,56.50,9783978,56.63,57.05,56.20,56.50,9783978
2022-09-30,56.15,56.67,55.63,56.14,8196812,56.15,56.67,55.63,56.14,8196812,56.15,56.67,55.63,56.14,8196812
2022-10-03,53.94,54.84,53.03,53.96,10655512,53.94,54.84,53.03,53.96,10655512,53.94,54.84,53.03,53.96,10655512
2022-10-04,53.56,53.85,53.26,53.55,6523035,53.56,53.85,53.26,53.55,6523035,53.56,53.85,53.26,53.55,6523035
2022-10-05,53.50,54.14,52.87,53.18,6440903,53.50,54.14,52.87,53.18,6440903,53.50,54.14,52.87,53.18,6440903
2022-10-06,53.88,54.20,53.57,53.87,10884748,53.88,54.20,53.57,53.87,10884748,53.88,54.20,53.57,53.87,10884748
2022-10-07,54.05,54.59,53.51,53.93,10600524,54.05,54.59,53.51,53.93,10600524,54.05,54.59,53.51,53.93,10600524
2022-10-10,52.37,52.62,52.11,52.20,7737582,52.37,52.62,52.11,52.20,7737582,52.37,52.62,52.11,52.20,7737582
2022-10-11,52.32,52.81,51.82,51.89,8138205,52.32,52.81,51.82,51.89,8138205,52.32,52.81,51.82,51.89,8138205
2022-10-12,50.47,51.00,49.95,50.47,8191944,50.47,51.00,49.95,50.47,8191944,50.47,51.00,49.95,50.47,8191944
2022-10-13,50.48,51.06,49.90,50.44,6035181,50.48,51.06,49.90,50.44,6035181,50.48,51.06,49.90,50.44,6035181
2022-10-14,50.47,51.11,49.82,50.49,6633940,50.47,51.11,49.82,50.49,6633940,50.47,51.11,49.82,50.49,6633940
2022-10-17,49.74,50.17,49.31,49.78,7507282,49.74,50.17,49.31,49.78,7507282,49.74,50.17,49.31,49.78,7507282
2022-10-18,50.52,50.83,50.21,50.59,6926129,50.52,50.83,50.21,50.59,6926129,50.52,50.83,50.21,50.59,6926129
2022-10-19,49.78,50.14,49.43,49.97,9782975,49.78,50.14,49.43,49.97,9782975,49.78,50.14,49.43,49.97,9782975
2022-10-20,48.94,49.36,48.51,48.66,10741146,48.94,49.36,48.51,48.66,10741146,48.94,49.36,48.51,48.66,10741146
2022-10-21,48.28,48.49,48.06,48.07,6915121,48.28,48.49,48.06,48.07,6915121,48.28,48.49,48.06,48.07,6915121
2022-10-24,47.95,48.33,47.56,47.96,9973424,47.95,48.33,47.56,47.96,9973424,47.95,48.33,47.56,47.96,9973424
2022-10-25,48.73,49.11,48.35,48.59,10608264,48.73,49.11,48.35,48.59,10608264,48.73,49.11,48.35,48.59,10608264
2022-10-26,49.51,49.82,49.20,49.63,7648232,49.51,49.82,49.20,49.63,7648232,49.51,49.82,49.20,49.63,7648232
2022-10-27,50.29,50.73,49.85,50.19,9778495,50.29,50.73,49.85,50.19,9778495,50.29,50.73,49.85,50.19,9778495
2022-10-28,50.62,51.28,49.96,50.48,9494022,50.62,51.28,49.96,50.48,9494022,50.62,51.28,49.96,50.48,9494022
2022-10-31,50.42,50.90,49.94,50.38,10511291,50.42,50.90,49.94,50.38,10511291,50.42,50.90,49.94,50.38,10511291
2022-11-01,49.26,49.79,48.74,49.10,10888227,49.26,49.79,48.74,49.10,10888227,49.26,49.79,48.74,49.10,10888227
2022-11-02,48.85,49.44,48.26,48.62,10919986,48.85,49.44,48.26,48.62,10919986,48.85,49.44,48.26,48.62,10919986
2022-11-03,50.00,50.48,49.53,49.85,8696726,50.00,50.48,49.53,49.85,8696726,50.00,50.48,49.53,49.85,8696726
2022-11-04,48.39,49.09,47.69,48.42,5723753,48.39,49.09,47.69,48.42,5723753,48.39,49.09,47.69,48.42,5723753
2022-11-07,49.04,49.44,48.63,48.96,7781842,49.04,49.44,48.63,48.96,7781842,49.04,49.44,48.63,48.96,7781842
2022-11-08,47.78,48.14,47.42,47.67,10177556,47.78,48.14,47.42,47.67,10177556,47.78,48.14,47.42,47.67,10177556
2022-11-09,47.90,48.60,47.19,47.76,5847926,47.90,48.60,47.19,47.76,5847926,47.90,48.60,47.19,47.76,5847926
2022-11-10,49.33,49.97,48.70,49.32,8211682,49.33,49.97,48.70,49.32,8211682,49.33,49.97,48.70,49.32,8211682
2022-11-11,49.87,50.51,49.24,50.27,5743378,49.87,50.51,49.24,50.27,5743378,49.87,50.51,49.24,50.27,5743378
2022-11-14,50.48,50.96,50.01,50.58,10821506,50.48,50.96,50.01,50.58,10821506,50.48,50.96,50.01,50.58,10821506
2022-11-15,49.68,50.21,49.15,49.57,7818656,49.68,50.21,49.15,49.57,7818656,49.68,50.21,49.15,49.57,7818656
2022-11-16,49.23,49.97,48.50,49.11,10649925,49.23,49.97,48.50,49.11,10649925,49.23,49.97,48.50,49.11,10649925
2022-11-17,50.01,50.72,49.31,49.81,8227664,50.01,50.72,49.31,49.81,8227664,50.01,50.72,49.31,49.81,8227664
2022-11-18,49.01,49.39,48.62,49.33,10676722,49.01,49.39,48.62,49.33,10676722,49.01,49.39,48.62,49.33,10676722
2022-11-21,49.60,50.31,48.89,49.70,7690816,49.60,50.31,48.89,49.70,7690816,49.60,50.31,48.89,49.70,7690816
2022-11-22,49.93,50.16,49.71,49.94,5722335,49.93,50.16,49.71,49.94,5722335,49.93,50.16,49.71,49.94,5722335
2022-11-23,49.57,50.36,48.79,49.61,8550601,49.57,50.36,48.79,49.61,8550601,49.57,50.36,48.79,49.61,8550601
2022-11-24,49.06,49.67,48.46,48.87,10222124,49.06,49.67,48.46,48.87,10222124,49.06,49.67,48.46,48.87,10222124
2022-11-25,48.98,49.40,48.56,48.78,6157648,48.98,49.40,48.56,48.78,6157648,48.98,49.40,48.56,48.78,6157648
2022-11-28,49.87,50.36,49.39,49.69,6234321,49.87,50.36,49.39,49.69,6234321,49.87,50.36,49.39,49.69,6234321
2022-11-29,50.01,50.53,49.49,49.80,9575853,50.01,50.53,49.49,49.80,9575853,50.01,50.53,49.49,49.80,9575853
2022-11-30,48.88,49.51,48.26,48.83,8965752,48.88,49.51,48.26,48.83,8965752,48.88,49.51,48.26,48.83,8965752
2022-12-01,48.94,49.50,48.38,49.00,6482917,48.94,49.50,48.38,49.00,6482917,48.94,49.50,48.38,49.00,6482917
2022-12-02,49.32,49.89,48.75,49.26,7033945,49.32,49.89,48.75,49.26,7033945,49.32,49.89,48.75,49.26,7033945
2022-12-05,48.43,49.05,47.81,48.26,10611743,48.43,49.05,47.81,48.26,10611743,48.43,49.05,47.81,48.26,10611743
2022-12-06,46.26,46.84,45.68,46.44,7583297,46.26,46.84,45.68,46.44,7583297,46.26,46.84,45.68,46.44,7583297
2022-12-07,47.24,47.75,46.72,47.20,5914084,47.24,47.75,46.72,47.20,5914084,47.24,47.75,46.72,47.20,5914084
2022-12-08,46.94,47.41,46.47,46.77,6912130,46.94,47.41,46.47,46.77,6912130,46.94,47.41,46.47,46.77,6912130
2022-12-09,46.99,47.59,46.39,47.19,7671005,46.99,47.59,46.39,47.19,7671005,46.99,47.59,46.39,47.19,7671005
2022-12-12,47.78,48.30,47.26,47.69,6386278,47.78,48.30,47.26,47.69,6386278,47.78,48.30,47.26,47.69,6386278
2022-12-13,46.21,46.73,45.69,46.33,6520372,46.21,46.73,45.69,46.33,6520372,46.21,46.73,45.69,46.33,6520372
2022-12-14,45.25,45.88,44.61,44.88,10465914,45.25,45.88,44.61,44.88,10465914,45.25,45.88,44.61,44.88,10465914
2022-12-15,43.50,43.87,43.13,43.57,7353330,43.50,43.87,43.13,43.57,7353330,43.50,43.87,43.13,43.57,7353330
2022-12-16,41.76,42.00,41.51,41.64,9955844,41.76,42.00,41.51,41.64,9955844,41.76,42.00,41.51,41.64,9955844
2022-12-19,41.94,42.43,41.44,42.02,11037467,41.94,42.43,41.44,42.02,11037467,41.94,42.43,41.44,42.02,11037467
2022-12-20,40.70,41.20,40.20,40.73,5978088,40.70,41.20,40.20,40.73,5978088,40.70,41.20,40.20,40.73,5978088
2022-12-21,40.80,41.30,40.30,40.75,11172631,40.80,41.30,40.30,40.75,11172631,40.80,41.30,40.30,40.75,11172631
2022-12-22,40.88,41.09,40.68,41.01,7802547,40.88,41.09,40.68,41.01,7802547,40.88,41.09,40.68,41.01,7802547
2022-12-23,39.92,40.21,39.62,40.07,9663908,39.92,40.21,39.62,40.07,9663908,39.92,40.21,39.62,40.07,9663908
2022-12-26,40.65,40.97,40.33,40.64,9957890,40.65,40.97,40.33,40.64,9957890,40.65,40.97,40.33,40.64,9957890
2022-12-27,40.59,40.98,40.20,40.27,7245963,40.59,40.98,40.20,40.27,7245963,40.59,40.98,40.20,40.27,7245963
2022-12-28,40.99,41.57,40.41,40.96,8317840,40.99,41.57,40.41,40.96,8317840,40.99,41.57,40.41,40.96,8317840
2022-12-29,39.84,40.33,39.36,39.88,9625526,39.84,40.33,39.36,39.88,9625526,39.84,40.33,39.36,39.88,9625526
2022-12-30,39.91,40.29,39.52,39.92,10809584,39.91,40.29,39.52,39.92,10809584,39.91,40.29,39.52,39.92,10809584
2023-01-02,39.22,39.40,39.04,39.14,10989157,39.22,39.40,39.04,39.14,10989157,39.22,39.40,39.04,39.14,10989157
2023-01-03,38.56,38.94,38.17,38.39,6197874,38.56,38.94,38.17,38.39,6197874,38.56,38.94,38.17,38.39,6197874
2023-01-04,39.02,39.34,38.70,39.06,10020333,39.02,39.34,38.70,39.06,10020333,39.02,39.34,38.70,39.06,10020333
2023-01-05,40.07,40.27,39.87,40.05,9668090,40.07,40.27,39.87,40.05,9668090,40.07,40.27,39.87,40.05,9668090
2023-01-06,39.38,40.03,38.74,39.24,8009338,39.38,40.03,38.74,39.24,8009338,39.38,40.03,38.74,39.24,8009338
2023-01-09,38.47,38.84,38.11,38.31,9506977,38.47,38.84,38.11,38.31,9506977,38.47,38.84,38.11,38.31,9506977
2023-01-10,39.06,39.44,38.67,39.06,10955473,39.06,39.44,38.67,39.06,10955473,39.06,39.44,38.67,39.06,10955473
2023-01-11,38.54,38.88,38.21,38.51,7720701,38.54,38.88,38.21,38.51,7720701,38.54,38.88,38.21,38.51,7720701
2023-01-12,37.89,38.23,37.56,37.91,5935093,37.89,38.23,37.56,37.91,5935093,37.89,38.23,37.56,37.91,5935093
2023-01-13,38.15,38.64,37.65,38.21,9721274,38.15,38.64,37.65,38.21,9721274,38.15,38.64,37.65,38.21,9721274
2023-01-16,38.55,39.05,38.05,38.62,10216332,38.55,39.05,38.05,38.62,10216332,38.55,39.05,38.05,38.62,10216332
2023-01-17,37.92,38.35,37.50,37.76,10036746,37.92,38.35,37.50,37.76,10036746,37.92,38.35,37.50,37.76,10036746
2023-01-18,38.72,38.85,38.58,38.72,9737090,38.72,38.85,38.58,38.72,9737090,38.72,38.85,38.58,38.72,9737090
2023-01-19,39.14,39.72,38.56,39.13,11178037,39.14,39.72,38.56,39.13,11178037,39.14,39.72,38.56,39.13,11178037
2023-01-20,40.95,41.35,40.56,41.04,10767436,40.95,41.35,40.56,41.04,10767436,40.95,41.35,40.56,41.04,10767436
2023-01-23,41.02,41.56,40.47,41.00,10499937,41.02,41.56,40.47,41.00,10499937,41.02,41.56,40.47,41.00,10499937
2023-01-24,40.70,41.19,40.20,40.63,8796515,40.70,41.19,40.20,40.63,8796515,40.70,41.19,40.20,40.63,8796515
2023-01-25,40.91,41.72,40.10,40.73,7786335,40.91,41.72,40.10,40.73,7786335,40.91,41.72,40.10,40.73,7786335
2023-01-26,41.21,41.55,40.87,41.21,6453367,41.21,41.55,40.87,41.21,6453367,41.21,41.55,40.87,41.21,6453367
2023-01-27,41.83,42.30,41.36,41.88,6954495,41.83,42.30,41.36,41.88,6954495,41.83,42.30,41.36,41.88,6954495
2023-01-30,41.16,41.55,40.77,41.16,9785921,41.16,41.55,40.77,41.16,9785921,41.16,41.55,40.77,41.16,9785921
2023-01-31,41.64,42.09,41.20,41.43,6900108,41.64,42.09,41.20,41.43,6900108,41.64,42.09,41.20,41.43,6900108
2023-02-01,40.97,41.70,40.25,40.79,10838719,40.97,41.70,40.25,40.79,10838719,40.97,41.70,40.25,40.79,10838719
2023-02-02,41.67,42.20,41.14,41.42,11025524,41.67,42.20,41.14,41.42,11025524,41.67,42.20,41.14,41.42,11025524
2023-02-03,40.47,40.79,40.16,40.50,7832450,40.47,40.79,40.16,40.50,7832450,40.47,40.79,40.16,40.50,7832450
2023-02-06,41.72,42.26,41.18,41.61,6069561,41.72,42.26,41.18,41.61,6069561,41.72,42.26,41.18,41.61,6069561
2023-02-07,40.79,41.36,40.22,40.89,8233438,40.79,41.36,40.22,40.89,8233438,40.79,41.36,40.22,40.89,8233438
2023-02-08,41.22,41.74,40.69,41.07,11143286,41.22,41.74,40.69,41.07,11143286,41.22,41.74,40.69,41.07,11143286
2023-02-09,41.67,42.16,41.17,41.62,10870181,41.67,42.16,41.17,41.62,10870181,41.67,42.16,41.17,41.62,10870181
2023-02-10,42.56,43.03,42.08,42.46,7332396,42.56,43.03,42.08,42.46,7332396,42.56,43.03,42.08,42.46,7332396
2023-02-13,43.89,44.30,43.48,43.72,7796578,43.89,44.30,43.48,43.72,7796578,43.89,44.30,43.48,43.72,7796578
2023-02-14,43.65,44.28,43.03,43.40,6712630,43.65,44.28,43.03,43.40,6712630,43.65,44.28,43.03,43.40,6712630
2023-02-15,43.59,44.23,42.95,43.42,8102386,43.59,44.23,42.95,43.42,8102386,43.59,44.23,42.95,43.42,8102386
2023-02-16,44.13,44.52,43.75,44.12,7681539,44.13,44.52,43.75,44.12,7681539,44.13,44.52,43.75,44.12,7681539
2023-02-17,45.18,45.45,44.91,45.34,7359993,45.18,45.45,44.91,45.34,7359993,45.18,45.45,44.91,45.34,7359993
2023-02-20,46.30,46.92,45.67,46.28,7319366,46.30,46.92,45.67,46.28,7319366,46.30,46.92,45.67,46.28,7319366
2023-02-21,45.69,46.21,45.16,45.85,10194021,45.69,46.21,45.16,45.85,10194021,45.69,46.21,45.16,45.85,10194021
2023-02-22,46.28,46.63,45.93,46.12,11043555,46.28,46.63,45.93,46.12,11043555,46.28,46.63,45.93,46.12,11043555
2023-02-23,46.06,46.31,45.82,46.26,7019111,46.06,46.31,45.82,46.26,7019111,46.06,46.31,45.82,46.26,7019111
2023-02-24,45.80,46.13,45.47,45.73,6190233,45.80,46.13,45.47,45.73,6190233,45.80,46.13,45.47,45.73,6190233
2023-02-27,45.78,46.26,45.30,45.88,10953504,45.78,46.26,45.30,45.88,10953504,45.78,46.26,45.30,45.88,10953504
2023-02-28,46.30,46.83,45.78,46.50,6110532,46.30,46.83,45.78,46.50,6110532,46.30,46.83,45.78,46.50,6110532
2023-03-01,46.85,47.18,46.52,46.72,7882496,46.85,47.18,46.52,46.72,7882496,46.85,47.18,46.52,46.72,7882496
2023-03-02,46.12,46.62,45.62,46.31,6572263,46.12,46.62,45.62,46.31,6572263,46.12,46.62,45.62,46.31,6572263
2023-03-03,46.79,47.42,46.15,46.78,9827303,46.79,47.42,46.15,46.78,9827303,46.79,47.42,46.15,46.78,9827303
2023-03-06,49.03,49.59,48.48,48.93,10977132,49.03,49.59,48.48,48.93,10977132,49.03,49.59,48.48,48.93,10977132
2023-03-07,51.62,52.20,51.04,51.46,7306231,51.62,52.20,51.04,51.46,7306231,51.62,52.20,51.04,51.46,7306231
2023-03-08,50.90,51.61,50.19,51.19,7554726,50.90,51.61,50.19,51.19,7554726,50.90,51.61,50.19,51.19,7554726
2023-03-09,52.10,52.73,51.48,51.95,9619836,52.10,52.73,51.48,51.95,9619836,52.10,52.73,51.48,51.95,9619836
2023-03-10,52.74,53.01,52.47,52.97,10641042,52.74,53.01,52.47,52.97,10641042,52.74,53.01,52.47,52.97,10641042
2023-03-13,53.69,54.22,53.15,53.75,9407217,53.69,54.22,53.15,53.75,9407217,53.69,54.22,53.15,53.75,9407217
2023-03-14,54.27,55.11,53.44,54.16,5954989,54.27,55.11,53.44,54.16,5954989,54.27,55.11,53.44,54.16,5954989
2023-03-15,54.81,55.60,54.03,54.35,6256257,54.81,55.60,54.03,54.35,6256257,54.81,55.60,54.03,54.35,6256257
2023-03-16,55.57,56.15,54.99,55.37,5943511,55.57,56.15,54.99,55.37,5943511,55.57,56.15,54.99,55.37,5943511
2023-03-17,57.53,58.23,56.83,57.58,8604585,57.53,58.23,56.83,57.58,8604585,57.53,58.23,56.83,57.58,8604585
2023-03-20,58.65,59.26,58.04,58.21,6862073,58.65,59.26,58.04,58.21,6862073,58.65,59.26,58.04,58.21,6862073
2023-03-21,58.42,58.73,58.12,58.35,8570262,58.42,58.73,58.12,58.35,8570262,58.42,58.73,58.12,58.35,8570262
2023-03-22,58.48,59.30,57.67,58.29,9851576,58.48,59.30,57.67,58.29,9851576,58.48,59.30,57.67,58.29,9851576
2023-03-23,59.02,59.48,58.55,58.93,11154654,59.02,59.48,58.55,58.93,11154654,59.02,59.48,58.55,58.93,11154654
2023-03-24,60.10,60.73,59.46,59.85,7813228,60.10,60.73,59.46,59.85,7813228,60.10,60.73,59.46,59.85,7813228
2023-03-27,58.13,58.84,57.41,58.41,10869446,58.13,58.84,57.41,58.41,10869446,58.13,58.84,57.41,58.41,10869446
2023-03-28,58.58,59.34,57.83,58.12,10014055,58.58,59.34,57.83,58.12,10014055,58.58,59.34,57.83,58.12,10014055
2023-03-29,58.55,59.37,57.73,58.43,8459465,58.55,59.37,57.73,58.43,8459465,58.55,59.37,57.73,58.43,8459465
2023-03-30,59.83,60.78,58.88,59.59,7266766,59.83,60.78,58.88,59.59,7266766,59.83,60.78,58.88,59.59,7266766
2023-03-31,59.50,60.26,58.74,59.45,7695044,59.50,60.26,58.74,59.45,7695044,59.50,60.26,58.74,59.45,7695044
2023-04-03,58.79,59.32,58.26,58.84,6790413,58.79,59.32,58.26,58.84,6790413,58.79,59.32,58.26,58.84,6790413
2023-04-04,58.88,59.61,58.15,58.75,11170315,58.88,59.61,58.15,58.75,11170315,58.88,59.61,58.15,58.75,11170315
2023-04-05,58.26,58.72,57.81,58.27,9203899,58.26,58.72,57.81,58.27,9203899,58.26,58.72,57.81,58.27,9203899
2023-04-06,57.23,58.01,56.44,57.18,10357468,57.23,58.01,56.44,57.18,10357468,57.23,58.01,56.44,57.18,10357468
2023-04-07,57.79,57.95,57.62,57.72,6468880,57.79,57.95,57.62,57.72,6468880,57.79,57.95,57.62,57.72,6468880
2023-04-10,58.80,59.46,58.15,58.51,9953516,58.80,59.46,58.15,58.51,9953516,58.80,59.46,58.15,58.51,9953516
2023-04-11,60.97,61.59,60.35,60.78,9043678,60.97,61.59,60.35,60.78,9043678,60.97,61.59,60.35,60.78,9043678
2023-04-12,61.17,61.95,60.39,60.86,11110280,61.17,61.95,60.39,60.86,11110280,61.17,61.95,60.39,60.86,11110280
2023-04-13,62.95,63.95,61.96,62.70,6120437,62.95,63.95,61.96,62.70,6120437,62.95,63.95,61.96,62.70,6120437
2023-04-14,61.94,62.62,61.27,61.89,7572907,61.94,62.62,61.27,61.89,7572907,61.94,62.62,61.27,61.89,7572907
2023-04-17,60.87,61.37,60.38,60.73,6494601,60.87,61.37,60.38,60.73,6494601,60.87,61.37,60.38,60.73,6494601
2023-04-18,61.81,62.42,61.19,61.79,9795218,61.81,62.42,61.19,61.79,9795218,61.81,62.42,61.19,61.79,9795218
2023-04-19,63.29,64.25,62.33,63.10,8926239,63.29,64.25,62.33,63.10,8926239,63.29,64.25,62.33,63.10,8926239
2023-04-20,65.38,66.73,64.02,65.17,9197621,65.38,66.73,64.02,65.17,9197621,65.38,66.73,64.02,65.17,9197621
2023-04-21,65.48,65.91,65.05,65.24,8560301,65.48,65.91,65.05,65.24,8560301,65.48,65.91,65.05,65.24,8560301
2023-04-24,63.63,64.13,63.12,63.51,9424115,63.63,64.13,63.12,63.51,9424115,63.63,64.13,63.12,63.51,9424115
2023-04-25,61.75,62.58,60.92,61.69,8937964,61.75,62.58,60.92,61.69,8937964,61.75,62.58,60.92,61.69,8937964
2023-04-26,61.27,61.72,60.82,61.49,5728804,61.27,61.72,60.82,61.49,5728804,61.27,61.72,60.82,61.49,5728804
2023-04-27,60.56,61.19,59.94,60.28,7150597,60.56,61.19,59.94,60.28,7150597,60.56,61.19,59.94,60.28,7150597
2023-04-28,61.50,62.25,60.76,61.60,6922277,61.50,62.25,60.76,61.60,6922277,61.50,62.25,60.76,61.60,6922277
2023-05-01,60.29,61.03,59.54,60.42,7187663,60.29,61.03,59.54,60.42,7187663,60.29,61.03,59.54,60.42,7187663
2023-05-02,60.76,61.16,60.36,60.88,7014095,60.76,61.16,60.36,60.88,7014095,60.76,61.16,60.36,60.88,7014095
2023-05-03,62.29,63.08,61.50,62.07,7473410,62.29,63.08,61.50,62.07,7473410,62.29,63.08,61.50,62.07,7473410
2023-05-04,60.76,61.72,59.79,60.63,8951929,60.76,61.72,59.79,60.63,8951929,60.76,61.72,59.79,60.63,8951929
2023-05-05,61.02,61.80,60.24,61.03,11059305,61.02,61.80,60.24,61.03,11059305,61.02,61.80,60.24,61.03,11059305
2023-05-08,62.40,63.16,61.65,62.01,6221029,62.40,63.16,61.65,62.01,6221029,62.40,63.16,61.65,62.01,6221029
2023-05-09,61.36,61.72,61.00,61.24,9097917,61.36,61.72,61.00,61.24,9097917,61.36,61.72,61.00,61.24,9097917
2023-05-10,62.22,63.03,61.42,61.86,11176358,62.22,63.03,61.42,61.86,11176358,62.22,63.03,61.42,61.86,11176358
2023-05-11,63.70,64.16,63.25,63.51,10260225,63.70,64.16,63.25,63.51,10260225,63.70,64.16,63.25,63.51,10260225
2023-05-12,64.57,64.97,64.17,64.46,7858707,64.57,64.97,64.17,64.46,7858707,64.57,64.97,64.17,64.46,7858707
2023-05-15,63.92,64.61,63.23,63.94,8490169,63.92,64.61,63.23,63.94,8490169,63.92,64.61,63.23,63.94,8490169
2023-05-16,65.27,66.00,64.53,64.95,10397889,65.27,66.00,64.53,64.95,10397889,65.27,66.00,64.53,64.95,10397889
2023-05-17,62.16,62.50,61.82,62.26,5614556,62.16,62.50,61.82,62.26,5614556,62.16,62.50,61.82,62.26,5614556
2023-05-18,62.84,63.26,62.43,62.66,10791217,62.84,63.26,62.43,62.66,10791217,62.84,63.26,62.43,62.66,10791217
2023-05-19,63.38,64.11,62.64,63.51,7448492,63.38,64.11,62.64,63.51,7448492,63.38,64.11,62.64,63.51,7448492
2023-05-22,64.12,64.52,63.72,64.10,9728089,64.12,64.52,63.72,64.10,9728089,64.12,64.52,63.72,64.10,9728089
2023-05-23,65.55,66.32,64.79,65.94,5659284,65.55,66.32,64.79,65.94,5659284,65.55,66.32,64.79,65.94,5659284
2023-05-24,66.79,68.05,65.53,66.86,10742850,66.79,68.05,65.53,66.86,10742850,66.79,68.05,65.53,66.86,10742850
2023-05-25,68.27,69.12,67.43,68.19,9030153,68.27,69.12,67.43,68.19,9030153,68.27,69.12,67.43,68.19,9030153
2023-05-26,67.69,68.50,66.89,67.63,10212810,67.69,68.50,66.89,67.63,10212810,67.69,68.50,66.89,67.63,10212810
2023-05-29,68.15,68.83,67.48,67.48,6207071,68.15,68.83,67.48,67.48,6207071,68.15,68.83,67.48,67.48,6207071
2023-05-30,65.47,66.06,64.88,65.93,8673697,65.47,66.06,64.88,65.93,8673697,65.47,66.06,64.88,65.93,8673697
2023-05-31,67.66,68.40,66.91,67.47,6650529,67.66,68.40,66.91,67.47,6650529,67.66,68.40,66.91,67.47,6650529
2023-06-01,69.63,70.49,68.78,69.52,7006348,69.63,70.49,68.78,69.52,7006348,69.63,70.49,68.78,69.52,7006348
2023-06-02,68.48,68.82,68.14,68.82,9444840,68.48,68.82,68.14,68.82,9444840,68.48,68.82,68.14,68.82,9444840
2023-06-05,66.45,67.22,65.67,66.46,10552643,66.45,67.22,65.67,66.46,10552643,66.45,67.22,65.67,66.46,10552643
2023-06-06,67.89,68.51,67.27,68.06,5697593,67.89,68.51,67.27,68.06,5697593,67.89,68.51,67.27,68.06,5697593
2023-06-07,69.62,70.33,68.91,69.21,8926683,69.62,70.33,68.91,69.21,8926683,69.62,70.33,68.91,69.21,8926683
2023-06-08,69.74,70.18,69.29,69.87,10075123,69.74,70.18,69.29,69.87,10075123,69.74,70.18,69.29,69.87,10075123
2023-06-09,70.52,70.84,70.20,70.35,8003739,70.52,70.84,70.20,70.35,8003739,70.52,70.84,70.20,70.35,8003739
2023-06-12,71.37,72.36,70.37,71.48,6255849,71.37,72.36,70.37,71.48,6255849,71.37,72.36,70.37,71.48,6255849
2023-06-13,71.48,72.86,70.10,71.69,9034070,71.48,72.86,70.10,71.69,9034070,71.48,72.86,70.10,71.69,9034070
2023-06-14,69.59,70.23,68.95,69.16,10391153,69.59,70.23,68.95,69.16,10391153,69.59,70.23,68.95,69.16,10391153
2023-06-15,70.44,70.90,69.98,70.57,8127109,70.44,70.90,69.98,70.57,8127109,70.44,70.90,69.98,70.57,8127109
2023-06-16,72.90,74.02,71.77,72.44,6408288,72.90,74.02,71.77,72.44,6408288,72.90,74.02,71.77,72.44,6408288
2023-06-19,72.34,72.77,71.91,72.37,7462465,72.34,72.77,71.91,72.37,7462465,72.34,72.77,71.91,72.37,7462465
2023-06-20,70.85,71.24,70.45,70.65,8429615,70.85,71.24,70.45,70.65,8429615,70.85,71.24,70.45,70.65,8429615
2023-06-21,72.66,73.24,72.08,72.41,8424913,72.66,73.24,72.08,72.41,8424913,72.66,73.24,72.08,72.41,8424913
2023-06-22,70.97,72.00,69.94,71.15,5972598,70.97,72.00,69.94,71.15,5972598,70.97,72.00,69.94,71.15,5972598
2023-06-23,68.49,68.92,68.06,68.52,6654790,68.49,68.92,68.06,68.52,6654790,68.49,68.92,68.06,68.52,6654790
2023-06-26,66.78,66.95,66.61,66.88,9002002,66.78,66.95,66.61,66.88,9002002,66.78,66.95,66.61,66.88,9002002
2023-06-27,68.09,68.85,67.34,68.71,7100410,68.09,68.85,67.34,68.71,7100410,68.09,68.85,67.34,68.71,7100410
2023-06-28,69.22,69.87,68.57,69.45,6302551,69.22,69.87,68.57,69.45,6302551,69.22,69.87,68.57,69.45,6302551
2023-06-29,69.51,70.61,68.41,69.34,9574641,69.51,70.61,68.41,69.34,9574641,69.51,70.61,68.41,69.34,9574641
2023-06-30,68.94,69.63,68.25,69.15,6771846,68.94,69.63,68.25,69.15,6771846,68.94,69.63,68.25,69.15,6771846
2023-07-03,72.00,72.63,71.37,71.86,9424962,72.00,72.63,71.37,71.86,9424962,72.00,72.63,71.37,71.86,9424962
2023-07-04,71.58,71.99,71.16,71.67,10784525,71.58,71.99,71.16,71.67,10784525,71.58,71.99,71.16,71.67,10784525
2023-07-05,71.48,72.21,70.74,71.30,6868535,71.48,72.21,70.74,71.30,6868535,71.48,72.21,70.74,71.30,6868535
2023-07-06,71.16,71.59,70.73,71.41,6092871,71.16,71.59,70.73,71.41,6092871,71.16,71.59,70.73,71.41,6092871
2023-07-07,73.81,74.65,72.98,73.82,7819374,73.81,74.65,72.98,73.82,7819374,73.81,74.65,72.98,73.82,7819374
2023-07-10,76.66,76.99,76.33,76.70,6248084,76.66,76.99,76.33,76.70,6248084,76.66,76.99,76.33,76.70,6248084
2023-07-11,76.61,77.12,76.10,76.39,10148684,76.61,77.12,76.10,76.39,10148684,76.61,77.12,76.10,76.39,10148684
2023-07-12,78.39,79.27,77.51,77.75,8018715,78.39,79.27,77.51,77.75,8018715,78.39,79.27,77.51,77.75,8018715
2023-07-13,75.70,76.34,75.06,75.44,7765898,75.70,76.34,75.06,75.44,7765898,75.70,76.34,75.06,75.44,7765898
2023-07-14,76.01,77.09,74.92,75.50,7841239,76.01,77.09,74.92,75.50,7841239,76.01,77.09,74.92,75.50,7841239
2023-07-17,74.33,75.24,73.42,74.16,8253676,74.33,75.24,73.42,74.16,8253676,74.33,75.24,73.42,74.16,8253676
2023-07-18,73.22,74.01,72.43,73.57,5767246,73.22,74.01,72.43,73.57,5767246,73.22,74.01,72.43,73.57,5767246
2023-07-19,73.62,74.73,72.50,73.82,8650248,73.62,74.73,72.50,73.82,8650248,73.62,74.73,72.50,73.82,8650248
2023-07-20,72.07,73.09,71.06,71.84,9723486,72.07,73.09,71.06,71.84,9723486,72.07,73.09,71.06,71.84,9723486
2023-07-21,71.59,72.48,70.70,71.57,8626564,71.59,72.48,70.70,71.57,8626564,71.59,72.48,70.70,71.57,8626564
2023-07-24,70.42,71.18,69.65,70.41,8772328,70.42,71.18,69.65,70.41,8772328,70.42,71.18,69.65,70.41,8772328
2023-07-25,72.07,72.76,71.38,71.91,6442640,72.07,72.76,71.38,71.91,6442640,72.07,72.76,71.38,71.91,6442640
2023-07-26,70.79,71.73,69.86,70.52,9353867,70.79,71.73,69.86,70.52,9353867,70.79,71.73,69.86,70.52,9353867
2023-07-27,69.94,70.96,68.91,70.04,10289886,69.94,70.96,68.91,70.04,10289886,69.94,70.96,68.91,70.04,10289886
2023-07-28,69.86,70.68,69.04,69.84,5611600,69.86,70.68,69.04,69.84,5611600,69.86,70.68,69.04,69.84,5611600
2023-07-31,69.44,70.01,68.88,69.30,10938568,69.44,70.01,68.88,69.30,10938568,69.44,70.01,68.88,69.30,10938568
2023-08-01,69.85,70.53,69.17,69.85,6443324,69.85,70.53,69.17,69.85,6443324,69.85,70.53,69.17,69.85,6443324
2023-08-02,71.19,71.64,70.74,71.16,9231911,71.19,71.64,70.74,71.16,9231911,71.19,71.64,70.74,71.16,9231911
2023-08-03,72.41,73.59,71.22,72.06,10720457,72.41,73.59,71.22,72.06,10720457,72.41,73.59,71.22,72.06,10720457
2023-08-04,70.83,71.56,70.10,70.77,8385849,70.83,71.56,70.10,70.77,8385849,70.83,71.56,70.10,70.77,8385849
2023-08-07,71.66,72.69,70.63,71.74,7288121,71.66,72.69,70.63,71.74,7288121,71.66,72.69,70.63,71.74,7288121
2023-08-08,74.85,75.75,73.95,74.59,8732523,74.85,75.75,73.95,74.59,8732523,74.85,75.75,73.95,74.59,8732523
2023-08-09,75.33,75.84,74.81,75.15,9399423,75.33,75.84,74.81,75.15,9399423,75.33,75.84,74.81,75.15,9399423
2023-08-10,74.65,75.69,73.61,74.62,6430724,74.65,75.69,73.61,74.62,6430724,74.65,75.69,73.61,74.62,6430724
2023-08-11,74.31,75.12,73.50,73.90,6530489,74.31,75.12,73.50,73.90,6530489,74.31,75.12,73.50,73.90,6530489
2023-08-14,74.39,75.24,73.54,73.87,9406086,74.39,75.24,73.54,73.87,9406086,74.39,75.24,73.54,73.87,9406086
2023-08-15,73.69,74.69,72.68,73.68,7374554,73.69,74.69,72.68,73.68,7374554,73.69,74.69,72.68,73.68,7374554
2023-08-16,74.28,75.42,73.13,73.82,6928895,74.28,75.42,73.13,73.82,6928895,74.28,75.42,73.13,73.82,6928895
2023-08-17,75.50,76.17,74.83,75.38,8755823,75.50,76.17,74.83,75.38,8755823,75.50,76.17,74.83,75.38,8755823
2023-08-18,72.84,73.28,72.40,72.66,9889995,72.84,73.28,72.40,72.66,9889995,72.84,73.28,72.40,72.66,9889995
2023-08-21,69.74,70.84,68.64,69.73,5892444,69.74,70.84,68.64,69.73,5892444,69.74,70.84,68.64,69.73,5892444
2023-08-22,70.46,71.32,69.60,70.38,10004893,70.46,71.32,69.60,70.38,10004893,70.46,71.32,69.60,70.38,10004893
2023-08-23,71.40,71.92,70.88,70.99,7762971,71.40,71.92,70.88,70.99,7762971,71.40,71.92,70.88,70.99,7762971
2023-08-24,70.42,71.66,69.17,70.13,9784776,70.42,71.66,69.17,70.13,9784776,70.42,71.66,69.17,70.13,9784776
2023-08-25,71.42,72.33,70.50,71.34,9965493,71.42,72.33,70.50,71.34,9965493,71.42,72.33,70.50,71.34,9965493
2023-08-28,71.76,72.22,71.29,71.59,8222365,71.76,72.22,71.29,71.59,8222365,71.76,72.22,71.29,71.59,8222365
2023-08-29,72.07,72.86,71.27,72.15,8605943,72.07,72.86,71.27,72.15,8605943,72.07,72.86,71.27,72.15,8605943
2023-08-30,71.63,71.99,71.27,71.57,10789357,71.63,71.99,71.27,71.57,10789357,71.63,71.99,71.27,71.57,10789357
2023-08-31,71.54,72.02,71.07,71.72,9716800,71.54,72.02,71.07,71.72,9716800,71.54,72.02,71.07,71.72,9716800
2023-09-01,69.27,69.74,68.79,69.24,8206807,69.27,69.74,68.79,69.24,8206807,69.27,69.74,68.79,69.24,8206807
2023-09-04,69.93,70.82,69.05,69.94,8531268,69.93,70.82,69.05,69.94,8531268,69.93,70.82,69.05,69.94,8531268
2023-09-05,69.99,70.57,69.40,69.81,7635447,69.99,70.57,69.40,69.81,7635447,69.99,70.57,69.40,69.81,7635447
2023-09-06,70.19,70.95,69.42,70.23,6889486,70.19,70.95,69.42,70.23,6889486,70.19,70.95,69.42,70.23,6889486
2023-09-07,68.85,69.66,68.04,68.79,8645567,68.85,69.66,68.04,68.79,8645567,68.85,69.66,68.04,68.79,8645567
2023-09-08,68.78,69.93,67.63,68.75,6785610,68.78,69.93,67.63,68.75,6785610,68.78,69.93,67.63,68.75,6785610
2023-09-11,68.39,69.06,67.73,68.35,9290998,68.39,69.06,67.73,68.35,9290998,68.39,69.06,67.73,68.35,9290998
2023-09-12,68.42,69.64,67.19,68.02,5774387,68.42,69.64,67.19,68.02,5774387,68.42,69.64,67.19,68.02,5774387
2023-09-13,68.37,68.96,67.77,68.32,6532301,68.37,68.96,67.77,68.32,6532301,68.37,68.96,67.77,68.32,6532301
2023-09-14,69.78,70.12,69.45,69.56,9128761,69.78,70.12,69.45,69.56,9128761,69.78,70.12,69.45,69.56,9128761
2023-09-15,70.93,71.46,70.40,70.68,6990730,70.93,71.46,70.40,70.68,6990730,70.93,71.46,70.40,70.68,6990730
2023-09-18,70.58,71.58,69.58,70.22,10468678,70.58,71.58,69.58,70.22,10468678,70.58,71.58,69.58,70.22,10468678
2023-09-19,69.91,70.80,69.02,69.79,7863047,69.91,70.80,69.02,69.79,7863047,69.91,70.80,69.02,69.79,7863047
2023-09-20,71.74,72.45,71.04,71.43,10181681,71.74,72.45,71.04,71.43,10181681,71.74,72.45,71.04,71.43,10181681
2023-09-21,68.27,68.74,67.81,68.49,9999430,68.27,68.74,67.81,68.49,9999430,68.27,68.74,67.81,68.49,9999430
2023-09-22,70.56,71.12,70.01,70.53,5780844,70.56,71.12,70.01,70.53,5780844,70.56,71.12,70.01,70.53,5780844
2023-09-25,70.64,71.70,69.57,70.65,7239033,70.64,71.70,69.57,70.65,7239033,70.64,71.70,69.57,70.65,7239033
2023-09-26,72.21,73.12,71.30,71.87,9923423,72.21,73.12,71.30,71.87,9923423,72.21,73.12,71.30,71.87,9923423
2023-09-27,70.17,70.85,69.50,69.60,7987115,70.17,70.85,69.50,69.60,7987115,70.17,70.85,69.50,69.60,7987115
2023-09-28,68.33,69.07,67.60,68.67,8213227,68.33,69.07,67.60,68.67,8213227,68.33,69.07,67.60,68.67,8213227
2023-09-29,69.10,69.61,68.59,68.85,8539130,69.10,69.61,68.59,68.85,8539130,69.10,69.61,68.59,68.85,8539130
2023-10-02,70.42,71.32,69.52,70.49,10414070,70.42,71.32,69.52,70.49,10414070,70.42,71.32,69.52,70.49,10414070
2023-10-03,71.83,72.58,71.08,71.41,6289344,71.83,72.58,71.08,71.41,6289344,71.83,72.58,71.08,71.41,6289344
2023-10-04,71.92,72.61,71.23,71.99,6520694,71.92,72.61,71.23,71.99,6520694,71.92,72.61,71.23,71.99,6520694
2023-10-05,70.56,71.37,69.75,70.35,9822704,70.56,71.37,69.75,70.35,9822704,70.56,71.37,69.75,70.35,9822704
2023-10-06,68.57,69.41,67.74,68.51,9490214,68.57,69.41,67.74,68.51,9490214,68.57,69.41,67.74,68.51,9490214
2023-10-09,66.90,67.89,65.90,67.08,8154709,66.90,67.89,65.90,67.08,8154709,66.90,67.89,65.90,67.08,8154709
2023-10-10,65.83,66.52,65.13,66.00,8313580,65.83,66.52,65.13,66.00,8313580,65.83,66.52,65.13,66.00,8313580
2023-10-11,64.22,64.96,63.47,64.40,8375871,64.22,64.96,63.47,64.40,8375871,64.22,64.96,63.47,64.40,8375871
2023-10-12,66.97,67.58,66.37,67.13,7675071,66.97,67.58,66.37,67.13,7675071,66.97,67.58,66.37,67.13,7675071
2023-10-13,68.48,69.07,67.89,68.49,6450637,68.48,69.07,67.89,68.49,6450637,68.48,69.07,67.89,68.49,6450637
2023-10-16,69.42,70.33,68.51,69.12,10942931,69.42,70.33,68.51,69.12,10942931,69.42,70.33,68.51,69.12,10942931
2023-10-17,68.25,68.57,67.92,68.10,6444167,68.25,68.57,67.92,68.10,6444167,68.25,68.57,67.92,68.10,6444167
2023-10-18,68.53,69.13,67.92,68.56,10607632,68.53,69.13,67.92,68.56,10607632,68.53,69.13,67.92,68.56,10607632
2023-10-19,67.02,67.45,66.60,67.06,9861078,67.02,67.45,66.60,67.06,9861078,67.02,67.45,66.60,67.06,9861078
2023-10-20,68.75,69.30,68.21,68.44,9903664,68.75,69.30,68.21,68.44,9903664,68.75,69.30,68.21,68.44,9903664
2023-10-23,67.57,68.29,66.85,67.51,7371930,67.57,68.29,66.85,67.51,7371930,67.57,68.29,66.85,67.51,7371930
2023-10-24,69.80,70.50,69.10,69.63,7585585,69.80,70.50,69.10,69.63,7585585,69.80,70.50,69.10,69.63,7585585
2023-10-25,67.73,68.54,66.92,67.46,9892386,67.73,68.54,66.92,67.46,9892386,67.73,68.54,66.92,67.46,9892386
2023-10-26,69.67,70.72,68.62,69.69,7940647,69.67,70.72,68.62,69.69,7940647,69.67,70.72,68.62,69.69,7940647
2023-10-27,73.87,74.86,72.88,73.24,7582076,73.87,74.86,72.88,73.24,7582076,73.87,74.86,72.88,73.24,7582076
2023-10-30,73.15,73.96,72.34,73.01,9270100,73.15,73.96,72.34,73.01,9270100,73.15,73.96,72.34,73.01,9270100
2023-10-31,73.49,73.98,73.00,73.73,11174990,73.49,73.98,73.00,73.73,11174990,73.49,73.98,73.00,73.73,11174990
2023-11-01,74.46,75.37,73.56,74.43,10346624,74.46,75.37,73.56,74.43,10346624,74.46,75.37,73.56,74.43,10346624
2023-11-02,75.08,75.91,74.25,75.10,10279706,75.08,75.91,74.25,75.10,10279706,75.08,75.91,74.25,75.10,10279706
2023-11-03,78.63,79.69,77.58,78.61,5740203,78.63,79.69,77.58,78.61,5740203,78.63,79.69,77.58,78.61,5740203
2023-11-06,80.35,81.45,79.25,80.34,10624977,80.35,81.45,79.25,80.34,10624977,80.35,81.45,79.25,80.34,10624977
2023-11-07,79.92,80.48,79.36,80.47,5908428,79.92,80.48,79.36,80.47,5908428,79.92,80.48,79.36,80.47,5908428
2023-11-08,78.53,79.75,77.30,78.50,7888684,78.53,79.75,77.30,78.50,7888684,78.53,79.75,77.30,78.50,7888684
2023-11-09,78.98,79.58,78.38,79.38,9149258,78.98,79.58,78.38,79.38,9149258,78.98,79.58,78.38,79.38,9149258
2023-11-10,78.56,79.25,77.88,78.14,10100299,78.56,79.25,77.88,78.14,10100299,78.56,79.25,77.88,78.14,10100299
2023-11-13,79.51,80.34,78.68,79.45,9314062,79.51,80.34,78.68,79.45,9314062,79.51,80.34,78.68,79.45,9314062
2023-11-14,77.91,78.64,77.18,77.91,6929814,77.91,78.64,77.18,77.91,6929814,77.91,78.64,77.18,77.91,6929814
2023-11-15,77.80,78.90,76.70,77.72,8368720,77.80,78.90,76.70,77.72,8368720,77.80,78.90,76.70,77.72,8368720
2023-11-16,79.28,79.88,78.68,78.89,10572143,79.28,79.88,78.68,78.89,10572143,79.28,79.88,78.68,78.89,10572143
2023-11-17,76.81,78.02,75.59,76.96,7494675,76.81,78.02,75.59,76.96,7494675,76.81,78.02,75.59,76.96,7494675
2023-11-20,76.03,76.96,75.10,76.20,7608413,76.03,76.96,75.10,76.20,7608413,76.03,76.96,75.10,76.20,7608413
2023-11-21,77.39,78.31,76.47,77.22,9393214,77.39,78.31,76.47,77.22,9393214,77.39,78.31,76.47,77.22,9393214
2023-11-22,76.42,77.35,75.49,76.74,6899118,76.42,77.35,75.49,76.74,6899118,76.42,77.35,75.49,76.74,6899118
2023-11-23,78.71,79.31,78.12,78.59,10006595,78.71,79.31,78.12,78.59,10006595,78.71,79.31,78.12,78.59,10006595
2023-11-24,79.67,80.29,79.05,79.74,5639167,79.67,80.29,79.05,79.74,5639167,79.67,80.29,79.05,79.74,5639167
2023-11-27,81.32,81.96,80.68,81.16,6663744,81.32,81.96,80.68,81.16,6663744,81.32,81.96,80.68,81.16,6663744
2023-11-28,81.43,81.98,80.88,81.73,10838974,81.43,81.98,80.88,81.73,10838974,81.43,81.98,80.88,81.73,10838974
2023-11-29,83.15,84.39,81.91,83.46,10717271,83.15,84.39,81.91,83.46,10717271,83.15,84.39,81.91,83.46,10717271
2023-11-30,83.62,85.13,82.10,83.51,10100756,83.62,85.13,82.10,83.51,10100756,83.62,85.13,82.10,83.51,10100756
2023-12-01,83.91,84.77,83.05,83.39,9201933,83.91,84.77,83.05,83.39,9201933,83.91,84.77,83.05,83.39,9201933
2023-12-04,84.64,85.14,84.14,84.28,7851114,84.64,85.14,84.14,84.28,7851114,84.64,85.14,84.14,84.28,7851114
2023-12-05,87.09,87.98,86.20,87.24,10191697,87.09,87.98,86.20,87.24,10191697,87.09,87.98,86.20,87.24,10191697
2023-12-06,87.22,88.24,86.19,87.37,8542419,87.22,88.24,86.19,87.37,8542419,87.22,88.24,86.19,87.37,8542419
2023-12-07,86.18,86.79,85.57,85.60,7379747,86.18,86.79,85.57,85.60,7379747,86.18,86.79,85.57,85.60,7379747
2023-12-08,85.14,86.48,83.79,84.78,5661964,85.14,86.48,83.79,84.78,5661964,85.14,86.48,83.79,84.78,5661964
2023-12-11,83.86,84.83,82.88,83.60,6127376,83.86,84.83,82.88,83.60,6127376,83.86,84.83,82.88,83.60,6127376
2023-12-12,85.87,86.84,84.89,85.81,6457816,85.87,86.84,84.89,85.81,6457816,85.87,86.84,84.89,85.81,6457816
2023-12-13,87.11,87.58,86.63,87.20,5867212,87.11,87.58,86.63,87.20,5867212,87.11,87.58,86.63,87.20,5867212
2023-12-14,88.16,88.90,87.43,88.12,6658798,88.16,88.90,87.43,88.12,6658798,88.16,88.90,87.43,88.12,6658798
2023-12-15,86.09,87.08,85.11,86.15,10749131,86.09,87.08,85.11,86.15,10749131,86.09,87.08,85.11,86.15,10749131
2023-12-18,86.49,86.96,86.02,86.66,5875576,86.49,86.96,86.02,86.66,5875576,86.49,86.96,86.02,86.66,5875576
2023-12-19,85.22,85.96,84.48,85.14,9925212,85.22,85.96,84.48,85.14,9925212,85.22,85.96,84.48,85.14,9925212
2023-12-20,85.51,86.69,84.33,85.89,8121999,85.51,86.69,84.33,85.89,8121999,85.51,86.69,84.33,85.89,8121999
2023-12-21,85.90,86.90,84.91,85.99,9894118,85.90,86.90,84.91,85.99,9894118,85.90,86.90,84.91,85.99,9894118
2023-12-22,85.53,86.77,84.28,85.94,8069227,85.53,86.77,84.28,85.94,8069227,85.53,86.77,84.28,85.94,8069227
2023-12-25,84.37,85.58,83.17,84.12,6395360,84.37,85.58,83.17,84.12,6395360,84.37,85.58,83.17,84.12,6395360
2023-12-26,85.16,86.02,84.30,85.26,8628544,85.16,86.02,84.30,85.26,8628544,85.16,86.02,84.30,85.26,8628544
2023-12-27,85.13,86.27,83.99,85.02,6943242,85.13,86.27,83.99,85.02,6943242,85.13,86.27,83.99,85.02,6943242
2023-12-28,83.50,84.70,82.30,83.50,9078575,83.50,84.70,82.30,83.50,9078575,83.50,84.70,82.30,83.50,9078575
2023-12-29,83.27,83.90,82.64,83.35,9665610,83.27,83.90,82.64,83.35,9665610,83.27,83.90,82.64,83.35,9665610
