Date,Open,High,Low,Close,Volume,UnadjustedOpen,UnadjustedHigh,UnadjustedLow,UnadjustedClose,UnadjustedVolume,AdjustedOpen,AdjustedHigh,AdjustedLow,AdjustedClose,AdjustedVolume
2018-01-02,223.85,225.03,222.67,222.85,1782354,223.85,225.03,222.67,222.85,1782354,223.85,225.03,222.67,222.85,1782354
2018-01-03,217.64,218.98,216.30,218.66,1110997,217.64,218.98,216.30,218.66,1110997,217.64,218.98,216.30,218.66,1110997
2018-01-04,220.66,222.49,218.83,220.50,1355386,220.66,222.49,218.83,220.50,1355386,220.66,222.49,218.83,220.50,1355386
2018-01-05,222.04,225.19,218.89,220.70,1096313,222.04,225.19,218.89,220.70,1096313,222.04,225.19,218.89,220.70,1096313
2018-01-08,218.23,221.32,215.15,218.03,1406555,218.23,221.32,215.15,218.03,1406555,218.23,221.32,215.15,218.03,1406555
2018-01-09,222.46,224.83,220.08,223.19,1280714,222.46,224.83,220.08,223.19,1280714,222.46,224.83,220.08,223.19,1280714
2018-01-10,222.46,224.47,220.46,222.49,1060294,222.46,224.47,220.46,222.49,1060294,222.46,224.47,220.46,222.49,1060294
2018-01-11,218.38,220.83,215.93,218.91,1804207,218.38,220.83,215.93,218.91,1804207,218.38,220.83,215.93,218.91,1804207
2018-01-12,215.00,218.03,211.97,214.89,1825654,215.00,218.03,211.97,214.89,1825654,215.00,218.03,211.97,214.89,1825654
2018-01-15,213.53,216.90,210.16,213.93,1748817,213.53,216.90,210.16,213.93,1748817,213.53,216.90,210.16,213.93,1748817
2018-01-16,219.91,223.14,216.68,220.42,1120686,219.91,223.14,216.68,220.42,1120686,219.91,223.14,216.68,220.42,1120686
2018-01-17,226.81,229.68,223.94,225.97,2051111,226.81,229.68,223.94,225.97,2051111,226.81,229.68,223.94,225.97,2051111
2018-01-18,224.90,226.95,222.85,223.80,1734743,224.90,226.95,222.85,223.80,1734743,224.90,226.95,222.85,223.80,1734743
2018-01-19,222.17,224.99,219.35,221.88,1953681,222.17,224.99,219.35,221.88,1953681,222.17,224.99,219.35,221.88,1953681
2018-01-22,210.76,213.53,207.98,212.40,1316927,210.76,213.53,207.98,212.40,1316927,210.76,213.53,207.98,212.40,1316927
2018-01-23,218.70,221.26,216.13,216.82,1266581,218.70,221.26,216.13,216.82,1266581,218.70,221.26,216.13,216.82,1266581
2018-01-24,226.64,229.29,223.98,224.45,1643621,226.64,229.29,223.98,224.45,1643621,226.64,229.29,223.98,224.45,1643621
2018-01-25,223.71,225.61,221.81,223.17,1285465,223.71,225.61,221.81,223.17,1285465,223.71,225.61,221.81,223.17,1285465
2018-01-26,220.39,222.81,217.97,219.60,1814246,220.39,222.81,217.97,219.60,1814246,220.39,222.81,217.97,219.60,1814246
2018-01-29,217.84,219.94,215.75,218.04,1076565,217.84,219.94,215.75,218.04,1076565,217.84,219.94,215.75,218.04,1076565
2018-01-30,226.79,229.49,224.10,226.26,1760357,226.79,229.49,224.10,226.26,1760357,226.79,229.49,224.10,226.26,1760357
2018-01-31,231.33,235.13,227.53,231.53,1419827,231.33,235.13,227.53,231.53,1419827,231.33,235.13,227.53,231.53,1419827
2018-02-01,233.04,234.69,231.38,232.93,1569610,233.04,234.69,231.38,232.93,1569610,233.04,234.69,231.38,232.93,1569610
2018-02-02,235.02,236.58,233.46,235.28,1307579,235.02,236.58,233.46,235.28,1307579,235.02,236.58,233.46,235.28,1307579
2018-02-05,232.01,234.32,229.69,233.25,1147871,232.01,234.32,229.69,233.25,1147871,232.01,234.32,229.69,233.25,1147871
2018-02-06,224.22,226.53,221.92,224.22,1320244,224.22,226.53,221.92,224.22,1320244,224.22,226.53,221.92,224.22,1320244
2018-02-07,233.47,234.95,232.00,232.14,1779654,233.47,234.95,232.00,232.14,1779654,233.47,234.95,232.00,232.14,1779654
2018-02-08,235.65,238.29,233.01,234.33,1682349,235.65,238.29,233.01,234.33,1682349,235.65,238.29,233.01,234.33,1682349
2018-02-09,235.72,238.81,232.63,235.03,2073088,235.72,238.81,232.63,235.03,2073088,235.72,238.81,232.63,235.03,2073088
2018-02-12,231.45,234.05,228.84,232.44,1752210,231.45,234.05,228.84,232.44,1752210,231.45,234.05,228.84,232.44,1752210
2018-02-13,231.61,234.32,228.90,232.20,1628748,231.61,234.32,228.90,232.20,1628748,231.61,234.32,228.90,232.20,1628748
2018-02-14,228.53,230.81,226.26,228.15,1839780,228.53,230.81,226.26,228.15,1839780,228.53,230.81,226.26,228.15,1839780
2018-02-15,226.43,227.60,225.26,226.41,2011463,226.43,227.60,225.26,226.41,2011463,226.43,227.60,225.26,226.41,2011463
2018-02-16,227.18,230.27,224.10,228.00,1663193,227.18,230.27,224.10,228.00,1663193,227.18,230.27,224.10,228.00,1663193
2018-02-19,238.56,241.67,235.44,237.43,1767900,238.56,241.67,235.44,237.43,1767900,238.56,241.67,235.44,237.43,1767900
2018-02-20,239.76,241.75,237.77,239.00,1717631,239.76,241.75,237.77,239.00,1717631,239.76,241.75,237.77,239.00,1717631
2018-02-21,238.05,239.87,236.24,237.91,1485501,238.05,239.87,236.24,237.91,1485501,238.05,239.87,236.24,237.91,1485501
2018-02-22,236.82,240.12,233.53,236.09,1953893,236.82,240.12,233.53,236.09,1953893,236.82,240.12,233.53,236.09,1953893
2018-02-23,226.39,228.77,224.02,226.23,1071124,226.39,228.77,224.02,226.23,1071124,226.39,228.77,224.02,226.23,1071124
2018-02-26,234.58,237.30,231.86,233.87,1587084,234.58,237.30,231.86,233.87,1587084,234.58,237.30,231.86,233.87,1587084
2018-02-27,233.51,236.27,230.76,231.98,1823360,233.51,236.27,230.76,231.98,1823360,233.51,236.27,230.76,231.98,1823360
2018-02-28,234.92,236.62,233.22,234.00,1719309,234.92,236.62,233.22,234.00,1719309,234.92,236.62,233.22,234.00,1719309
2018-03-01,240.76,244.12,237.40,239.86,1653598,240.76,244.12,237.40,239.86,1653598,240.76,244.12,237.40,239.86,1653598
2018-03-02,249.00,252.77,245.24,247.70,1899371,249.00,252.77,245.24,247.70,1899371,249.00,252.77,245.24,247.70,1899371
2018-03-05,248.75,252.28,245.21,247.14,1059760,248.75,252.28,245.21,247.14,1059760,248.75,252.28,245.21,247.14,1059760
2018-03-06,239.06,241.36,236.76,239.35,1202660,239.06,241.36,236.76,239.35,1202660,239.06,241.36,236.76,239.35,1202660
2018-03-07,247.93,251.67,244.20,247.45,1244217,247.93,251.67,244.20,247.45,1244217,247.93,251.67,244.20,247.45,1244217
2018-03-08,245.39,247.65,243.13,245.84,1472825,245.39,247.65,243.13,245.84,1472825,245.39,247.65,243.13,245.84,1472825
2018-03-09,248.36,251.00,245.72,246.90,2018888,248.36,251.00,245.72,246.90,2018888,248.36,251.00,245.72,246.90,2018888
2018-03-12,249.59,251.98,247.19,250.02,1066330,249.59,251.98,247.19,250.02,1066330,249.59,251.98,247.19,250.02,1066330
2018-03-13,249.95,252.69,247.21,248.83,1480050,249.95,252.69,247.21,248.83,1480050,249.95,252.69,247.21,248.83,1480050
2018-03-14,241.38,243.74,239.02,241.20,1164058,241.38,243.74,239.02,241.20,1164058,241.38,243.74,239.02,241.20,1164058
2018-03-15,235.29,238.73,231.86,234.10,1578666,235.29,238.73,231.86,234.10,1578666,235.29,238.73,231.86,234.10,1578666
2018-03-16,237.65,240.74,234.57,237.88,1577081,237.65,240.74,234.57,237.88,1577081,237.65,240.74,234.57,237.88,1577081
2018-03-19,242.57,245.57,239.56,243.75,1519765,242.57,245.57,239.56,243.75,1519765,242.57,245.57,239.56,243.75,1519765
2018-03-20,236.91,240.34,233.49,235.98,1484420,236.91,240.34,233.49,235.98,1484420,236.91,240.34,233.49,235.98,1484420
2018-03-21,236.78,238.62,234.95,237.52,1373781,236.78,238.62,234.95,237.52,1373781,236.78,238.62,234.95,237.52,1373781
2018-03-22,239.09,241.83,236.35,239.08,2082417,239.09,241.83,236.35,239.08,2082417,239.09,241.83,236.35,239.08,2082417
2018-03-23,239.35,242.25,236.44,239.86,1866487,239.35,242.25,236.44,239.86,1866487,239.35,242.25,236.44,239.86,1866487
2018-03-26,244.57,246.83,242.32,244.71,1425641,244.57,246.83,242.32,244.71,1425641,244.57,246.83,242.32,244.71,1425641
2018-03-27,252.06,255.25,248.86,250.59,1561033,252.06,255.25,248.86,250.59,1561033,252.06,255.25,248.86,250.59,1561033
2018-03-28,247.44,250.87,244.01,247.04,1140809,247.44,250.87,244.01,247.04,1140809,247.44,250.87,244.01,247.04,1140809
2018-03-29,246.23,249.61,242.86,246.96,1696560,246.23,249.61,242.86,246.96,1696560,246.23,249.61,242.86,246.96,1696560
2018-03-30,255.42,257.05,253.79,256.39,1150490,255.42,257.05,253.79,256.39,1150490,255.42,257.05,253.79,256.39,1150490
2018-04-02,258.70,261.45,255.94,259.39,1473663,258.70,261.45,255.94,259.39,1473663,258.70,261.45,255.94,259.39,1473663
2018-04-03,257.94,261.27,254.61,256.87,1275003,257.94,261.27,254.61,256.87,1275003,257.94,261.27,254.61,256.87,1275003
2018-04-04,250.72,253.70,247.74,250.48,1679838,250.72,253.70,247.74,250.48,1679838,250.72,253.70,247.74,250.48,1679838
2018-04-05,250.04,252.92,247.16,249.62,1345848,250.04,252.92,247.16,249.62,1345848,250.04,252.92,247.16,249.62,1345848
2018-04-06,244.80,246.78,242.82,243.71,1372593,244.80,246.78,242.82,243.71,1372593,244.80,246.78,242.82,243.71,1372593
2018-04-09,242.85,244.36,241.34,242.58,2068318,242.85,244.36,241.34,242.58,2068318,242.85,244.36,241.34,242.58,2068318
2018-04-10,241.47,244.69,238.26,242.46,1842273,241.47,244.69,238.26,242.46,1842273,241.47,244.69,238.26,242.46,1842273
2018-04-11,247.85,251.33,244.36,247.51,1608931,247.85,251.33,244.36,247.51,1608931,247.85,251.33,244.36,247.51,1608931
2018-04-12,248.23,251.67,244.80,246.10,1428559,248.23,251.67,244.80,246.10,1428559,248.23,251.67,244.80,246.10,1428559
2018-04-13,242.67,244.42,240.92,241.01,1310013,242.67,244.42,240.92,241.01,1310013,242.67,244.42,240.92,241.01,1310013
2018-04-16,245.73,247.59,243.86,244.61,1414199,245.73,247.59,243.86,244.61,1414199,245.73,247.59,243.86,244.61,1414199
2018-04-17,242.11,244.95,239.27,242.45,1457238,242.11,244.95,239.27,242.45,1457238,242.11,244.95,239.27,242.45,1457238
2018-04-18,240.38,242.55,238.21,240.51,2030576,240.38,242.55,238.21,240.51,2030576,240.38,242.55,238.21,240.51,2030576
2018-04-19,243.08,245.68,240.49,242.47,1148011,243.08,245.68,240.49,242.47,1148011,243.08,245.68,240.49,242.47,1148011
2018-04-20,242.78,245.87,239.69,244.44,2072077,242.78,245.87,239.69,244.44,2072077,242.78,245.87,239.69,244.44,2072077
2018-04-23,241.63,244.92,238.33,241.08,1887530,241.63,244.92,238.33,241.08,1887530,241.63,244.92,238.33,241.08,1887530
2018-04-24,247.48,250.87,244.09,248.18,1505116,247.48,250.87,244.09,248.18,1505116,247.48,250.87,244.09,248.18,1505116
2018-04-25,247.43,250.04,244.81,249.38,1589740,247.43,250.04,244.81,249.38,1589740,247.43,250.04,244.81,249.38,1589740
2018-04-26,249.01,253.28,244.73,249.02,1996142,249.01,253.28,244.73,249.02,1996142,249.01,253.28,244.73,249.02,1996142
2018-04-27,253.67,255.30,252.04,252.23,1682608,253.67,255.30,252.04,252.23,1682608,253.67,255.30,252.04,252.23,1682608
2018-04-30,255.79,259.03,252.56,256.50,1898408,255.79,259.03,252.56,256.50,1898408,255.79,259.03,252.56,256.50,1898408
2018-05-01,261.96,264.84,259.09,260.58,1862497,261.96,264.84,259.09,260.58,1862497,261.96,264.84,259.09,260.58,1862497
2018-05-02,261.95,265.01,258.90,260.28,1944727,261.95,265.01,258.90,260.28,1944727,261.95,265.01,258.90,260.28,1944727
2018-05-03,261.49,266.46,256.52,260.23,1177513,261.49,266.46,256.52,260.23,1177513,261.49,266.46,256.52,260.23,1177513
2018-05-04,257.89,261.05,254.73,257.82,1682834,257.89,261.05,254.73,257.82,1682834,257.89,261.05,254.73,257.82,1682834
2018-05-07,251.96,255.58,248.34,251.78,2092905,251.96,255.58,248.34,251.78,2092905,251.96,255.58,248.34,251.78,2092905
2018-05-08,246.90,250.34,243.46,247.79,1350083,246.90,250.34,243.46,247.79,1350083,246.90,250.34,243.46,247.79,1350083
2018-05-09,250.62,253.42,247.82,249.55,1841408,250.62,253.42,247.82,249.55,1841408,250.62,253.42,247.82,249.55,1841408
2018-05-10,250.64,253.72,247.55,251.08,1780212,250.64,253.72,247.55,251.08,1780212,250.64,253.72,247.55,251.08,1780212
2018-05-11,249.34,251.19,247.50,249.57,1799150,249.34,251.19,247.50,249.57,1799150,249.34,251.19,247.50,249.57,1799150
2018-05-14,250.56,253.11,248.01,250.07,1814626,250.56,253.11,248.01,250.07,1814626,250.56,253.11,248.01,250.07,1814626
2018-05-15,250.76,253.00,248.52,251.02,1411266,250.76,253.00,248.52,251.02,1411266,250.76,253.00,248.52,251.02,1411266
2018-05-16,236.94,240.08,233.81,237.41,1580555,236.94,240.08,233.81,237.41,1580555,236.94,240.08,233.81,237.41,1580555
2018-05-17,238.39,240.78,236.00,236.86,1347279,238.39,240.78,236.00,236.86,1347279,238.39,240.78,236.00,236.86,1347279
2018-05-18,241.14,242.42,239.85,239.88,1865547,241.14,242.42,239.85,239.88,1865547,241.14,242.42,239.85,239.88,1865547
2018-05-21,242.58,244.86,240.30,241.82,1154653,242.58,244.86,240.30,241.82,1154653,242.58,244.86,240.30,241.82,1154653
2018-05-22,235.38,237.95,232.82,235.02,1522563,235.38,237.95,232.82,235.02,1522563,235.38,237.95,232.82,235.02,1522563
2018-05-23,225.03,227.81,222.25,224.73,1365286,225.03,227.81,222.25,224.73,1365286,225.03,227.81,222.25,224.73,1365286
2018-05-24,225.51,227.54,223.48,224.44,1549300,225.51,227.54,223.48,224.44,1549300,225.51,227.54,223.48,224.44,1549300
2018-05-25,224.40,225.95,222.84,223.77,1697327,224.40,225.95,222.84,223.77,1697327,224.40,225.95,222.84,223.77,1697327
2018-05-28,221.31,222.58,220.04,222.27,2005836,221.31,222.58,220.04,222.27,2005836,221.31,222.58,220.04,222.27,2005836
2018-05-29,223.13,226.31,219.95,224.05,1477086,223.13,226.31,219.95,224.05,1477086,223.13,226.31,219.95,224.05,1477086
2018-05-30,229.81,232.78,226.84,229.03,1782984,229.81,232.78,226.84,229.03,1782984,229.81,232.78,226.84,229.03,1782984
2018-05-31,231.10,233.82,228.37,229.60,1199222,231.10,233.82,228.37,229.60,1199222,231.10,233.82,228.37,229.60,1199222
2018-06-01,223.45,226.51,220.39,224.03,1295017,223.45,226.51,220.39,224.03,1295017,223.45,226.51,220.39,224.03,1295017
2018-06-04,219.22,222.71,215.72,220.12,1146638,219.22,222.71,215.72,220.12,1146638,219.22,222.71,215.72,220.12,1146638
2018-06-05,223.59,226.23,220.95,223.88,1349263,223.59,226.23,220.95,223.88,1349263,223.59,226.23,220.95,223.88,1349263
2018-06-06,229.57,232.54,226.60,228.40,1483765,229.57,232.54,226.60,228.40,1483765,229.57,232.54,226.60,228.40,1483765
2018-06-07,225.91,228.81,223.02,224.97,1622622,225.91,228.81,223.02,224.97,1622622,225.91,228.81,223.02,224.97,1622622
2018-06-08,230.31,233.50,227.12,231.99,1539442,230.31,233.50,227.12,231.99,1539442,230.31,233.50,227.12,231.99,1539442
2018-06-11,232.62,236.00,229.25,232.16,1704174,232.62,236.00,229.25,232.16,1704174,232.62,236.00,229.25,232.16,1704174
2018-06-12,229.96,231.12,228.80,229.04,1761133,229.96,231.12,228.80,229.04,1761133,229.96,231.12,228.80,229.04,1761133
2018-06-13,234.21,238.16,230.25,232.35,1359530,234.21,238.16,230.25,232.35,1359530,234.21,238.16,230.25,232.35,1359530
2018-06-14,231.18,234.11,228.25,231.55,1883172,231.18,234.11,228.25,231.55,1883172,231.18,234.11,228.25,231.55,1883172
2018-06-15,230.86,232.44,229.29,231.33,1325396,230.86,232.44,229.29,231.33,1325396,230.86,232.44,229.29,231.33,1325396
2018-06-18,227.96,231.44,224.48,227.04,2035289,227.96,231.44,224.48,227.04,2035289,227.96,231.44,224.48,227.04,2035289
2018-06-19,229.65,232.72,226.59,230.96,1336004,229.65,232.72,226.59,230.96,1336004,229.65,232.72,226.59,230.96,1336004
2018-06-20,235.81,237.85,233.77,236.56,1351712,235.81,237.85,233.77,236.56,1351712,235.81,237.85,233.77,236.56,1351712
2018-06-21,234.43,237.82,231.03,233.19,2099757,234.43,237.82,231.03,233.19,2099757,234.43,237.82,231.03,233.19,2099757
2018-06-22,230.57,232.07,229.07,230.33,1228381,230.57,232.07,229.07,230.33,1228381,230.57,232.07,229.07,230.33,1228381
2018-06-25,231.68,233.35,230.01,232.45,1480340,231.68,233.35,230.01,232.45,1480340,231.68,233.35,230.01,232.45,1480340
2018-06-26,234.23,236.59,231.87,234.13,1052669,234.23,236.59,231.87,234.13,1052669,234.23,236.59,231.87,234.13,1052669
2018-06-27,234.21,238.33,230.09,233.84,1506106,234.21,238.33,230.09,233.84,1506106,234.21,238.33,230.09,233.84,1506106
2018-06-28,231.03,234.61,227.46,231.18,1084793,231.03,234.61,227.46,231.18,1084793,231.03,234.61,227.46,231.18,1084793
2018-06-29,234.69,236.68,232.70,234.58,1958241,234.69,236.68,232.70,234.58,1958241,234.69,236.68,232.70,234.58,1958241
2018-07-02,228.09,230.36,225.81,229.22,1726252,228.09,230.36,225.81,229.22,1726252,228.09,230.36,225.81,229.22,1726252
2018-07-03,228.35,231.70,225.01,227.55,2062791,228.35,231.70,225.01,227.55,2062791,228.35,231.70,225.01,227.55,2062791
2018-07-04,227.29,229.28,225.30,227.60,1785716,227.29,229.28,225.30,227.60,1785716,227.29,229.28,225.30,227.60,1785716
2018-07-05,229.89,232.50,227.28,231.12,1435689,229.89,232.50,227.28,231.12,1435689,229.89,232.50,227.28,231.12,1435689
2018-07-06,227.99,229.09,226.89,227.30,2030508,227.99,229.09,226.89,227.30,2030508,227.99,229.09,226.89,227.30,2030508
2018-07-09,235.63,238.31,232.95,234.35,1898453,235.63,238.31,232.95,234.35,1898453,235.63,238.31,232.95,234.35,1898453
2018-07-10,225.12,227.77,222.46,224.72,1886652,225.12,227.77,222.46,224.72,1886652,225.12,227.77,222.46,224.72,1886652
2018-07-11,228.56,231.61,225.51,227.10,1069421,228.56,231.61,225.51,227.10,1069421,228.56,231.61,225.51,227.10,1069421
2018-07-12,228.02,230.60,225.45,226.53,1674030,228.02,230.60,225.45,226.53,1674030,228.02,230.60,225.45,226.53,1674030
2018-07-13,234.77,238.71,230.83,233.96,2015167,234.77,238.71,230.83,233.96,2015167,234.77,238.71,230.83,233.96,2015167
2018-07-16,232.98,236.28,229.67,232.42,1112980,232.98,236.28,229.67,232.42,1112980,232.98,236.28,229.67,232.42,1112980
2018-07-17,232.86,234.63,231.10,232.89,1625459,232.86,234.63,231.10,232.89,1625459,232.86,234.63,231.10,232.89,1625459
2018-07-18,235.54,238.50,232.58,236.44,2082163,235.54,238.50,232.58,236.44,2082163,235.54,238.50,232.58,236.44,2082163
2018-07-19,235.82,237.79,233.86,236.01,1280332,235.82,237.79,233.86,236.01,1280332,235.82,237.79,233.86,236.01,1280332
2018-07-20,234.49,237.18,231.80,233.98,1498546,234.49,237.18,231.80,233.98,1498546,234.49,237.18,231.80,233.98,1498546
2018-07-23,237.05,239.80,234.30,238.60,1451273,237.05,239.80,234.30,238.60,1451273,237.05,239.80,234.30,238.60,1451273
2018-07-24,240.59,242.33,238.84,239.77,1489715,240.59,242.33,238.84,239.77,1489715,240.59,242.33,238.84,239.77,1489715
2018-07-25,246.58,249.20,243.96,247.10,2081887,246.58,249.20,243.96,247.10,2081887,246.58,249.20,243.96,247.10,2081887
2018-07-26,247.74,252.76,242.72,246.51,1478008,247.74,252.76,242.72,246.51,1478008,247.74,252.76,242.72,246.51,1478008
2018-07-27,245.62,248.30,242.94,245.97,1254168,245.62,248.30,242.94,245.97,1254168,245.62,248.30,242.94,245.97,1254168
2018-07-30,242.22,245.25,239.19,242.68,2013006,242.22,245.25,239.19,242.68,2013006,242.22,245.25,239.19,242.68,2013006
2018-07-31,238.70,241.37,236.03,238.08,1121048,238.70,241.37,236.03,238.08,1121048,238.70,241.37,236.03,238.08,1121048
2018-08-01,229.73,231.99,227.48,230.19,1734108,229.73,231.99,227.48,230.19,1734108,229.73,231.99,227.48,230.19,1734108
2018-08-02,225.51,229.13,221.90,225.10,1948635,225.51,229.13,221.90,225.10,1948635,225.51,229.13,221.90,225.10,1948635
2018-08-03,224.47,226.73,222.21,224.98,1571928,224.47,226.73,222.21,224.98,1571928,224.47,226.73,222.21,224.98,1571928
2018-08-06,226.56,229.95,223.17,226.10,1067375,226.56,229.95,223.17,226.10,1067375,226.56,229.95,223.17,226.10,1067375
2018-08-07,226.57,228.87,224.28,226.26,2020227,226.57,228.87,224.28,226.26,2020227,226.57,228.87,224.28,226.26,2020227
2018-08-08,232.17,234.74,229.61,230.42,1607060,232.17,234.74,229.61,230.42,1607060,232.17,234.74,229.61,230.42,1607060
2018-08-09,233.77,236.07,231.47,234.96,1885132,233.77,236.07,231.47,234.96,1885132,233.77,236.07,231.47,234.96,1885132
2018-08-10,233.08,235.28,230.87,232.73,2003459,233.08,235.28,230.87,232.73,2003459,233.08,235.28,230.87,232.73,2003459
2018-08-13,227.00,228.93,225.06,227.14,1256280,227.00,228.93,225.06,227.14,1256280,227.00,228.93,225.06,227.14,1256280
2018-08-14,221.98,224.60,219.36,221.74,1873565,221.98,224.60,219.36,221.74,1873565,221.98,224.60,219.36,221.74,1873565
2018-08-15,220.67,223.31,218.04,220.45,1448223,220.67,223.31,218.04,220.45,1448223,220.67,223.31,218.04,220.45,1448223
2018-08-16,223.73,227.01,220.44,222.59,1105523,223.73,227.01,220.44,222.59,1105523,223.73,227.01,220.44,222.59,1105523
2018-08-17,220.77,222.13,219.42,221.21,1126073,220.77,222.13,219.42,221.21,1126073,220.77,222.13,219.42,221.21,1126073
2018-08-20,228.19,230.14,226.24,228.93,1176757,228.19,230.14,226.24,228.93,1176757,228.19,230.14,226.24,228.93,1176757
2018-08-21,228.33,229.57,227.08,228.59,1190741,228.33,229.57,227.08,228.59,1190741,228.33,229.57,227.08,228.59,1190741
2018-08-22,232.29,234.29,230.28,230.54,1919136,232.29,234.29,230.28,230.54,1919136,232.29,234.29,230.28,230.54,1919136
2018-08-23,225.29,228.83,221.75,225.46,1357073,225.29,228.83,221.75,225.46,1357073,225.29,228.83,221.75,225.46,1357073
2018-08-24,226.44,228.86,224.02,225.32,1067683,226.44,228.86,224.02,225.32,1067683,226.44,228.86,224.02,225.32,1067683
2018-08-27,219.72,221.39,218.04,219.59,1192334,219.72,221.39,218.04,219.59,1192334,219.72,221.39,218.04,219.59,1192334
2018-08-28,217.32,220.43,214.21,218.24,1388379,217.32,220.43,214.21,218.24,1388379,217.32,220.43,214.21,218.24,1388379
2018-08-29,212.53,215.81,209.25,211.47,1779157,212.53,215.81,209.25,211.47,1779157,212.53,215.81,209.25,211.47,1779157
2018-08-30,213.40,213.93,212.86,213.22,1754305,213.40,213.93,212.86,213.22,1754305,213.40,213.93,212.86,213.22,1754305
2018-08-31,216.79,219.54,214.05,217.54,1065661,216.79,219.54,214.05,217.54,1065661,216.79,219.54,214.05,217.54,1065661
2018-09-03,214.50,216.47,212.53,214.24,1268002,214.50,216.47,212.53,214.24,1268002,214.50,216.47,212.53,214.24,1268002
2018-09-04,210.23,212.93,207.54,210.20,1594282,210.23,212.93,207.54,210.20,1594282,210.23,212.93,207.54,210.20,1594282
2018-09-05,209.59,212.09,207.08,208.25,2073088,209.59,212.09,207.08,208.25,2073088,209.59,212.09,207.08,208.25,2073088
2018-09-06,201.96,204.59,199.32,202.40,1971896,201.96,204.59,199.32,202.40,1971896,201.96,204.59,199.32,202.40,1971896
2018-09-07,208.07,210.96,205.17,206.95,1321603,208.07,210.96,205.17,206.95,1321603,208.07,210.96,205.17,206.95,1321603
2018-09-10,212.27,213.51,211.02,211.87,1698220,212.27,213.51,211.02,211.87,1698220,212.27,213.51,211.02,211.87,1698220
2018-09-11,211.96,215.65,208.27,211.78,1354151,211.96,215.65,208.27,211.78,1354151,211.96,215.65,208.27,211.78,1354151
2018-09-12,209.75,211.88,207.62,210.05,1168900,209.75,211.88,207.62,210.05,1168900,209.75,211.88,207.62,210.05,1168900
2018-09-13,207.58,210.17,204.98,207.44,1510114,207.58,210.17,204.98,207.44,1510114,207.58,210.17,204.98,207.44,1510114
2018-09-14,203.83,206.29,201.36,203.45,1713559,203.83,206.29,201.36,203.45,1713559,203.83,206.29,201.36,203.45,1713559
2018-09-17,198.19,200.64,195.73,196.97,1281181,198.19,200.64,195.73,196.97,1281181,198.19,200.64,195.73,196.97,1281181
2018-09-18,198.02,201.48,194.57,197.24,1454036,198.02,201.48,194.57,197.24,1454036,198.02,201.48,194.57,197.24,1454036
2018-09-19,196.24,197.22,195.26,196.93,1385099,196.24,197.22,195.26,196.93,1385099,196.24,197.22,195.26,196.93,1385099
2018-09-20,196.50,198.28,194.73,196.74,1559474,196.50,198.28,194.73,196.74,1559474,196.50,198.28,194.73,196.74,1559474
2018-09-21,197.69,200.31,195.07,197.44,1991177,197.69,200.31,195.07,197.44,1991177,197.69,200.31,195.07,197.44,1991177
2018-09-24,203.05,204.61,201.49,202.35,1676885,203.05,204.61,201.49,202.35,1676885,203.05,204.61,201.49,202.35,1676885
2018-09-25,201.52,204.04,199.00,200.88,1926189,201.52,204.04,199.00,200.88,1926189,201.52,204.04,199.00,200.88,1926189
2018-09-26,192.97,195.04,190.89,190.96,1260000,192.97,195.04,190.89,190.96,1260000,192.97,195.04,190.89,190.96,1260000
2018-09-27,184.80,187.34,182.26,184.32,2003603,184.80,187.34,182.26,184.32,2003603,184.80,187.34,182.26,184.32,2003603
2018-09-28,182.60,184.05,181.15,182.37,1498042,182.60,184.05,181.15,182.37,1498042,182.60,184.05,181.15,182.37,1498042
2018-10-01,184.64,186.54,182.74,185.05,1062507,184.64,186.54,182.74,185.05,1062507,184.64,186.54,182.74,185.05,1062507
2018-10-02,180.88,183.59,178.17,181.22,1644629,180.88,183.59,178.17,181.22,1644629,180.88,183.59,178.17,181.22,1644629
2018-10-03,188.88,191.67,186.09,187.37,1561998,188.88,191.67,186.09,187.37,1561998,188.88,191.67,186.09,187.37,1561998
2018-10-04,182.98,184.88,181.08,183.75,1896442,182.98,184.88,181.08,183.75,1896442,182.98,184.88,181.08,183.75,1896442
2018-10-05,182.58,184.05,181.10,181.13,1250220,182.58,184.05,181.10,181.13,1250220,182.58,184.05,181.10,181.13,1250220
2018-10-08,183.57,186.02,181.12,183.07,1724277,183.57,186.02,181.12,183.07,1724277,183.57,186.02,181.12,183.07,1724277
2018-10-09,181.24,184.34,178.15,179.76,1514453,181.24,184.34,178.15,179.76,1514453,181.24,184.34,178.15,179.76,1514453
2018-10-10,177.83,181.26,174.39,178.73,1780349,177.83,181.26,174.39,178.73,1780349,177.83,181.26,174.39,178.73,1780349
2018-10-11,176.66,177.54,175.77,176.41,2001787,176.66,177.54,175.77,176.41,2001787,176.66,177.54,175.77,176.41,2001787
2018-10-12,174.52,176.29,172.74,174.73,1798438,174.52,176.29,172.74,174.73,1798438,174.52,176.29,172.74,174.73,1798438
2018-10-15,179.05,182.87,175.23,178.35,1915406,179.05,182.87,175.23,178.35,1915406,179.05,182.87,175.23,178.35,1915406
2018-10-16,176.01,178.48,173.55,176.59,1837462,176.01,178.48,173.55,176.59,1837462,176.01,178.48,173.55,176.59,1837462
2018-10-17,173.41,175.98,170.84,172.92,1760941,173.41,175.98,170.84,172.92,1760941,173.41,175.98,170.84,172.92,1760941
2018-10-18,168.31,169.72,166.91,168.88,1340507,168.31,169.72,166.91,168.88,1340507,168.31,169.72,166.91,168.88,1340507
2018-10-19,168.89,171.00,166.78,168.40,1870604,168.89,171.00,166.78,168.40,1870604,168.89,171.00,166.78,168.40,1870604
2018-10-22,170.59,172.09,169.10,171.27,1414857,170.59,172.09,169.10,171.27,1414857,170.59,172.09,169.10,171.27,1414857
2018-10-23,169.06,170.53,167.59,169.64,1905524,169.06,170.53,167.59,169.64,1905524,169.06,170.53,167.59,169.64,1905524
2018-10-24,163.33,164.67,161.99,162.90,1200732,163.33,164.67,161.99,162.90,1200732,163.33,164.67,161.99,162.90,1200732
2018-10-25,163.46,165.34,161.58,162.36,1837089,163.46,165.34,161.58,162.36,1837089,163.46,165.34,161.58,162.36,1837089
2018-10-26,162.82,164.80,160.85,162.86,2060580,162.82,164.80,160.85,162.86,2060580,162.82,164.80,160.85,162.86,2060580
2018-10-29,159.78,161.86,157.71,160.84,1934128,159.78,161.86,157.71,160.84,1934128,159.78,161.86,157.71,160.84,1934128
2018-10-30,161.02,162.62,159.41,160.51,1550547,161.02,162.62,159.41,160.51,1550547,161.02,162.62,159.41,160.51,1550547
2018-10-31,162.35,164.57,160.14,160.60,1545953,162.35,164.57,160.14,160.60,1545953,162.35,164.57,160.14,160.60,1545953
2018-11-01,159.46,161.08,157.83,159.37,1640672,159.46,161.08,157.83,159.37,1640672,159.46,161.08,157.83,159.37,1640672
2018-11-02,157.80,159.82,155.79,158.51,1216863,157.80,159.82,155.79,158.51,1216863,157.80,159.82,155.79,158.51,1216863
2018-11-05,154.18,155.42,152.95,154.81,1283907,154.18,155.42,152.95,154.81,1283907,154.18,155.42,152.95,154.81,1283907
2018-11-06,154.57,155.90,153.23,153.92,1348082,154.57,155.90,153.23,153.92,1348082,154.57,155.90,153.23,153.92,1348082
2018-11-07,152.48,153.31,151.65,152.25,1723120,152.48,153.31,151.65,152.25,1723120,152.48,153.31,151.65,152.25,1723120
2018-11-08,152.28,155.05,149.50,151.94,2099539,152.28,155.05,149.50,151.94,2099539,152.28,155.05,149.50,151.94,2099539
2018-11-09,153.04,154.97,151.11,152.59,1564889,153.04,154.97,151.11,152.59,1564889,153.04,154.97,151.11,152.59,1564889
2018-11-12,153.83,156.01,151.65,153.08,1780606,153.83,156.01,151.65,153.08,1780606,153.83,156.01,151.65,153.08,1780606
2018-11-13,155.96,158.08,153.85,155.32,2094087,155.96,158.08,153.85,155.32,2094087,155.96,158.08,153.85,155.32,2094087
2018-11-14,153.84,154.94,152.74,154.34,1464872,153.84,154.94,152.74,154.34,1464872,153.84,154.94,152.74,154.34,1464872
2018-11-15,155.62,158.33,152.90,155.94,1353154,155.62,158.33,152.90,155.94,1353154,155.62,158.33,152.90,155.94,1353154
2018-11-16,156.45,157.49,155.41,156.72,1384307,156.45,157.49,155.41,156.72,1384307,156.45,157.49,155.41,156.72,1384307
2018-11-19,155.27,157.56,152.97,155.38,1092391,155.27,157.56,152.97,155.38,1092391,155.27,157.56,152.97,155.38,1092391
2018-11-20,151.52,154.25,148.79,151.00,1375293,151.52,154.25,148.79,151.00,1375293,151.52,154.25,148.79,151.00,1375293
2018-11-21,148.61,149.68,147.55,148.58,1762413,148.61,149.68,147.55,148.58,1762413,148.61,149.68,147.55,148.58,1762413
2018-11-22,146.73,147.93,145.54,147.41,1948215,146.73,147.93,145.54,147.41,1948215,146.73,147.93,145.54,147.41,1948215
2018-11-23,149.13,150.44,147.82,148.44,2010582,149.13,150.44,147.82,148.44,2010582,149.13,150.44,147.82,148.44,2010582
2018-11-26,149.60,150.95,148.24,150.03,1584239,149.60,150.95,148.24,150.03,1584239,149.60,150.95,148.24,150.03,1584239
2018-11-27,150.35,150.69,150.02,150.04,1615192,150.35,150.69,150.02,150.04,1615192,150.35,150.69,150.02,150.04,1615192
2018-11-28,151.12,152.70,149.54,150.91,2067060,151.12,152.70,149.54,150.91,2067060,151.12,152.70,149.54,150.91,2067060
2018-11-29,151.03,152.85,149.20,149.50,1135077,151.03,152.85,149.20,149.50,1135077,151.03,152.85,149.20,149.50,1135077
2018-11-30,149.54,151.02,148.06,149.94,1314038,149.54,151.02,148.06,149.94,1314038,149.54,151.02,148.06,149.94,1314038
2018-12-03,151.54,152.78,150.29,150.40,1137870,151.54,152.78,150.29,150.40,1137870,151.54,152.78,150.29,150.40,1137870
2018-12-04,150.49,152.52,148.46,149.68,1267100,150.49,152.52,148.46,149.68,1267100,150.49,152.52,148.46,149.68,1267100
2018-12-05,146.98,148.75,145.22,146.78,1144400,146.98,148.75,145.22,146.78,1144400,146.98,148.75,145.22,146.78,1144400
2018-12-06,144.41,145.36,143.47,144.19,1813210,144.41,145.36,143.47,144.19,1813210,144.41,145.36,143.47,144.19,1813210
2018-12-07,144.91,147.28,142.54,145.17,1670573,144.91,147.28,142.54,145.17,1670573,144.91,147.28,142.54,145.17,1670573
2018-12-10,144.38,146.33,142.44,143.80,1425727,144.38,146.33,142.44,143.80,1425727,144.38,146.33,142.44,143.80,1425727
2018-12-11,142.58,144.09,141.06,142.21,1630714,142.58,144.09,141.06,142.21,1630714,142.58,144.09,141.06,142.21,1630714
2018-12-12,143.84,144.77,142.91,143.60,2082033,143.84,144.77,142.91,143.60,2082033,143.84,144.77,142.91,143.60,2082033
2018-12-13,145.14,146.70,143.59,144.58,2066701,145.14,146.70,143.59,144.58,2066701,145.14,146.70,143.59,144.58,2066701
2018-12-14,147.13,149.09,145.17,146.43,1341014,147.13,149.09,145.17,146.43,1341014,147.13,149.09,145.17,146.43,1341014
2018-12-17,147.52,149.57,145.47,147.17,1698243,147.52,149.57,145.47,147.17,1698243,147.52,149.57,145.47,147.17,1698243
2018-12-18,147.18,149.74,144.62,148.03,1109822,147.18,149.74,144.62,148.03,1109822,147.18,149.74,144.62,148.03,1109822
2018-12-19,151.31,152.81,149.80,152.67,2037483,151.31,152.81,149.80,152.67,2037483,151.31,152.81,149.80,152.67,2037483
2018-12-20,155.40,156.53,154.27,155.64,1379760,155.40,156.53,154.27,155.64,1379760,155.40,156.53,154.27,155.64,1379760
2018-12-21,156.18,157.75,154.60,157.03,1472539,156.18,157.75,154.60,157.03,1472539,156.18,157.75,154.60,157.03,1472539
2018-12-24,153.49,154.90,152.08,154.03,1662271,153.49,154.90,152.08,154.03,1662271,153.49,154.90,152.08,154.03,1662271
2018-12-25,154.22,155.95,152.48,154.14,1786057,154.22,155.95,152.48,154.14,1786057,154.22,155.95,152.48,154.14,1786057
2018-12-26,148.82,150.57,147.07,148.27,2024186,148.82,150.57,147.07,148.27,2024186,148.82,150.57,147.07,148.27,2024186
2018-12-27,144.61,146.38,142.85,145.04,1625059,144.61,146.38,142.85,145.04,1625059,144.61,146.38,142.85,145.04,1625059
2018-12-28,141.51,142.32,140.71,142.31,1240097,141.51,142.32,140.71,142.31,1240097,141.51,142.32,140.71,142.31,1240097
2018-12-31,146.78,147.96,145.60,145.86,1777461,146.78,147.96,145.60,145.86,1777461,146.78,147.96,145.60,145.86,1777461
2019-01-01,152.18,154.00,150.36,152.05,2076051,152.18,154.00,150.36,152.05,2076051,152.18,154.00,150.36,152.05,2076051
2019-01-02,156.20,157.94,154.46,155.95,1310043,156.20,157.94,154.46,155.95,1310043,156.20,157.94,154.46,155.95,1310043
2019-01-03,149.74,152.17,147.31,149.09,1335917,149.74,152.17,147.31,149.09,1335917,149.74,152.17,147.31,149.09,1335917
2019-01-04,149.05,151.29,146.81,148.74,1256857,149.05,151.29,146.81,148.74,1256857,149.05,151.29,146.81,148.74,1256857
2019-01-07,149.02,150.92,147.13,148.80,1731898,149.02,150.92,147.13,148.80,1731898,149.02,150.92,147.13,148.80,1731898
2019-01-08,151.29,153.13,149.44,150.43,1081276,151.29,153.13,149.44,150.43,1081276,151.29,153.13,149.44,150.43,1081276
2019-01-09,149.45,150.89,148.02,149.06,2007171,149.45,150.89,148.02,149.06,2007171,149.45,150.89,148.02,149.06,2007171
2019-01-10,148.51,151.10,145.91,148.23,1943685,148.51,151.10,145.91,148.23,1943685,148.51,151.10,145.91,148.23,1943685
2019-01-11,146.77,148.61,144.94,146.58,1274822,146.77,148.61,144.94,146.58,1274822,146.77,148.61,144.94,146.58,1274822
2019-01-14,146.48,149.22,143.73,146.68,1461228,146.48,149.22,143.73,146.68,1461228,146.48,149.22,143.73,146.68,1461228
2019-01-15,146.89,148.33,145.44,146.27,1344537,146.89,148.33,145.44,146.27,1344537,146.89,148.33,145.44,146.27,1344537
2019-01-16,149.51,151.21,147.81,149.54,1614016,149.51,151.21,147.81,149.54,1614016,149.51,151.21,147.81,149.54,1614016
2019-01-17,151.07,153.41,148.74,150.48,2061280,151.07,153.41,148.74,150.48,2061280,151.07,153.41,148.74,150.48,2061280
2019-01-18,151.11,153.11,149.11,150.93,1467684,151.11,153.11,149.11,150.93,1467684,151.11,153.11,149.11,150.93,1467684
2019-01-21,154.06,155.73,152.39,154.21,1189660,154.06,155.73,152.39,154.21,1189660,154.06,155.73,152.39,154.21,1189660
2019-01-22,154.83,157.46,152.20,154.80,1888446,154.83,157.46,152.20,154.80,1888446,154.83,157.46,152.20,154.80,1888446
2019-01-23,158.22,159.10,157.34,158.08,1833329,158.22,159.10,157.34,158.08,1833329,158.22,159.10,157.34,158.08,1833329
2019-01-24,163.93,165.78,162.07,163.88,1835858,163.93,165.78,162.07,163.88,1835858,163.93,165.78,162.07,163.88,1835858
2019-01-25,167.06,167.99,166.13,166.38,1860475,167.06,167.99,166.13,166.38,1860475,167.06,167.99,166.13,166.38,1860475
2019-01-28,159.49,160.55,158.44,160.02,2095314,159.49,160.55,158.44,160.02,2095314,159.49,160.55,158.44,160.02,2095314
2019-01-29,164.68,167.35,162.02,164.34,1243066,164.68,167.35,162.02,164.34,1243066,164.68,167.35,162.02,164.34,1243066
2019-01-30,165.56,167.07,164.05,165.21,1643150,165.56,167.07,164.05,165.21,1643150,165.56,167.07,164.05,165.21,1643150
2019-01-31,168.17,169.17,167.18,168.09,1363377,168.17,169.17,167.18,168.09,1363377,168.17,169.17,167.18,168.09,1363377
2019-02-01,170.27,172.67,167.87,170.13,1904454,170.27,172.67,167.87,170.13,1904454,170.27,172.67,167.87,170.13,1904454
2019-02-04,168.47,171.27,165.66,169.11,1227083,168.47,171.27,165.66,169.11,1227083,168.47,171.27,165.66,169.11,1227083
2019-02-05,168.30,170.41,166.19,168.19,1135503,168.30,170.41,166.19,168.19,1135503,168.30,170.41,166.19,168.19,1135503
2019-02-06,167.45,170.24,164.66,167.57,1726198,167.45,170.24,164.66,167.57,1726198,167.45,170.24,164.66,167.57,1726198
2019-02-07,166.42,167.41,165.44,166.76,1592741,166.42,167.41,165.44,166.76,1592741,166.42,167.41,165.44,166.76,1592741
2019-02-08,172.25,175.32,169.18,172.28,1549524,172.25,175.32,169.18,172.28,1549524,172.25,175.32,169.18,172.28,1549524
2019-02-11,175.84,177.24,174.44,176.66,1216294,175.84,177.24,174.44,176.66,1216294,175.84,177.24,174.44,176.66,1216294
2019-02-12,175.38,177.14,173.61,174.93,1439853,175.38,177.14,173.61,174.93,1439853,175.38,177.14,173.61,174.93,1439853
2019-02-13,171.36,172.90,169.82,171.12,1054798,171.36,172.90,169.82,171.12,1054798,171.36,172.90,169.82,171.12,1054798
2019-02-14,174.14,176.17,172.12,174.57,1153168,174.14,176.17,172.12,174.57,1153168,174.14,176.17,172.12,174.57,1153168
2019-02-15,170.66,172.40,168.92,170.35,1534558,170.66,172.40,168.92,170.35,1534558,170.66,172.40,168.92,170.35,1534558
2019-02-18,168.63,169.69,167.57,168.42,1894891,168.63,169.69,167.57,168.42,1894891,168.63,169.69,167.57,168.42,1894891
2019-02-19,166.37,167.46,165.28,166.20,1062071,166.37,167.46,165.28,166.20,1062071,166.37,167.46,165.28,166.20,1062071
2019-02-20,162.10,162.29,161.90,162.07,1868090,162.10,162.29,161.90,162.07,1868090,162.10,162.29,161.90,162.07,1868090
2019-02-21,168.80,170.05,167.54,169.19,1172820,168.80,170.05,167.54,169.19,1172820,168.80,170.05,167.54,169.19,1172820
2019-02-22,171.03,172.64,169.41,170.05,1376006,171.03,172.64,169.41,170.05,1376006,171.03,172.64,169.41,170.05,1376006
2019-02-25,169.71,172.62,166.80,168.82,1776046,169.71,172.62,166.80,168.82,1776046,169.71,172.62,166.80,168.82,1776046
2019-02-26,162.13,163.61,160.66,162.37,1132971,162.13,163.61,160.66,162.37,1132971,162.13,163.61,160.66,162.37,1132971
2019-02-27,165.16,166.61,163.71,164.77,1819496,165.16,166.61,163.71,164.77,1819496,165.16,166.61,163.71,164.77,1819496
2019-02-28,171.88,173.65,170.11,171.64,1099127,171.88,173.65,170.11,171.64,1099127,171.88,173.65,170.11,171.64,1099127
2019-03-01,173.51,175.98,171.05,173.30,1964874,173.51,175.98,171.05,173.30,1964874,173.51,175.98,171.05,173.30,1964874
2019-03-04,180.19,181.84,178.55,179.46,1689390,180.19,181.84,178.55,179.46,1689390,180.19,181.84,178.55,179.46,1689390
2019-03-05,175.90,178.22,173.59,176.68,1470306,175.90,178.22,173.59,176.68,1470306,175.90,178.22,173.59,176.68,1470306
2019-03-06,177.44,179.35,175.52,176.69,1735456,177.44,179.35,175.52,176.69,1735456,177.44,179.35,175.52,176.69,1735456
2019-03-07,172.10,174.33,169.88,171.27,1746051,172.10,174.33,169.88,171.27,1746051,172.10,174.33,169.88,171.27,1746051
2019-03-08,174.86,176.35,173.38,174.80,1231184,174.86,176.35,173.38,174.80,1231184,174.86,176.35,173.38,174.80,1231184
2019-03-11,174.00,177.23,170.76,174.20,1745151,174.00,177.23,170.76,174.20,1745151,174.00,177.23,170.76,174.20,1745151
2019-03-12,177.82,180.53,175.12,176.71,1895050,177.82,180.53,175.12,176.71,1895050,177.82,180.53,175.12,176.71,1895050
2019-03-13,180.05,182.02,178.08,180.42,1526452,180.05,182.02,178.08,180.42,1526452,180.05,182.02,178.08,180.42,1526452
2019-03-14,182.07,183.96,180.17,181.47,1323656,182.07,183.96,180.17,181.47,1323656,182.07,183.96,180.17,181.47,1323656
2019-03-15,181.20,182.51,179.90,181.08,1466492,181.20,182.51,179.90,181.08,1466492,181.20,182.51,179.90,181.08,1466492
2019-03-18,178.95,181.89,176.01,179.10,1908820,178.95,181.89,176.01,179.10,1908820,178.95,181.89,176.01,179.10,1908820
2019-03-19,185.52,186.70,184.35,185.72,1986097,185.52,186.70,184.35,185.72,1986097,185.52,186.70,184.35,185.72,1986097
2019-03-20,187.93,190.27,185.59,187.00,1193060,187.93,190.27,185.59,187.00,1193060,187.93,190.27,185.59,187.00,1193060
2019-03-21,185.53,186.61,184.45,185.17,1842160,185.53,186.61,184.45,185.17,1842160,185.53,186.61,184.45,185.17,1842160
2019-03-22,183.35,185.62,181.09,183.13,1298101,183.35,185.62,181.09,183.13,1298101,183.35,185.62,181.09,183.13,1298101
2019-03-25,182.17,183.77,180.57,181.71,1794133,182.17,183.77,180.57,181.71,1794133,182.17,183.77,180.57,181.71,1794133
2019-03-26,180.53,181.51,179.54,181.08,1426889,180.53,181.51,179.54,181.08,1426889,180.53,181.51,179.54,181.08,1426889
2019-03-27,177.00,177.69,176.30,176.70,1146914,177.00,177.69,176.30,176.70,1146914,177.00,177.69,176.30,176.70,1146914
2019-03-28,175.98,177.59,174.38,175.85,1075771,175.98,177.59,174.38,175.85,1075771,175.98,177.59,174.38,175.85,1075771
2019-03-29,174.11,175.25,172.97,174.18,1986754,174.11,175.25,172.97,174.18,1986754,174.11,175.25,172.97,174.18,1986754
2019-04-01,173.00,175.50,170.50,172.75,1600301,173.00,175.50,170.50,172.75,1600301,173.00,175.50,170.50,172.75,1600301
2019-04-02,172.75,174.91,170.59,172.58,2038353,172.75,174.91,170.59,172.58,2038353,172.75,174.91,170.59,172.58,2038353
2019-04-03,172.08,174.02,170.15,172.01,1606792,172.08,174.02,170.15,172.01,1606792,172.08,174.02,170.15,172.01,1606792
2019-04-04,169.19,170.26,168.12,169.10,1794851,169.19,170.26,168.12,169.10,1794851,169.19,170.26,168.12,169.10,1794851
2019-04-05,172.01,172.95,171.06,172.30,1253077,172.01,172.95,171.06,172.30,1253077,172.01,172.95,171.06,172.30,1253077
2019-04-08,177.71,179.97,175.45,177.53,1649549,177.71,179.97,175.45,177.53,1649549,177.71,179.97,175.45,177.53,1649549
2019-04-09,173.79,176.05,171.53,172.84,1637765,173.79,176.05,171.53,172.84,1637765,173.79,176.05,171.53,172.84,1637765
2019-04-10,175.11,177.15,173.07,174.97,1494402,175.11,177.15,173.07,174.97,1494402,175.11,177.15,173.07,174.97,1494402
2019-04-11,174.19,175.74,172.65,174.81,1603871,174.19,175.74,172.65,174.81,1603871,174.19,175.74,172.65,174.81,1603871
2019-04-12,178.43,180.57,176.28,178.83,1952962,178.43,180.57,176.28,178.83,1952962,178.43,180.57,176.28,178.83,1952962
2019-04-15,181.51,183.16,179.85,180.66,1895721,181.51,183.16,179.85,180.66,1895721,181.51,183.16,179.85,180.66,1895721
2019-04-16,178.74,180.40,177.09,177.34,1914064,178.74,180.40,177.09,177.34,1914064,178.74,180.40,177.09,177.34,1914064
2019-04-17,171.63,173.51,169.74,169.82,1251680,171.63,173.51,169.74,169.82,1251680,171.63,173.51,169.74,169.82,1251680
2019-04-18,173.21,174.90,171.52,172.68,1448091,173.21,174.90,171.52,172.68,1448091,173.21,174.90,171.52,172.68,1448091
2019-04-19,172.94,174.14,171.74,171.75,1953939,172.94,174.14,171.74,171.75,1953939,172.94,174.14,171.74,171.75,1953939
2019-04-22,173.63,176.44,170.83,173.94,1983555,173.63,176.44,170.83,173.94,1983555,173.63,176.44,170.83,173.94,1983555
2019-04-23,173.22,174.58,171.86,173.21,2023073,173.22,174.58,171.86,173.21,2023073,173.22,174.58,171.86,173.21,2023073
2019-04-24,177.30,178.64,175.95,176.90,1497030,177.30,178.64,175.95,176.90,1497030,177.30,178.64,175.95,176.90,1497030
2019-04-25,174.25,176.30,172.21,173.69,1557655,174.25,176.30,172.21,173.69,1557655,174.25,176.30,172.21,173.69,1557655
2019-04-26,176.18,178.58,173.78,175.51,1676913,176.18,178.58,173.78,175.51,1676913,176.18,178.58,173.78,175.51,1676913
2019-04-29,169.92,172.52,167.32,170.03,1662800,169.92,172.52,167.32,170.03,1662800,169.92,172.52,167.32,170.03,1662800
2019-04-30,170.56,171.26,169.86,169.95,1761809,170.56,171.26,169.86,169.95,1761809,170.56,171.26,169.86,169.95,1761809
2019-05-01,169.30,170.81,167.79,169.62,2039924,169.30,170.81,167.79,169.62,2039924,169.30,170.81,167.79,169.62,2039924
2019-05-02,169.78,171.45,168.12,169.07,1718370,169.78,171.45,168.12,169.07,1718370,169.78,171.45,168.12,169.07,1718370
2019-05-03,172.32,174.36,170.29,171.40,1223494,172.32,174.36,170.29,171.40,1223494,172.32,174.36,170.29,171.40,1223494
2019-05-06,168.23,170.44,166.01,168.39,2074969,168.23,170.44,166.01,168.39,2074969,168.23,170.44,166.01,168.39,2074969
2019-05-07,173.45,174.80,172.10,174.38,1292707,173.45,174.80,172.10,174.38,1292707,173.45,174.80,172.10,174.38,1292707
2019-05-08,176.27,177.84,174.70,176.20,1895738,176.27,177.84,174.70,176.20,1895738,176.27,177.84,174.70,176.20,1895738
2019-05-09,173.88,175.72,172.03,175.06,2082229,173.88,175.72,172.03,175.06,2082229,173.88,175.72,172.03,175.06,2082229
2019-05-10,183.36,185.31,181.40,183.50,1358177,183.36,185.31,181.40,183.50,1358177,183.36,185.31,181.40,183.50,1358177
2019-05-13,179.05,180.26,177.83,179.10,1567048,179.05,180.26,177.83,179.10,1567048,179.05,180.26,177.83,179.10,1567048
2019-05-14,182.20,183.53,180.86,182.92,1388831,182.20,183.53,180.86,182.92,1388831,182.20,183.53,180.86,182.92,1388831
2019-05-15,184.63,186.86,182.40,184.33,1715107,184.63,186.86,182.40,184.33,1715107,184.63,186.86,182.40,184.33,1715107
2019-05-16,182.88,185.79,179.97,182.79,1971296,182.88,185.79,179.97,182.79,1971296,182.88,185.79,179.97,182.79,1971296
2019-05-17,181.71,183.62,179.80,182.09,1328007,181.71,183.62,179.80,182.09,1328007,181.71,183.62,179.80,182.09,1328007
2019-05-20,182.87,184.47,181.27,183.41,1943439,182.87,184.47,181.27,183.41,1943439,182.87,184.47,181.27,183.41,1943439
2019-05-21,180.86,183.25,178.47,180.43,1321768,180.86,183.25,178.47,180.43,1321768,180.86,183.25,178.47,180.43,1321768
2019-05-22,189.80,192.56,187.03,188.01,1914723,189.80,192.56,187.03,188.01,1914723,189.80,192.56,187.03,188.01,1914723
2019-05-23,188.37,190.32,186.43,189.06,1681972,188.37,190.32,186.43,189.06,1681972,188.37,190.32,186.43,189.06,1681972
2019-05-24,186.39,188.54,184.25,185.80,1554844,186.39,188.54,184.25,185.80,1554844,186.39,188.54,184.25,185.80,1554844
2019-05-27,189.01,191.65,186.37,188.72,1423327,189.01,191.65,186.37,188.72,1423327,189.01,191.65,186.37,188.72,1423327
2019-05-28,187.58,190.28,184.89,187.03,1767318,187.58,190.28,184.89,187.03,1767318,187.58,190.28,184.89,187.03,1767318
2019-05-29,186.52,188.21,184.82,186.65,1280268,186.52,188.21,184.82,186.65,1280268,186.52,188.21,184.82,186.65,1280268
2019-05-30,184.86,187.04,182.68,184.03,1762716,184.86,187.04,182.68,184.03,1762716,184.86,187.04,182.68,184.03,1762716
2019-05-31,185.45,188.02,182.88,185.44,1352123,185.45,188.02,182.88,185.44,1352123,185.45,188.02,182.88,185.44,1352123
2019-06-03,188.10,189.44,186.77,188.29,2008937,188.10,189.44,186.77,188.29,2008937,188.10,189.44,186.77,188.29,2008937
2019-06-04,190.53,192.30,188.76,189.15,1879084,190.53,192.30,188.76,189.15,1879084,190.53,192.30,188.76,189.15,1879084
2019-06-05,189.60,191.57,187.64,189.31,1953579,189.60,191.57,187.64,189.31,1953579,189.60,191.57,187.64,189.31,1953579
2019-06-06,195.35,198.05,192.65,194.42,1757555,195.35,198.05,192.65,194.42,1757555,195.35,198.05,192.65,194.42,1757555
2019-06-07,193.36,195.24,191.48,193.06,1421642,193.36,195.24,191.48,193.06,1421642,193.36,195.24,191.48,193.06,1421642
2019-06-10,184.32,187.29,181.35,185.09,1184765,184.32,187.29,181.35,185.09,1184765,184.32,187.29,181.35,185.09,1184765
2019-06-11,178.92,180.89,176.95,178.38,1532756,178.92,180.89,176.95,178.38,1532756,178.92,180.89,176.95,178.38,1532756
2019-06-12,175.01,175.86,174.17,175.46,1591300,175.01,175.86,174.17,175.46,1591300,175.01,175.86,174.17,175.46,1591300
2019-06-13,174.06,175.03,173.10,173.28,1207190,174.06,175.03,173.10,173.28,1207190,174.06,175.03,173.10,173.28,1207190
2019-06-14,171.41,173.22,169.59,172.08,1085124,171.41,173.22,169.59,172.08,1085124,171.41,173.22,169.59,172.08,1085124
2019-06-17,171.92,174.70,169.14,171.14,2032017,171.92,174.70,169.14,171.14,2032017,171.92,174.70,169.14,171.14,2032017
2019-06-18,168.17,169.62,166.71,168.53,1217421,168.17,169.62,166.71,168.53,1217421,168.17,169.62,166.71,168.53,1217421
2019-06-19,165.36,167.44,163.29,165.55,2015671,165.36,167.44,163.29,165.55,2015671,165.36,167.44,163.29,165.55,2015671
2019-06-20,167.65,168.60,166.69,167.41,1993260,167.65,168.60,166.69,167.41,1993260,167.65,168.60,166.69,167.41,1993260
2019-06-21,172.12,173.30,170.94,172.41,2075835,172.12,173.30,170.94,172.41,2075835,172.12,173.30,170.94,172.41,2075835
2019-06-24,167.46,169.73,165.18,167.96,1587629,167.46,169.73,165.18,167.96,1587629,167.46,169.73,165.18,167.96,1587629
2019-06-25,163.42,166.28,160.56,163.16,1179550,163.42,166.28,160.56,163.16,1179550,163.42,166.28,160.56,163.16,1179550
2019-06-26,166.46,167.66,165.26,166.35,1380905,166.46,167.66,165.26,166.35,1380905,166.46,167.66,165.26,166.35,1380905
2019-06-27,166.89,168.59,165.18,167.03,1687408,166.89,168.59,165.18,167.03,1687408,166.89,168.59,165.18,167.03,1687408
2019-06-28,167.66,170.37,164.96,166.90,1794657,167.66,170.37,164.96,166.90,1794657,167.66,170.37,164.96,166.90,1794657
2019-07-01,171.05,172.83,169.28,170.56,1694903,171.05,172.83,169.28,170.56,1694903,171.05,172.83,169.28,170.56,1694903
2019-07-02,173.45,175.38,171.52,174.26,1242093,173.45,175.38,171.52,174.26,1242093,173.45,175.38,171.52,174.26,1242093
2019-07-03,179.41,181.04,177.78,179.48,1993956,179.41,181.04,177.78,179.48,1993956,179.41,181.04,177.78,179.48,1993956
2019-07-04,177.27,179.36,175.19,178.28,1678302,177.27,179.36,175.19,178.28,1678302,177.27,179.36,175.19,178.28,1678302
2019-07-05,175.78,177.45,174.11,175.45,1459523,175.78,177.45,174.11,175.45,1459523,175.78,177.45,174.11,175.45,1459523
2019-07-08,174.47,176.82,172.11,174.02,1712566,174.47,176.82,172.11,174.02,1712566,174.47,176.82,172.11,174.02,1712566
2019-07-09,167.76,170.18,165.35,167.50,1966862,167.76,170.18,165.35,167.50,1966862,167.76,170.18,165.35,167.50,1966862
2019-07-10,170.24,173.47,167.02,169.46,1622555,170.24,173.47,167.02,169.46,1622555,170.24,173.47,167.02,169.46,1622555
2019-07-11,170.88,172.15,169.62,170.30,2020683,170.88,172.15,169.62,170.30,2020683,170.88,172.15,169.62,170.30,2020683
2019-07-12,169.45,171.12,167.77,168.63,1415964,169.45,171.12,167.77,168.63,1415964,169.45,171.12,167.77,168.63,1415964
2019-07-15,170.95,171.29,170.61,171.20,1080744,170.95,171.29,170.61,171.20,1080744,170.95,171.29,170.61,171.20,1080744
2019-07-16,173.75,175.28,172.22,172.83,1310335,173.75,175.28,172.22,172.83,1310335,173.75,175.28,172.22,172.83,1310335
2019-07-17,173.32,175.16,171.47,173.14,1970217,173.32,175.16,171.47,173.14,1970217,173.32,175.16,171.47,173.14,1970217
2019-07-18,168.78,171.96,165.60,169.96,1601927,168.78,171.96,165.60,169.96,1601927,168.78,171.96,165.60,169.96,1601927
2019-07-19,176.08,177.90,174.27,175.57,1110653,176.08,177.90,174.27,175.57,1110653,176.08,177.90,174.27,175.57,1110653
2019-07-22,178.84,180.43,177.25,178.40,1628915,178.84,180.43,177.25,178.40,1628915,178.84,180.43,177.25,178.40,1628915
2019-07-23,181.17,183.43,178.90,182.04,1383831,181.17,183.43,178.90,182.04,1383831,181.17,183.43,178.90,182.04,1383831
2019-07-24,185.15,186.00,184.30,184.41,2000483,185.15,186.00,184.30,184.41,2000483,185.15,186.00,184.30,184.41,2000483
2019-07-25,182.22,183.70,180.74,181.94,1412004,182.22,183.70,180.74,181.94,1412004,182.22,183.70,180.74,181.94,1412004
2019-07-26,183.41,184.45,182.37,183.67,1201756,183.41,184.45,182.37,183.67,1201756,183.41,184.45,182.37,183.67,1201756
2019-07-29,184.29,185.93,182.65,184.04,1412902,184.29,185.93,182.65,184.04,1412902,184.29,185.93,182.65,184.04,1412902
2019-07-30,182.53,184.63,180.43,181.85,1741153,182.53,184.63,180.43,181.85,1741153,182.53,184.63,180.43,181.85,1741153
2019-07-31,182.13,184.93,179.33,182.33,1261462,182.13,184.93,179.33,182.33,1261462,182.13,184.93,179.33,182.33,1261462
2019-08-01,186.35,187.38,185.31,185.69,2029326,186.35,187.38,185.31,185.69,2029326,186.35,187.38,185.31,185.69,2029326
2019-08-02,184.62,187.42,181.83,184.15,1075727,184.62,187.42,181.83,184.15,1075727,184.62,187.42,181.83,184.15,1075727
2019-08-05,182.18,182.68,181.69,182.35,1572851,182.18,182.68,181.69,182.35,1572851,182.18,182.68,181.69,182.35,1572851
2019-08-06,182.54,184.66,180.42,183.46,1776014,182.54,184.66,180.42,183.46,1776014,182.54,184.66,180.42,183.46,1776014
2019-08-07,180.20,181.30,179.10,181.25,1285489,180.20,181.30,179.10,181.25,1285489,180.20,181.30,179.10,181.25,1285489
2019-08-08,177.97,180.58,175.35,178.26,1638270,177.97,180.58,175.35,178.26,1638270,177.97,180.58,175.35,178.26,1638270
2019-08-09,171.54,173.35,169.72,170.80,1299189,171.54,173.35,169.72,170.80,1299189,171.54,173.35,169.72,170.80,1299189
2019-08-12,173.04,174.86,171.22,172.72,1439377,173.04,174.86,171.22,172.72,1439377,173.04,174.86,171.22,172.72,1439377
2019-08-13,175.49,176.72,174.25,175.85,2014595,175.49,176.72,174.25,175.85,2014595,175.49,176.72,174.25,175.85,2014595
2019-08-14,175.91,178.39,173.43,176.30,2036218,175.91,178.39,173.43,176.30,2036218,175.91,178.39,173.43,176.30,2036218
2019-08-15,178.60,180.81,176.39,178.72,2094191,178.60,180.81,176.39,178.72,2094191,178.60,180.81,176.39,178.72,2094191
2019-08-16,176.10,179.08,173.11,174.25,1889397,176.10,179.08,173.11,174.25,1889397,176.10,179.08,173.11,174.25,1889397
2019-08-19,174.68,177.15,172.22,173.87,1758772,174.68,177.15,172.22,173.87,1758772,174.68,177.15,172.22,173.87,1758772
2019-08-20,176.99,179.12,174.86,177.39,1401481,176.99,179.12,174.86,177.39,1401481,176.99,179.12,174.86,177.39,1401481
2019-08-21,181.35,184.16,178.54,180.44,1698084,181.35,184.16,178.54,180.44,1698084,181.35,184.16,178.54,180.44,1698084
2019-08-22,179.54,182.09,176.99,179.83,1485041,179.54,182.09,176.99,179.83,1485041,179.54,182.09,176.99,179.83,1485041
2019-08-23,175.79,177.52,174.06,175.43,2004159,175.79,177.52,174.06,175.43,2004159,175.79,177.52,174.06,175.43,2004159
2019-08-26,174.07,176.63,171.52,173.34,1582092,174.07,176.63,171.52,173.34,1582092,174.07,176.63,171.52,173.34,1582092
2019-08-27,178.93,181.55,176.32,178.05,1957251,178.93,181.55,176.32,178.05,1957251,178.93,181.55,176.32,178.05,1957251
2019-08-28,175.96,176.81,175.10,176.45,1602873,175.96,176.81,175.10,176.45,1602873,175.96,176.81,175.10,176.45,1602873
2019-08-29,176.49,177.38,175.59,177.35,1270492,176.49,177.38,175.59,177.35,1270492,176.49,177.38,175.59,177.35,1270492
2019-08-30,176.06,177.85,174.27,175.59,2084440,176.06,177.85,174.27,175.59,2084440,176.06,177.85,174.27,175.59,2084440
2019-09-02,173.70,175.69,171.71,172.88,1608254,173.70,175.69,171.71,172.88,1608254,173.70,175.69,171.71,172.88,1608254
2019-09-03,173.04,174.93,171.15,172.78,1109542,173.04,174.93,171.15,172.78,1109542,173.04,174.93,171.15,172.78,1109542
2019-09-04,175.20,177.03,173.38,175.69,1458639,175.20,177.03,173.38,175.69,1458639,175.20,177.03,173.38,175.69,1458639
2019-09-05,176.49,179.29,173.69,175.80,1880148,176.49,179.29,173.69,175.80,1880148,176.49,179.29,173.69,175.80,1880148
2019-09-06,175.25,177.59,172.91,175.31,1928089,175.25,177.59,172.91,175.31,1928089,175.25,177.59,172.91,175.31,1928089
2019-09-09,178.47,180.65,176.28,176.95,1629144,178.47,180.65,176.28,176.95,1629144,178.47,180.65,176.28,176.95,1629144
2019-09-10,171.86,174.55,169.17,171.88,1255746,171.86,174.55,169.17,171.88,1255746,171.86,174.55,169.17,171.88,1255746
2019-09-11,174.85,175.20,174.49,174.92,1836398,174.85,175.20,174.49,174.92,1836398,174.85,175.20,174.49,174.92,1836398
2019-09-12,175.55,177.81,173.29,173.92,1293965,175.55,177.81,173.29,173.92,1293965,175.55,177.81,173.29,173.92,1293965
2019-09-13,176.88,178.93,174.83,176.42,1686870,176.88,178.93,174.83,176.42,1686870,176.88,178.93,174.83,176.42,1686870
2019-09-16,180.35,182.49,178.21,179.37,1992949,180.35,182.49,178.21,179.37,1992949,180.35,182.49,178.21,179.37,1992949
2019-09-17,176.03,177.96,174.10,175.60,1227685,176.03,177.96,174.10,175.60,1227685,176.03,177.96,174.10,175.60,1227685
2019-09-18,175.35,175.96,174.73,174.88,1316033,175.35,175.96,174.73,174.88,1316033,175.35,175.96,174.73,174.88,1316033
2019-09-19,173.42,175.35,171.49,174.06,1690411,173.42,175.35,171.49,174.06,1690411,173.42,175.35,171.49,174.06,1690411
2019-09-20,174.87,177.11,172.63,174.79,1682393,174.87,177.11,172.63,174.79,1682393,174.87,177.11,172.63,174.79,1682393
2019-09-23,172.04,172.96,171.13,171.55,1349369,172.04,172.96,171.13,171.55,1349369,172.04,172.96,171.13,171.55,1349369
2019-09-24,175.86,178.03,173.69,175.78,1557623,175.86,178.03,173.69,175.78,1557623,175.86,178.03,173.69,175.78,1557623
2019-09-25,177.65,179.88,175.41,177.68,1552474,177.65,179.88,175.41,177.68,1552474,177.65,179.88,175.41,177.68,1552474
2019-09-26,176.80,179.09,174.52,176.68,1964099,176.80,179.09,174.52,176.68,1964099,176.80,179.09,174.52,176.68,1964099
2019-09-27,176.11,178.51,173.72,174.91,1191718,176.11,178.51,173.72,174.91,1191718,176.11,178.51,173.72,174.91,1191718
2019-09-30,177.79,179.60,175.97,177.66,2044230,177.79,179.60,175.97,177.66,2044230,177.79,179.60,175.97,177.66,2044230
2019-10-01,180.97,182.64,179.30,180.65,1563277,180.97,182.64,179.30,180.65,1563277,180.97,182.64,179.30,180.65,1563277
2019-10-02,185.10,186.79,183.42,185.47,1270372,185.10,186.79,183.42,185.47,1270372,185.10,186.79,183.42,185.47,1270372
2019-10-03,181.40,183.70,179.09,181.00,1178333,181.40,183.70,179.09,181.00,1178333,181.40,183.70,179.09,181.00,1178333
2019-10-04,187.17,189.66,184.69,187.39,1224610,187.17,189.66,184.69,187.39,1224610,187.17,189.66,184.69,187.39,1224610
2019-10-07,187.57,189.46,185.67,187.28,1633263,187.57,189.46,185.67,187.28,1633263,187.57,189.46,185.67,187.28,1633263
2019-10-08,185.02,186.57,183.47,184.83,1514816,185.02,186.57,183.47,184.83,1514816,185.02,186.57,183.47,184.83,1514816
2019-10-09,186.50,188.84,184.15,186.48,1572610,186.50,188.84,184.15,186.48,1572610,186.50,188.84,184.15,186.48,1572610
2019-10-10,186.28,187.66,184.90,187.50,1732340,186.28,187.66,184.90,187.50,1732340,186.28,187.66,184.90,187.50,1732340
2019-10-11,189.94,192.12,187.76,189.31,1612643,189.94,192.12,187.76,189.31,1612643,189.94,192.12,187.76,189.31,1612643
2019-10-14,194.22,196.73,191.72,194.51,1774396,194.22,196.73,191.72,194.51,1774396,194.22,196.73,191.72,194.51,1774396
2019-10-15,198.63,201.22,196.04,198.05,1985173,198.63,201.22,196.04,198.05,1985173,198.63,201.22,196.04,198.05,1985173
2019-10-16,201.48,203.53,199.42,201.70,1633358,201.48,203.53,199.42,201.70,1633358,201.48,203.53,199.42,201.70,1633358
2019-10-17,204.22,206.24,202.21,204.75,1141711,204.22,206.24,202.21,204.75,1141711,204.22,206.24,202.21,204.75,1141711
2019-10-18,206.70,209.50,203.90,205.73,1363146,206.70,209.50,203.90,205.73,1363146,206.70,209.50,203.90,205.73,1363146
2019-10-21,201.66,204.43,198.88,201.98,1656388,201.66,204.43,198.88,201.98,1656388,201.66,204.43,198.88,201.98,1656388
2019-10-22,203.72,206.30,201.15,204.48,1247357,203.72,206.30,201.15,204.48,1247357,203.72,206.30,201.15,204.48,1247357
2019-10-23,204.93,206.60,203.26,204.30,1240611,204.93,206.60,203.26,204.30,1240611,204.93,206.60,203.26,204.30,1240611
2019-10-24,205.11,207.11,203.12,206.23,1286893,205.11,207.11,203.12,206.23,1286893,205.11,207.11,203.12,206.23,1286893
2019-10-25,204.77,206.48,203.05,205.15,1658264,204.77,206.48,203.05,205.15,1658264,204.77,206.48,203.05,205.15,1658264
2019-10-28,203.63,204.62,202.63,203.77,1980143,203.63,204.62,202.63,203.77,1980143,203.63,204.62,202.63,203.77,1980143
2019-10-29,204.05,205.41,202.69,203.09,1355810,204.05,205.41,202.69,203.09,1355810,204.05,205.41,202.69,203.09,1355810
2019-10-30,203.08,204.62,201.55,202.65,1518330,203.08,204.62,201.55,202.65,1518330,203.08,204.62,201.55,202.65,1518330
2019-10-31,206.83,209.15,204.51,206.59,1846216,206.83,209.15,204.51,206.59,1846216,206.83,209.15,204.51,206.59,1846216
2019-11-01,202.91,204.49,201.33,203.07,1438735,202.91,204.49,201.33,203.07,1438735,202.91,204.49,201.33,203.07,1438735
2019-11-04,208.51,211.67,205.36,207.58,1822977,208.51,211.67,205.36,207.58,1822977,208.51,211.67,205.36,207.58,1822977
2019-11-05,208.76,209.92,207.60,209.71,1669921,208.76,209.92,207.60,209.71,1669921,208.76,209.92,207.60,209.71,1669921
2019-11-06,208.79,211.13,206.45,208.92,1916403,208.79,211.13,206.45,208.92,1916403,208.79,211.13,206.45,208.92,1916403
2019-11-07,214.10,216.23,211.98,212.37,1788424,214.10,216.23,211.98,212.37,1788424,214.10,216.23,211.98,212.37,1788424
2019-11-08,207.49,209.80,205.18,207.33,2014530,207.49,209.80,205.18,207.33,2014530,207.49,209.80,205.18,207.33,2014530
2019-11-11,211.06,213.88,208.25,211.09,1926691,211.06,213.88,208.25,211.09,1926691,211.06,213.88,208.25,211.09,1926691
2019-11-12,208.33,211.16,205.51,208.17,1369405,208.33,211.16,205.51,208.17,1369405,208.33,211.16,205.51,208.17,1369405
2019-11-13,201.94,203.60,200.27,200.98,1348438,201.94,203.60,200.27,200.98,1348438,201.94,203.60,200.27,200.98,1348438
2019-11-14,197.25,200.59,193.92,197.20,1264477,197.25,200.59,193.92,197.20,1264477,197.25,200.59,193.92,197.20,1264477
2019-11-15,193.56,196.48,190.63,193.18,1431011,193.56,196.48,190.63,193.18,1431011,193.56,196.48,190.63,193.18,1431011
2019-11-18,189.80,191.39,188.20,190.40,1694379,189.80,191.39,188.20,190.40,1694379,189.80,191.39,188.20,190.40,1694379
2019-11-19,187.90,190.36,185.44,188.53,1235361,187.90,190.36,185.44,188.53,1235361,187.90,190.36,185.44,188.53,1235361
2019-11-20,186.48,187.48,185.47,186.76,1356714,186.48,187.48,185.47,186.76,1356714,186.48,187.48,185.47,186.76,1356714
2019-11-21,187.54,189.95,185.13,187.72,2007539,187.54,189.95,185.13,187.72,2007539,187.54,189.95,185.13,187.72,2007539
2019-11-22,186.65,187.83,185.46,186.83,1499404,186.65,187.83,185.46,186.83,1499404,186.65,187.83,185.46,186.83,1499404
2019-11-25,189.44,191.24,187.64,189.60,1425217,189.44,191.24,187.64,189.60,1425217,189.44,191.24,187.64,189.60,1425217
2019-11-26,187.81,188.75,186.87,187.39,1577848,187.81,188.75,186.87,187.39,1577848,187.81,188.75,186.87,187.39,1577848
2019-11-27,192.82,194.98,190.65,191.70,1173698,192.82,194.98,190.65,191.70,1173698,192.82,194.98,190.65,191.70,1173698
2019-11-28,197.63,199.43,195.82,197.10,1751670,197.63,199.43,195.82,197.10,1751670,197.63,199.43,195.82,197.10,1751670
2019-11-29,197.99,201.00,194.99,198.48,1982268,197.99,201.00,194.99,198.48,1982268,197.99,201.00,194.99,198.48,1982268
2019-12-02,194.07,195.19,192.96,193.43,2019122,194.07,195.19,192.96,193.43,2019122,194.07,195.19,192.96,193.43,2019122
2019-12-03,198.45,200.81,196.10,198.20,1164646,198.45,200.81,196.10,198.20,1164646,198.45,200.81,196.10,198.20,1164646
2019-12-04,200.80,203.46,198.15,200.60,1170734,200.80,203.46,198.15,200.60,1170734,200.80,203.46,198.15,200.60,1170734
2019-12-05,199.56,202.95,196.17,197.68,1497592,199.56,202.95,196.17,197.68,1497592,199.56,202.95,196.17,197.68,1497592
2019-12-06,199.37,203.01,195.74,200.20,2052786,199.37,203.01,195.74,200.20,2052786,199.37,203.01,195.74,200.20,2052786
2019-12-09,206.71,208.13,205.30,206.59,1255754,206.71,208.13,205.30,206.59,1255754,206.71,208.13,205.30,206.59,1255754
2019-12-10,207.22,208.84,205.60,206.32,1761564,207.22,208.84,205.60,206.32,1761564,207.22,208.84,205.60,206.32,1761564
2019-12-11,203.12,205.37,200.88,203.32,1340313,203.12,205.37,200.88,203.32,1340313,203.12,205.37,200.88,203.32,1340313
2019-12-12,204.35,206.12,202.58,204.48,1289082,204.35,206.12,202.58,204.48,1289082,204.35,206.12,202.58,204.48,1289082
2019-12-13,202.58,205.73,199.42,202.02,1809820,202.58,205.73,199.42,202.02,1809820,202.58,205.73,199.42,202.02,1809820
2019-12-16,201.93,202.71,201.15,202.43,1250053,201.93,202.71,201.15,202.43,1250053,201.93,202.71,201.15,202.43,1250053
2019-12-17,200.72,203.41,198.03,200.70,1954397,200.72,203.41,198.03,200.70,1954397,200.72,203.41,198.03,200.70,1954397
2019-12-18,196.12,197.70,194.53,195.79,1188586,196.12,197.70,194.53,195.79,1188586,196.12,197.70,194.53,195.79,1188586
2019-12-19,195.90,197.72,194.09,196.32,1890683,195.90,197.72,194.09,196.32,1890683,195.90,197.72,194.09,196.32,1890683
2019-12-20,197.31,199.27,195.36,198.41,2034359,197.31,199.27,195.36,198.41,2034359,197.31,199.27,195.36,198.41,2034359
2019-12-23,198.57,201.28,195.86,197.18,1912032,198.57,201.28,195.86,197.18,1912032,198.57,201.28,195.86,197.18,1912032
2019-12-24,196.99,198.55,195.43,196.14,1719143,196.99,198.55,195.43,196.14,1719143,196.99,198.55,195.43,196.14,1719143
2019-12-25,195.85,197.45,194.25,194.92,2081129,195.85,197.45,194.25,194.92,2081129,195.85,197.45,194.25,194.92,2081129
2019-12-26,193.89,196.88,190.91,194.19,1787212,193.89,196.88,190.91,194.19,1787212,193.89,196.88,190.91,194.19,1787212
2019-12-27,199.46,201.80,197.13,198.41,1617710,199.46,201.80,197.13,198.41,1617710,199.46,201.80,197.13,198.41,1617710
2019-12-30,206.04,207.19,204.90,205.16,1507908,206.04,207.19,204.90,205.16,1507908,206.04,207.19,204.90,205.16,1507908
2019-12-31,207.73,210.32,205.15,208.54,1213895,207.73,210.32,205.15,208.54,1213895,207.73,210.32,205.15,208.54,1213895
2020-01-01,201.37,204.29,198.44,200.29,1516752,201.37,204.29,198.44,200.29,1516752,201.37,204.29,198.44,200.29,1516752
2020-01-02,207.97,209.68,206.25,206.67,1140029,207.97,209.68,206.25,206.67,1140029,207.97,209.68,206.25,206.67,1140029
2020-01-03,202.81,206.21,199.41,202.10,1660315,202.81,206.21,199.41,202.10,1660315,202.81,206.21,199.41,202.10,1660315
2020-01-06,198.79,199.94,197.63,198.44,1775338,198.79,199.94,197.63,198.44,1775338,198.79,199.94,197.63,198.44,1775338
2020-01-07,197.43,200.13,194.74,197.46,1953293,197.43,200.13,194.74,197.46,1953293,197.43,200.13,194.74,197.46,1953293
2020-01-08,197.35,199.58,195.11,197.17,1290896,197.35,199.58,195.11,197.17,1290896,197.35,199.58,195.11,197.17,1290896
2020-01-09,196.94,198.82,195.06,196.89,1709498,196.94,198.82,195.06,196.89,1709498,196.94,198.82,195.06,196.89,1709498
2020-01-10,198.90,201.13,196.67,198.67,1689804,198.90,201.13,196.67,198.67,1689804,198.90,201.13,196.67,198.67,1689804
2020-01-13,201.92,203.50,200.34,202.11,1961180,201.92,203.50,200.34,202.11,1961180,201.92,203.50,200.34,202.11,1961180
2020-01-14,194.88,197.82,191.95,194.08,1469648,194.88,197.82,191.95,194.08,1469648,194.88,197.82,191.95,194.08,1469648
2020-01-15,192.80,195.00,190.59,192.18,1242813,192.80,195.00,190.59,192.18,1242813,192.80,195.00,190.59,192.18,1242813
2020-01-16,197.18,199.54,194.81,197.10,1991458,197.18,199.54,194.81,197.10,1991458,197.18,199.54,194.81,197.10,1991458
2020-01-17,197.95,198.89,197.00,198.26,1225442,197.95,198.89,197.00,198.26,1225442,197.95,198.89,197.00,198.26,1225442
2020-01-20,199.06,200.78,197.35,199.46,1863382,199.06,200.78,197.35,199.46,1863382,199.06,200.78,197.35,199.46,1863382
2020-01-21,198.02,200.95,195.08,197.42,1328522,198.02,200.95,195.08,197.42,1328522,198.02,200.95,195.08,197.42,1328522
2020-01-22,198.06,200.05,196.07,198.05,1911648,198.06,200.05,196.07,198.05,1911648,198.06,200.05,196.07,198.05,1911648
2020-01-23,202.20,203.62,200.77,202.60,1548114,202.20,203.62,200.77,202.60,1548114,202.20,203.62,200.77,202.60,1548114
2020-01-24,201.60,202.90,200.29,201.99,1977058,201.60,202.90,200.29,201.99,1977058,201.60,202.90,200.29,201.99,1977058
2020-01-27,200.87,202.74,198.99,200.61,2095296,200.87,202.74,198.99,200.61,2095296,200.87,202.74,198.99,200.61,2095296
2020-01-28,208.09,211.24,204.93,207.09,1282871,208.09,211.24,204.93,207.09,1282871,208.09,211.24,204.93,207.09,1282871
2020-01-29,212.78,215.67,209.90,211.53,1966071,212.78,215.67,209.90,211.53,1966071,212.78,215.67,209.90,211.53,1966071
2020-01-30,207.13,209.44,204.82,207.87,1342435,207.13,209.44,204.82,207.87,1342435,207.13,209.44,204.82,207.87,1342435
2020-01-31,202.42,204.78,200.06,201.49,1762367,202.42,204.78,200.06,201.49,1762367,202.42,204.78,200.06,201.49,1762367
2020-02-03,195.54,197.87,193.22,196.63,1965833,195.54,197.87,193.22,196.63,1965833,195.54,197.87,193.22,196.63,1965833
2020-02-04,195.24,198.46,192.01,194.77,1327042,195.24,198.46,192.01,194.77,1327042,195.24,198.46,192.01,194.77,1327042
2020-02-05,195.59,199.16,192.01,195.38,1601893,195.59,199.16,192.01,195.38,1601893,195.59,199.16,192.01,195.38,1601893
2020-02-06,193.93,195.87,191.98,193.96,1257263,193.93,195.87,191.98,193.96,1257263,193.93,195.87,191.98,193.96,1257263
2020-02-07,190.95,192.13,189.77,191.55,1639247,190.95,192.13,189.77,191.55,1639247,190.95,192.13,189.77,191.55,1639247
2020-02-10,194.66,196.92,192.39,194.50,1102714,194.66,196.92,192.39,194.50,1102714,194.66,196.92,192.39,194.50,1102714
2020-02-11,192.53,193.94,191.12,192.15,1461901,192.53,193.94,191.12,192.15,1461901,192.53,193.94,191.12,192.15,1461901
2020-02-12,195.11,197.11,193.10,193.37,1987565,195.11,197.11,193.10,193.37,1987565,195.11,197.11,193.10,193.37,1987565
2020-02-13,191.23,194.41,188.06,191.91,1751433,191.23,194.41,188.06,191.91,1751433,191.23,194.41,188.06,191.91,1751433
2020-02-14,191.41,194.41,188.42,190.49,1565835,191.41,194.41,188.42,190.49,1565835,191.41,194.41,188.42,190.49,1565835
2020-02-17,181.62,182.79,180.45,181.66,1505779,181.62,182.79,180.45,181.66,1505779,181.62,182.79,180.45,181.66,1505779
2020-02-18,181.88,184.99,178.78,182.05,1622378,181.88,184.99,178.78,182.05,1622378,181.88,184.99,178.78,182.05,1622378
2020-02-19,185.24,187.50,182.98,185.65,1819649,185.24,187.50,182.98,185.65,1819649,185.24,187.50,182.98,185.65,1819649
2020-02-20,186.02,187.75,184.30,185.22,1096765,186.02,187.75,184.30,185.22,1096765,186.02,187.75,184.30,185.22,1096765
2020-02-21,178.59,179.64,177.54,179.07,1725719,178.59,179.64,177.54,179.07,1725719,178.59,179.64,177.54,179.07,1725719
2020-02-24,179.48,182.38,176.57,178.59,1728873,179.48,182.38,176.57,178.59,1728873,179.48,182.38,176.57,178.59,1728873
2020-02-25,179.00,180.92,177.07,179.03,1604779,179.00,180.92,177.07,179.03,1604779,179.00,180.92,177.07,179.03,1604779
2020-02-26,185.89,188.27,183.51,185.04,1089391,185.89,188.27,183.51,185.04,1089391,185.89,188.27,183.51,185.04,1089391
2020-02-27,180.26,183.22,177.30,179.53,1922614,180.26,183.22,177.30,179.53,1922614,180.26,183.22,177.30,179.53,1922614
2020-02-28,173.63,174.99,172.27,173.92,1371459,173.63,174.99,172.27,173.92,1371459,173.63,174.99,172.27,173.92,1371459
2020-03-02,174.23,176.23,172.23,173.58,1239191,174.23,176.23,172.23,173.58,1239191,174.23,176.23,172.23,173.58,1239191
2020-03-03,169.16,171.19,167.13,170.25,1100168,169.16,171.19,167.13,170.25,1100168,169.16,171.19,167.13,170.25,1100168
2020-03-04,170.83,172.77,168.89,171.08,1139821,170.83,172.77,168.89,171.08,1139821,170.83,172.77,168.89,171.08,1139821
2020-03-05,173.01,175.39,170.62,173.23,1569305,173.01,175.39,170.62,173.23,1569305,173.01,175.39,170.62,173.23,1569305
2020-03-06,176.58,178.56,174.61,176.21,2076359,176.58,178.56,174.61,176.21,2076359,176.58,178.56,174.61,176.21,2076359
2020-03-09,173.84,175.18,172.51,172.97,1833372,173.84,175.18,172.51,172.97,1833372,173.84,175.18,172.51,172.97,1833372
2020-03-10,166.44,167.61,165.27,167.03,1369870,166.44,167.61,165.27,167.03,1369870,166.44,167.61,165.27,167.03,1369870
2020-03-11,166.58,167.17,165.99,166.04,1413241,166.58,167.17,165.99,166.04,1413241,166.58,167.17,165.99,166.04,1413241
2020-03-12,164.06,166.09,162.03,163.56,1865148,164.06,166.09,162.03,163.56,1865148,164.06,166.09,162.03,163.56,1865148
2020-03-13,164.89,166.85,162.93,165.32,1722341,164.89,166.85,162.93,165.32,1722341,164.89,166.85,162.93,165.32,1722341
2020-03-16,164.24,166.23,162.26,162.33,1375700,164.24,166.23,162.26,162.33,1375700,164.24,166.23,162.26,162.33,1375700
2020-03-17,160.04,161.63,158.46,160.10,2030348,160.04,161.63,158.46,160.10,2030348,160.04,161.63,158.46,160.10,2030348
2020-03-18,157.46,160.03,154.89,156.59,1068630,157.46,160.03,154.89,156.59,1068630,157.46,160.03,154.89,156.59,1068630
2020-03-19,153.53,155.11,151.95,153.65,1738907,153.53,155.11,151.95,153.65,1738907,153.53,155.11,151.95,153.65,1738907
2020-03-20,157.07,158.21,155.94,157.10,1315682,157.07,158.21,155.94,157.10,1315682,157.07,158.21,155.94,157.10,1315682
2020-03-23,151.84,153.19,150.48,151.56,1791049,151.84,153.19,150.48,151.56,1791049,151.84,153.19,150.48,151.56,1791049
2020-03-24,152.51,153.49,151.52,151.61,1778364,152.51,153.49,151.52,151.61,1778364,152.51,153.49,151.52,151.61,1778364
2020-03-25,149.65,151.45,147.85,148.35,2043602,149.65,151.45,147.85,148.35,2043602,149.65,151.45,147.85,148.35,2043602
2020-03-26,134.88,135.97,133.79,135.64,1592043,134.88,135.97,133.79,135.64,1592043,134.88,135.97,133.79,135.64,1592043
2020-03-27,136.38,137.02,135.73,136.41,2080624,136.38,137.02,135.73,136.41,2080624,136.38,137.02,135.73,136.41,2080624
2020-03-30,134.39,136.51,132.26,134.35,1401032,134.39,136.51,132.26,134.35,1401032,134.39,136.51,132.26,134.35,1401032
2020-03-31,131.40,133.47,129.34,130.90,1798708,131.40,133.47,129.34,130.90,1798708,131.40,133.47,129.34,130.90,1798708
2020-04-01,131.89,133.97,129.81,132.23,1886655,131.89,133.97,129.81,132.23,1886655,131.89,133.97,129.81,132.23,1886655
2020-04-02,132.82,134.37,131.26,132.71,1987247,132.82,134.37,131.26,132.71,1987247,132.82,134.37,131.26,132.71,1987247
2020-04-03,132.42,134.26,130.57,132.78,1174220,132.42,134.26,130.57,132.78,1174220,132.42,134.26,130.57,132.78,1174220
2020-04-06,133.04,134.04,132.03,133.04,1115684,133.04,134.04,132.03,133.04,1115684,133.04,134.04,132.03,133.04,1115684
2020-04-07,134.38,135.80,132.96,134.53,1280288,134.38,135.80,132.96,134.53,1280288,134.38,135.80,132.96,134.53,1280288
2020-04-08,135.26,135.95,134.57,135.45,1320814,135.26,135.95,134.57,135.45,1320814,135.26,135.95,134.57,135.45,1320814
2020-04-09,133.06,135.39,130.73,133.49,1186818,133.06,135.39,130.73,133.49,1186818,133.06,135.39,130.73,133.49,1186818
2020-04-10,132.74,134.75,130.72,132.74,1948768,132.74,134.75,130.72,132.74,1948768,132.74,134.75,130.72,132.74,1948768
2020-04-13,133.23,133.97,132.49,133.18,1125900,133.23,133.97,132.49,133.18,1125900,133.23,133.97,132.49,133.18,1125900
2020-04-14,133.74,135.60,131.88,134.08,2092119,133.74,135.60,131.88,134.08,2092119,133.74,135.60,131.88,134.08,2092119
2020-04-15,135.78,136.97,134.60,136.17,1371635,135.78,136.97,134.60,136.17,1371635,135.78,136.97,134.60,136.17,1371635
2020-04-16,137.43,138.51,136.35,137.27,1750080,137.43,138.51,136.35,137.27,1750080,137.43,138.51,136.35,137.27,1750080
2020-04-17,144.21,145.97,142.45,143.85,1375656,144.21,145.97,142.45,143.85,1375656,144.21,145.97,142.45,143.85,1375656
2020-04-20,143.82,145.70,141.93,143.71,1501050,143.82,145.70,141.93,143.71,1501050,143.82,145.70,141.93,143.71,1501050
2020-04-21,143.48,144.83,142.13,143.01,1799720,143.48,144.83,142.13,143.01,1799720,143.48,144.83,142.13,143.01,1799720
2020-04-22,143.48,144.67,142.29,144.19,1439382,143.48,144.67,142.29,144.19,1439382,143.48,144.67,142.29,144.19,1439382
2020-04-23,143.95,145.31,142.59,144.02,1547953,143.95,145.31,142.59,144.02,1547953,143.95,145.31,142.59,144.02,1547953
2020-04-24,145.10,147.44,142.75,145.89,1423285,145.10,147.44,142.75,145.89,1423285,145.10,147.44,142.75,145.89,1423285
2020-04-27,147.04,148.39,145.69,147.34,1053165,147.04,148.39,145.69,147.34,1053165,147.04,148.39,145.69,147.34,1053165
2020-04-28,148.50,150.33,146.66,148.24,1502387,148.50,150.33,146.66,148.24,1502387,148.50,150.33,146.66,148.24,1502387
2020-04-29,143.89,145.00,142.78,143.97,1065381,143.89,145.00,142.78,143.97,1065381,143.89,145.00,142.78,143.97,1065381
2020-04-30,142.44,144.44,140.44,141.88,1387257,142.44,144.44,140.44,141.88,1387257,142.44,144.44,140.44,141.88,1387257
2020-05-01,142.58,143.55,141.61,142.61,1933564,142.58,143.55,141.61,142.61,1933564,142.58,143.55,141.61,142.61,1933564
2020-05-04,144.26,145.40,143.13,145.06,1958974,144.26,145.40,143.13,145.06,1958974,144.26,145.40,143.13,145.06,1958974
2020-05-05,150.71,152.25,149.17,149.33,1370103,150.71,152.25,149.17,149.33,1370103,150.71,152.25,149.17,149.33,1370103
2020-05-06,150.14,151.61,148.67,149.95,1341716,150.14,151.61,148.67,149.95,1341716,150.14,151.61,148.67,149.95,1341716
2020-05-07,152.59,153.86,151.32,152.92,1583298,152.59,153.86,151.32,152.92,1583298,152.59,153.86,151.32,152.92,1583298
2020-05-08,149.63,151.83,147.42,149.76,2012849,149.63,151.83,147.42,149.76,2012849,149.63,151.83,147.42,149.76,2012849
2020-05-11,149.23,151.46,146.99,149.62,1548878,149.23,151.46,146.99,149.62,1548878,149.23,151.46,146.99,149.62,1548878
2020-05-12,148.86,150.83,146.88,147.74,1350020,148.86,150.83,146.88,147.74,1350020,148.86,150.83,146.88,147.74,1350020
2020-05-13,148.25,150.19,146.30,147.80,1874754,148.25,150.19,146.30,147.80,1874754,148.25,150.19,146.30,147.80,1874754
2020-05-14,148.89,150.98,146.80,148.36,1638460,148.89,150.98,146.80,148.36,1638460,148.89,150.98,146.80,148.36,1638460
2020-05-15,151.80,153.38,150.23,151.69,1410142,151.80,153.38,150.23,151.69,1410142,151.80,153.38,150.23,151.69,1410142
2020-05-18,150.39,152.08,148.70,151.20,1152788,150.39,152.08,148.70,151.20,1152788,150.39,152.08,148.70,151.20,1152788
2020-05-19,148.13,149.96,146.29,148.62,1953673,148.13,149.96,146.29,148.62,1953673,148.13,149.96,146.29,148.62,1953673
2020-05-20,151.88,152.90,150.86,150.90,1746421,151.88,152.90,150.86,150.90,1746421,151.88,152.90,150.86,150.90,1746421
2020-05-21,155.90,157.83,153.98,155.30,1226727,155.90,157.83,153.98,155.30,1226727,155.90,157.83,153.98,155.30,1226727
2020-05-22,155.83,158.15,153.50,156.41,1498385,155.83,158.15,153.50,156.41,1498385,155.83,158.15,153.50,156.41,1498385
2020-05-25,151.41,152.14,150.68,150.90,1718656,151.41,152.14,150.68,150.90,1718656,151.41,152.14,150.68,150.90,1718656
2020-05-26,154.52,156.17,152.86,153.83,1870680,154.52,156.17,152.86,153.83,1870680,154.52,156.17,152.86,153.83,1870680
2020-05-27,149.63,151.84,147.41,149.21,1474946,149.63,151.84,147.41,149.21,1474946,149.63,151.84,147.41,149.21,1474946
2020-05-28,152.03,153.75,150.30,151.91,1753079,152.03,153.75,150.30,151.91,1753079,152.03,153.75,150.30,151.91,1753079
2020-05-29,150.18,151.50,148.86,149.23,1584938,150.18,151.50,148.86,149.23,1584938,150.18,151.50,148.86,149.23,1584938
2020-06-01,149.84,151.32,148.36,149.59,1440821,149.84,151.32,148.36,149.59,1440821,149.84,151.32,148.36,149.59,1440821
2020-06-02,149.15,150.54,147.75,148.92,1904672,149.15,150.54,147.75,148.92,1904672,149.15,150.54,147.75,148.92,1904672
2020-06-03,153.12,154.84,151.40,153.35,1492397,153.12,154.84,151.40,153.35,1492397,153.12,154.84,151.40,153.35,1492397
2020-06-04,154.65,157.13,152.18,153.89,1711060,154.65,157.13,152.18,153.89,1711060,154.65,157.13,152.18,153.89,1711060
2020-06-05,157.43,159.13,155.73,157.53,1663461,157.43,159.13,155.73,157.53,1663461,157.43,159.13,155.73,157.53,1663461
2020-06-08,157.39,159.11,155.67,157.50,1936097,157.39,159.11,155.67,157.50,1936097,157.39,159.11,155.67,157.50,1936097
2020-06-09,154.55,156.19,152.90,154.06,1200219,154.55,156.19,152.90,154.06,1200219,154.55,156.19,152.90,154.06,1200219
2020-06-10,152.78,153.80,151.75,152.67,1541877,152.78,153.80,151.75,152.67,1541877,152.78,153.80,151.75,152.67,1541877
2020-06-11,153.77,155.57,151.97,152.47,1960894,153.77,155.57,151.97,152.47,1960894,153.77,155.57,151.97,152.47,1960894
2020-06-12,153.78,154.62,152.95,154.17,1912129,153.78,154.62,152.95,154.17,1912129,153.78,154.62,152.95,154.17,1912129
2020-06-15,154.66,155.62,153.70,154.41,1902108,154.66,155.62,153.70,154.41,1902108,154.66,155.62,153.70,154.41,1902108
2020-06-16,154.23,156.32,152.14,153.40,1900654,154.23,156.32,152.14,153.40,1900654,154.23,156.32,152.14,153.40,1900654
2020-06-17,150.78,152.02,149.55,150.96,1090475,150.78,152.02,149.55,150.96,1090475,150.78,152.02,149.55,150.96,1090475
2020-06-18,149.36,150.52,148.20,149.05,1971326,149.36,150.52,148.20,149.05,1971326,149.36,150.52,148.20,149.05,1971326
2020-06-19,151.15,152.88,149.42,152.15,1690560,151.15,152.88,149.42,152.15,1690560,151.15,152.88,149.42,152.15,1690560
2020-06-22,150.58,152.10,149.06,150.62,1057695,150.58,152.10,149.06,150.62,1057695,150.58,152.10,149.06,150.62,1057695
2020-06-23,152.54,153.70,151.38,152.54,1321092,152.54,153.70,151.38,152.54,1321092,152.54,153.70,151.38,152.54,1321092
2020-06-24,155.96,158.01,153.91,155.71,1093880,155.96,158.01,153.91,155.71,1093880,155.96,158.01,153.91,155.71,1093880
2020-06-25,150.78,152.15,149.41,150.26,1932606,150.78,152.15,149.41,150.26,1932606,150.78,152.15,149.41,150.26,1932606
2020-06-26,150.44,151.55,149.33,150.36,2045312,150.44,151.55,149.33,150.36,2045312,150.44,151.55,149.33,150.36,2045312
2020-06-29,149.07,150.04,148.10,148.49,1423391,149.07,150.04,148.10,148.49,1423391,149.07,150.04,148.10,148.49,1423391
2020-06-30,145.29,146.45,144.14,144.75,1682206,145.29,146.45,144.14,144.75,1682206,145.29,146.45,144.14,144.75,1682206
2020-07-01,147.12,147.99,146.25,147.18,1779753,147.12,147.99,146.25,147.18,1779753,147.12,147.99,146.25,147.18,1779753
2020-07-02,147.08,148.60,145.56,147.46,1812675,147.08,148.60,145.56,147.46,1812675,147.08,148.60,145.56,147.46,1812675
2020-07-03,152.75,154.40,151.11,152.77,1963236,152.75,154.40,151.11,152.77,1963236,152.75,154.40,151.11,152.77,1963236
2020-07-06,154.17,156.65,151.69,153.63,1629838,154.17,156.65,151.69,153.63,1629838,154.17,156.65,151.69,153.63,1629838
2020-07-07,156.57,157.63,155.50,156.98,1335509,156.57,157.63,155.50,156.98,1335509,156.57,157.63,155.50,156.98,1335509
2020-07-08,156.79,158.51,155.07,156.55,1336159,156.79,158.51,155.07,156.55,1336159,156.79,158.51,155.07,156.55,1336159
2020-07-09,157.83,159.92,155.73,157.72,1755308,157.83,159.92,155.73,157.72,1755308,157.83,159.92,155.73,157.72,1755308
2020-07-10,159.04,160.95,157.12,159.47,1820475,159.04,160.95,157.12,159.47,1820475,159.04,160.95,157.12,159.47,1820475
2020-07-13,161.95,164.65,159.26,161.43,1677358,161.95,164.65,159.26,161.43,1677358,161.95,164.65,159.26,161.43,1677358
2020-07-14,161.10,163.17,159.04,161.58,1654982,161.10,163.17,159.04,161.58,1654982,161.10,163.17,159.04,161.58,1654982
2020-07-15,159.75,162.06,157.43,159.30,1601572,159.75,162.06,157.43,159.30,1601572,159.75,162.06,157.43,159.30,1601572
2020-07-16,161.74,162.67,160.81,161.77,1912597,161.74,162.67,160.81,161.77,1912597,161.74,162.67,160.81,161.77,1912597
2020-07-17,162.74,164.06,161.42,163.18,1654477,162.74,164.06,161.42,163.18,1654477,162.74,164.06,161.42,163.18,1654477
2020-07-20,163.37,164.72,162.03,162.17,1954569,163.37,164.72,162.03,162.17,1954569,163.37,164.72,162.03,162.17,1954569
2020-07-21,158.68,160.20,157.16,158.64,1275423,158.68,160.20,157.16,158.64,1275423,158.68,160.20,157.16,158.64,1275423
2020-07-22,158.93,160.86,157.00,158.59,1887102,158.93,160.86,157.00,158.59,1887102,158.93,160.86,157.00,158.59,1887102
2020-07-23,159.40,160.32,158.49,158.76,1231429,159.40,160.32,158.49,158.76,1231429,159.40,160.32,158.49,158.76,1231429
2020-07-24,163.09,163.93,162.24,162.60,1879029,163.09,163.93,162.24,162.60,1879029,163.09,163.93,162.24,162.60,1879029
2020-07-27,156.66,158.34,154.97,156.99,1486036,156.66,158.34,154.97,156.99,1486036,156.66,158.34,154.97,156.99,1486036
2020-07-28,158.27,159.96,156.57,157.15,1112536,158.27,159.96,156.57,157.15,1112536,158.27,159.96,156.57,157.15,1112536
2020-07-29,161.19,162.36,160.02,160.71,1421140,161.19,162.36,160.02,160.71,1421140,161.19,162.36,160.02,160.71,1421140
2020-07-30,161.55,164.31,158.80,161.60,1608207,161.55,164.31,158.80,161.60,1608207,161.55,164.31,158.80,161.60,1608207
2020-07-31,165.25,167.64,162.85,165.07,1418955,165.25,167.64,162.85,165.07,1418955,165.25,167.64,162.85,165.07,1418955
2020-08-03,170.02,172.54,167.50,169.72,1544447,170.02,172.54,167.50,169.72,1544447,170.02,172.54,167.50,169.72,1544447
2020-08-04,174.15,176.50,171.81,174.58,2000016,174.15,176.50,171.81,174.58,2000016,174.15,176.50,171.81,174.58,2000016
2020-08-05,178.53,180.97,176.09,178.07,1401978,178.53,180.97,176.09,178.07,1401978,178.53,180.97,176.09,178.07,1401978
2020-08-06,175.99,179.08,172.90,176.30,1166749,175.99,179.08,172.90,176.30,1166749,175.99,179.08,172.90,176.30,1166749
2020-08-07,169.79,172.31,167.28,168.98,1555220,169.79,172.31,167.28,168.98,1555220,169.79,172.31,167.28,168.98,1555220
2020-08-10,174.32,177.18,171.46,174.27,2091447,174.32,177.18,171.46,174.27,2091447,174.32,177.18,171.46,174.27,2091447
2020-08-11,178.64,180.33,176.95,179.13,1875463,178.64,180.33,176.95,179.13,1875463,178.64,180.33,176.95,179.13,1875463
2020-08-12,178.00,179.85,176.15,178.25,2086922,178.00,179.85,176.15,178.25,2086922,178.00,179.85,176.15,178.25,2086922
2020-08-13,178.38,181.00,175.75,178.38,1569376,178.38,181.00,175.75,178.38,1569376,178.38,181.00,175.75,178.38,1569376
2020-08-14,179.83,183.23,176.44,179.62,1731718,179.83,183.23,176.44,179.62,1731718,179.83,183.23,176.44,179.62,1731718
2020-08-17,174.61,177.65,171.58,174.26,1957309,174.61,177.65,171.58,174.26,1957309,174.61,177.65,171.58,174.26,1957309
2020-08-18,174.60,176.95,172.24,175.24,1875271,174.60,176.95,172.24,175.24,1875271,174.60,176.95,172.24,175.24,1875271
2020-08-19,181.36,182.07,180.66,180.88,1525522,181.36,182.07,180.66,180.88,1525522,181.36,182.07,180.66,180.88,1525522
2020-08-20,184.20,185.47,182.93,183.46,1505181,184.20,185.47,182.93,183.46,1505181,184.20,185.47,182.93,183.46,1505181
2020-08-21,185.15,187.78,182.52,185.56,1747134,185.15,187.78,182.52,185.56,1747134,185.15,187.78,182.52,185.56,1747134
2020-08-24,187.11,189.01,185.21,186.47,1729412,187.11,189.01,185.21,186.47,1729412,187.11,189.01,185.21,186.47,1729412
2020-08-25,186.63,189.08,184.18,186.77,1439147,186.63,189.08,184.18,186.77,1439147,186.63,189.08,184.18,186.77,1439147
2020-08-26,184.72,187.18,182.26,184.93,1051078,184.72,187.18,182.26,184.93,1051078,184.72,187.18,182.26,184.93,1051078
2020-08-27,187.32,190.04,184.60,186.03,1661997,187.32,190.04,184.60,186.03,1661997,187.32,190.04,184.60,186.03,1661997
2020-08-28,184.79,186.84,182.75,185.30,1782609,184.79,186.84,182.75,185.30,1782609,184.79,186.84,182.75,185.30,1782609
2020-08-31,187.67,189.79,185.55,186.79,1128685,187.67,189.79,185.55,186.79,1128685,187.67,189.79,185.55,186.79,1128685
2020-09-01,190.86,193.18,188.54,189.58,1770404,190.86,193.18,188.54,189.58,1770404,190.86,193.18,188.54,189.58,1770404
2020-09-02,190.47,193.42,187.53,190.70,1210721,190.47,193.42,187.53,190.70,1210721,190.47,193.42,187.53,190.70,1210721
2020-09-03,189.45,191.84,187.05,190.03,1211711,189.45,191.84,187.05,190.03,1211711,189.45,191.84,187.05,190.03,1211711
2020-09-04,187.61,189.50,185.72,186.86,1108694,187.61,189.50,185.72,186.86,1108694,187.61,189.50,185.72,186.86,1108694
2020-09-07,183.33,185.28,181.38,182.84,1876218,183.33,185.28,181.38,182.84,1876218,183.33,185.28,181.38,182.84,1876218
2020-09-08,183.28,185.24,181.32,182.41,2085615,183.28,185.24,181.32,182.41,2085615,183.28,185.24,181.32,182.41,2085615
2020-09-09,181.46,183.20,179.73,181.85,1324846,181.46,183.20,179.73,181.85,1324846,181.46,183.20,179.73,181.85,1324846
2020-09-10,186.12,188.51,183.72,185.72,1611351,186.12,188.51,183.72,185.72,1611351,186.12,188.51,183.72,185.72,1611351
2020-09-11,190.70,193.63,187.76,190.33,1229115,190.70,193.63,187.76,190.33,1229115,190.70,193.63,187.76,190.33,1229115
2020-09-14,189.31,191.64,186.99,188.21,1667842,189.31,191.64,186.99,188.21,1667842,189.31,191.64,186.99,188.21,1667842
2020-09-15,189.33,191.24,187.41,188.24,2062651,189.33,191.24,187.41,188.24,2062651,189.33,191.24,187.41,188.24,2062651
2020-09-16,187.67,188.94,186.40,186.97,1336711,187.67,188.94,186.40,186.97,1336711,187.67,188.94,186.40,186.97,1336711
2020-09-17,192.22,194.02,190.43,192.33,1251196,192.22,194.02,190.43,192.33,1251196,192.22,194.02,190.43,192.33,1251196
2020-09-18,192.10,193.09,191.11,192.61,2040524,192.10,193.09,191.11,192.61,2040524,192.10,193.09,191.11,192.61,2040524
2020-09-21,193.29,195.24,191.33,193.29,1786402,193.29,195.24,191.33,193.29,1786402,193.29,195.24,191.33,193.29,1786402
2020-09-22,195.07,196.60,193.54,194.59,1146463,195.07,196.60,193.54,194.59,1146463,195.07,196.60,193.54,194.59,1146463
2020-09-23,194.84,197.15,192.53,193.87,1147665,194.84,197.15,192.53,193.87,1147665,194.84,197.15,192.53,193.87,1147665
2020-09-24,192.62,195.49,189.75,192.22,1990672,192.62,195.49,189.75,192.22,1990672,192.62,195.49,189.75,192.22,1990672
2020-09-25,189.16,191.40,186.92,189.84,1421249,189.16,191.40,186.92,189.84,1421249,189.16,191.40,186.92,189.84,1421249
2020-09-28,191.39,194.01,188.77,192.14,1929713,191.39,194.01,188.77,192.14,1929713,191.39,194.01,188.77,192.14,1929713
2020-09-29,197.85,199.95,195.75,198.79,1416991,197.85,199.95,195.75,198.79,1416991,197.85,199.95,195.75,198.79,1416991
2020-09-30,198.41,200.11,196.70,199.00,1227690,198.41,200.11,196.70,199.00,1227690,198.41,200.11,196.70,199.00,1227690
2020-10-01,196.94,199.68,194.20,196.91,1986087,196.94,199.68,194.20,196.91,1986087,196.94,199.68,194.20,196.91,1986087
2020-10-02,195.63,197.20,194.07,196.19,1704737,195.63,197.20,194.07,196.19,1704737,195.63,197.20,194.07,196.19,1704737
2020-10-05,190.24,192.39,188.09,190.74,1803004,190.24,192.39,188.09,190.74,1803004,190.24,192.39,188.09,190.74,1803004
2020-10-06,192.45,194.32,190.58,192.65,1098720,192.45,194.32,190.58,192.65,1098720,192.45,194.32,190.58,192.65,1098720
2020-10-07,190.07,191.68,188.47,189.88,1555310,190.07,191.68,188.47,189.88,1555310,190.07,191.68,188.47,189.88,1555310
2020-10-08,188.60,190.74,186.46,190.02,2043292,188.60,190.74,186.46,190.02,2043292,188.60,190.74,186.46,190.02,2043292
2020-10-09,190.35,191.42,189.29,191.25,1321639,190.35,191.42,189.29,191.25,1321639,190.35,191.42,189.29,191.25,1321639
2020-10-12,194.39,196.25,192.53,193.77,1987969,194.39,196.25,192.53,193.77,1987969,194.39,196.25,192.53,193.77,1987969
2020-10-13,196.44,198.50,194.39,196.73,1798443,196.44,198.50,194.39,196.73,1798443,196.44,198.50,194.39,196.73,1798443
2020-10-14,196.70,197.70,195.70,197.17,1857013,196.70,197.70,195.70,197.17,1857013,196.70,197.70,195.70,197.17,1857013
2020-10-15,196.64,198.87,194.42,197.01,1301620,196.64,198.87,194.42,197.01,1301620,196.64,198.87,194.42,197.01,1301620
2020-10-16,202.35,204.48,200.21,202.35,1113411,202.35,204.48,200.21,202.35,1113411,202.35,204.48,200.21,202.35,1113411
2020-10-19,206.03,207.85,204.22,205.94,1322248,206.03,207.85,204.22,205.94,1322248,206.03,207.85,204.22,205.94,1322248
2020-10-20,206.66,207.81,205.52,207.21,1867244,206.66,207.81,205.52,207.21,1867244,206.66,207.81,205.52,207.21,1867244
2020-10-21,210.67,214.34,207.00,209.98,1954857,210.67,214.34,207.00,209.98,1954857,210.67,214.34,207.00,209.98,1954857
2020-10-22,210.55,212.89,208.20,210.84,1189329,210.55,212.89,208.20,210.84,1189329,210.55,212.89,208.20,210.84,1189329
2020-10-23,212.84,214.74,210.94,212.83,1926681,212.84,214.74,210.94,212.83,1926681,212.84,214.74,210.94,212.83,1926681
2020-10-26,214.16,217.19,211.14,213.39,1930807,214.16,217.19,211.14,213.39,1930807,214.16,217.19,211.14,213.39,1930807
2020-10-27,213.57,216.45,210.69,214.27,2084473,213.57,216.45,210.69,214.27,2084473,213.57,216.45,210.69,214.27,2084473
2020-10-28,214.06,216.71,211.41,213.08,1743478,214.06,216.71,211.41,213.08,1743478,214.06,216.71,211.41,213.08,1743478
2020-10-29,219.59,222.97,216.22,219.88,2047469,219.59,222.97,216.22,219.88,2047469,219.59,222.97,216.22,219.88,2047469
2020-10-30,222.53,224.21,220.85,222.30,2063565,222.53,224.21,220.85,222.30,2063565,222.53,224.21,220.85,222.30,2063565
2020-11-02,216.53,217.98,215.07,215.77,1113735,216.53,217.98,215.07,215.77,1113735,216.53,217.98,215.07,215.77,1113735
2020-11-03,216.98,219.94,214.01,216.79,1743866,216.98,219.94,214.01,216.79,1743866,216.98,219.94,214.01,216.79,1743866
2020-11-04,219.28,220.84,217.72,220.11,1688925,219.28,220.84,217.72,220.11,1688925,219.28,220.84,217.72,220.11,1688925
2020-11-05,220.45,220.88,220.03,220.22,2019444,220.45,220.88,220.03,220.22,2019444,220.45,220.88,220.03,220.22,2019444
2020-11-06,219.73,222.40,217.07,219.00,1238761,219.73,222.40,217.07,219.00,1238761,219.73,222.40,217.07,219.00,1238761
2020-11-09,213.79,216.16,211.41,212.79,1675856,213.79,216.16,211.41,212.79,1675856,213.79,216.16,211.41,212.79,1675856
2020-11-10,215.68,217.54,213.83,215.43,1953448,215.68,217.54,213.83,215.43,1953448,215.68,217.54,213.83,215.43,1953448
2020-11-11,218.01,219.77,216.24,216.87,1338457,218.01,219.77,216.24,216.87,1338457,218.01,219.77,216.24,216.87,1338457
2020-11-12,220.69,223.29,218.10,219.51,1315529,220.69,223.29,218.10,219.51,1315529,220.69,223.29,218.10,219.51,1315529
2020-11-13,214.36,217.24,211.48,213.98,1081899,214.36,217.24,211.48,213.98,1081899,214.36,217.24,211.48,213.98,1081899
2020-11-16,215.23,216.52,213.94,215.04,2081488,215.23,216.52,213.94,215.04,2081488,215.23,216.52,213.94,215.04,2081488
2020-11-17,216.46,219.05,213.86,216.77,1562138,216.46,219.05,213.86,216.77,1562138,216.46,219.05,213.86,216.77,1562138
2020-11-18,217.07,219.34,214.79,215.88,1933660,217.07,219.34,214.79,215.88,1933660,217.07,219.34,214.79,215.88,1933660
2020-11-19,223.88,226.11,221.65,223.71,1352778,223.88,226.11,221.65,223.71,1352778,223.88,226.11,221.65,223.71,1352778
2020-11-20,224.25,225.93,222.58,223.58,1530623,224.25,225.93,222.58,223.58,1530623,224.25,225.93,222.58,223.58,1530623
2020-11-23,221.93,224.74,219.13,222.05,1901135,221.93,224.74,219.13,222.05,1901135,221.93,224.74,219.13,222.05,1901135
2020-11-24,221.62,222.69,220.55,220.55,1242626,221.62,222.69,220.55,220.55,1242626,221.62,222.69,220.55,220.55,1242626
2020-11-25,225.83,227.05,224.62,225.14,1846357,225.83,227.05,224.62,225.14,1846357,225.83,227.05,224.62,225.14,1846357
2020-11-26,233.38,234.76,231.99,232.87,1470426,233.38,234.76,231.99,232.87,1470426,233.38,234.76,231.99,232.87,1470426
2020-11-27,237.29,238.88,235.70,237.68,2080931,237.29,238.88,235.70,237.68,2080931,237.29,238.88,235.70,237.68,2080931
2020-11-30,240.36,244.05,236.67,239.91,2098797,240.36,244.05,236.67,239.91,2098797,240.36,244.05,236.67,239.91,2098797
2020-12-01,237.40,240.24,234.55,237.38,1220517,237.40,240.24,234.55,237.38,1220517,237.40,240.24,234.55,237.38,1220517
2020-12-02,240.22,243.05,237.40,239.53,1052591,240.22,243.05,237.40,239.53,1052591,240.22,243.05,237.40,239.53,1052591
2020-12-03,242.37,245.42,239.33,242.10,1176381,242.37,245.42,239.33,242.10,1176381,242.37,245.42,239.33,242.10,1176381
2020-12-04,243.72,248.02,239.42,243.47,2062653,243.72,248.02,239.42,243.47,2062653,243.72,248.02,239.42,243.47,2062653
2020-12-07,243.80,246.62,240.98,242.04,1369252,243.80,246.62,240.98,242.04,1369252,243.80,246.62,240.98,242.04,1369252
2020-12-08,241.50,242.94,240.06,242.03,2011666,241.50,242.94,240.06,242.03,2011666,241.50,242.94,240.06,242.03,2011666
2020-12-09,242.72,245.74,239.69,243.04,1725920,242.72,245.74,239.69,243.04,1725920,242.72,245.74,239.69,243.04,1725920
2020-12-10,248.60,251.70,245.50,247.77,1395394,248.60,251.70,245.50,247.77,1395394,248.60,251.70,245.50,247.77,1395394
2020-12-11,249.44,252.59,246.28,249.47,1442069,249.44,252.59,246.28,249.47,1442069,249.44,252.59,246.28,249.47,1442069
2020-12-14,257.79,261.33,254.25,256.29,1901697,257.79,261.33,254.25,256.29,1901697,257.79,261.33,254.25,256.29,1901697
2020-12-15,256.05,260.40,251.70,255.63,1946690,256.05,260.40,251.70,255.63,1946690,256.05,260.40,251.70,255.63,1946690
2020-12-16,264.47,267.94,260.99,264.94,1130500,264.47,267.94,260.99,264.94,1130500,264.47,267.94,260.99,264.94,1130500
2020-12-17,266.94,271.59,262.30,264.96,1542576,266.94,271.59,262.30,264.96,1542576,266.94,271.59,262.30,264.96,1542576
2020-12-18,269.50,272.60,266.39,271.95,1922650,269.50,272.60,266.39,271.95,1922650,269.50,272.60,266.39,271.95,1922650
2020-12-21,272.12,274.95,269.29,270.44,1717319,272.12,274.95,269.29,270.44,1717319,272.12,274.95,269.29,270.44,1717319
2020-12-22,272.34,275.36,269.32,272.65,1389199,272.34,275.36,269.32,272.65,1389199,272.34,275.36,269.32,272.65,1389199
2020-12-23,280.24,282.56,277.92,279.45,1305185,280.24,282.56,277.92,279.45,1305185,280.24,282.56,277.92,279.45,1305185
2020-12-24,284.96,289.34,280.58,286.19,1673232,284.96,289.34,280.58,286.19,1673232,284.96,289.34,280.58,286.19,1673232
2020-12-25,292.35,297.65,287.05,291.26,1961609,292.35,297.65,287.05,291.26,1961609,292.35,297.65,287.05,291.26,1961609
2020-12-28,294.97,297.59,292.35,293.67,1511267,294.97,297.59,292.35,293.67,1511267,294.97,297.59,292.35,293.67,1511267
2020-12-29,297.38,300.77,293.99,299.30,1148103,297.38,300.77,293.99,299.30,1148103,297.38,300.77,293.99,299.30,1148103
2020-12-30,301.11,304.83,297.39,300.71,1666745,301.11,304.83,297.39,300.71,1666745,301.11,304.83,297.39,300.71,1666745
2020-12-31,296.98,302.89,291.06,299.11,1090923,296.98,302.89,291.06,299.11,1090923,296.98,302.89,291.06,299.11,1090923
2021-01-01,300.64,304.10,297.17,301.55,1809619,300.64,304.10,297.17,301.55,1809619,300.64,304.10,297.17,301.55,1809619
2021-01-04,294.57,299.75,289.39,294.07,1792638,294.57,299.75,289.39,294.07,1792638,294.57,299.75,289.39,294.07,1792638
2021-01-05,306.13,310.06,302.21,303.02,1481576,306.13,310.06,302.21,303.02,1481576,306.13,310.06,302.21,303.02,1481576
2021-01-06,307.50,311.18,303.82,308.54,1082389,307.50,311.18,303.82,308.54,1082389,307.50,311.18,303.82,308.54,1082389
2021-01-07,308.48,309.67,307.29,307.42,1831462,308.48,309.67,307.29,307.42,1831462,308.48,309.67,307.29,307.42,1831462
2021-01-08,304.03,306.45,301.62,304.10,1261181,304.03,306.45,301.62,304.10,1261181,304.03,306.45,301.62,304.10,1261181
2021-01-11,305.48,309.50,301.46,305.05,1815269,305.48,309.50,301.46,305.05,1815269,305.48,309.50,301.46,305.05,1815269
2021-01-12,300.22,303.50,296.94,299.81,1454332,300.22,303.50,296.94,299.81,1454332,300.22,303.50,296.94,299.81,1454332
2021-01-13,300.56,303.80,297.33,300.09,1578670,300.56,303.80,297.33,300.09,1578670,300.56,303.80,297.33,300.09,1578670
2021-01-14,300.45,305.82,295.08,300.21,1879938,300.45,305.82,295.08,300.21,1879938,300.45,305.82,295.08,300.21,1879938
2021-01-15,292.39,294.26,290.53,292.96,2011579,292.39,294.26,290.53,292.96,2011579,292.39,294.26,290.53,292.96,2011579
2021-01-18,297.91,301.95,293.88,296.80,1577584,297.91,301.95,293.88,296.80,1577584,297.91,301.95,293.88,296.80,1577584
2021-01-19,295.00,297.22,292.78,295.20,1435823,295.00,297.22,292.78,295.20,1435823,295.00,297.22,292.78,295.20,1435823
2021-01-20,293.85,296.90,290.80,293.99,1754715,293.85,296.90,290.80,293.99,1754715,293.85,296.90,290.80,293.99,1754715
2021-01-21,292.14,295.67,288.62,292.40,1875511,292.14,295.67,288.62,292.40,1875511,292.14,295.67,288.62,292.40,1875511
2021-01-22,301.63,306.88,296.39,301.65,1094091,301.63,306.88,296.39,301.65,1094091,301.63,306.88,296.39,301.65,1094091
2021-01-25,304.96,307.59,302.32,302.90,1727898,304.96,307.59,302.32,302.90,1727898,304.96,307.59,302.32,302.90,1727898
2021-01-26,298.92,302.30,295.54,297.28,1060478,298.92,302.30,295.54,297.28,1060478,298.92,302.30,295.54,297.28,1060478
2021-01-27,299.28,304.12,294.44,298.90,1703250,299.28,304.12,294.44,298.90,1703250,299.28,304.12,294.44,298.90,1703250
2021-01-28,300.23,303.46,296.99,300.06,2088597,300.23,303.46,296.99,300.06,2088597,300.23,303.46,296.99,300.06,2088597
2021-01-29,307.40,309.24,305.56,305.70,2024318,307.40,309.24,305.56,305.70,2024318,307.40,309.24,305.56,305.70,2024318
2021-02-01,293.71,295.38,292.04,295.33,1384416,293.71,295.38,292.04,295.33,1384416,293.71,295.38,292.04,295.33,1384416
2021-02-02,289.82,292.43,287.22,288.93,1752678,289.82,292.43,287.22,288.93,1752678,289.82,292.43,287.22,288.93,1752678
2021-02-03,294.38,296.81,291.94,292.56,1768328,294.38,296.81,291.94,292.56,1768328,294.38,296.81,291.94,292.56,1768328
2021-02-04,291.11,292.21,290.00,290.34,1361083,291.11,292.21,290.00,290.34,1361083,291.11,292.21,290.00,290.34,1361083
2021-02-05,288.37,290.91,285.83,288.86,2040716,288.37,290.91,285.83,288.86,2040716,288.37,290.91,285.83,288.86,2040716
2021-02-08,289.16,293.06,285.26,288.53,1838839,289.16,293.06,285.26,288.53,1838839,289.16,293.06,285.26,288.53,1838839
2021-02-09,292.76,295.29,290.22,294.19,1097048,292.76,295.29,290.22,294.19,1097048,292.76,295.29,290.22,294.19,1097048
2021-02-10,288.18,292.43,283.92,288.54,1111360,288.18,292.43,283.92,288.54,1111360,288.18,292.43,283.92,288.54,1111360
2021-02-11,291.92,294.81,289.03,290.56,1193156,291.92,294.81,289.03,290.56,1193156,291.92,294.81,289.03,290.56,1193156
2021-02-12,299.54,301.15,297.94,298.97,1425980,299.54,301.15,297.94,298.97,1425980,299.54,301.15,297.94,298.97,1425980
2021-02-15,291.40,295.28,287.53,291.32,1057876,291.40,295.28,287.53,291.32,1057876,291.40,295.28,287.53,291.32,1057876
2021-02-16,287.63,289.81,285.45,286.68,1206537,287.63,289.81,285.45,286.68,1206537,287.63,289.81,285.45,286.68,1206537
2021-02-17,288.23,290.89,285.58,287.06,1454446,288.23,290.89,285.58,287.06,1454446,288.23,290.89,285.58,287.06,1454446
2021-02-18,286.49,289.86,283.12,286.09,1546322,286.49,289.86,283.12,286.09,1546322,286.49,289.86,283.12,286.09,1546322
2021-02-19,282.64,285.22,280.06,280.99,1258041,282.64,285.22,280.06,280.99,1258041,282.64,285.22,280.06,280.99,1258041
2021-02-22,283.28,285.39,281.18,284.09,1807394,283.28,285.39,281.18,284.09,1807394,283.28,285.39,281.18,284.09,1807394
2021-02-23,284.60,287.48,281.72,283.19,1459916,284.60,287.48,281.72,283.19,1459916,284.60,287.48,281.72,283.19,1459916
2021-02-24,278.56,280.89,276.24,280.38,1704230,278.56,280.89,276.24,280.38,1704230,278.56,280.89,276.24,280.38,1704230
2021-02-25,276.80,280.46,273.14,276.74,1077565,276.80,280.46,273.14,276.74,1077565,276.80,280.46,273.14,276.74,1077565
2021-02-26,279.16,284.47,273.85,278.12,1795306,279.16,284.47,273.85,278.12,1795306,279.16,284.47,273.85,278.12,1795306
2021-03-01,285.06,286.70,283.43,283.89,1805220,285.06,286.70,283.43,283.89,1805220,285.06,286.70,283.43,283.89,1805220
2021-03-02,289.01,292.27,285.74,288.99,1174439,289.01,292.27,285.74,288.99,1174439,289.01,292.27,285.74,288.99,1174439
2021-03-03,286.89,289.26,284.53,285.76,1527068,286.89,289.26,284.53,285.76,1527068,286.89,289.26,284.53,285.76,1527068
2021-03-04,288.14,292.71,283.57,289.57,1297865,288.14,292.71,283.57,289.57,1297865,288.14,292.71,283.57,289.57,1297865
2021-03-05,290.55,295.25,285.86,291.10,1486092,290.55,295.25,285.86,291.10,1486092,290.55,295.25,285.86,291.10,1486092
2021-03-08,295.05,297.22,292.88,295.26,1893771,295.05,297.22,292.88,295.26,1893771,295.05,297.22,292.88,295.26,1893771
2021-03-09,302.06,305.41,298.71,303.19,1160506,302.06,305.41,298.71,303.19,1160506,302.06,305.41,298.71,303.19,1160506
2021-03-10,300.36,304.90,295.81,299.53,1743263,300.36,304.90,295.81,299.53,1743263,300.36,304.90,295.81,299.53,1743263
2021-03-11,303.05,307.25,298.85,300.77,1313343,303.05,307.25,298.85,300.77,1313343,303.05,307.25,298.85,300.77,1313343
2021-03-12,301.53,304.98,298.08,301.19,1618870,301.53,304.98,298.08,301.19,1618870,301.53,304.98,298.08,301.19,1618870
2021-03-15,307.95,311.52,304.37,306.10,1430795,307.95,311.52,304.37,306.10,1430795,307.95,311.52,304.37,306.10,1430795
2021-03-16,308.69,312.22,305.17,307.57,1518482,308.69,312.22,305.17,307.57,1518482,308.69,312.22,305.17,307.57,1518482
2021-03-17,310.36,314.16,306.57,310.37,1199331,310.36,314.16,306.57,310.37,1199331,310.36,314.16,306.57,310.37,1199331
2021-03-18,311.83,316.03,307.63,313.16,1173343,311.83,316.03,307.63,313.16,1173343,311.83,316.03,307.63,313.16,1173343
2021-03-19,308.17,313.22,303.12,308.56,1688464,308.17,313.22,303.12,308.56,1688464,308.17,313.22,303.12,308.56,1688464
2021-03-22,311.77,315.28,308.26,311.57,1377395,311.77,315.28,308.26,311.57,1377395,311.77,315.28,308.26,311.57,1377395
2021-03-23,310.72,313.05,308.38,311.55,1685523,310.72,313.05,308.38,311.55,1685523,310.72,313.05,308.38,311.55,1685523
2021-03-24,311.66,316.23,307.10,314.05,1209852,311.66,316.23,307.10,314.05,1209852,311.66,316.23,307.10,314.05,1209852
2021-03-25,313.02,315.99,310.05,313.34,1849785,313.02,315.99,310.05,313.34,1849785,313.02,315.99,310.05,313.34,1849785
2021-03-26,312.59,315.74,309.43,312.77,1703358,312.59,315.74,309.43,312.77,1703358,312.59,315.74,309.43,312.77,1703358
2021-03-29,308.05,313.69,302.41,306.87,1845886,308.05,313.69,302.41,306.87,1845886,308.05,313.69,302.41,306.87,1845886
2021-03-30,308.09,310.03,306.16,308.96,1551729,308.09,310.03,306.16,308.96,1551729,308.09,310.03,306.16,308.96,1551729
2021-03-31,309.46,312.13,306.79,310.31,1474054,309.46,312.13,306.79,310.31,1474054,309.46,312.13,306.79,310.31,1474054
2021-04-01,317.93,319.63,316.23,317.69,1929299,317.93,319.63,316.23,317.69,1929299,317.93,319.63,316.23,317.69,1929299
2021-04-02,319.88,324.45,315.32,319.94,1088467,319.88,324.45,315.32,319.94,1088467,319.88,324.45,315.32,319.94,1088467
2021-04-05,317.61,320.00,315.23,316.09,1477083,317.61,320.00,315.23,316.09,1477083,317.61,320.00,315.23,316.09,1477083
2021-04-06,308.09,312.16,304.03,307.04,1372105,308.09,312.16,304.03,307.04,1372105,308.09,312.16,304.03,307.04,1372105
2021-04-07,306.04,310.05,302.03,305.28,1373260,306.04,310.05,302.03,305.28,1373260,306.04,310.05,302.03,305.28,1373260
2021-04-08,306.85,309.48,304.21,306.55,1350350,306.85,309.48,304.21,306.55,1350350,306.85,309.48,304.21,306.55,1350350
2021-04-09,315.41,319.90,310.91,314.94,1888813,315.41,319.90,310.91,314.94,1888813,315.41,319.90,310.91,314.94,1888813
2021-04-12,309.05,314.34,303.77,308.32,1370754,309.05,314.34,303.77,308.32,1370754,309.05,314.34,303.77,308.32,1370754
2021-04-13,309.12,314.57,303.68,309.56,1137131,309.12,314.57,303.68,309.56,1137131,309.12,314.57,303.68,309.56,1137131
2021-04-14,309.85,314.29,305.42,309.98,1403916,309.85,314.29,305.42,309.98,1403916,309.85,314.29,305.42,309.98,1403916
2021-04-15,312.79,319.03,306.55,312.10,2065723,312.79,319.03,306.55,312.10,2065723,312.79,319.03,306.55,312.10,2065723
2021-04-16,313.06,317.01,309.12,314.07,1923549,313.06,317.01,309.12,314.07,1923549,313.06,317.01,309.12,314.07,1923549
2021-04-19,316.59,318.89,314.29,315.36,2000552,316.59,318.89,314.29,315.36,2000552,316.59,318.89,314.29,315.36,2000552
2021-04-20,314.57,318.68,310.46,315.21,1390272,314.57,318.68,310.46,315.21,1390272,314.57,318.68,310.46,315.21,1390272
2021-04-21,318.10,321.51,314.70,317.82,1578363,318.10,321.51,314.70,317.82,1578363,318.10,321.51,314.70,317.82,1578363
2021-04-22,305.28,307.86,302.70,305.33,1263859,305.28,307.86,302.70,305.33,1263859,305.28,307.86,302.70,305.33,1263859
2021-04-23,302.77,306.42,299.13,303.01,1615620,302.77,306.42,299.13,303.01,1615620,302.77,306.42,299.13,303.01,1615620
2021-04-26,300.07,303.45,296.69,298.68,1279977,300.07,303.45,296.69,298.68,1279977,300.07,303.45,296.69,298.68,1279977
2021-04-27,292.52,295.68,289.36,292.05,1202940,292.52,295.68,289.36,292.05,1202940,292.52,295.68,289.36,292.05,1202940
2021-04-28,290.01,293.03,286.99,290.60,1961748,290.01,293.03,286.99,290.60,1961748,290.01,293.03,286.99,290.60,1961748
2021-04-29,292.10,296.04,288.15,292.45,1224543,292.10,296.04,288.15,292.45,1224543,292.10,296.04,288.15,292.45,1224543
2021-04-30,285.73,290.59,280.88,285.49,1376579,285.73,290.59,280.88,285.49,1376579,285.73,290.59,280.88,285.49,1376579
2021-05-03,283.69,285.93,281.45,283.90,1956726,283.69,285.93,281.45,283.90,1956726,283.69,285.93,281.45,283.90,1956726
2021-05-04,283.99,287.16,280.83,283.66,1925806,283.99,287.16,280.83,283.66,1925806,283.99,287.16,280.83,283.66,1925806
2021-05-05,283.92,289.89,277.95,283.09,1520085,283.92,289.89,277.95,283.09,1520085,283.92,289.89,277.95,283.09,1520085
2021-05-06,280.48,284.45,276.51,281.19,1879687,280.48,284.45,276.51,281.19,1879687,280.48,284.45,276.51,281.19,1879687
2021-05-07,282.53,285.43,279.63,284.15,1073740,282.53,285.43,279.63,284.15,1073740,282.53,285.43,279.63,284.15,1073740
2021-05-10,285.02,287.89,282.14,283.19,1199054,285.02,287.89,282.14,283.19,1199054,285.02,287.89,282.14,283.19,1199054
2021-05-11,285.30,290.42,280.19,285.21,2015368,285.30,290.42,280.19,285.21,2015368,285.30,290.42,280.19,285.21,2015368
2021-05-12,283.74,286.40,281.08,283.46,1967933,283.74,286.40,281.08,283.46,1967933,283.74,286.40,281.08,283.46,1967933
2021-05-13,276.50,280.36,272.63,276.73,1741050,276.50,280.36,272.63,276.73,1741050,276.50,280.36,272.63,276.73,1741050
2021-05-14,278.21,282.35,274.06,277.89,1858385,278.21,282.35,274.06,277.89,1858385,278.21,282.35,274.06,277.89,1858385
2021-05-17,271.59,274.21,268.96,272.81,1469914,271.59,274.21,268.96,272.81,1469914,271.59,274.21,268.96,272.81,1469914
2021-05-18,268.01,270.07,265.95,266.99,1574424,268.01,270.07,265.95,266.99,1574424,268.01,270.07,265.95,266.99,1574424
2021-05-19,267.27,268.97,265.56,266.06,1084390,267.27,268.97,265.56,266.06,1084390,267.27,268.97,265.56,266.06,1084390
2021-05-20,268.28,270.78,265.77,268.84,1052172,268.28,270.78,265.77,268.84,1052172,268.28,270.78,265.77,268.84,1052172
2021-05-21,266.23,270.13,262.33,264.61,2022608,266.23,270.13,262.33,264.61,2022608,266.23,270.13,262.33,264.61,2022608
2021-05-24,271.08,273.62,268.55,270.41,1968470,271.08,273.62,268.55,270.41,1968470,271.08,273.62,268.55,270.41,1968470
2021-05-25,274.37,277.04,271.69,274.82,2036068,274.37,277.04,271.69,274.82,2036068,274.37,277.04,271.69,274.82,2036068
2021-05-26,271.96,275.62,268.30,274.12,1748205,271.96,275.62,268.30,274.12,1748205,271.96,275.62,268.30,274.12,1748205
2021-05-27,271.68,273.37,270.00,271.04,1201820,271.68,273.37,270.00,271.04,1201820,271.68,273.37,270.00,271.04,1201820
2021-05-28,271.96,274.60,269.32,271.54,1150705,271.96,274.60,269.32,271.54,1150705,271.96,274.60,269.32,271.54,1150705
2021-05-31,278.53,280.04,277.02,279.20,1866815,278.53,280.04,277.02,279.20,1866815,278.53,280.04,277.02,279.20,1866815
2021-06-01,278.04,280.63,275.46,278.54,1144089,278.04,280.63,275.46,278.54,1144089,278.04,280.63,275.46,278.54,1144089
2021-06-02,280.36,284.07,276.66,278.63,1872649,280.36,284.07,276.66,278.63,1872649,280.36,284.07,276.66,278.63,1872649
2021-06-03,272.49,275.67,269.31,273.31,1932503,272.49,275.67,269.31,273.31,1932503,272.49,275.67,269.31,273.31,1932503
2021-06-04,268.05,271.87,264.23,269.35,1325692,268.05,271.87,264.23,269.35,1325692,268.05,271.87,264.23,269.35,1325692
2021-06-07,273.64,276.27,271.01,273.19,1394338,273.64,276.27,271.01,273.19,1394338,273.64,276.27,271.01,273.19,1394338
2021-06-08,276.20,279.98,272.42,277.17,1651359,276.20,279.98,272.42,277.17,1651359,276.20,279.98,272.42,277.17,1651359
2021-06-09,269.73,272.16,267.30,269.54,1061994,269.73,272.16,267.30,269.54,1061994,269.73,272.16,267.30,269.54,1061994
2021-06-10,268.12,270.17,266.08,268.03,1320848,268.12,270.17,266.08,268.03,1320848,268.12,270.17,266.08,268.03,1320848
2021-06-11,266.28,269.28,263.29,266.87,1414426,266.28,269.28,263.29,266.87,1414426,266.28,269.28,263.29,266.87,1414426
2021-06-14,267.31,270.00,264.62,266.91,1908086,267.31,270.00,264.62,266.91,1908086,267.31,270.00,264.62,266.91,1908086
2021-06-15,260.46,262.54,258.38,260.68,2068775,260.46,262.54,258.38,260.68,2068775,260.46,262.54,258.38,260.68,2068775
2021-06-16,262.83,266.66,259.01,262.84,1678243,262.83,266.66,259.01,262.84,1678243,262.83,266.66,259.01,262.84,1678243
2021-06-17,266.04,268.25,263.84,266.23,1159272,266.04,268.25,263.84,266.23,1159272,266.04,268.25,263.84,266.23,1159272
2021-06-18,257.38,259.17,255.58,255.76,1541443,257.38,259.17,255.58,255.76,1541443,257.38,259.17,255.58,255.76,1541443
2021-06-21,253.01,254.29,251.72,253.92,1581464,253.01,254.29,251.72,253.92,1581464,253.01,254.29,251.72,253.92,1581464
2021-06-22,261.84,265.58,258.11,261.36,1603207,261.84,265.58,258.11,261.36,1603207,261.84,265.58,258.11,261.36,1603207
2021-06-23,260.56,264.27,256.85,260.55,1234537,260.56,264.27,256.85,260.55,1234537,260.56,264.27,256.85,260.55,1234537
2021-06-24,254.98,258.16,251.79,255.40,1783056,254.98,258.16,251.79,255.40,1783056,254.98,258.16,251.79,255.40,1783056
2021-06-25,252.11,255.54,248.67,252.38,2081596,252.11,255.54,248.67,252.38,2081596,252.11,255.54,248.67,252.38,2081596
2021-06-28,256.52,258.54,254.50,255.36,1968611,256.52,258.54,254.50,255.36,1968611,256.52,258.54,254.50,255.36,1968611
2021-06-29,250.83,253.79,247.87,251.53,1522151,250.83,253.79,247.87,251.53,1522151,250.83,253.79,247.87,251.53,1522151
2021-06-30,248.27,251.05,245.48,247.75,1536998,248.27,251.05,245.48,247.75,1536998,248.27,251.05,245.48,247.75,1536998
2021-07-01,240.91,244.47,237.35,241.15,1410197,240.91,244.47,237.35,241.15,1410197,240.91,244.47,237.35,241.15,1410197
2021-07-02,237.13,239.15,235.12,237.51,1942570,237.13,239.15,235.12,237.51,1942570,237.13,239.15,235.12,237.51,1942570
2021-07-05,241.88,245.00,238.76,241.15,1078918,241.88,245.00,238.76,241.15,1078918,241.88,245.00,238.76,241.15,1078918
2021-07-06,235.67,236.83,234.50,235.29,2009375,235.67,236.83,234.50,235.29,2009375,235.67,236.83,234.50,235.29,2009375
2021-07-07,223.43,226.97,219.89,223.42,1899496,223.43,226.97,219.89,223.42,1899496,223.43,226.97,219.89,223.42,1899496
2021-07-08,228.46,231.27,225.66,228.72,1497723,228.46,231.27,225.66,228.72,1497723,228.46,231.27,225.66,228.72,1497723
2021-07-09,228.00,230.25,225.74,226.94,1382780,228.00,230.25,225.74,226.94,1382780,228.00,230.25,225.74,226.94,1382780
2021-07-12,220.02,223.03,217.02,220.35,2051329,220.02,223.03,217.02,220.35,2051329,220.02,223.03,217.02,220.35,2051329
2021-07-13,219.99,222.17,217.80,219.61,1721968,219.99,222.17,217.80,219.61,1721968,219.99,222.17,217.80,219.61,1721968
2021-07-14,218.32,219.85,216.79,217.71,1885156,218.32,219.85,216.79,217.71,1885156,218.32,219.85,216.79,217.71,1885156
2021-07-15,225.22,228.05,222.39,224.93,2043488,225.22,228.05,222.39,224.93,2043488,225.22,228.05,222.39,224.93,2043488
2021-07-16,227.98,229.37,226.60,227.49,1931275,227.98,229.37,226.60,227.49,1931275,227.98,229.37,226.60,227.49,1931275
2021-07-19,230.72,233.63,227.82,229.68,1344466,230.72,233.63,227.82,229.68,1344466,230.72,233.63,227.82,229.68,1344466
2021-07-20,229.37,231.83,226.91,229.60,1425284,229.37,231.83,226.91,229.60,1425284,229.37,231.83,226.91,229.60,1425284
2021-07-21,229.43,232.38,226.47,229.25,1900439,229.43,232.38,226.47,229.25,1900439,229.43,232.38,226.47,229.25,1900439
2021-07-22,226.88,229.50,224.25,225.83,1335097,226.88,229.50,224.25,225.83,1335097,226.88,229.50,224.25,225.83,1335097
2021-07-23,222.77,225.85,219.69,222.76,1811548,222.77,225.85,219.69,222.76,1811548,222.77,225.85,219.69,222.76,1811548
2021-07-26,212.55,215.59,209.50,212.05,1243506,212.55,215.59,209.50,212.05,1243506,212.55,215.59,209.50,212.05,1243506
2021-07-27,207.87,211.64,204.10,208.76,1078627,207.87,211.64,204.10,208.76,1078627,207.87,211.64,204.10,208.76,1078627
2021-07-28,200.80,201.89,199.72,200.42,1722427,200.80,201.89,199.72,200.42,1722427,200.80,201.89,199.72,200.42,1722427
2021-07-29,198.27,199.84,196.71,198.04,2012819,198.27,199.84,196.71,198.04,2012819,198.27,199.84,196.71,198.04,2012819
2021-07-30,197.36,199.84,194.89,197.55,1269701,197.36,199.84,194.89,197.55,1269701,197.36,199.84,194.89,197.55,1269701
2021-08-02,194.64,196.40,192.88,194.14,1791474,194.64,196.40,192.88,194.14,1791474,194.64,196.40,192.88,194.14,1791474
2021-08-03,194.61,195.95,193.26,193.47,1064216,194.61,195.95,193.26,193.47,1064216,194.61,195.95,193.26,193.47,1064216
2021-08-04,193.08,195.21,190.96,192.89,1155070,193.08,195.21,190.96,192.89,1155070,193.08,195.21,190.96,192.89,1155070
2021-08-05,195.68,197.59,193.78,195.61,1607440,195.68,197.59,193.78,195.61,1607440,195.68,197.59,193.78,195.61,1607440
2021-08-06,194.43,196.58,192.29,195.27,1556368,194.43,196.58,192.29,195.27,1556368,194.43,196.58,192.29,195.27,1556368
2021-08-09,191.74,194.42,189.07,192.44,1497482,191.74,194.42,189.07,192.44,1497482,191.74,194.42,189.07,192.44,1497482
2021-08-10,200.39,202.85,197.93,201.04,2024484,200.39,202.85,197.93,201.04,2024484,200.39,202.85,197.93,201.04,2024484
2021-08-11,196.58,199.20,193.97,196.26,1123022,196.58,199.20,193.97,196.26,1123022,196.58,199.20,193.97,196.26,1123022
2021-08-12,206.61,208.35,204.88,206.20,1739629,206.61,208.35,204.88,206.20,1739629,206.61,208.35,204.88,206.20,1739629
2021-08-13,209.25,212.39,206.11,207.43,2056024,209.25,212.39,206.11,207.43,2056024,209.25,212.39,206.11,207.43,2056024
2021-08-16,211.52,214.44,208.61,210.18,1687637,211.52,214.44,208.61,210.18,1687637,211.52,214.44,208.61,210.18,1687637
2021-08-17,209.64,211.80,207.47,208.54,1170201,209.64,211.80,207.47,208.54,1170201,209.64,211.80,207.47,208.54,1170201
2021-08-18,212.93,214.66,211.21,212.83,1267056,212.93,214.66,211.21,212.83,1267056,212.93,214.66,211.21,212.83,1267056
2021-08-19,216.19,218.60,213.77,216.64,1495661,216.19,218.60,213.77,216.64,1495661,216.19,218.60,213.77,216.64,1495661
2021-08-20,213.14,215.26,211.01,213.77,1308360,213.14,215.26,211.01,213.77,1308360,213.14,215.26,211.01,213.77,1308360
2021-08-23,215.09,216.91,213.27,214.78,1976543,215.09,216.91,213.27,214.78,1976543,215.09,216.91,213.27,214.78,1976543
2021-08-24,214.01,217.10,210.91,212.45,1301134,214.01,217.10,210.91,212.45,1301134,214.01,217.10,210.91,212.45,1301134
2021-08-25,215.72,219.01,212.43,214.92,1322536,215.72,219.01,212.43,214.92,1322536,215.72,219.01,212.43,214.92,1322536
2021-08-26,213.55,215.33,211.76,214.33,1656197,213.55,215.33,211.76,214.33,1656197,213.55,215.33,211.76,214.33,1656197
2021-08-27,212.77,215.69,209.84,212.00,1819190,212.77,215.69,209.84,212.00,1819190,212.77,215.69,209.84,212.00,1819190
2021-08-30,210.03,212.30,207.76,210.95,1804989,210.03,212.30,207.76,210.95,1804989,210.03,212.30,207.76,210.95,1804989
2021-08-31,209.51,212.43,206.59,208.56,1480570,209.51,212.43,206.59,208.56,1480570,209.51,212.43,206.59,208.56,1480570
2021-09-01,209.67,211.87,207.48,209.93,1809752,209.67,211.87,207.48,209.93,1809752,209.67,211.87,207.48,209.93,1809752
2021-09-02,207.61,210.70,204.53,207.14,1587198,207.61,210.70,204.53,207.14,1587198,207.61,210.70,204.53,207.14,1587198
2021-09-03,206.81,211.10,202.52,207.66,2007686,206.81,211.10,202.52,207.66,2007686,206.81,211.10,202.52,207.66,2007686
2021-09-06,218.05,220.30,215.80,216.83,1304747,218.05,220.30,215.80,216.83,1304747,218.05,220.30,215.80,216.83,1304747
2021-09-07,217.41,220.03,214.78,218.26,1861862,217.41,220.03,214.78,218.26,1861862,217.41,220.03,214.78,218.26,1861862
2021-09-08,217.92,219.62,216.21,217.13,1078909,217.92,219.62,216.21,217.13,1078909,217.92,219.62,216.21,217.13,1078909
2021-09-09,223.37,225.87,220.87,223.87,1105823,223.37,225.87,220.87,223.87,1105823,223.37,225.87,220.87,223.87,1105823
2021-09-10,222.49,223.79,221.19,221.43,1162819,222.49,223.79,221.19,221.43,1162819,222.49,223.79,221.19,221.43,1162819
2021-09-13,232.46,235.73,229.18,232.04,1292487,232.46,235.73,229.18,232.04,1292487,232.46,235.73,229.18,232.04,1292487
2021-09-14,231.52,233.84,229.21,229.76,1802849,231.52,233.84,229.21,229.76,1802849,231.52,233.84,229.21,229.76,1802849
2021-09-15,229.56,233.42,225.71,230.42,1805266,229.56,233.42,225.71,230.42,1805266,229.56,233.42,225.71,230.42,1805266
2021-09-16,230.92,232.40,229.44,231.57,1555462,230.92,232.40,229.44,231.57,1555462,230.92,232.40,229.44,231.57,1555462
2021-09-17,225.07,227.60,222.53,225.11,1474977,225.07,227.60,222.53,225.11,1474977,225.07,227.60,222.53,225.11,1474977
2021-09-20,229.02,231.44,226.60,228.35,1382821,229.02,231.44,226.60,228.35,1382821,229.02,231.44,226.60,228.35,1382821
2021-09-21,234.71,238.62,230.79,233.53,1711932,234.71,238.62,230.79,233.53,1711932,234.71,238.62,230.79,233.53,1711932
2021-09-22,242.03,244.47,239.60,241.28,1253900,242.03,244.47,239.60,241.28,1253900,242.03,244.47,239.60,241.28,1253900
2021-09-23,240.57,242.49,238.65,242.42,1790169,240.57,242.49,238.65,242.42,1790169,240.57,242.49,238.65,242.42,1790169
2021-09-24,246.66,248.74,244.59,246.06,1344698,246.66,248.74,244.59,246.06,1344698,246.66,248.74,244.59,246.06,1344698
2021-09-27,252.87,254.93,250.81,253.35,1979115,252.87,254.93,250.81,253.35,1979115,252.87,254.93,250.81,253.35,1979115
2021-09-28,247.12,250.99,243.25,246.89,1941152,247.12,250.99,243.25,246.89,1941152,247.12,250.99,243.25,246.89,1941152
2021-09-29,253.70,255.46,251.94,253.13,1594466,253.70,255.46,251.94,253.13,1594466,253.70,255.46,251.94,253.13,1594466
2021-09-30,251.64,253.31,249.97,250.35,1301784,251.64,253.31,249.97,250.35,1301784,251.64,253.31,249.97,250.35,1301784
2021-10-01,257.56,259.53,255.59,255.73,1583056,257.56,259.53,255.59,255.73,1583056,257.56,259.53,255.59,255.73,1583056
2021-10-04,256.07,258.80,253.34,255.57,1524187,256.07,258.80,253.34,255.57,1524187,256.07,258.80,253.34,255.57,1524187
2021-10-05,256.35,259.34,253.36,255.86,2005185,256.35,259.34,253.36,255.86,2005185,256.35,259.34,253.36,255.86,2005185
2021-10-06,259.36,262.70,256.03,257.95,1488843,259.36,262.70,256.03,257.95,1488843,259.36,262.70,256.03,257.95,1488843
2021-10-07,259.76,263.07,256.45,260.15,1620526,259.76,263.07,256.45,260.15,1620526,259.76,263.07,256.45,260.15,1620526
2021-10-08,262.53,265.75,259.30,262.36,1125776,262.53,265.75,259.30,262.36,1125776,262.53,265.75,259.30,262.36,1125776
2021-10-11,259.83,264.28,255.38,259.89,1718813,259.83,264.28,255.38,259.89,1718813,259.83,264.28,255.38,259.89,1718813
2021-10-12,263.02,266.59,259.46,262.49,1442671,263.02,266.59,259.46,262.49,1442671,263.02,266.59,259.46,262.49,1442671
2021-10-13,257.46,259.64,255.28,256.33,1715265,257.46,259.64,255.28,256.33,1715265,257.46,259.64,255.28,256.33,1715265
2021-10-14,256.79,259.88,253.70,255.72,1410757,256.79,259.88,253.70,255.72,1410757,256.79,259.88,253.70,255.72,1410757
2021-10-15,254.66,255.98,253.34,255.27,1872303,254.66,255.98,253.34,255.27,1872303,254.66,255.98,253.34,255.27,1872303
2021-10-18,252.07,253.92,250.22,252.73,1083099,252.07,253.92,250.22,252.73,1083099,252.07,253.92,250.22,252.73,1083099
2021-10-19,261.17,263.07,259.28,260.24,1466199,261.17,263.07,259.28,260.24,1466199,261.17,263.07,259.28,260.24,1466199
2021-10-20,256.52,259.62,253.41,256.66,1322620,256.52,259.62,253.41,256.66,1322620,256.52,259.62,253.41,256.66,1322620
2021-10-21,263.04,266.15,259.92,262.61,1928128,263.04,266.15,259.92,262.61,1928128,263.04,266.15,259.92,262.61,1928128
2021-10-22,259.58,264.54,254.61,260.67,2061845,259.58,264.54,254.61,260.67,2061845,259.58,264.54,254.61,260.67,2061845
2021-10-25,262.28,264.74,259.81,262.37,1056799,262.28,264.74,259.81,262.37,1056799,262.28,264.74,259.81,262.37,1056799
2021-10-26,268.00,270.21,265.80,268.60,1640699,268.00,270.21,265.80,268.60,1640699,268.00,270.21,265.80,268.60,1640699
2021-10-27,271.52,275.08,267.95,269.56,1151898,271.52,275.08,267.95,269.56,1151898,271.52,275.08,267.95,269.56,1151898
2021-10-28,271.30,274.38,268.23,270.75,1531810,271.30,274.38,268.23,270.75,1531810,271.30,274.38,268.23,270.75,1531810
2021-10-29,265.97,269.39,262.55,265.29,1720005,265.97,269.39,262.55,265.29,1720005,265.97,269.39,262.55,265.29,1720005
2021-11-01,256.74,259.96,253.53,256.77,1150768,256.74,259.96,253.53,256.77,1150768,256.74,259.96,253.53,256.77,1150768
2021-11-02,250.38,252.73,248.03,250.58,1382500,250.38,252.73,248.03,250.58,1382500,250.38,252.73,248.03,250.58,1382500
2021-11-03,241.84,243.90,239.78,242.88,1339663,241.84,243.90,239.78,242.88,1339663,241.84,243.90,239.78,242.88,1339663
2021-11-04,244.12,246.44,241.81,243.39,1852803,244.12,246.44,241.81,243.39,1852803,244.12,246.44,241.81,243.39,1852803
2021-11-05,251.23,252.54,249.93,251.30,1643576,251.23,252.54,249.93,251.30,1643576,251.23,252.54,249.93,251.30,1643576
2021-11-08,248.03,250.48,245.59,248.05,1545869,248.03,250.48,245.59,248.05,1545869,248.03,250.48,245.59,248.05,1545869
2021-11-09,251.69,253.78,249.60,250.76,1829975,251.69,253.78,249.60,250.76,1829975,251.69,253.78,249.60,250.76,1829975
2021-11-10,247.25,248.84,245.65,247.52,1954346,247.25,248.84,245.65,247.52,1954346,247.25,248.84,245.65,247.52,1954346
2021-11-11,243.65,248.45,238.86,242.62,1395356,243.65,248.45,238.86,242.62,1395356,243.65,248.45,238.86,242.62,1395356
2021-11-12,241.84,244.00,239.67,240.98,1291296,241.84,244.00,239.67,240.98,1291296,241.84,244.00,239.67,240.98,1291296
2021-11-15,240.23,241.82,238.63,239.11,1147859,240.23,241.82,238.63,239.11,1147859,240.23,241.82,238.63,239.11,1147859
2021-11-16,240.86,242.37,239.35,240.30,1296663,240.86,242.37,239.35,240.30,1296663,240.86,242.37,239.35,240.30,1296663
2021-11-17,238.85,241.45,236.24,238.67,1584180,238.85,241.45,236.24,238.67,1584180,238.85,241.45,236.24,238.67,1584180
2021-11-18,242.95,245.72,240.18,243.42,1454023,242.95,245.72,240.18,243.42,1454023,242.95,245.72,240.18,243.42,1454023
2021-11-19,248.07,252.51,243.63,247.77,1398810,248.07,252.51,243.63,247.77,1398810,248.07,252.51,243.63,247.77,1398810
2021-11-22,252.48,254.39,250.58,252.14,1455891,252.48,254.39,250.58,252.14,1455891,252.48,254.39,250.58,252.14,1455891
2021-11-23,253.09,256.01,250.17,252.41,1827856,253.09,256.01,250.17,252.41,1827856,253.09,256.01,250.17,252.41,1827856
2021-11-24,260.14,262.12,258.16,259.49,1234939,260.14,262.12,258.16,259.49,1234939,260.14,262.12,258.16,259.49,1234939
2021-11-25,263.91,267.36,260.46,263.67,2096706,263.91,267.36,260.46,263.67,2096706,263.91,267.36,260.46,263.67,2096706
2021-11-26,263.28,266.38,260.17,263.72,1795964,263.28,266.38,260.17,263.72,1795964,263.28,266.38,260.17,263.72,1795964
2021-11-29,272.27,274.57,269.97,271.63,1395380,272.27,274.57,269.97,271.63,1395380,272.27,274.57,269.97,271.63,1395380
2021-11-30,275.26,277.46,273.05,274.27,1355831,275.26,277.46,273.05,274.27,1355831,275.26,277.46,273.05,274.27,1355831
2021-12-01,274.20,277.59,270.82,274.20,1789346,274.20,277.59,270.82,274.20,1789346,274.20,277.59,270.82,274.20,1789346
2021-12-02,276.09,280.34,271.83,277.02,1953879,276.09,280.34,271.83,277.02,1953879,276.09,280.34,271.83,277.02,1953879
2021-12-03,281.89,283.73,280.06,281.71,1056977,281.89,283.73,280.06,281.71,1056977,281.89,283.73,280.06,281.71,1056977
2021-12-06,281.06,284.15,277.96,279.73,2089207,281.06,284.15,277.96,279.73,2089207,281.06,284.15,277.96,279.73,2089207
2021-12-07,277.82,281.93,273.70,278.21,1860527,277.82,281.93,273.70,278.21,1860527,277.82,281.93,273.70,278.21,1860527
2021-12-08,282.13,286.44,277.83,281.41,1648098,282.13,286.44,277.83,281.41,1648098,282.13,286.44,277.83,281.41,1648098
2021-12-09,276.50,280.99,272.01,277.19,2054154,276.50,280.99,272.01,277.19,2054154,276.50,280.99,272.01,277.19,2054154
2021-12-10,284.53,288.72,280.33,282.63,1381583,284.53,288.72,280.33,282.63,1381583,284.53,288.72,280.33,282.63,1381583
2021-12-13,290.07,295.22,284.91,287.93,1281506,290.07,295.22,284.91,287.93,1281506,290.07,295.22,284.91,287.93,1281506
2021-12-14,293.23,297.46,289.00,293.06,1359374,293.23,297.46,289.00,293.06,1359374,293.23,297.46,289.00,293.06,1359374
2021-12-15,306.81,310.59,303.04,306.60,1554301,306.81,310.59,303.04,306.60,1554301,306.81,310.59,303.04,306.60,1554301
2021-12-16,300.69,304.92,296.45,299.47,1703167,300.69,304.92,296.45,299.47,1703167,300.69,304.92,296.45,299.47,1703167
2021-12-17,296.85,299.26,294.44,294.87,1139707,296.85,299.26,294.44,294.87,1139707,296.85,299.26,294.44,294.87,1139707
2021-12-20,291.22,295.90,286.54,289.58,1869996,291.22,295.90,286.54,289.58,1869996,291.22,295.90,286.54,289.58,1869996
2021-12-21,282.29,283.30,281.28,282.45,1199583,282.29,283.30,281.28,282.45,1199583,282.29,283.30,281.28,282.45,1199583
2021-12-22,289.79,292.33,287.25,288.37,1744289,289.79,292.33,287.25,288.37,1744289,289.79,292.33,287.25,288.37,1744289
2021-12-23,289.29,293.14,285.45,289.42,1975869,289.29,293.14,285.45,289.42,1975869,289.29,293.14,285.45,289.42,1975869
2021-12-24,288.23,292.08,284.38,288.82,1558452,288.23,292.08,284.38,288.82,1558452,288.23,292.08,284.38,288.82,1558452
2021-12-27,284.85,286.98,282.73,284.96,1901175,284.85,286.98,282.73,284.96,1901175,284.85,286.98,282.73,284.96,1901175
2021-12-28,282.19,285.02,279.36,282.15,1497359,282.19,285.02,279.36,282.15,1497359,282.19,285.02,279.36,282.15,1497359
2021-12-29,276.84,281.18,272.50,275.45,1986945,276.84,281.18,272.50,275.45,1986945,276.84,281.18,272.50,275.45,1986945
2021-12-30,276.54,278.46,274.62,277.80,1633899,276.54,278.46,274.62,277.80,1633899,276.54,278.46,274.62,277.80,1633899
2021-12-31,273.85,277.26,270.45,274.98,1471151,273.85,277.26,270.45,274.98,1471151,273.85,277.26,270.45,274.98,1471151
2022-01-03,271.04,275.35,266.73,271.00,1079286,271.04,275.35,266.73,271.00,1079286,271.04,275.35,266.73,271.00,1079286
2022-01-04,271.72,275.67,267.78,270.97,1568628,271.72,275.67,267.78,270.97,1568628,271.72,275.67,267.78,270.97,1568628
2022-01-05,269.42,272.46,266.38,268.35,1902580,269.42,272.46,266.38,268.35,1902580,269.42,272.46,266.38,268.35,1902580
2022-01-06,271.06,275.16,266.96,272.34,1599093,271.06,275.16,266.96,272.34,1599093,271.06,275.16,266.96,272.34,1599093
2022-01-07,275.40,279.05,271.74,275.11,1984582,275.40,279.05,271.74,275.11,1984582,275.40,279.05,271.74,275.11,1984582
2022-01-10,275.70,279.05,272.34,275.36,1225585,275.70,279.05,272.34,275.36,1225585,275.70,279.05,272.34,275.36,1225585
2022-01-11,279.79,283.42,276.16,278.92,1072553,279.79,283.42,276.16,278.92,1072553,279.79,283.42,276.16,278.92,1072553
2022-01-12,275.27,277.20,273.33,277.03,1704215,275.27,277.20,273.33,277.03,1704215,275.27,277.20,273.33,277.03,1704215
2022-01-13,281.00,284.23,277.77,279.83,1488310,281.00,284.23,277.77,279.83,1488310,281.00,284.23,277.77,279.83,1488310
2022-01-14,280.27,284.46,276.07,280.37,1765079,280.27,284.46,276.07,280.37,1765079,280.27,284.46,276.07,280.37,1765079
2022-01-17,275.23,277.62,272.85,275.83,1565033,275.23,277.62,272.85,275.83,1565033,275.23,277.62,272.85,275.83,1565033
2022-01-18,269.09,270.18,268.00,268.74,1725033,269.09,270.18,268.00,268.74,1725033,269.09,270.18,268.00,268.74,1725033
2022-01-19,270.43,273.84,267.02,269.66,1586683,270.43,273.84,267.02,269.66,1586683,270.43,273.84,267.02,269.66,1586683
2022-01-20,266.47,267.88,265.05,267.13,1404222,266.47,267.88,265.05,267.13,1404222,266.47,267.88,265.05,267.13,1404222
2022-01-21,259.14,262.24,256.03,258.41,2089567,259.14,262.24,256.03,258.41,2089567,259.14,262.24,256.03,258.41,2089567
2022-01-24,261.64,264.49,258.79,261.37,1587170,261.64,264.49,258.79,261.37,1587170,261.64,264.49,258.79,261.37,1587170
2022-01-25,259.82,263.08,256.56,258.81,1945642,259.82,263.08,256.56,258.81,1945642,259.82,263.08,256.56,258.81,1945642
2022-01-26,264.75,266.33,263.17,263.46,1342668,264.75,266.33,263.17,263.46,1342668,264.75,266.33,263.17,263.46,1342668
2022-01-27,259.36,262.04,256.67,260.73,1835020,259.36,262.04,256.67,260.73,1835020,259.36,262.04,256.67,260.73,1835020
2022-01-28,254.95,257.76,252.14,256.84,1378674,254.95,257.76,252.14,256.84,1378674,254.95,257.76,252.14,256.84,1378674
2022-01-31,267.16,269.94,264.38,265.61,1780148,267.16,269.94,264.38,265.61,1780148,267.16,269.94,264.38,265.61,1780148
2022-02-01,267.40,269.32,265.47,265.79,1433936,267.40,269.32,265.47,265.79,1433936,267.40,269.32,265.47,265.79,1433936
2022-02-02,265.84,267.84,263.83,266.13,1482615,265.84,267.84,263.83,266.13,1482615,265.84,267.84,263.83,266.13,1482615
2022-02-03,266.94,269.22,264.65,267.03,1494693,266.94,269.22,264.65,267.03,1494693,266.94,269.22,264.65,267.03,1494693
2022-02-04,264.74,267.03,262.45,263.89,1987086,264.74,267.03,262.45,263.89,1987086,264.74,267.03,262.45,263.89,1987086
2022-02-07,262.71,265.39,260.03,262.87,1918395,262.71,265.39,260.03,262.87,1918395,262.71,265.39,260.03,262.87,1918395
2022-02-08,255.56,258.35,252.77,256.08,1135631,255.56,258.35,252.77,256.08,1135631,255.56,258.35,252.77,256.08,1135631
2022-02-09,249.08,251.56,246.59,248.38,2081005,249.08,251.56,246.59,248.38,2081005,249.08,251.56,246.59,248.38,2081005
2022-02-10,235.72,238.22,233.22,235.97,1729278,235.72,238.22,233.22,235.97,1729278,235.72,238.22,233.22,235.97,1729278
2022-02-11,234.82,237.26,232.38,234.27,1911033,234.82,237.26,232.38,234.27,1911033,234.82,237.26,232.38,234.27,1911033
2022-02-14,229.38,231.37,227.39,230.29,1747405,229.38,231.37,227.39,230.29,1747405,229.38,231.37,227.39,230.29,1747405
2022-02-15,225.23,227.54,222.92,224.62,1741377,225.23,227.54,222.92,224.62,1741377,225.23,227.54,222.92,224.62,1741377
2022-02-16,224.72,226.22,223.21,224.10,1996383,224.72,226.22,223.21,224.10,1996383,224.72,226.22,223.21,224.10,1996383
2022-02-17,231.30,233.45,229.16,231.24,1755446,231.30,233.45,229.16,231.24,1755446,231.30,233.45,229.16,231.24,1755446
2022-02-18,227.02,229.38,224.66,228.22,1485296,227.02,229.38,224.66,228.22,1485296,227.02,229.38,224.66,228.22,1485296
2022-02-21,226.60,229.03,224.17,226.95,1480274,226.60,229.03,224.17,226.95,1480274,226.60,229.03,224.17,226.95,1480274
2022-02-22,224.21,226.21,222.20,224.91,1094385,224.21,226.21,222.20,224.91,1094385,224.21,226.21,222.20,224.91,1094385
2022-02-23,225.21,226.80,223.61,224.58,1702428,225.21,226.80,223.61,224.58,1702428,225.21,226.80,223.61,224.58,1702428
2022-02-24,228.20,230.36,226.05,228.73,1467864,228.20,230.36,226.05,228.73,1467864,228.20,230.36,226.05,228.73,1467864
2022-02-25,224.83,229.02,220.64,223.24,1112891,224.83,229.02,220.64,223.24,1112891,224.83,229.02,220.64,223.24,1112891
2022-02-28,228.54,229.85,227.24,229.53,1497632,228.54,229.85,227.24,229.53,1497632,228.54,229.85,227.24,229.53,1497632
2022-03-01,227.75,230.64,224.87,226.61,1241021,227.75,230.64,224.87,226.61,1241021,227.75,230.64,224.87,226.61,1241021
2022-03-02,226.72,227.43,226.01,226.20,1844726,226.72,227.43,226.01,226.20,1844726,226.72,227.43,226.01,226.20,1844726
2022-03-03,228.14,231.29,224.99,227.13,1466825,228.14,231.29,224.99,227.13,1466825,228.14,231.29,224.99,227.13,1466825
2022-03-04,229.04,232.27,225.80,228.58,1560683,229.04,232.27,225.80,228.58,1560683,229.04,232.27,225.80,228.58,1560683
2022-03-07,231.02,233.92,228.12,229.68,1429600,231.02,233.92,228.12,229.68,1429600,231.02,233.92,228.12,229.68,1429600
2022-03-08,224.37,227.14,221.61,224.76,1954014,224.37,227.14,221.61,224.76,1954014,224.37,227.14,221.61,224.76,1954014
2022-03-09,224.89,226.95,222.83,225.21,1781433,224.89,226.95,222.83,225.21,1781433,224.89,226.95,222.83,225.21,1781433
2022-03-10,220.10,222.35,217.84,219.19,2007542,220.10,222.35,217.84,219.19,2007542,220.10,222.35,217.84,219.19,2007542
2022-03-11,217.93,220.02,215.85,217.49,1954868,217.93,220.02,215.85,217.49,1954868,217.93,220.02,215.85,217.49,1954868
2022-03-14,215.22,217.30,213.14,215.02,1500011,215.22,217.30,213.14,215.02,1500011,215.22,217.30,213.14,215.02,1500011
2022-03-15,209.74,211.97,207.51,210.45,1786932,209.74,211.97,207.51,210.45,1786932,209.74,211.97,207.51,210.45,1786932
2022-03-16,212.10,214.54,209.67,211.82,1337312,212.10,214.54,209.67,211.82,1337312,212.10,214.54,209.67,211.82,1337312
2022-03-17,211.79,212.78,210.79,211.76,1410433,211.79,212.78,210.79,211.76,1410433,211.79,212.78,210.79,211.76,1410433
2022-03-18,211.77,212.14,211.39,211.73,1483208,211.77,212.14,211.39,211.73,1483208,211.77,212.14,211.39,211.73,1483208
2022-03-21,218.06,220.59,215.53,217.89,1792615,218.06,220.59,215.53,217.89,1792615,218.06,220.59,215.53,217.89,1792615
2022-03-22,218.83,221.54,216.12,218.99,1334923,218.83,221.54,216.12,218.99,1334923,218.83,221.54,216.12,218.99,1334923
2022-03-23,220.74,224.95,216.52,221.40,1603470,220.74,224.95,216.52,221.40,1603470,220.74,224.95,216.52,221.40,1603470
2022-03-24,212.43,216.14,208.73,213.04,1377010,212.43,216.14,208.73,213.04,1377010,212.43,216.14,208.73,213.04,1377010
2022-03-25,216.31,220.23,212.39,216.16,1998645,216.31,220.23,212.39,216.16,1998645,216.31,220.23,212.39,216.16,1998645
2022-03-28,218.69,219.95,217.44,218.46,1381992,218.69,219.95,217.44,218.46,1381992,218.69,219.95,217.44,218.46,1381992
2022-03-29,217.50,219.59,215.41,217.15,1122464,217.50,219.59,215.41,217.15,1122464,217.50,219.59,215.41,217.15,1122464
2022-03-30,214.76,216.33,213.20,213.81,1235491,214.76,216.33,213.20,213.81,1235491,214.76,216.33,213.20,213.81,1235491
2022-03-31,213.75,215.55,211.94,215.06,1816898,213.75,215.55,211.94,215.06,1816898,213.75,215.55,211.94,215.06,1816898
2022-04-01,218.79,221.92,215.65,218.94,1904103,218.79,221.92,215.65,218.94,1904103,218.79,221.92,215.65,218.94,1904103
2022-04-04,218.53,222.33,214.73,218.89,1713032,218.53,222.33,214.73,218.89,1713032,218.53,222.33,214.73,218.89,1713032
2022-04-05,220.26,221.07,219.45,219.91,1982117,220.26,221.07,219.45,219.91,1982117,220.26,221.07,219.45,219.91,1982117
2022-04-06,219.74,222.76,216.73,218.65,1352612,219.74,222.76,216.73,218.65,1352612,219.74,222.76,216.73,218.65,1352612
2022-04-07,217.25,220.69,213.81,218.04,2062230,217.25,220.69,213.81,218.04,2062230,217.25,220.69,213.81,218.04,2062230
2022-04-08,218.54,220.21,216.87,217.99,1808944,218.54,220.21,216.87,217.99,1808944,218.54,220.21,216.87,217.99,1808944
2022-04-11,219.19,221.49,216.90,218.98,1799544,219.19,221.49,216.90,218.98,1799544,219.19,221.49,216.90,218.98,1799544
2022-04-12,215.91,217.18,214.65,216.30,1484127,215.91,217.18,214.65,216.30,1484127,215.91,217.18,214.65,216.30,1484127
2022-04-13,216.15,219.75,212.55,216.06,1692437,216.15,219.75,212.55,216.06,1692437,216.15,219.75,212.55,216.06,1692437
2022-04-14,209.20,211.03,207.36,210.68,1125810,209.20,211.03,207.36,210.68,1125810,209.20,211.03,207.36,210.68,1125810
2022-04-15,207.21,209.66,204.77,205.29,1311891,207.21,209.66,204.77,205.29,1311891,207.21,209.66,204.77,205.29,1311891
2022-04-18,202.51,205.45,199.58,203.12,1164763,202.51,205.45,199.58,203.12,1164763,202.51,205.45,199.58,203.12,1164763
2022-04-19,211.35,213.43,209.27,211.17,1126180,211.35,213.43,209.27,211.17,1126180,211.35,213.43,209.27,211.17,1126180
2022-04-20,206.67,209.87,203.48,206.21,1240971,206.67,209.87,203.48,206.21,1240971,206.67,209.87,203.48,206.21,1240971
2022-04-21,202.29,203.80,200.79,203.29,1629030,202.29,203.80,200.79,203.29,1629030,202.29,203.80,200.79,203.29,1629030
2022-04-22,210.99,212.61,209.37,210.19,1914988,210.99,212.61,209.37,210.19,1914988,210.99,212.61,209.37,210.19,1914988
2022-04-25,203.54,206.57,200.51,204.07,1191742,203.54,206.57,200.51,204.07,1191742,203.54,206.57,200.51,204.07,1191742
2022-04-26,201.92,204.41,199.42,201.52,1449317,201.92,204.41,199.42,201.52,1449317,201.92,204.41,199.42,201.52,1449317
2022-04-27,201.05,203.27,198.83,201.29,1408945,201.05,203.27,198.83,201.29,1408945,201.05,203.27,198.83,201.29,1408945
2022-04-28,203.02,205.77,200.28,203.03,1520134,203.02,205.77,200.28,203.03,1520134,203.02,205.77,200.28,203.03,1520134
2022-04-29,203.67,205.02,202.32,202.85,1352687,203.67,205.02,202.32,202.85,1352687,203.67,205.02,202.32,202.85,1352687
2022-05-02,199.57,201.21,197.93,198.75,1066885,199.57,201.21,197.93,198.75,1066885,199.57,201.21,197.93,198.75,1066885
2022-05-03,194.18,196.62,191.73,192.95,1329651,194.18,196.62,191.73,192.95,1329651,194.18,196.62,191.73,192.95,1329651
2022-05-04,193.84,195.72,191.96,193.11,1163981,193.84,195.72,191.96,193.11,1163981,193.84,195.72,191.96,193.11,1163981
2022-05-05,189.44,191.61,187.27,189.05,1182920,189.44,191.61,187.27,189.05,1182920,189.44,191.61,187.27,189.05,1182920
2022-05-06,190.82,192.74,188.91,190.55,1985956,190.82,192.74,188.91,190.55,1985956,190.82,192.74,188.91,190.55,1985956
2022-05-09,190.51,193.02,187.99,191.16,1968006,190.51,193.02,187.99,191.16,1968006,190.51,193.02,187.99,191.16,1968006
2022-05-10,190.61,192.56,188.67,189.27,1519653,190.61,192.56,188.67,189.27,1519653,190.61,192.56,188.67,189.27,1519653
2022-05-11,190.74,192.64,188.84,190.29,1679942,190.74,192.64,188.84,190.29,1679942,190.74,192.64,188.84,190.29,1679942
2022-05-12,193.92,195.71,192.12,193.45,1688816,193.92,195.71,192.12,193.45,1688816,193.92,195.71,192.12,193.45,1688816
2022-05-13,194.75,197.29,192.22,194.68,1744594,194.75,197.29,192.22,194.68,1744594,194.75,197.29,192.22,194.68,1744594
2022-05-16,193.45,195.14,191.76,193.02,1550425,193.45,195.14,191.76,193.02,1550425,193.45,195.14,191.76,193.02,1550425
2022-05-17,190.05,191.47,188.62,189.50,2010779,190.05,191.47,188.62,189.50,2010779,190.05,191.47,188.62,189.50,2010779
2022-05-18,188.99,191.57,186.42,189.37,1121136,188.99,191.57,186.42,189.37,1121136,188.99,191.57,186.42,189.37,1121136
2022-05-19,196.62,199.67,193.57,196.11,1233513,196.62,199.67,193.57,196.11,1233513,196.62,199.67,193.57,196.11,1233513
2022-05-20,202.58,204.63,200.54,201.83,1406812,202.58,204.63,200.54,201.83,1406812,202.58,204.63,200.54,201.83,1406812
2022-05-23,208.20,211.70,204.69,208.26,1966786,208.20,211.70,204.69,208.26,1966786,208.20,211.70,204.69,208.26,1966786
2022-05-24,197.60,199.65,195.54,197.29,1708105,197.60,199.65,195.54,197.29,1708105,197.60,199.65,195.54,197.29,1708105
2022-05-25,205.68,209.22,202.14,204.99,1366139,205.68,209.22,202.14,204.99,1366139,205.68,209.22,202.14,204.99,1366139
2022-05-26,202.50,204.08,200.92,203.02,1061718,202.50,204.08,200.92,203.02,1061718,202.50,204.08,200.92,203.02,1061718
2022-05-27,204.94,205.90,203.99,205.74,1342669,204.94,205.90,203.99,205.74,1342669,204.94,205.90,203.99,205.74,1342669
2022-05-30,209.37,211.58,207.15,210.75,1295096,209.37,211.58,207.15,210.75,1295096,209.37,211.58,207.15,210.75,1295096
2022-05-31,210.69,213.78,207.60,210.33,1893231,210.69,213.78,207.60,210.33,1893231,210.69,213.78,207.60,210.33,1893231
2022-06-01,205.36,208.65,202.08,205.61,1595603,205.36,208.65,202.08,205.61,1595603,205.36,208.65,202.08,205.61,1595603
2022-06-02,207.34,211.10,203.58,207.60,1227057,207.34,211.10,203.58,207.60,1227057,207.34,211.10,203.58,207.60,1227057
2022-06-03,209.94,211.52,208.36,210.07,1425199,209.94,211.52,208.36,210.07,1425199,209.94,211.52,208.36,210.07,1425199
2022-06-06,206.49,209.71,203.27,205.97,1711479,206.49,209.71,203.27,205.97,1711479,206.49,209.71,203.27,205.97,1711479
2022-06-07,208.60,210.76,206.44,209.20,2035870,208.60,210.76,206.44,209.20,2035870,208.60,210.76,206.44,209.20,2035870
2022-06-08,206.01,207.36,204.66,206.22,1720533,206.01,207.36,204.66,206.22,1720533,206.01,207.36,204.66,206.22,1720533
2022-06-09,209.27,212.30,206.24,207.54,2055953,209.27,212.30,206.24,207.54,2055953,209.27,212.30,206.24,207.54,2055953
2022-06-10,205.86,207.96,203.76,204.57,1708464,205.86,207.96,203.76,204.57,1708464,205.86,207.96,203.76,204.57,1708464
2022-06-13,203.73,206.22,201.25,205.04,1391346,203.73,206.22,201.25,205.04,1391346,203.73,206.22,201.25,205.04,1391346
2022-06-14,208.20,210.46,205.93,207.59,1741807,208.20,210.46,205.93,207.59,1741807,208.20,210.46,205.93,207.59,1741807
2022-06-15,214.61,217.90,211.31,214.24,1372401,214.61,217.90,211.31,214.24,1372401,214.61,217.90,211.31,214.24,1372401
2022-06-16,214.70,216.62,212.78,214.82,1292237,214.70,216.62,212.78,214.82,1292237,214.70,216.62,212.78,214.82,1292237
2022-06-17,211.13,212.22,210.03,210.08,1990985,211.13,212.22,210.03,210.08,1990985,211.13,212.22,210.03,210.08,1990985
2022-06-20,206.27,208.80,203.74,205.80,1264467,206.27,208.80,203.74,205.80,1264467,206.27,208.80,203.74,205.80,1264467
2022-06-21,208.42,210.06,206.78,208.99,1435691,208.42,210.06,206.78,208.99,1435691,208.42,210.06,206.78,208.99,1435691
2022-06-22,212.00,214.07,209.92,210.40,1346278,212.00,214.07,209.92,210.40,1346278,212.00,214.07,209.92,210.40,1346278
2022-06-23,208.16,211.72,204.60,209.22,1074259,208.16,211.72,204.60,209.22,1074259,208.16,211.72,204.60,209.22,1074259
2022-06-24,212.63,215.65,209.60,212.53,1826706,212.63,215.65,209.60,212.53,1826706,212.63,215.65,209.60,212.53,1826706
2022-06-27,214.89,217.68,212.10,214.11,2008063,214.89,217.68,212.10,214.11,2008063,214.89,217.68,212.10,214.11,2008063
2022-06-28,210.89,211.19,210.59,210.80,1170683,210.89,211.19,210.59,210.80,1170683,210.89,211.19,210.59,210.80,1170683
2022-06-29,210.46,212.88,208.04,209.64,1620209,210.46,212.88,208.04,209.64,1620209,210.46,212.88,208.04,209.64,1620209
2022-06-30,211.76,213.85,209.67,210.64,1645581,211.76,213.85,209.67,210.64,1645581,211.76,213.85,209.67,210.64,1645581
2022-07-01,208.16,211.24,205.08,207.95,1604141,208.16,211.24,205.08,207.95,1604141,208.16,211.24,205.08,207.95,1604141
2022-07-04,205.95,206.88,205.01,205.26,1870645,205.95,206.88,205.01,205.26,1870645,205.95,206.88,205.01,205.26,1870645
2022-07-05,207.23,208.92,205.55,207.32,1871672,207.23,208.92,205.55,207.32,1871672,207.23,208.92,205.55,207.32,1871672
2022-07-06,203.34,205.97,200.71,202.68,1764484,203.34,205.97,200.71,202.68,1764484,203.34,205.97,200.71,202.68,1764484
2022-07-07,203.02,205.78,200.25,202.97,1225941,203.02,205.78,200.25,202.97,1225941,203.02,205.78,200.25,202.97,1225941
2022-07-08,205.35,208.11,202.58,205.28,1219403,205.35,208.11,202.58,205.28,1219403,205.35,208.11,202.58,205.28,1219403
2022-07-11,208.28,209.97,206.59,207.26,1659153,208.28,209.97,206.59,207.26,1659153,208.28,209.97,206.59,207.26,1659153
2022-07-12,207.42,209.56,205.28,206.38,1106880,207.42,209.56,205.28,206.38,1106880,207.42,209.56,205.28,206.38,1106880
2022-07-13,204.09,206.02,202.15,203.45,1235075,204.09,206.02,202.15,203.45,1235075,204.09,206.02,202.15,203.45,1235075
2022-07-14,204.72,207.40,202.03,203.85,1675566,204.72,207.40,202.03,203.85,1675566,204.72,207.40,202.03,203.85,1675566
2022-07-15,207.44,209.89,204.99,207.07,1886661,207.44,209.89,204.99,207.07,1886661,207.44,209.89,204.99,207.07,1886661
2022-07-18,213.15,216.72,209.57,212.58,2081975,213.15,216.72,209.57,212.58,2081975,213.15,216.72,209.57,212.58,2081975
2022-07-19,209.30,211.29,207.30,208.44,1593775,209.30,211.29,207.30,208.44,1593775,209.30,211.29,207.30,208.44,1593775
2022-07-20,209.24,211.29,207.19,209.63,1961616,209.24,211.29,207.19,209.63,1961616,209.24,211.29,207.19,209.63,1961616
2022-07-21,205.58,207.21,203.95,205.19,2084255,205.58,207.21,203.95,205.19,2084255,205.58,207.21,203.95,205.19,2084255
2022-07-22,207.31,208.88,205.73,207.22,1974739,207.31,208.88,205.73,207.22,1974739,207.31,208.88,205.73,207.22,1974739
2022-07-25,202.69,205.96,199.43,201.20,1079654,202.69,205.96,199.43,201.20,1079654,202.69,205.96,199.43,201.20,1079654
2022-07-26,193.89,195.51,192.27,194.16,2028273,193.89,195.51,192.27,194.16,2028273,193.89,195.51,192.27,194.16,2028273
2022-07-27,194.06,195.71,192.42,192.81,1363000,194.06,195.71,192.42,192.81,1363000,194.06,195.71,192.42,192.81,1363000
2022-07-28,191.85,192.77,190.92,191.05,1705378,191.85,192.77,190.92,191.05,1705378,191.85,192.77,190.92,191.05,1705378
2022-07-29,189.38,191.15,187.61,189.48,1808259,189.38,191.15,187.61,189.48,1808259,189.38,191.15,187.61,189.48,1808259
2022-08-01,189.31,190.62,187.99,188.82,1658263,189.31,190.62,187.99,188.82,1658263,189.31,190.62,187.99,188.82,1658263
2022-08-02,190.87,192.24,189.50,190.74,1909309,190.87,192.24,189.50,190.74,1909309,190.87,192.24,189.50,190.74,1909309
2022-08-03,193.86,195.43,192.29,193.63,1157792,193.86,195.43,192.29,193.63,1157792,193.86,195.43,192.29,193.63,1157792
2022-08-04,187.88,188.79,186.97,188.79,1056254,187.88,188.79,186.97,188.79,1056254,187.88,188.79,186.97,188.79,1056254
2022-08-05,185.63,187.62,183.63,185.46,1774553,185.63,187.62,183.63,185.46,1774553,185.63,187.62,183.63,185.46,1774553
2022-08-08,188.81,189.33,188.28,189.02,1114302,188.81,189.33,188.28,189.02,1114302,188.81,189.33,188.28,189.02,1114302
2022-08-09,184.76,186.86,182.65,185.39,1781921,184.76,186.86,182.65,185.39,1781921,184.76,186.86,182.65,185.39,1781921
2022-08-10,181.13,183.33,178.92,180.16,1488753,181.13,183.33,178.92,180.16,1488753,181.13,183.33,178.92,180.16,1488753
2022-08-11,175.63,177.93,173.32,175.76,2075894,175.63,177.93,173.32,175.76,2075894,175.63,177.93,173.32,175.76,2075894
2022-08-12,172.31,174.15,170.47,172.30,1200036,172.31,174.15,170.47,172.30,1200036,172.31,174.15,170.47,172.30,1200036
2022-08-15,176.68,178.68,174.69,176.90,1633628,176.68,178.68,174.69,176.90,1633628,176.68,178.68,174.69,176.90,1633628
2022-08-16,173.81,176.51,171.11,174.14,1682649,173.81,176.51,171.11,174.14,1682649,173.81,176.51,171.11,174.14,1682649
2022-08-17,175.90,177.45,174.34,176.18,2089015,175.90,177.45,174.34,176.18,2089015,175.90,177.45,174.34,176.18,2089015
2022-08-18,174.09,175.62,172.55,174.57,1971488,174.09,175.62,172.55,174.57,1971488,174.09,175.62,172.55,174.57,1971488
2022-08-19,171.30,173.07,169.52,171.15,1693318,171.30,173.07,169.52,171.15,1693318,171.30,173.07,169.52,171.15,1693318
2022-08-22,167.51,169.70,165.32,167.46,1934733,167.51,169.70,165.32,167.46,1934733,167.51,169.70,165.32,167.46,1934733
2022-08-23,160.88,162.99,158.77,161.72,1646663,160.88,162.99,158.77,161.72,1646663,160.88,162.99,158.77,161.72,1646663
2022-08-24,163.87,164.80,162.95,163.46,1520720,163.87,164.80,162.95,163.46,1520720,163.87,164.80,162.95,163.46,1520720
2022-08-25,167.89,169.86,165.92,167.78,2022438,167.89,169.86,165.92,167.78,2022438,167.89,169.86,165.92,167.78,2022438
2022-08-26,163.80,164.87,162.73,163.41,1457739,163.80,164.87,162.73,163.41,1457739,163.80,164.87,162.73,163.41,1457739
2022-08-29,165.83,167.66,164.01,167.03,1558788,165.83,167.66,164.01,167.03,1558788,165.83,167.66,164.01,167.03,1558788
2022-08-30,164.44,165.76,163.11,163.49,1113729,164.44,165.76,163.11,163.49,1113729,164.44,165.76,163.11,163.49,1113729
2022-08-31,160.70,162.03,159.36,160.36,1785646,160.70,162.03,159.36,160.36,1785646,160.70,162.03,159.36,160.36,1785646
2022-09-01,162.21,164.38,160.03,162.30,1954299,162.21,164.38,160.03,162.30,1954299,162.21,164.38,160.03,162.30,1954299
2022-09-02,162.67,164.12,161.23,162.27,1973862,162.67,164.12,161.23,162.27,1973862,162.67,164.12,161.23,162.27,1973862
2022-09-05,160.24,162.65,157.83,159.63,1892613,160.24,162.65,157.83,159.63,1892613,160.24,162.65,157.83,159.63,1892613
2022-09-06,156.43,158.19,154.66,155.91,1260701,156.43,158.19,154.66,155.91,1260701,156.43,158.19,154.66,155.91,1260701
2022-09-07,156.21,158.31,154.12,155.87,1860277,156.21,158.31,154.12,155.87,1860277,156.21,158.31,154.12,155.87,1860277
2022-09-08,158.13,159.64,156.61,158.15,1246167,158.13,159.64,156.61,158.15,1246167,158.13,159.64,156.61,158.15,1246167
2022-09-09,158.59,159.66,157.52,158.09,1104940,158.59,159.66,157.52,158.09,1104940,158.59,159.66,157.52,158.09,1104940
2022-09-12,162.46,164.40,160.51,162.53,1534786,162.46,164.40,160.51,162.53,1534786,162.46,164.40,160.51,162.53,1534786
2022-09-13,162.35,164.00,160.70,162.07,2026376,162.35,164.00,160.70,162.07,2026376,162.35,164.00,160.70,162.07,2026376
2022-09-14,161.52,162.79,160.24,161.05,1853503,161.52,162.79,160.24,161.05,1853503,161.52,162.79,160.24,161.05,1853503
2022-09-15,164.38,166.58,162.18,163.52,1629110,164.38,166.58,162.18,163.52,1629110,164.38,166.58,162.18,163.52,1629110
2022-09-16,161.81,163.73,159.90,162.37,1706122,161.81,163.73,159.90,162.37,1706122,161.81,163.73,159.90,162.37,1706122
2022-09-19,159.60,161.63,157.56,160.18,1776330,159.60,161.63,157.56,160.18,1776330,159.60,161.63,157.56,160.18,1776330
2022-09-20,162.91,163.74,162.07,162.40,1991466,162.91,163.74,162.07,162.40,1991466,162.91,163.74,162.07,162.40,1991466
2022-09-21,165.65,168.44,162.86,164.46,2085120,165.65,168.44,162.86,164.46,2085120,165.65,168.44,162.86,164.46,2085120
2022-09-22,168.76,170.46,167.05,168.34,1926196,168.76,170.46,167.05,168.34,1926196,168.76,170.46,167.05,168.34,1926196
2022-09-23,167.35,169.43,165.28,167.50,1578818,167.35,169.43,165.28,167.50,1578818,167.35,169.43,165.28,167.50,1578818
2022-09-26,169.17,171.58,166.77,168.41,1207197,169.17,171.58,166.77,168.41,1207197,169.17,171.58,166.77,168.41,1207197
2022-09-27,166.95,168.71,165.19,166.56,1626337,166.95,168.71,165.19,166.56,1626337,166.95,168.71,165.19,166.56,1626337
2022-09-28,167.82,169.59,166.06,167.40,1935089,167.82,169.59,166.06,167.40,1935089,167.82,169.59,166.06,167.40,1935089
2022-09-29,162.96,165.25,160.66,163.61,1405657,162.96,165.25,160.66,163.61,1405657,162.96,165.25,160.66,163.61,1405657
2022-09-30,167.17,168.25,166.09,166.47,1384995,167.17,168.25,166.09,166.47,1384995,167.17,168.25,166.09,166.47,1384995
2022-10-03,170.26,172.85,167.66,170.70,1379548,170.26,172.85,167.66,170.70,1379548,170.26,172.85,167.66,170.70,1379548
2022-10-04,172.59,174.24,170.95,172.57,1931568,172.59,174.24,170.95,172.57,1931568,172.59,174.24,170.95,172.57,1931568
2022-10-05,168.42,170.31,166.52,168.32,1195015,168.42,170.31,166.52,168.32,1195015,168.42,170.31,166.52,168.32,1195015
2022-10-06,169.49,171.83,167.15,169.71,1374757,169.49,171.83,167.15,169.71,1374757,169.49,171.83,167.15,169.71,1374757
2022-10-07,174.65,177.07,172.23,174.19,1444302,174.65,177.07,172.23,174.19,1444302,174.65,177.07,172.23,174.19,1444302
2022-10-10,172.93,173.90,171.97,173.22,1150516,172.93,173.90,171.97,173.22,1150516,172.93,173.90,171.97,173.22,1150516
2022-10-11,166.34,168.36,164.31,165.55,1470337,166.34,168.36,164.31,165.55,1470337,166.34,168.36,164.31,165.55,1470337
2022-10-12,161.35,162.37,160.33,161.02,2023237,161.35,162.37,160.33,161.02,2023237,161.35,162.37,160.33,161.02,2023237
2022-10-13,164.50,165.96,163.04,163.58,1926710,164.50,165.96,163.04,163.58,1926710,164.50,165.96,163.04,163.58,1926710
2022-10-14,163.52,164.91,162.13,163.93,1069091,163.52,164.91,162.13,163.93,1069091,163.52,164.91,162.13,163.93,1069091
2022-10-17,159.55,162.80,156.29,160.06,1094990,159.55,162.80,156.29,160.06,1094990,159.55,162.80,156.29,160.06,1094990
2022-10-18,162.12,164.84,159.41,161.47,1808093,162.12,164.84,159.41,161.47,1808093,162.12,164.84,159.41,161.47,1808093
2022-10-19,168.03,170.23,165.82,167.54,2040685,168.03,170.23,165.82,167.54,2040685,168.03,170.23,165.82,167.54,2040685
2022-10-20,168.62,170.51,166.74,168.28,2093626,168.62,170.51,166.74,168.28,2093626,168.62,170.51,166.74,168.28,2093626
2022-10-21,168.93,170.99,166.87,168.62,1101923,168.93,170.99,166.87,168.62,1101923,168.93,170.99,166.87,168.62,1101923
2022-10-24,169.41,170.95,167.87,170.17,1978038,169.41,170.95,167.87,170.17,1978038,169.41,170.95,167.87,170.17,1978038
2022-10-25,171.88,173.12,170.64,171.43,1799967,171.88,173.12,170.64,171.43,1799967,171.88,173.12,170.64,171.43,1799967
2022-10-26,168.88,170.74,167.02,167.80,1986684,168.88,170.74,167.02,167.80,1986684,168.88,170.74,167.02,167.80,1986684
2022-10-27,164.10,164.84,163.36,163.69,2081505,164.10,164.84,163.36,163.69,2081505,164.10,164.84,163.36,163.69,2081505
2022-10-28,163.75,165.99,161.51,163.59,1149440,163.75,165.99,161.51,163.59,1149440,163.75,165.99,161.51,163.59,1149440
2022-10-31,162.50,164.28,160.72,162.80,1583244,162.50,164.28,160.72,162.80,1583244,162.50,164.28,160.72,162.80,1583244
2022-11-01,164.80,167.30,162.30,164.47,1371030,164.80,167.30,162.30,164.47,1371030,164.80,167.30,162.30,164.47,1371030
2022-11-02,166.40,168.48,164.31,165.57,1090575,166.40,168.48,164.31,165.57,1090575,166.40,168.48,164.31,165.57,1090575
2022-11-03,167.59,169.51,165.66,167.48,1072626,167.59,169.51,165.66,167.48,1072626,167.59,169.51,165.66,167.48,1072626
2022-11-04,166.77,168.52,165.03,167.56,1564424,166.77,168.52,165.03,167.56,1564424,166.77,168.52,165.03,167.56,1564424
2022-11-07,170.03,171.58,168.47,169.07,1822990,170.03,171.58,168.47,169.07,1822990,170.03,171.58,168.47,169.07,1822990
2022-11-08,164.35,167.04,161.66,164.94,1491273,164.35,167.04,161.66,164.94,1491273,164.35,167.04,161.66,164.94,1491273
2022-11-09,163.87,165.75,161.98,163.73,1270793,163.87,165.75,161.98,163.73,1270793,163.87,165.75,161.98,163.73,1270793
2022-11-10,161.08,163.43,158.74,160.93,1795460,161.08,163.43,158.74,160.93,1795460,161.08,163.43,158.74,160.93,1795460
2022-11-11,157.63,159.08,156.18,157.85,1315310,157.63,159.08,156.18,157.85,1315310,157.63,159.08,156.18,157.85,1315310
2022-11-14,161.09,163.76,158.42,161.59,2063744,161.09,163.76,158.42,161.59,2063744,161.09,163.76,158.42,161.59,2063744
2022-11-15,160.76,162.34,159.19,160.15,1936501,160.76,162.34,159.19,160.15,1936501,160.76,162.34,159.19,160.15,1936501
2022-11-16,165.57,166.84,164.31,165.00,1718368,165.57,166.84,164.31,165.00,1718368,165.57,166.84,164.31,165.00,1718368
2022-11-17,171.66,174.05,169.26,171.36,1973302,171.66,174.05,169.26,171.36,1973302,171.66,174.05,169.26,171.36,1973302
2022-11-18,174.05,176.28,171.82,172.77,1372204,174.05,176.28,171.82,172.77,1372204,174.05,176.28,171.82,172.77,1372204
2022-11-21,168.77,169.90,167.64,169.27,1197706,168.77,169.90,167.64,169.27,1197706,168.77,169.90,167.64,169.27,1197706
2022-11-22,171.35,174.33,168.38,170.44,1885714,171.35,174.33,168.38,170.44,1885714,171.35,174.33,168.38,170.44,1885714
2022-11-23,169.01,170.97,167.05,169.39,1813171,169.01,170.97,167.05,169.39,1813171,169.01,170.97,167.05,169.39,1813171
2022-11-24,170.23,172.28,168.18,169.66,1747850,170.23,172.28,168.18,169.66,1747850,170.23,172.28,168.18,169.66,1747850
2022-11-25,169.19,170.85,167.54,167.88,1501058,169.19,170.85,167.54,167.88,1501058,169.19,170.85,167.54,167.88,1501058
2022-11-28,172.33,173.87,170.79,172.38,1178447,172.33,173.87,170.79,172.38,1178447,172.33,173.87,170.79,172.38,1178447
2022-11-29,172.66,174.19,171.13,172.57,1739797,172.66,174.19,171.13,172.57,1739797,172.66,174.19,171.13,172.57,1739797
2022-11-30,170.75,172.85,168.66,170.34,1252136,170.75,172.85,168.66,170.34,1252136,170.75,172.85,168.66,170.34,1252136
2022-12-01,169.67,171.69,167.65,170.00,1547333,169.67,171.69,167.65,170.00,1547333,169.67,171.69,167.65,170.00,1547333
2022-12-02,164.52,166.74,162.30,163.82,1251426,164.52,166.74,162.30,163.82,1251426,164.52,166.74,162.30,163.82,1251426
2022-12-05,155.68,157.24,154.11,155.39,1605891,155.68,157.24,154.11,155.39,1605891,155.68,157.24,154.11,155.39,1605891
2022-12-06,155.58,157.46,153.71,155.24,1843613,155.58,157.46,153.71,155.24,1843613,155.58,157.46,153.71,155.24,1843613
2022-12-07,154.44,155.72,153.16,154.81,1424536,154.44,155.72,153.16,154.81,1424536,154.44,155.72,153.16,154.81,1424536
2022-12-08,158.56,159.18,157.95,158.44,1070952,158.56,159.18,157.95,158.44,1070952,158.56,159.18,157.95,158.44,1070952
2022-12-09,160.37,163.03,157.71,159.93,1374166,160.37,163.03,157.71,159.93,1374166,160.37,163.03,157.71,159.93,1374166
2022-12-12,156.20,157.89,154.51,155.39,1899565,156.20,157.89,154.51,155.39,1899565,156.20,157.89,154.51,155.39,1899565
2022-12-13,159.02,160.74,157.31,158.39,1685130,159.02,160.74,157.31,158.39,1685130,159.02,160.74,157.31,158.39,1685130
2022-12-14,158.06,159.83,156.29,157.29,1426013,158.06,159.83,156.29,157.29,1426013,158.06,159.83,156.29,157.29,1426013
2022-12-15,159.22,161.90,156.54,158.46,1121713,159.22,161.90,156.54,158.46,1121713,159.22,161.90,156.54,158.46,1121713
2022-12-16,159.66,161.54,157.79,159.06,1474189,159.66,161.54,157.79,159.06,1474189,159.66,161.54,157.79,159.06,1474189
2022-12-19,155.49,156.57,154.40,154.66,1920695,155.49,156.57,154.40,154.66,1920695,155.49,156.57,154.40,154.66,1920695
2022-12-20,155.57,156.62,154.53,155.18,1149828,155.57,156.62,154.53,155.18,1149828,155.57,156.62,154.53,155.18,1149828
2022-12-21,156.02,158.39,153.64,156.42,2073856,156.02,158.39,153.64,156.42,2073856,156.02,158.39,153.64,156.42,2073856
2022-12-22,154.44,155.59,153.28,154.53,1251920,154.44,155.59,153.28,154.53,1251920,154.44,155.59,153.28,154.53,1251920
2022-12-23,155.28,156.80,153.76,155.07,1735567,155.28,156.80,153.76,155.07,1735567,155.28,156.80,153.76,155.07,1735567
2022-12-26,152.94,154.59,151.30,152.61,1645403,152.94,154.59,151.30,152.61,1645403,152.94,154.59,151.30,152.61,1645403
2022-12-27,150.72,152.79,148.65,151.62,1868458,150.72,152.79,148.65,151.62,1868458,150.72,152.79,148.65,151.62,1868458
2022-12-28,151.95,153.28,150.63,151.48,1219180,151.95,153.28,150.63,151.48,1219180,151.95,153.28,150.63,151.48,1219180
2022-12-29,153.79,155.81,151.78,153.04,1585841,153.79,155.81,151.78,153.04,1585841,153.79,155.81,151.78,153.04,1585841
2022-12-30,153.07,155.25,150.90,153.03,1954835,153.07,155.25,150.90,153.03,1954835,153.07,155.25,150.90,153.03,1954835
2023-01-02,150.55,152.26,148.83,151.14,1314771,150.55,152.26,148.83,151.14,1314771,150.55,152.26,148.83,151.14,1314771
2023-01-03,144.85,146.63,143.06,143.81,1727650,144.85,146.63,143.06,143.81,1727650,144.85,146.63,143.06,143.81,1727650
2023-01-04,142.51,145.54,139.48,141.88,1468849,142.51,145.54,139.48,141.88,1468849,142.51,145.54,139.48,141.88,1468849
2023-01-05,142.53,144.37,140.70,142.32,1324736,142.53,144.37,140.70,142.32,1324736,142.53,144.37,140.70,142.32,1324736
2023-01-06,140.51,141.28,139.75,140.49,1292853,140.51,141.28,139.75,140.49,1292853,140.51,141.28,139.75,140.49,1292853
2023-01-09,139.78,141.75,137.82,139.94,1331211,139.78,141.75,137.82,139.94,1331211,139.78,141.75,137.82,139.94,1331211
2023-01-10,142.40,144.34,140.47,143.09,1387522,142.40,144.34,140.47,143.09,1387522,142.40,144.34,140.47,143.09,1387522
2023-01-11,145.46,146.53,144.40,145.27,1137921,145.46,146.53,144.40,145.27,1137921,145.46,146.53,144.40,145.27,1137921
2023-01-12,138.91,139.98,137.83,138.84,2065372,138.91,139.98,137.83,138.84,2065372,138.91,139.98,137.83,138.84,2065372
2023-01-13,143.92,146.08,141.77,143.51,1231599,143.92,146.08,141.77,143.51,1231599,143.92,146.08,141.77,143.51,1231599
2023-01-16,142.61,143.77,141.44,142.48,1425104,142.61,143.77,141.44,142.48,1425104,142.61,143.77,141.44,142.48,1425104
2023-01-17,143.71,144.55,142.87,143.65,1374196,143.71,144.55,142.87,143.65,1374196,143.71,144.55,142.87,143.65,1374196
2023-01-18,141.55,143.79,139.31,141.46,1133262,141.55,143.79,139.31,141.46,1133262,141.55,143.79,139.31,141.46,1133262
2023-01-19,141.50,143.94,139.06,142.10,1398538,141.50,143.94,139.06,142.10,1398538,141.50,143.94,139.06,142.10,1398538
2023-01-20,143.09,144.04,142.14,142.80,1803472,143.09,144.04,142.14,142.80,1803472,143.09,144.04,142.14,142.80,1803472
2023-01-23,139.41,141.04,137.79,139.47,1834070,139.41,141.04,137.79,139.47,1834070,139.41,141.04,137.79,139.47,1834070
2023-01-24,139.03,140.37,137.69,138.70,1399406,139.03,140.37,137.69,138.70,1399406,139.03,140.37,137.69,138.70,1399406
2023-01-25,141.00,143.14,138.86,140.73,1469990,141.00,143.14,138.86,140.73,1469990,141.00,143.14,138.86,140.73,1469990
2023-01-26,141.56,143.28,139.84,141.50,2040217,141.56,143.28,139.84,141.50,2040217,141.56,143.28,139.84,141.50,2040217
2023-01-27,143.17,145.09,141.24,143.11,2013110,143.17,145.09,141.24,143.11,2013110,143.17,145.09,141.24,143.11,2013110
2023-01-30,143.80,145.76,141.84,143.08,1081762,143.80,145.76,141.84,143.08,1081762,143.80,145.76,141.84,143.08,1081762
2023-01-31,142.72,145.00,140.44,143.03,1849006,142.72,145.00,140.44,143.03,1849006,142.72,145.00,140.44,143.03,1849006
2023-02-01,143.08,144.96,141.21,142.80,1154721,143.08,144.96,141.21,142.80,1154721,143.08,144.96,141.21,142.80,1154721
2023-02-02,140.36,142.90,137.81,140.84,1797828,140.36,142.90,137.81,140.84,1797828,140.36,142.90,137.81,140.84,1797828
2023-02-03,138.15,139.80,136.50,138.41,1552074,138.15,139.80,136.50,138.41,1552074,138.15,139.80,136.50,138.41,1552074
2023-02-06,134.95,135.93,133.97,135.63,1928537,134.95,135.93,133.97,135.63,1928537,134.95,135.93,133.97,135.63,1928537
2023-02-07,134.07,135.57,132.57,133.61,1685571,134.07,135.57,132.57,133.61,1685571,134.07,135.57,132.57,133.61,1685571
2023-02-08,137.86,139.43,136.30,137.38,1232002,137.86,139.43,136.30,137.38,1232002,137.86,139.43,136.30,137.38,1232002
2023-02-09,138.05,139.06,137.05,138.60,1276919,138.05,139.06,137.05,138.60,1276919,138.05,139.06,137.05,138.60,1276919
2023-02-10,141.13,143.15,139.10,141.26,1293964,141.13,143.15,139.10,141.26,1293964,141.13,143.15,139.10,141.26,1293964
2023-02-13,145.94,148.21,143.67,145.97,1990525,145.94,148.21,143.67,145.97,1990525,145.94,148.21,143.67,145.97,1990525
2023-02-14,148.22,150.43,146.02,148.37,1083774,148.22,150.43,146.02,148.37,1083774,148.22,150.43,146.02,148.37,1083774
2023-02-15,149.94,151.24,148.63,150.63,2018676,149.94,151.24,148.63,150.63,2018676,149.94,151.24,148.63,150.63,2018676
2023-02-16,155.83,157.69,153.96,153.98,1090156,155.83,157.69,153.96,153.98,1090156,155.83,157.69,153.96,153.98,1090156
2023-02-17,153.53,155.35,151.71,153.16,1743525,153.53,155.35,151.71,153.16,1743525,153.53,155.35,151.71,153.16,1743525
2023-02-20,148.19,148.79,147.59,148.48,1617091,148.19,148.79,147.59,148.48,1617091,148.19,148.79,147.59,148.48,1617091
2023-02-21,151.03,152.60,149.46,151.65,1168661,151.03,152.60,149.46,151.65,1168661,151.03,152.60,149.46,151.65,1168661
2023-02-22,155.79,158.20,153.38,155.12,1260850,155.79,158.20,153.38,155.12,1260850,155.79,158.20,153.38,155.12,1260850
2023-02-23,151.62,153.27,149.98,151.88,1432175,151.62,153.27,149.98,151.88,1432175,151.62,153.27,149.98,151.88,1432175
2023-02-24,149.42,151.79,147.05,150.04,1545578,149.42,151.79,147.05,150.04,1545578,149.42,151.79,147.05,150.04,1545578
2023-02-27,151.45,153.28,149.62,150.82,2030077,151.45,153.28,149.62,150.82,2030077,151.45,153.28,149.62,150.82,2030077
2023-02-28,150.60,152.16,149.04,150.01,1570642,150.60,152.16,149.04,150.01,1570642,150.60,152.16,149.04,150.01,1570642
2023-03-01,150.16,152.41,147.91,150.97,1513554,150.16,152.41,147.91,150.97,1513554,150.16,152.41,147.91,150.97,1513554
2023-03-02,150.74,151.50,149.98,150.94,1641075,150.74,151.50,149.98,150.94,1641075,150.74,151.50,149.98,150.94,1641075
2023-03-03,151.64,153.47,149.82,152.24,2017065,151.64,153.47,149.82,152.24,2017065,151.64,153.47,149.82,152.24,2017065
2023-03-06,152.55,154.63,150.46,152.64,1384671,152.55,154.63,150.46,152.64,1384671,152.55,154.63,150.46,152.64,1384671
2023-03-07,156.29,157.20,155.39,156.32,2097847,156.29,157.20,155.39,156.32,2097847,156.29,157.20,155.39,156.32,2097847
2023-03-08,158.27,159.75,156.79,157.67,1607575,158.27,159.75,156.79,157.67,1607575,158.27,159.75,156.79,157.67,1607575
2023-03-09,161.25,163.98,158.52,160.14,1268766,161.25,163.98,158.52,160.14,1268766,161.25,163.98,158.52,160.14,1268766
2023-03-10,160.19,162.74,157.65,161.18,1487127,160.19,162.74,157.65,161.18,1487127,160.19,162.74,157.65,161.18,1487127
