Date,Open,High,Low,Close,Volume,UnadjustedOpen,UnadjustedHigh,UnadjustedLow,UnadjustedClose,UnadjustedVolume,AdjustedOpen,AdjustedHigh,AdjustedLow,AdjustedClose,AdjustedVolume
2018-01-02,2.51,2.53,2.48,2.52,261763,2.51,2.53,2.48,2.52,261763,2.51,2.53,2.48,2.52,261763
2018-01-03,2.61,2.66,2.57,2.62,294773,2.61,2.66,2.57,2.62,294773,2.61,2.66,2.57,2.62,294773
2018-01-04,2.60,2.64,2.57,2.61,317824,2.60,2.64,2.57,2.61,317824,2.60,2.64,2.57,2.61,317824
2018-01-05,2.58,2.61,2.56,2.58,322981,2.58,2.61,2.56,2.58,322981,2.58,2.61,2.56,2.58,322981
2018-01-08,2.56,2.58,2.54,2.56,361730,2.56,2.58,2.54,2.56,361730,2.56,2.58,2.54,2.56,361730
2018-01-09,2.50,2.53,2.48,2.50,314141,2.50,2.53,2.48,2.50,314141,2.50,2.53,2.48,2.50,314141
2018-01-10,2.38,2.40,2.36,2.38,318487,2.38,2.40,2.36,2.38,318487,2.38,2.40,2.36,2.38,318487
2018-01-11,2.28,2.31,2.26,2.30,408471,2.28,2.31,2.26,2.30,408471,2.28,2.31,2.26,2.30,408471
2018-01-12,2.33,2.35,2.31,2.33,314226,2.33,2.35,2.31,2.33,314226,2.33,2.35,2.31,2.33,314226
2018-01-15,2.38,2.41,2.35,2.39,352670,2.38,2.41,2.35,2.39,352670,2.38,2.41,2.35,2.39,352670
2018-01-16,2.36,2.39,2.34,2.36,346522,2.36,2.39,2.34,2.36,346522,2.36,2.39,2.34,2.36,346522
2018-01-17,2.32,2.36,2.29,2.31,376507,2.32,2.36,2.29,2.31,376507,2.32,2.36,2.29,2.31,376507
2018-01-18,2.33,2.35,2.32,2.33,258007,2.33,2.35,2.32,2.33,258007,2.33,2.35,2.32,2.33,258007
2018-01-19,2.35,2.38,2.32,2.34,255575,2.35,2.38,2.32,2.34,255575,2.35,2.38,2.32,2.34,255575
2018-01-22,2.36,2.38,2.34,2.36,283529,2.36,2.38,2.34,2.36,283529,2.36,2.38,2.34,2.36,283529
2018-01-23,2.38,2.41,2.36,2.38,375355,2.38,2.41,2.36,2.38,375355,2.38,2.41,2.36,2.38,375355
2018-01-24,2.39,2.42,2.36,2.36,247461,2.39,2.42,2.36,2.36,247461,2.39,2.42,2.36,2.36,247461
2018-01-25,2.42,2.46,2.37,2.42,408353,2.42,2.46,2.37,2.42,408353,2.42,2.46,2.37,2.42,408353
2018-01-26,2.48,2.51,2.45,2.48,416398,2.48,2.51,2.45,2.48,416398,2.48,2.51,2.45,2.48,416398
2018-01-29,2.47,2.51,2.43,2.46,415699,2.47,2.51,2.43,2.46,415699,2.47,2.51,2.43,2.46,415699
2018-01-30,2.52,2.54,2.51,2.51,348231,2.52,2.54,2.51,2.51,348231,2.52,2.54,2.51,2.51,348231
2018-01-31,2.43,2.45,2.41,2.43,277736,2.43,2.45,2.41,2.43,277736,2.43,2.45,2.41,2.43,277736
2018-02-01,2.41,2.45,2.38,2.41,264593,2.41,2.45,2.38,2.41,264593,2.41,2.45,2.38,2.41,264593
2018-02-02,2.41,2.43,2.39,2.41,305300,2.41,2.43,2.39,2.41,305300,2.41,2.43,2.39,2.41,305300
2018-02-05,2.43,2.47,2.39,2.43,231057,2.43,2.47,2.39,2.43,231057,2.43,2.47,2.39,2.43,231057
2018-02-06,2.44,2.46,2.41,2.44,311249,2.44,2.46,2.41,2.44,311249,2.44,2.46,2.41,2.44,311249
2018-02-07,2.37,2.39,2.35,2.37,325898,2.37,2.39,2.35,2.37,325898,2.37,2.39,2.35,2.37,325898
2018-02-08,2.39,2.39,2.38,2.39,217044,2.39,2.39,2.38,2.39,217044,2.39,2.39,2.38,2.39,217044
2018-02-09,2.37,2.40,2.35,2.37,327466,2.37,2.40,2.35,2.37,327466,2.37,2.40,2.35,2.37,327466
2018-02-12,2.32,2.34,2.31,2.32,213849,2.32,2.34,2.31,2.32,213849,2.32,2.34,2.31,2.32,213849
2018-02-13,2.36,2.38,2.33,2.35,214248,2.36,2.38,2.33,2.35,214248,2.36,2.38,2.33,2.35,214248
2018-02-14,2.33,2.36,2.30,2.34,404291,2.33,2.36,2.30,2.34,404291,2.33,2.36,2.30,2.34,404291
2018-02-15,2.39,2.41,2.36,2.38,344549,2.39,2.41,2.36,2.38,344549,2.39,2.41,2.36,2.38,344549
2018-02-16,2.41,2.44,2.38,2.40,408720,2.41,2.44,2.38,2.40,408720,2.41,2.44,2.38,2.40,408720
2018-02-19,2.36,2.38,2.34,2.35,264317,2.36,2.38,2.34,2.35,264317,2.36,2.38,2.34,2.35,264317
2018-02-20,2.42,2.45,2.38,2.42,375922,2.42,2.45,2.38,2.42,375922,2.42,2.45,2.38,2.42,375922
2018-02-21,2.44,2.46,2.41,2.44,221948,2.44,2.46,2.41,2.44,221948,2.44,2.46,2.41,2.44,221948
2018-02-22,2.37,2.39,2.35,2.38,279765,2.37,2.39,2.35,2.38,279765,2.37,2.39,2.35,2.38,279765
2018-02-23,2.37,2.39,2.34,2.35,352453,2.37,2.39,2.34,2.35,352453,2.37,2.39,2.34,2.35,352453
2018-02-26,2.36,2.38,2.35,2.36,332844,2.36,2.38,2.35,2.36,332844,2.36,2.38,2.35,2.36,332844
2018-02-27,2.38,2.40,2.35,2.38,292427,2.38,2.40,2.35,2.38,292427,2.38,2.40,2.35,2.38,292427
2018-02-28,2.31,2.33,2.29,2.32,275182,2.31,2.33,2.29,2.32,275182,2.31,2.33,2.29,2.32,275182
2018-03-01,2.34,2.36,2.31,2.34,304310,2.34,2.36,2.31,2.34,304310,2.34,2.36,2.31,2.34,304310
2018-03-02,2.32,2.33,2.30,2.31,297799,2.32,2.33,2.30,2.31,297799,2.32,2.33,2.30,2.31,297799
2018-03-05,2.32,2.35,2.29,2.33,265705,2.32,2.35,2.29,2.33,265705,2.32,2.35,2.29,2.33,265705
2018-03-06,2.38,2.42,2.35,2.39,320722,2.38,2.42,2.35,2.39,320722,2.38,2.42,2.35,2.39,320722
2018-03-07,2.36,2.39,2.32,2.35,291482,2.36,2.39,2.32,2.35,291482,2.36,2.39,2.32,2.35,291482
2018-03-08,2.33,2.33,2.32,2.32,358440,2.33,2.33,2.32,2.32,358440,2.33,2.33,2.32,2.32,358440
2018-03-09,2.38,2.42,2.35,2.38,395998,2.38,2.42,2.35,2.38,395998,2.38,2.42,2.35,2.38,395998
2018-03-12,2.33,2.35,2.30,2.32,360335,2.33,2.35,2.30,2.32,360335,2.33,2.35,2.30,2.32,360335
2018-03-13,2.31,2.33,2.29,2.29,274802,2.31,2.33,2.29,2.29,274802,2.31,2.33,2.29,2.29,274802
2018-03-14,2.27,2.30,2.24,2.27,388196,2.27,2.30,2.24,2.27,388196,2.27,2.30,2.24,2.27,388196
2018-03-15,2.28,2.30,2.26,2.26,225812,2.28,2.30,2.26,2.26,225812,2.28,2.30,2.26,2.26,225812
2018-03-16,2.25,2.26,2.24,2.25,359389,2.25,2.26,2.24,2.25,359389,2.25,2.26,2.24,2.25,359389
2018-03-19,2.20,2.22,2.18,2.22,259865,2.20,2.22,2.18,2.22,259865,2.20,2.22,2.18,2.22,259865
2018-03-20,2.21,2.23,2.19,2.20,416727,2.21,2.23,2.19,2.20,416727,2.21,2.23,2.19,2.20,416727
2018-03-21,2.27,2.29,2.25,2.25,300475,2.27,2.29,2.25,2.25,300475,2.27,2.29,2.25,2.25,300475
2018-03-22,2.23,2.25,2.22,2.23,312351,2.23,2.25,2.22,2.23,312351,2.23,2.25,2.22,2.23,312351
2018-03-23,2.24,2.27,2.21,2.24,330425,2.24,2.27,2.21,2.24,330425,2.24,2.27,2.21,2.24,330425
2018-03-26,2.25,2.26,2.24,2.25,281223,2.25,2.26,2.24,2.25,281223,2.25,2.26,2.24,2.25,281223
2018-03-27,2.24,2.26,2.23,2.23,229287,2.24,2.26,2.23,2.23,229287,2.24,2.26,2.23,2.23,229287
2018-03-28,2.24,2.25,2.22,2.23,263948,2.24,2.25,2.22,2.23,263948,2.24,2.25,2.22,2.23,263948
2018-03-29,2.25,2.26,2.24,2.25,309150,2.25,2.26,2.24,2.25,309150,2.25,2.26,2.24,2.25,309150
2018-03-30,2.28,2.32,2.25,2.28,224551,2.28,2.32,2.25,2.28,224551,2.28,2.32,2.25,2.28,224551
2018-04-02,2.34,2.35,2.32,2.34,342336,2.34,2.35,2.32,2.34,342336,2.34,2.35,2.32,2.34,342336
2018-04-03,2.32,2.33,2.31,2.31,319791,2.32,2.33,2.31,2.31,319791,2.32,2.33,2.31,2.31,319791
2018-04-04,2.32,2.36,2.29,2.31,381504,2.32,2.36,2.29,2.31,381504,2.32,2.36,2.29,2.31,381504
2018-04-05,2.39,2.41,2.38,2.38,382956,2.39,2.41,2.38,2.38,382956,2.39,2.41,2.38,2.38,382956
2018-04-06,2.37,2.40,2.33,2.36,295980,2.37,2.40,2.33,2.36,295980,2.37,2.40,2.33,2.36,295980
2018-04-09,2.40,2.41,2.39,2.40,406510,2.40,2.41,2.39,2.40,406510,2.40,2.41,2.39,2.40,406510
2018-04-10,2.42,2.43,2.40,2.41,241489,2.42,2.43,2.40,2.41,241489,2.42,2.43,2.40,2.41,241489
2018-04-11,2.43,2.46,2.40,2.44,362434,2.43,2.46,2.40,2.44,362434,2.43,2.46,2.40,2.44,362434
2018-04-12,2.46,2.49,2.43,2.46,292542,2.46,2.49,2.43,2.46,292542,2.46,2.49,2.43,2.46,292542
2018-04-13,2.50,2.54,2.46,2.51,288490,2.50,2.54,2.46,2.51,288490,2.50,2.54,2.46,2.51,288490
2018-04-16,2.46,2.49,2.42,2.47,334062,2.46,2.49,2.42,2.47,334062,2.46,2.49,2.42,2.47,334062
2018-04-17,2.58,2.61,2.56,2.59,226662,2.58,2.61,2.56,2.59,226662,2.58,2.61,2.56,2.59,226662
2018-04-18,2.53,2.57,2.48,2.52,282480,2.53,2.57,2.48,2.52,282480,2.53,2.57,2.48,2.52,282480
2018-04-19,2.49,2.54,2.45,2.50,265223,2.49,2.54,2.45,2.50,265223,2.49,2.54,2.45,2.50,265223
2018-04-20,2.51,2.55,2.48,2.52,390868,2.51,2.55,2.48,2.52,390868,2.51,2.55,2.48,2.52,390868
2018-04-23,2.50,2.52,2.47,2.49,367345,2.50,2.52,2.47,2.49,367345,2.50,2.52,2.47,2.49,367345
2018-04-24,2.57,2.58,2.55,2.57,358610,2.57,2.58,2.55,2.57,358610,2.57,2.58,2.55,2.57,358610
2018-04-25,2.52,2.55,2.50,2.53,417490,2.52,2.55,2.50,2.53,417490,2.52,2.55,2.50,2.53,417490
2018-04-26,2.51,2.55,2.47,2.51,282257,2.51,2.55,2.47,2.51,282257,2.51,2.55,2.47,2.51,282257
2018-04-27,2.50,2.53,2.47,2.53,369642,2.50,2.53,2.47,2.53,369642,2.50,2.53,2.47,2.53,369642
2018-04-30,2.64,2.67,2.61,2.65,320776,2.64,2.67,2.61,2.65,320776,2.64,2.67,2.61,2.65,320776
2018-05-01,2.68,2.70,2.66,2.68,221837,2.68,2.70,2.66,2.68,221837,2.68,2.70,2.66,2.68,221837
2018-05-02,2.71,2.73,2.69,2.72,384226,2.71,2.73,2.69,2.72,384226,2.71,2.73,2.69,2.72,384226
2018-05-03,2.75,2.78,2.71,2.74,308141,2.75,2.78,2.71,2.74,308141,2.75,2.78,2.71,2.74,308141
2018-05-04,2.78,2.81,2.75,2.78,211780,2.78,2.81,2.75,2.78,211780,2.78,2.81,2.75,2.78,211780
2018-05-07,2.78,2.80,2.75,2.77,232340,2.78,2.80,2.75,2.77,232340,2.78,2.80,2.75,2.77,232340
2018-05-08,2.74,2.75,2.73,2.73,403651,2.74,2.75,2.73,2.73,403651,2.74,2.75,2.73,2.73,403651
2018-05-09,2.71,2.75,2.68,2.71,348455,2.71,2.75,2.68,2.71,348455,2.71,2.75,2.68,2.71,348455
2018-05-10,2.73,2.75,2.71,2.73,306920,2.73,2.75,2.71,2.73,306920,2.73,2.75,2.71,2.73,306920
2018-05-11,2.68,2.72,2.64,2.68,277305,2.68,2.72,2.64,2.68,277305,2.68,2.72,2.64,2.68,277305
2018-05-14,2.69,2.72,2.66,2.67,297576,2.69,2.72,2.66,2.67,297576,2.69,2.72,2.66,2.67,297576
2018-05-15,2.67,2.69,2.65,2.68,251756,2.67,2.69,2.65,2.68,251756,2.67,2.69,2.65,2.68,251756
2018-05-16,2.68,2.71,2.65,2.68,336793,2.68,2.71,2.65,2.68,336793,2.68,2.71,2.65,2.68,336793
2018-05-17,2.65,2.70,2.60,2.67,255215,2.65,2.70,2.60,2.67,255215,2.65,2.70,2.60,2.67,255215
2018-05-18,2.72,2.74,2.69,2.72,270130,2.72,2.74,2.69,2.72,270130,2.72,2.74,2.69,2.72,270130
2018-05-21,2.72,2.73,2.70,2.70,292389,2.72,2.73,2.70,2.70,292389,2.72,2.73,2.70,2.70,292389
2018-05-22,2.71,2.73,2.69,2.71,258512,2.71,2.73,2.69,2.71,258512,2.71,2.73,2.69,2.71,258512
2018-05-23,2.63,2.67,2.60,2.64,396373,2.63,2.67,2.60,2.64,396373,2.63,2.67,2.60,2.64,396373
2018-05-24,2.58,2.62,2.55,2.59,339972,2.58,2.62,2.55,2.59,339972,2.58,2.62,2.55,2.59,339972
2018-05-25,2.69,2.71,2.68,2.69,259860,2.69,2.71,2.68,2.69,259860,2.69,2.71,2.68,2.69,259860
2018-05-28,2.71,2.74,2.68,2.70,348931,2.71,2.74,2.68,2.70,348931,2.71,2.74,2.68,2.70,348931
2018-05-29,2.72,2.75,2.69,2.73,243115,2.72,2.75,2.69,2.73,243115,2.72,2.75,2.69,2.73,243115
2018-05-30,2.79,2.83,2.76,2.77,265123,2.79,2.83,2.76,2.77,265123,2.79,2.83,2.76,2.77,265123
2018-05-31,2.79,2.84,2.74,2.79,326492,2.79,2.84,2.74,2.79,326492,2.79,2.84,2.74,2.79,326492
2018-06-01,2.83,2.86,2.80,2.82,252245,2.83,2.86,2.80,2.82,252245,2.83,2.86,2.80,2.82,252245
2018-06-04,2.80,2.83,2.77,2.79,238804,2.80,2.83,2.77,2.79,238804,2.80,2.83,2.77,2.79,238804
2018-06-05,2.79,2.82,2.76,2.78,231706,2.79,2.82,2.76,2.78,231706,2.79,2.82,2.76,2.78,231706
2018-06-06,2.77,2.79,2.74,2.76,319975,2.77,2.79,2.74,2.76,319975,2.77,2.79,2.74,2.76,319975
2018-06-07,2.81,2.85,2.78,2.81,407103,2.81,2.85,2.78,2.81,407103,2.81,2.85,2.78,2.81,407103
2018-06-08,2.87,2.91,2.83,2.87,379505,2.87,2.91,2.83,2.87,379505,2.87,2.91,2.83,2.87,379505
2018-06-11,2.89,2.92,2.86,2.88,384384,2.89,2.92,2.86,2.88,384384,2.89,2.92,2.86,2.88,384384
2018-06-12,2.83,2.86,2.80,2.83,321947,2.83,2.86,2.80,2.83,321947,2.83,2.86,2.80,2.83,321947
2018-06-13,2.71,2.73,2.69,2.69,321625,2.71,2.73,2.69,2.69,321625,2.71,2.73,2.69,2.69,321625
2018-06-14,2.71,2.74,2.68,2.71,413134,2.71,2.74,2.68,2.71,413134,2.71,2.74,2.68,2.71,413134
2018-06-15,2.69,2.71,2.67,2.69,325156,2.69,2.71,2.67,2.69,325156,2.69,2.71,2.67,2.69,325156
2018-06-18,2.71,2.73,2.68,2.69,373127,2.71,2.73,2.68,2.69,373127,2.71,2.73,2.68,2.69,373127
2018-06-19,2.69,2.70,2.69,2.69,229769,2.69,2.70,2.69,2.69,229769,2.69,2.70,2.69,2.69,229769
2018-06-20,2.62,2.64,2.60,2.62,273267,2.62,2.64,2.60,2.62,273267,2.62,2.64,2.60,2.62,273267
2018-06-21,2.57,2.59,2.56,2.59,414637,2.57,2.59,2.56,2.59,414637,2.57,2.59,2.56,2.59,414637
2018-06-22,2.63,2.67,2.59,2.62,385172,2.63,2.67,2.59,2.62,385172,2.63,2.67,2.59,2.62,385172
2018-06-25,2.66,2.70,2.61,2.66,250681,2.66,2.70,2.61,2.66,250681,2.66,2.70,2.61,2.66,250681
2018-06-26,2.55,2.60,2.51,2.56,378908,2.55,2.60,2.51,2.56,378908,2.55,2.60,2.51,2.56,378908
2018-06-27,2.58,2.61,2.55,2.58,415674,2.58,2.61,2.55,2.58,415674,2.58,2.61,2.55,2.58,415674
2018-06-28,2.67,2.69,2.64,2.65,337970,2.67,2.69,2.64,2.65,337970,2.67,2.69,2.64,2.65,337970
2018-06-29,2.63,2.65,2.61,2.64,297831,2.63,2.65,2.61,2.64,297831,2.63,2.65,2.61,2.64,297831
2018-07-02,2.60,2.64,2.56,2.59,251355,2.60,2.64,2.56,2.59,251355,2.60,2.64,2.56,2.59,251355
2018-07-03,2.61,2.64,2.57,2.58,401664,2.61,2.64,2.57,2.58,401664,2.61,2.64,2.57,2.58,401664
2018-07-04,2.59,2.61,2.56,2.58,405310,2.59,2.61,2.56,2.58,405310,2.59,2.61,2.56,2.58,405310
2018-07-05,2.62,2.64,2.59,2.61,263340,2.62,2.64,2.59,2.61,263340,2.62,2.64,2.59,2.61,263340
2018-07-06,2.67,2.71,2.63,2.67,263348,2.67,2.71,2.63,2.67,263348,2.67,2.71,2.63,2.67,263348
2018-07-09,2.70,2.73,2.66,2.69,236922,2.70,2.73,2.66,2.69,236922,2.70,2.73,2.66,2.69,236922
2018-07-10,2.73,2.77,2.69,2.73,337272,2.73,2.77,2.69,2.73,337272,2.73,2.77,2.69,2.73,337272
2018-07-11,2.70,2.76,2.65,2.69,360907,2.70,2.76,2.65,2.69,360907,2.70,2.76,2.65,2.69,360907
2018-07-12,2.63,2.66,2.60,2.62,372782,2.63,2.66,2.60,2.62,372782,2.63,2.66,2.60,2.62,372782
2018-07-13,2.59,2.62,2.57,2.59,363376,2.59,2.62,2.57,2.59,363376,2.59,2.62,2.57,2.59,363376
2018-07-16,2.59,2.63,2.55,2.58,300310,2.59,2.63,2.55,2.58,300310,2.59,2.63,2.55,2.58,300310
2018-07-17,2.59,2.64,2.55,2.60,401645,2.59,2.64,2.55,2.60,401645,2.59,2.64,2.55,2.60,401645
2018-07-18,2.62,2.63,2.62,2.62,245066,2.62,2.63,2.62,2.62,245066,2.62,2.63,2.62,2.62,245066
2018-07-19,2.64,2.67,2.60,2.63,278914,2.64,2.67,2.60,2.63,278914,2.64,2.67,2.60,2.63,278914
2018-07-20,2.57,2.60,2.55,2.57,327444,2.57,2.60,2.55,2.57,327444,2.57,2.60,2.55,2.57,327444
2018-07-23,2.64,2.67,2.60,2.63,318909,2.64,2.67,2.60,2.63,318909,2.64,2.67,2.60,2.63,318909
2018-07-24,2.63,2.65,2.62,2.62,403905,2.63,2.65,2.62,2.62,403905,2.63,2.65,2.62,2.62,403905
2018-07-25,2.67,2.71,2.64,2.67,391876,2.67,2.71,2.64,2.67,391876,2.67,2.71,2.64,2.67,391876
2018-07-26,2.67,2.72,2.63,2.67,254417,2.67,2.72,2.63,2.67,254417,2.67,2.72,2.63,2.67,254417
2018-07-27,2.74,2.78,2.69,2.72,405120,2.74,2.78,2.69,2.72,405120,2.74,2.78,2.69,2.72,405120
2018-07-30,2.62,2.65,2.59,2.62,414518,2.62,2.65,2.59,2.62,414518,2.62,2.65,2.59,2.62,414518
2018-07-31,2.70,2.74,2.65,2.68,413314,2.70,2.74,2.65,2.68,413314,2.70,2.74,2.65,2.68,413314
2018-08-01,2.69,2.71,2.68,2.68,297689,2.69,2.71,2.68,2.68,297689,2.69,2.71,2.68,2.68,297689
2018-08-02,2.69,2.71,2.67,2.68,295142,2.69,2.71,2.67,2.68,295142,2.69,2.71,2.67,2.68,295142
2018-08-03,2.68,2.71,2.65,2.67,392267,2.68,2.71,2.65,2.67,392267,2.68,2.71,2.65,2.67,392267
2018-08-06,2.61,2.62,2.59,2.60,311574,2.61,2.62,2.59,2.60,311574,2.61,2.62,2.59,2.60,311574
2018-08-07,2.64,2.66,2.61,2.63,272471,2.64,2.66,2.61,2.63,272471,2.64,2.66,2.61,2.63,272471
2018-08-08,2.59,2.62,2.56,2.58,273387,2.59,2.62,2.56,2.58,273387,2.59,2.62,2.56,2.58,273387
2018-08-09,2.54,2.56,2.53,2.54,290360,2.54,2.56,2.53,2.54,290360,2.54,2.56,2.53,2.54,290360
2018-08-10,2.53,2.54,2.51,2.52,253645,2.53,2.54,2.51,2.52,253645,2.53,2.54,2.51,2.52,253645
2018-08-13,2.58,2.61,2.56,2.58,345116,2.58,2.61,2.56,2.58,345116,2.58,2.61,2.56,2.58,345116
2018-08-14,2.55,2.57,2.53,2.56,321707,2.55,2.57,2.53,2.56,321707,2.55,2.57,2.53,2.56,321707
2018-08-15,2.61,2.63,2.58,2.58,416759,2.61,2.63,2.58,2.58,416759,2.61,2.63,2.58,2.58,416759
2018-08-16,2.52,2.56,2.48,2.52,322317,2.52,2.56,2.48,2.52,322317,2.52,2.56,2.48,2.52,322317
2018-08-17,2.50,2.53,2.47,2.51,395345,2.50,2.53,2.47,2.51,395345,2.50,2.53,2.47,2.51,395345
2018-08-20,2.52,2.57,2.47,2.52,333928,2.52,2.57,2.47,2.52,333928,2.52,2.57,2.47,2.52,333928
2018-08-21,2.45,2.48,2.43,2.47,365256,2.45,2.48,2.43,2.47,365256,2.45,2.48,2.43,2.47,365256
2018-08-22,2.48,2.50,2.45,2.48,265289,2.48,2.50,2.45,2.48,265289,2.48,2.50,2.45,2.48,265289
2018-08-23,2.55,2.57,2.53,2.56,269880,2.55,2.57,2.53,2.56,269880,2.55,2.57,2.53,2.56,269880
2018-08-24,2.64,2.66,2.62,2.64,337637,2.64,2.66,2.62,2.64,337637,2.64,2.66,2.62,2.64,337637
2018-08-27,2.62,2.64,2.59,2.62,216964,2.62,2.64,2.59,2.62,216964,2.62,2.64,2.59,2.62,216964
2018-08-28,2.65,2.68,2.62,2.65,302170,2.65,2.68,2.62,2.65,302170,2.65,2.68,2.62,2.65,302170
2018-08-29,2.65,2.70,2.60,2.65,210659,2.65,2.70,2.60,2.65,210659,2.65,2.70,2.60,2.65,210659
2018-08-30,2.51,2.55,2.47,2.52,382670,2.51,2.55,2.47,2.52,382670,2.51,2.55,2.47,2.52,382670
2018-08-31,2.53,2.56,2.50,2.53,282915,2.53,2.56,2.50,2.53,282915,2.53,2.56,2.50,2.53,282915
2018-09-03,2.48,2.49,2.46,2.48,225725,2.48,2.49,2.46,2.48,225725,2.48,2.49,2.46,2.48,225725
2018-09-04,2.40,2.45,2.36,2.40,307012,2.40,2.45,2.36,2.40,307012,2.40,2.45,2.36,2.40,307012
2018-09-05,2.37,2.41,2.34,2.38,302177,2.37,2.41,2.34,2.38,302177,2.37,2.41,2.34,2.38,302177
2018-09-06,2.41,2.45,2.37,2.41,383059,2.41,2.45,2.37,2.41,383059,2.41,2.45,2.37,2.41,383059
2018-09-07,2.46,2.49,2.44,2.45,306330,2.46,2.49,2.44,2.45,306330,2.46,2.49,2.44,2.45,306330
2018-09-10,2.57,2.59,2.56,2.58,216995,2.57,2.59,2.56,2.58,216995,2.57,2.59,2.56,2.58,216995
2018-09-11,2.61,2.64,2.58,2.61,229769,2.61,2.64,2.58,2.61,229769,2.61,2.64,2.58,2.61,229769
2018-09-12,2.64,2.68,2.61,2.64,262796,2.64,2.68,2.61,2.64,262796,2.64,2.68,2.61,2.64,262796
2018-09-13,2.65,2.68,2.61,2.63,378190,2.65,2.68,2.61,2.63,378190,2.65,2.68,2.61,2.63,378190
2018-09-14,2.67,2.71,2.62,2.66,242846,2.67,2.71,2.62,2.66,242846,2.67,2.71,2.62,2.66,242846
2018-09-17,2.57,2.60,2.53,2.56,340506,2.57,2.60,2.53,2.56,340506,2.57,2.60,2.53,2.56,340506
2018-09-18,2.64,2.66,2.62,2.65,314725,2.64,2.66,2.62,2.65,314725,2.64,2.66,2.62,2.65,314725
2018-09-19,2.70,2.74,2.66,2.70,286269,2.70,2.74,2.66,2.70,286269,2.70,2.74,2.66,2.70,286269
2018-09-20,2.66,2.68,2.63,2.66,318187,2.66,2.68,2.63,2.66,318187,2.66,2.68,2.63,2.66,318187
2018-09-21,2.66,2.70,2.62,2.65,259370,2.66,2.70,2.62,2.65,259370,2.66,2.70,2.62,2.65,259370
2018-09-24,2.62,2.65,2.60,2.61,232677,2.62,2.65,2.60,2.61,232677,2.62,2.65,2.60,2.61,232677
2018-09-25,2.70,2.74,2.66,2.71,378297,2.70,2.74,2.66,2.71,378297,2.70,2.74,2.66,2.71,378297
2018-09-26,2.71,2.75,2.67,2.71,268092,2.71,2.75,2.67,2.71,268092,2.71,2.75,2.67,2.71,268092
2018-09-27,2.60,2.63,2.56,2.59,214758,2.60,2.63,2.56,2.59,214758,2.60,2.63,2.56,2.59,214758
2018-09-28,2.53,2.57,2.49,2.52,419882,2.53,2.57,2.49,2.52,419882,2.53,2.57,2.49,2.52,419882
2018-10-01,2.51,2.53,2.49,2.51,406768,2.51,2.53,2.49,2.51,406768,2.51,2.53,2.49,2.51,406768
2018-10-02,2.51,2.53,2.48,2.50,397734,2.51,2.53,2.48,2.50,397734,2.51,2.53,2.48,2.50,397734
2018-10-03,2.48,2.53,2.44,2.49,295604,2.48,2.53,2.44,2.49,295604,2.48,2.53,2.44,2.49,295604
2018-10-04,2.49,2.52,2.46,2.47,335025,2.49,2.52,2.46,2.47,335025,2.49,2.52,2.46,2.47,335025
2018-10-05,2.43,2.45,2.40,2.42,340081,2.43,2.45,2.40,2.42,340081,2.43,2.45,2.40,2.42,340081
2018-10-08,2.39,2.42,2.36,2.38,381407,2.39,2.42,2.36,2.38,381407,2.39,2.42,2.36,2.38,381407
2018-10-09,2.38,2.41,2.35,2.39,387104,2.38,2.41,2.35,2.39,387104,2.38,2.41,2.35,2.39,387104
2018-10-10,2.40,2.42,2.39,2.40,326053,2.40,2.42,2.39,2.40,326053,2.40,2.42,2.39,2.40,326053
2018-10-11,2.34,2.37,2.32,2.35,418563,2.34,2.37,2.32,2.35,418563,2.34,2.37,2.32,2.35,418563
2018-10-12,2.32,2.34,2.29,2.32,323119,2.32,2.34,2.29,2.32,323119,2.32,2.34,2.29,2.32,323119
2018-10-15,2.35,2.37,2.33,2.34,271761,2.35,2.37,2.33,2.34,271761,2.35,2.37,2.33,2.34,271761
2018-10-16,2.34,2.36,2.31,2.32,245604,2.34,2.36,2.31,2.32,245604,2.34,2.36,2.31,2.32,245604
2018-10-17,2.29,2.32,2.26,2.29,301872,2.29,2.32,2.26,2.29,301872,2.29,2.32,2.26,2.29,301872
2018-10-18,2.31,2.33,2.29,2.31,290739,2.31,2.33,2.29,2.31,290739,2.31,2.33,2.29,2.31,290739
2018-10-19,2.33,2.37,2.30,2.34,231744,2.33,2.37,2.30,2.34,231744,2.33,2.37,2.30,2.34,231744
2018-10-22,2.32,2.35,2.29,2.32,379102,2.32,2.35,2.29,2.32,379102,2.32,2.35,2.29,2.32,379102
2018-10-23,2.34,2.37,2.31,2.34,254826,2.34,2.37,2.31,2.34,254826,2.34,2.37,2.31,2.34,254826
2018-10-24,2.36,2.39,2.34,2.35,345793,2.36,2.39,2.34,2.35,345793,2.36,2.39,2.34,2.35,345793
2018-10-25,2.31,2.33,2.29,2.29,224306,2.31,2.33,2.29,2.29,224306,2.31,2.33,2.29,2.29,224306
2018-10-26,2.26,2.28,2.24,2.26,356344,2.26,2.28,2.24,2.26,356344,2.26,2.28,2.24,2.26,356344
2018-10-29,2.33,2.35,2.30,2.31,315190,2.33,2.35,2.30,2.31,315190,2.33,2.35,2.30,2.31,315190
2018-10-30,2.34,2.36,2.32,2.33,417253,2.34,2.36,2.32,2.33,417253,2.34,2.36,2.32,2.33,417253
2018-10-31,2.37,2.40,2.34,2.36,326602,2.37,2.40,2.34,2.36,326602,2.37,2.40,2.34,2.36,326602
2018-11-01,2.35,2.37,2.32,2.34,239316,2.35,2.37,2.32,2.34,239316,2.35,2.37,2.32,2.34,239316
2018-11-02,2.39,2.42,2.35,2.37,269658,2.39,2.42,2.35,2.37,269658,2.39,2.42,2.35,2.37,269658
2018-11-05,2.39,2.42,2.37,2.40,366669,2.39,2.42,2.37,2.40,366669,2.39,2.42,2.37,2.40,366669
2018-11-06,2.40,2.43,2.37,2.40,313209,2.40,2.43,2.37,2.40,313209,2.40,2.43,2.37,2.40,313209
2018-11-07,2.41,2.44,2.39,2.41,223329,2.41,2.44,2.39,2.41,223329,2.41,2.44,2.39,2.41,223329
2018-11-08,2.40,2.41,2.38,2.39,336502,2.40,2.41,2.38,2.39,336502,2.40,2.41,2.38,2.39,336502
2018-11-09,2.36,2.38,2.33,2.35,279200,2.36,2.38,2.33,2.35,279200,2.36,2.38,2.33,2.35,279200
2018-11-12,2.38,2.39,2.36,2.37,240378,2.38,2.39,2.36,2.37,240378,2.38,2.39,2.36,2.37,240378
2018-11-13,2.37,2.40,2.34,2.35,260999,2.37,2.40,2.34,2.35,260999,2.37,2.40,2.34,2.35,260999
2018-11-14,2.34,2.37,2.31,2.33,362615,2.34,2.37,2.31,2.33,362615,2.34,2.37,2.31,2.33,362615
2018-11-15,2.35,2.38,2.32,2.35,388568,2.35,2.38,2.32,2.35,388568,2.35,2.38,2.32,2.35,388568
2018-11-16,2.28,2.29,2.27,2.28,360578,2.28,2.29,2.27,2.28,360578,2.28,2.29,2.27,2.28,360578
2018-11-19,2.31,2.34,2.29,2.31,407801,2.31,2.34,2.29,2.31,407801,2.31,2.34,2.29,2.31,407801
2018-11-20,2.19,2.22,2.16,2.20,285356,2.19,2.22,2.16,2.20,285356,2.19,2.22,2.16,2.20,285356
2018-11-21,2.21,2.24,2.19,2.21,298048,2.21,2.24,2.19,2.21,298048,2.21,2.24,2.19,2.21,298048
2018-11-22,2.28,2.30,2.25,2.27,263212,2.28,2.30,2.25,2.27,263212,2.28,2.30,2.25,2.27,263212
2018-11-23,2.19,2.20,2.18,2.19,287499,2.19,2.20,2.18,2.19,287499,2.19,2.20,2.18,2.19,287499
2018-11-26,2.25,2.29,2.21,2.25,235702,2.25,2.29,2.21,2.25,235702,2.25,2.29,2.21,2.25,235702
2018-11-27,2.20,2.24,2.16,2.19,243062,2.20,2.24,2.16,2.19,243062,2.20,2.24,2.16,2.19,243062
2018-11-28,2.20,2.22,2.18,2.19,391766,2.20,2.22,2.18,2.19,391766,2.20,2.22,2.18,2.19,391766
2018-11-29,2.18,2.21,2.16,2.19,306457,2.18,2.21,2.16,2.19,306457,2.18,2.21,2.16,2.19,306457
2018-11-30,2.11,2.14,2.08,2.10,260398,2.11,2.14,2.08,2.10,260398,2.11,2.14,2.08,2.10,260398
2018-12-03,2.08,2.11,2.05,2.08,322639,2.08,2.11,2.05,2.08,322639,2.08,2.11,2.05,2.08,322639
2018-12-04,2.04,2.05,2.02,2.03,387608,2.04,2.05,2.02,2.03,387608,2.04,2.05,2.02,2.03,387608
2018-12-05,2.04,2.06,2.02,2.05,397546,2.04,2.06,2.02,2.05,397546,2.04,2.06,2.02,2.05,397546
2018-12-06,2.06,2.09,2.03,2.06,287033,2.06,2.09,2.03,2.06,287033,2.06,2.09,2.03,2.06,287033
2018-12-07,2.13,2.16,2.10,2.11,246303,2.13,2.16,2.10,2.11,246303,2.13,2.16,2.10,2.11,246303
2018-12-10,2.12,2.14,2.10,2.12,223256,2.12,2.14,2.10,2.12,223256,2.12,2.14,2.10,2.12,223256
2018-12-11,2.10,2.13,2.07,2.08,341987,2.10,2.13,2.07,2.08,341987,2.10,2.13,2.07,2.08,341987
2018-12-12,2.10,2.13,2.07,2.10,418535,2.10,2.13,2.07,2.10,418535,2.10,2.13,2.07,2.10,418535
2018-12-13,2.10,2.12,2.09,2.10,319593,2.10,2.12,2.09,2.10,319593,2.10,2.12,2.09,2.10,319593
2018-12-14,2.10,2.11,2.08,2.10,353093,2.10,2.11,2.08,2.10,353093,2.10,2.11,2.08,2.10,353093
2018-12-17,2.11,2.12,2.09,2.10,365150,2.11,2.12,2.09,2.10,365150,2.11,2.12,2.09,2.10,365150
2018-12-18,2.10,2.11,2.09,2.10,267704,2.10,2.11,2.09,2.10,267704,2.10,2.11,2.09,2.10,267704
2018-12-19,2.09,2.12,2.06,2.10,348596,2.09,2.12,2.06,2.10,348596,2.09,2.12,2.06,2.10,348596
2018-12-20,2.11,2.12,2.09,2.11,292721,2.11,2.12,2.09,2.11,292721,2.11,2.12,2.09,2.11,292721
2018-12-21,2.15,2.19,2.11,2.16,312936,2.15,2.19,2.11,2.16,312936,2.15,2.19,2.11,2.16,312936
2018-12-24,2.13,2.16,2.10,2.13,399273,2.13,2.16,2.10,2.13,399273,2.13,2.16,2.10,2.13,399273
2018-12-25,2.16,2.18,2.13,2.16,301064,2.16,2.18,2.13,2.16,301064,2.16,2.18,2.13,2.16,301064
2018-12-26,2.23,2.25,2.21,2.22,403979,2.23,2.25,2.21,2.22,403979,2.23,2.25,2.21,2.22,403979
2018-12-27,2.18,2.20,2.17,2.17,327686,2.18,2.20,2.17,2.17,327686,2.18,2.20,2.17,2.17,327686
2018-12-28,2.19,2.20,2.18,2.19,296025,2.19,2.20,2.18,2.19,296025,2.19,2.20,2.18,2.19,296025
2018-12-31,2.16,2.18,2.14,2.16,305343,2.16,2.18,2.14,2.16,305343,2.16,2.18,2.14,2.16,305343
2019-01-01,2.09,2.12,2.07,2.11,210926,2.09,2.12,2.07,2.11,210926,2.09,2.12,2.07,2.11,210926
2019-01-02,2.08,2.11,2.05,2.08,300607,2.08,2.11,2.05,2.08,300607,2.08,2.11,2.05,2.08,300607
2019-01-03,2.08,2.10,2.05,2.06,217947,2.08,2.10,2.05,2.06,217947,2.08,2.10,2.05,2.06,217947
2019-01-04,2.13,2.15,2.11,2.12,417920,2.13,2.15,2.11,2.12,417920,2.13,2.15,2.11,2.12,417920
2019-01-07,2.12,2.15,2.09,2.12,371785,2.12,2.15,2.09,2.12,371785,2.12,2.15,2.09,2.12,371785
2019-01-08,2.00,2.01,1.98,1.99,245847,2.00,2.01,1.98,1.99,245847,2.00,2.01,1.98,1.99,245847
2019-01-09,1.99,2.02,1.95,1.98,281329,1.99,2.02,1.95,1.98,281329,1.99,2.02,1.95,1.98,281329
2019-01-10,2.00,2.02,1.98,1.99,419480,2.00,2.02,1.98,1.99,419480,2.00,2.02,1.98,1.99,419480
2019-01-11,2.03,2.05,2.01,2.02,347475,2.03,2.05,2.01,2.02,347475,2.03,2.05,2.01,2.02,347475
2019-01-14,2.08,2.10,2.06,2.07,330342,2.08,2.10,2.06,2.07,330342,2.08,2.10,2.06,2.07,330342
2019-01-15,2.08,2.10,2.05,2.08,230091,2.08,2.10,2.05,2.08,230091,2.08,2.10,2.05,2.08,230091
2019-01-16,2.13,2.15,2.12,2.13,349188,2.13,2.15,2.12,2.13,349188,2.13,2.15,2.12,2.13,349188
2019-01-17,2.13,2.15,2.11,2.13,299367,2.13,2.15,2.11,2.13,299367,2.13,2.15,2.11,2.13,299367
2019-01-18,2.11,2.14,2.08,2.10,227051,2.11,2.14,2.08,2.10,227051,2.11,2.14,2.08,2.10,227051
2019-01-21,2.12,2.14,2.11,2.13,395507,2.12,2.14,2.11,2.13,395507,2.12,2.14,2.11,2.13,395507
2019-01-22,2.15,2.17,2.12,2.15,282542,2.15,2.17,2.12,2.15,282542,2.15,2.17,2.12,2.15,282542
2019-01-23,2.14,2.18,2.11,2.15,219411,2.14,2.18,2.11,2.15,219411,2.14,2.18,2.11,2.15,219411
2019-01-24,2.14,2.16,2.11,2.14,320040,2.14,2.16,2.11,2.14,320040,2.14,2.16,2.11,2.14,320040
2019-01-25,2.15,2.18,2.13,2.16,287309,2.15,2.18,2.13,2.16,287309,2.15,2.18,2.13,2.16,287309
2019-01-28,2.16,2.18,2.15,2.15,304035,2.16,2.18,2.15,2.15,304035,2.16,2.18,2.15,2.15,304035
2019-01-29,2.20,2.23,2.18,2.20,271951,2.20,2.23,2.18,2.20,271951,2.20,2.23,2.18,2.20,271951
2019-01-30,2.24,2.28,2.20,2.23,245906,2.24,2.28,2.20,2.23,245906,2.24,2.28,2.20,2.23,245906
2019-01-31,2.21,2.23,2.18,2.21,321448,2.21,2.23,2.18,2.21,321448,2.21,2.23,2.18,2.21,321448
2019-02-01,2.18,2.20,2.16,2.18,418794,2.18,2.20,2.16,2.18,418794,2.18,2.20,2.16,2.18,418794
2019-02-04,2.18,2.21,2.15,2.17,322360,2.18,2.21,2.15,2.17,322360,2.18,2.21,2.15,2.17,322360
2019-02-05,2.16,2.19,2.12,2.15,242494,2.16,2.19,2.12,2.15,242494,2.16,2.19,2.12,2.15,242494
2019-02-06,2.22,2.25,2.19,2.22,345975,2.22,2.25,2.19,2.22,345975,2.22,2.25,2.19,2.22,345975
2019-02-07,2.21,2.24,2.18,2.21,366171,2.21,2.24,2.18,2.21,366171,2.21,2.24,2.18,2.21,366171
2019-02-08,2.17,2.20,2.15,2.17,401644,2.17,2.20,2.15,2.17,401644,2.17,2.20,2.15,2.17,401644
2019-02-11,2.23,2.26,2.20,2.22,260061,2.23,2.26,2.20,2.22,260061,2.23,2.26,2.20,2.22,260061
2019-02-12,2.26,2.29,2.24,2.27,301743,2.26,2.29,2.24,2.27,301743,2.26,2.29,2.24,2.27,301743
2019-02-13,2.26,2.30,2.21,2.24,267889,2.26,2.30,2.21,2.24,267889,2.26,2.30,2.21,2.24,267889
2019-02-14,2.17,2.20,2.14,2.17,315786,2.17,2.20,2.14,2.17,315786,2.17,2.20,2.14,2.17,315786
2019-02-15,2.20,2.25,2.16,2.21,210961,2.20,2.25,2.16,2.21,210961,2.20,2.25,2.16,2.21,210961
2019-02-18,2.18,2.19,2.16,2.17,224942,2.18,2.19,2.16,2.17,224942,2.18,2.19,2.16,2.17,224942
2019-02-19,2.22,2.26,2.18,2.22,236970,2.22,2.26,2.18,2.22,236970,2.22,2.26,2.18,2.22,236970
2019-02-20,2.22,2.24,2.20,2.23,359466,2.22,2.24,2.20,2.23,359466,2.22,2.24,2.20,2.23,359466
2019-02-21,2.25,2.27,2.22,2.25,408757,2.25,2.27,2.22,2.25,408757,2.25,2.27,2.22,2.25,408757
2019-02-22,2.26,2.27,2.25,2.26,313813,2.26,2.27,2.25,2.26,313813,2.26,2.27,2.25,2.26,313813
2019-02-25,2.31,2.35,2.28,2.31,225632,2.31,2.35,2.28,2.31,225632,2.31,2.35,2.28,2.31,225632
2019-02-26,2.33,2.35,2.30,2.32,358317,2.33,2.35,2.30,2.32,358317,2.33,2.35,2.30,2.32,358317
2019-02-27,2.26,2.28,2.24,2.26,365036,2.26,2.28,2.24,2.26,365036,2.26,2.28,2.24,2.26,365036
2019-02-28,2.24,2.28,2.21,2.24,328985,2.24,2.28,2.21,2.24,328985,2.24,2.28,2.21,2.24,328985
2019-03-01,2.27,2.30,2.24,2.26,373792,2.27,2.30,2.24,2.26,373792,2.27,2.30,2.24,2.26,373792
2019-03-04,2.30,2.32,2.28,2.30,284885,2.30,2.32,2.28,2.30,284885,2.30,2.32,2.28,2.30,284885
2019-03-05,2.29,2.33,2.25,2.28,399589,2.29,2.33,2.25,2.28,399589,2.29,2.33,2.25,2.28,399589
2019-03-06,2.30,2.30,2.29,2.29,355862,2.30,2.30,2.29,2.29,355862,2.30,2.30,2.29,2.29,355862
2019-03-07,2.40,2.45,2.35,2.38,399700,2.40,2.45,2.35,2.38,399700,2.40,2.45,2.35,2.38,399700
2019-03-08,2.39,2.43,2.35,2.39,221555,2.39,2.43,2.35,2.39,221555,2.39,2.43,2.35,2.39,221555
2019-03-11,2.41,2.44,2.38,2.41,353939,2.41,2.44,2.38,2.41,353939,2.41,2.44,2.38,2.41,353939
2019-03-12,2.42,2.45,2.39,2.43,385334,2.42,2.45,2.39,2.43,385334,2.42,2.45,2.39,2.43,385334
2019-03-13,2.40,2.43,2.37,2.39,310911,2.40,2.43,2.37,2.39,310911,2.40,2.43,2.37,2.39,310911
2019-03-14,2.35,2.37,2.32,2.36,225960,2.35,2.37,2.32,2.36,225960,2.35,2.37,2.32,2.36,225960
2019-03-15,2.35,2.37,2.32,2.36,281459,2.35,2.37,2.32,2.36,281459,2.35,2.37,2.32,2.36,281459
2019-03-18,2.39,2.41,2.37,2.39,313488,2.39,2.41,2.37,2.39,313488,2.39,2.41,2.37,2.39,313488
2019-03-19,2.31,2.34,2.27,2.32,340459,2.31,2.34,2.27,2.32,340459,2.31,2.34,2.27,2.32,340459
2019-03-20,2.39,2.40,2.37,2.38,381555,2.39,2.40,2.37,2.38,381555,2.39,2.40,2.37,2.38,381555
2019-03-21,2.37,2.41,2.33,2.37,319609,2.37,2.41,2.33,2.37,319609,2.37,2.41,2.33,2.37,319609
2019-03-22,2.39,2.41,2.37,2.39,389038,2.39,2.41,2.37,2.39,389038,2.39,2.41,2.37,2.39,389038
2019-03-25,2.33,2.36,2.30,2.35,376186,2.33,2.36,2.30,2.35,376186,2.33,2.36,2.30,2.35,376186
2019-03-26,2.34,2.37,2.31,2.35,313794,2.34,2.37,2.31,2.35,313794,2.34,2.37,2.31,2.35,313794
2019-03-27,2.29,2.30,2.27,2.30,254241,2.29,2.30,2.27,2.30,254241,2.29,2.30,2.27,2.30,254241
2019-03-28,2.28,2.29,2.27,2.27,278464,2.28,2.29,2.27,2.27,278464,2.28,2.29,2.27,2.27,278464
2019-03-29,2.33,2.36,2.30,2.33,229159,2.33,2.36,2.30,2.33,229159,2.33,2.36,2.30,2.33,229159
2019-04-01,2.28,2.30,2.26,2.28,329064,2.28,2.30,2.26,2.28,329064,2.28,2.30,2.26,2.28,329064
2019-04-02,2.31,2.34,2.29,2.30,355224,2.31,2.34,2.29,2.30,355224,2.31,2.34,2.29,2.30,355224
2019-04-03,2.33,2.35,2.30,2.32,408895,2.33,2.35,2.30,2.32,408895,2.33,2.35,2.30,2.32,408895
2019-04-04,2.38,2.40,2.35,2.38,294716,2.38,2.40,2.35,2.38,294716,2.38,2.40,2.35,2.38,294716
2019-04-05,2.38,2.42,2.35,2.37,356307,2.38,2.42,2.35,2.37,356307,2.38,2.42,2.35,2.37,356307
2019-04-08,2.34,2.38,2.30,2.34,290601,2.34,2.38,2.30,2.34,290601,2.34,2.38,2.30,2.34,290601
2019-04-09,2.37,2.40,2.34,2.38,412764,2.37,2.40,2.34,2.38,412764,2.37,2.40,2.34,2.38,412764
2019-04-10,2.34,2.37,2.31,2.32,415308,2.34,2.37,2.31,2.32,415308,2.34,2.37,2.31,2.32,415308
2019-04-11,2.29,2.32,2.26,2.28,250520,2.29,2.32,2.26,2.28,250520,2.29,2.32,2.26,2.28,250520
2019-04-12,2.25,2.27,2.23,2.24,318115,2.25,2.27,2.23,2.24,318115,2.25,2.27,2.23,2.24,318115
2019-04-15,2.24,2.28,2.21,2.25,295464,2.24,2.28,2.21,2.25,295464,2.24,2.28,2.21,2.25,295464
2019-04-16,2.22,2.24,2.19,2.22,242029,2.22,2.24,2.19,2.22,242029,2.22,2.24,2.19,2.22,242029
2019-04-17,2.22,2.24,2.19,2.22,260394,2.22,2.24,2.19,2.22,260394,2.22,2.24,2.19,2.22,260394
2019-04-18,2.21,2.24,2.18,2.20,352186,2.21,2.24,2.18,2.20,352186,2.21,2.24,2.18,2.20,352186
2019-04-19,2.22,2.24,2.20,2.21,260737,2.22,2.24,2.20,2.21,260737,2.22,2.24,2.20,2.21,260737
2019-04-22,2.27,2.29,2.25,2.27,377995,2.27,2.29,2.25,2.27,377995,2.27,2.29,2.25,2.27,377995
2019-04-23,2.31,2.35,2.27,2.32,336079,2.31,2.35,2.27,2.32,336079,2.31,2.35,2.27,2.32,336079
2019-04-24,2.38,2.41,2.35,2.39,353122,2.38,2.41,2.35,2.39,353122,2.38,2.41,2.35,2.39,353122
2019-04-25,2.40,2.44,2.37,2.37,217787,2.40,2.44,2.37,2.37,217787,2.40,2.44,2.37,2.37,217787
2019-04-26,2.39,2.42,2.36,2.39,310960,2.39,2.42,2.36,2.39,310960,2.39,2.42,2.36,2.39,310960
2019-04-29,2.41,2.44,2.37,2.40,253019,2.41,2.44,2.37,2.40,253019,2.41,2.44,2.37,2.40,253019
2019-04-30,2.43,2.46,2.40,2.43,293582,2.43,2.46,2.40,2.43,293582,2.43,2.46,2.40,2.43,293582
2019-05-01,2.46,2.50,2.42,2.46,236599,2.46,2.50,2.42,2.46,236599,2.46,2.50,2.42,2.46,236599
2019-05-02,2.44,2.46,2.42,2.43,395016,2.44,2.46,2.42,2.43,395016,2.44,2.46,2.42,2.43,395016
2019-05-03,2.43,2.46,2.40,2.44,341872,2.43,2.46,2.40,2.44,341872,2.43,2.46,2.40,2.44,341872
2019-05-06,2.47,2.51,2.44,2.48,394851,2.47,2.51,2.44,2.48,394851,2.47,2.51,2.44,2.48,394851
2019-05-07,2.55,2.58,2.53,2.54,232910,2.55,2.58,2.53,2.54,232910,2.55,2.58,2.53,2.54,232910
2019-05-08,2.52,2.55,2.49,2.53,329171,2.52,2.55,2.49,2.53,329171,2.52,2.55,2.49,2.53,329171
2019-05-09,2.59,2.61,2.57,2.57,372935,2.59,2.61,2.57,2.57,372935,2.59,2.61,2.57,2.57,372935
2019-05-10,2.58,2.61,2.55,2.57,383160,2.58,2.61,2.55,2.57,383160,2.58,2.61,2.55,2.57,383160
2019-05-13,2.54,2.57,2.50,2.53,214859,2.54,2.57,2.50,2.53,214859,2.54,2.57,2.50,2.53,214859
2019-05-14,2.51,2.54,2.47,2.52,377863,2.51,2.54,2.47,2.52,377863,2.51,2.54,2.47,2.52,377863
2019-05-15,2.59,2.64,2.54,2.58,355626,2.59,2.64,2.54,2.58,355626,2.59,2.64,2.54,2.58,355626
2019-05-16,2.60,2.61,2.58,2.60,387582,2.60,2.61,2.58,2.60,387582,2.60,2.61,2.58,2.60,387582
2019-05-17,2.67,2.71,2.64,2.67,267471,2.67,2.71,2.64,2.67,267471,2.67,2.71,2.64,2.67,267471
2019-05-20,2.65,2.68,2.63,2.65,226498,2.65,2.68,2.63,2.65,226498,2.65,2.68,2.63,2.65,226498
2019-05-21,2.64,2.67,2.61,2.63,359844,2.64,2.67,2.61,2.63,359844,2.64,2.67,2.61,2.63,359844
2019-05-22,2.60,2.61,2.58,2.60,312494,2.60,2.61,2.58,2.60,312494,2.60,2.61,2.58,2.60,312494
2019-05-23,2.59,2.62,2.57,2.59,306834,2.59,2.62,2.57,2.59,306834,2.59,2.62,2.57,2.59,306834
2019-05-24,2.58,2.61,2.55,2.57,388332,2.58,2.61,2.55,2.57,388332,2.58,2.61,2.55,2.57,388332
2019-05-27,2.55,2.58,2.53,2.55,218333,2.55,2.58,2.53,2.55,218333,2.55,2.58,2.53,2.55,218333
2019-05-28,2.58,2.61,2.55,2.59,249898,2.58,2.61,2.55,2.59,249898,2.58,2.61,2.55,2.59,249898
2019-05-29,2.58,2.63,2.54,2.58,319709,2.58,2.63,2.54,2.58,319709,2.58,2.63,2.54,2.58,319709
2019-05-30,2.60,2.63,2.57,2.60,358036,2.60,2.63,2.57,2.60,358036,2.60,2.63,2.57,2.60,358036
2019-05-31,2.61,2.63,2.59,2.60,284883,2.61,2.63,2.59,2.60,284883,2.61,2.63,2.59,2.60,284883
2019-06-03,2.57,2.60,2.55,2.56,407664,2.57,2.60,2.55,2.56,407664,2.57,2.60,2.55,2.56,407664
2019-06-04,2.59,2.64,2.53,2.59,359229,2.59,2.64,2.53,2.59,359229,2.59,2.64,2.53,2.59,359229
2019-06-05,2.59,2.63,2.55,2.59,358057,2.59,2.63,2.55,2.59,358057,2.59,2.63,2.55,2.59,358057
2019-06-06,2.57,2.62,2.52,2.56,360077,2.57,2.62,2.52,2.56,360077,2.57,2.62,2.52,2.56,360077
2019-06-07,2.62,2.65,2.58,2.61,370571,2.62,2.65,2.58,2.61,370571,2.62,2.65,2.58,2.61,370571
2019-06-10,2.60,2.64,2.56,2.61,386994,2.60,2.64,2.56,2.61,386994,2.60,2.64,2.56,2.61,386994
2019-06-11,2.62,2.65,2.60,2.62,230597,2.62,2.65,2.60,2.62,230597,2.62,2.65,2.60,2.62,230597
2019-06-12,2.58,2.61,2.54,2.57,255755,2.58,2.61,2.54,2.57,255755,2.58,2.61,2.54,2.57,255755
2019-06-13,2.58,2.60,2.55,2.56,353943,2.58,2.60,2.55,2.56,353943,2.58,2.60,2.55,2.56,353943
2019-06-14,2.64,2.68,2.61,2.65,272896,2.64,2.68,2.61,2.65,272896,2.64,2.68,2.61,2.65,272896
2019-06-17,2.68,2.72,2.65,2.69,307729,2.68,2.72,2.65,2.69,307729,2.68,2.72,2.65,2.69,307729
2019-06-18,2.68,2.72,2.64,2.66,373112,2.68,2.72,2.64,2.66,373112,2.68,2.72,2.64,2.66,373112
2019-06-19,2.72,2.75,2.69,2.73,230148,2.72,2.75,2.69,2.73,230148,2.72,2.75,2.69,2.73,230148
2019-06-20,2.72,2.75,2.69,2.72,263371,2.72,2.75,2.69,2.72,263371,2.72,2.75,2.69,2.72,263371
2019-06-21,2.70,2.72,2.68,2.70,367331,2.70,2.72,2.68,2.70,367331,2.70,2.72,2.68,2.70,367331
2019-06-24,2.66,2.68,2.64,2.64,252381,2.66,2.68,2.64,2.64,252381,2.66,2.68,2.64,2.64,252381
2019-06-25,2.63,2.66,2.61,2.64,332486,2.63,2.66,2.61,2.64,332486,2.63,2.66,2.61,2.64,332486
2019-06-26,2.64,2.67,2.60,2.63,347816,2.64,2.67,2.60,2.63,347816,2.64,2.67,2.60,2.63,347816
2019-06-27,2.59,2.61,2.56,2.59,210680,2.59,2.61,2.56,2.59,210680,2.59,2.61,2.56,2.59,210680
2019-06-28,2.53,2.55,2.50,2.55,246316,2.53,2.55,2.50,2.55,246316,2.53,2.55,2.50,2.55,246316
2019-07-01,2.54,2.57,2.52,2.56,259862,2.54,2.57,2.52,2.56,259862,2.54,2.57,2.52,2.56,259862
2019-07-02,2.64,2.68,2.60,2.64,234133,2.64,2.68,2.60,2.64,234133,2.64,2.68,2.60,2.64,234133
2019-07-03,2.66,2.70,2.62,2.66,267996,2.66,2.70,2.62,2.66,267996,2.66,2.70,2.62,2.66,267996
2019-07-04,2.63,2.67,2.60,2.63,388469,2.63,2.67,2.60,2.63,388469,2.63,2.67,2.60,2.63,388469
2019-07-05,2.73,2.74,2.73,2.73,406095,2.73,2.74,2.73,2.73,406095,2.73,2.74,2.73,2.73,406095
2019-07-08,2.67,2.70,2.63,2.67,237150,2.67,2.70,2.63,2.67,237150,2.67,2.70,2.63,2.67,237150
2019-07-09,2.62,2.65,2.58,2.61,323885,2.62,2.65,2.58,2.61,323885,2.62,2.65,2.58,2.61,323885
2019-07-10,2.61,2.66,2.57,2.62,367328,2.61,2.66,2.57,2.62,367328,2.61,2.66,2.57,2.62,367328
2019-07-11,2.55,2.56,2.54,2.54,342287,2.55,2.56,2.54,2.54,342287,2.55,2.56,2.54,2.54,342287
2019-07-12,2.60,2.62,2.58,2.62,259604,2.60,2.62,2.58,2.62,259604,2.60,2.62,2.58,2.62,259604
2019-07-15,2.63,2.65,2.61,2.63,225556,2.63,2.65,2.61,2.63,225556,2.63,2.65,2.61,2.63,225556
2019-07-16,2.72,2.76,2.67,2.72,371343,2.72,2.76,2.67,2.72,371343,2.72,2.76,2.67,2.72,371343
2019-07-17,2.70,2.73,2.67,2.70,331336,2.70,2.73,2.67,2.70,331336,2.70,2.73,2.67,2.70,331336
2019-07-18,2.68,2.71,2.65,2.69,351272,2.68,2.71,2.65,2.69,351272,2.68,2.71,2.65,2.69,351272
2019-07-19,2.65,2.67,2.63,2.65,211710,2.65,2.67,2.63,2.65,211710,2.65,2.67,2.63,2.65,211710
2019-07-22,2.61,2.63,2.58,2.61,259904,2.61,2.63,2.58,2.61,259904,2.61,2.63,2.58,2.61,259904
2019-07-23,2.64,2.66,2.62,2.63,246237,2.64,2.66,2.62,2.63,246237,2.64,2.66,2.62,2.63,246237
2019-07-24,2.62,2.66,2.58,2.64,413008,2.62,2.66,2.58,2.64,413008,2.62,2.66,2.58,2.64,413008
2019-07-25,2.67,2.68,2.66,2.67,280778,2.67,2.68,2.66,2.67,280778,2.67,2.68,2.66,2.67,280778
2019-07-26,2.75,2.78,2.73,2.73,299806,2.75,2.78,2.73,2.73,299806,2.75,2.78,2.73,2.73,299806
2019-07-29,2.75,2.79,2.71,2.75,360425,2.75,2.79,2.71,2.75,360425,2.75,2.79,2.71,2.75,360425
2019-07-30,2.77,2.80,2.74,2.77,380594,2.77,2.80,2.74,2.77,380594,2.77,2.80,2.74,2.77,380594
2019-07-31,2.74,2.78,2.71,2.75,306548,2.74,2.78,2.71,2.75,306548,2.74,2.78,2.71,2.75,306548
2019-08-01,2.74,2.76,2.73,2.74,262855,2.74,2.76,2.73,2.74,262855,2.74,2.76,2.73,2.74,262855
2019-08-02,2.71,2.75,2.67,2.71,255464,2.71,2.75,2.67,2.71,255464,2.71,2.75,2.67,2.71,255464
2019-08-05,2.66,2.68,2.63,2.67,215567,2.66,2.68,2.63,2.67,215567,2.66,2.68,2.63,2.67,215567
2019-08-06,2.67,2.71,2.63,2.66,361906,2.67,2.71,2.63,2.66,361906,2.67,2.71,2.63,2.66,361906
2019-08-07,2.65,2.67,2.62,2.65,383953,2.65,2.67,2.62,2.65,383953,2.65,2.67,2.62,2.65,383953
2019-08-08,2.64,2.67,2.61,2.64,212570,2.64,2.67,2.61,2.64,212570,2.64,2.67,2.61,2.64,212570
2019-08-09,2.68,2.70,2.66,2.68,367143,2.68,2.70,2.66,2.68,367143,2.68,2.70,2.66,2.68,367143
2019-08-12,2.59,2.62,2.56,2.61,223934,2.59,2.62,2.56,2.61,223934,2.59,2.62,2.56,2.61,223934
2019-08-13,2.56,2.59,2.53,2.57,311821,2.56,2.59,2.53,2.57,311821,2.56,2.59,2.53,2.57,311821
2019-08-14,2.53,2.56,2.50,2.54,392775,2.53,2.56,2.50,2.54,392775,2.53,2.56,2.50,2.54,392775
2019-08-15,2.62,2.65,2.59,2.59,223585,2.62,2.65,2.59,2.59,223585,2.62,2.65,2.59,2.59,223585
2019-08-16,2.59,2.61,2.56,2.59,400204,2.59,2.61,2.56,2.59,400204,2.59,2.61,2.56,2.59,400204
2019-08-19,2.63,2.65,2.61,2.61,307548,2.63,2.65,2.61,2.61,307548,2.63,2.65,2.61,2.61,307548
2019-08-20,2.51,2.53,2.48,2.51,321572,2.51,2.53,2.48,2.51,321572,2.51,2.53,2.48,2.51,321572
2019-08-21,2.52,2.56,2.48,2.51,397687,2.52,2.56,2.48,2.51,397687,2.52,2.56,2.48,2.51,397687
2019-08-22,2.54,2.56,2.52,2.52,276458,2.54,2.56,2.52,2.52,276458,2.54,2.56,2.52,2.52,276458
2019-08-23,2.51,2.54,2.49,2.52,228732,2.51,2.54,2.49,2.52,228732,2.51,2.54,2.49,2.52,228732
2019-08-26,2.48,2.51,2.45,2.48,343054,2.48,2.51,2.45,2.48,343054,2.48,2.51,2.45,2.48,343054
2019-08-27,2.49,2.51,2.47,2.49,339309,2.49,2.51,2.47,2.49,339309,2.49,2.51,2.47,2.49,339309
2019-08-28,2.50,2.51,2.50,2.50,251887,2.50,2.51,2.50,2.50,251887,2.50,2.51,2.50,2.50,251887
2019-08-29,2.52,2.55,2.50,2.52,416677,2.52,2.55,2.50,2.52,416677,2.52,2.55,2.50,2.52,416677
2019-08-30,2.57,2.59,2.55,2.57,413298,2.57,2.59,2.55,2.57,413298,2.57,2.59,2.55,2.57,413298
2019-09-02,2.61,2.64,2.58,2.60,248197,2.61,2.64,2.58,2.60,248197,2.61,2.64,2.58,2.60,248197
2019-09-03,2.57,2.60,2.53,2.58,407693,2.57,2.60,2.53,2.58,407693,2.57,2.60,2.53,2.58,407693
2019-09-04,2.62,2.66,2.58,2.63,245419,2.62,2.66,2.58,2.63,245419,2.62,2.66,2.58,2.63,245419
2019-09-05,2.65,2.68,2.62,2.65,355135,2.65,2.68,2.62,2.65,355135,2.65,2.68,2.62,2.65,355135
2019-09-06,2.57,2.60,2.53,2.58,242491,2.57,2.60,2.53,2.58,242491,2.57,2.60,2.53,2.58,242491
2019-09-09,2.58,2.60,2.56,2.57,341303,2.58,2.60,2.56,2.57,341303,2.58,2.60,2.56,2.57,341303
2019-09-10,2.50,2.52,2.48,2.50,417037,2.50,2.52,2.48,2.50,417037,2.50,2.52,2.48,2.50,417037
2019-09-11,2.48,2.52,2.43,2.47,221364,2.48,2.52,2.43,2.47,221364,2.48,2.52,2.43,2.47,221364
2019-09-12,2.38,2.40,2.36,2.40,375852,2.38,2.40,2.36,2.40,375852,2.38,2.40,2.36,2.40,375852
2019-09-13,2.44,2.46,2.41,2.43,314329,2.44,2.46,2.41,2.43,314329,2.44,2.46,2.41,2.43,314329
2019-09-16,2.45,2.50,2.39,2.44,322895,2.45,2.50,2.39,2.44,322895,2.45,2.50,2.39,2.44,322895
2019-09-17,2.46,2.48,2.44,2.46,346074,2.46,2.48,2.44,2.46,346074,2.46,2.48,2.44,2.46,346074
2019-09-18,2.58,2.60,2.57,2.57,311494,2.58,2.60,2.57,2.57,311494,2.58,2.60,2.57,2.57,311494
2019-09-19,2.56,2.58,2.54,2.57,359696,2.56,2.58,2.54,2.57,359696,2.56,2.58,2.54,2.57,359696
2019-09-20,2.56,2.59,2.54,2.55,255631,2.56,2.59,2.54,2.55,255631,2.56,2.59,2.54,2.55,255631
2019-09-23,2.46,2.50,2.43,2.47,221979,2.46,2.50,2.43,2.47,221979,2.46,2.50,2.43,2.47,221979
2019-09-24,2.48,2.51,2.46,2.47,298780,2.48,2.51,2.46,2.47,298780,2.48,2.51,2.46,2.47,298780
2019-09-25,2.58,2.60,2.56,2.57,228290,2.58,2.60,2.56,2.57,228290,2.58,2.60,2.56,2.57,228290
2019-09-26,2.57,2.60,2.54,2.57,379047,2.57,2.60,2.54,2.57,379047,2.57,2.60,2.54,2.57,379047
2019-09-27,2.60,2.63,2.58,2.63,305740,2.60,2.63,2.58,2.63,305740,2.60,2.63,2.58,2.63,305740
2019-09-30,2.64,2.67,2.61,2.63,352181,2.64,2.67,2.61,2.63,352181,2.64,2.67,2.61,2.63,352181
2019-10-01,2.63,2.67,2.59,2.63,228222,2.63,2.67,2.59,2.63,228222,2.63,2.67,2.59,2.63,228222
2019-10-02,2.67,2.68,2.65,2.67,295311,2.67,2.68,2.65,2.67,295311,2.67,2.68,2.65,2.67,295311
2019-10-03,2.72,2.77,2.67,2.71,268051,2.72,2.77,2.67,2.71,268051,2.72,2.77,2.67,2.71,268051
2019-10-04,2.67,2.70,2.63,2.66,393106,2.67,2.70,2.63,2.66,393106,2.67,2.70,2.63,2.66,393106
2019-10-07,2.73,2.76,2.71,2.74,382622,2.73,2.76,2.71,2.74,382622,2.73,2.76,2.71,2.74,382622
2019-10-08,2.75,2.77,2.72,2.74,315998,2.75,2.77,2.72,2.74,315998,2.75,2.77,2.72,2.74,315998
2019-10-09,2.79,2.84,2.75,2.78,384291,2.79,2.84,2.75,2.78,384291,2.79,2.84,2.75,2.78,384291
2019-10-10,2.65,2.69,2.62,2.65,325474,2.65,2.69,2.62,2.65,325474,2.65,2.69,2.62,2.65,325474
2019-10-11,2.60,2.62,2.59,2.59,365327,2.60,2.62,2.59,2.59,365327,2.60,2.62,2.59,2.59,365327
2019-10-14,2.59,2.64,2.54,2.58,341808,2.59,2.64,2.54,2.58,341808,2.59,2.64,2.54,2.58,341808
2019-10-15,2.51,2.53,2.50,2.52,246724,2.51,2.53,2.50,2.52,246724,2.51,2.53,2.50,2.52,246724
2019-10-16,2.55,2.58,2.52,2.55,386946,2.55,2.58,2.52,2.55,386946,2.55,2.58,2.52,2.55,386946
2019-10-17,2.59,2.62,2.56,2.56,245613,2.59,2.62,2.56,2.56,245613,2.59,2.62,2.56,2.56,245613
2019-10-18,2.55,2.59,2.51,2.53,211889,2.55,2.59,2.51,2.53,211889,2.55,2.59,2.51,2.53,211889
2019-10-21,2.62,2.66,2.58,2.62,218059,2.62,2.66,2.58,2.62,218059,2.62,2.66,2.58,2.62,218059
2019-10-22,2.66,2.69,2.63,2.67,389600,2.66,2.69,2.63,2.67,389600,2.66,2.69,2.63,2.67,389600
2019-10-23,2.68,2.70,2.65,2.67,306678,2.68,2.70,2.65,2.67,306678,2.68,2.70,2.65,2.67,306678
2019-10-24,2.67,2.68,2.67,2.68,337725,2.67,2.68,2.67,2.68,337725,2.67,2.68,2.67,2.68,337725
2019-10-25,2.66,2.68,2.63,2.67,339533,2.66,2.68,2.63,2.67,339533,2.66,2.68,2.63,2.67,339533
2019-10-28,2.68,2.70,2.66,2.68,370558,2.68,2.70,2.66,2.68,370558,2.68,2.70,2.66,2.68,370558
2019-10-29,2.74,2.77,2.71,2.73,218495,2.74,2.77,2.71,2.73,218495,2.74,2.77,2.71,2.73,218495
2019-10-30,2.65,2.68,2.61,2.66,228697,2.65,2.68,2.61,2.66,228697,2.65,2.68,2.61,2.66,228697
2019-10-31,2.75,2.77,2.72,2.73,378162,2.75,2.77,2.72,2.73,378162,2.75,2.77,2.72,2.73,378162
2019-11-01,2.75,2.78,2.72,2.76,287832,2.75,2.78,2.72,2.76,287832,2.75,2.78,2.72,2.76,287832
2019-11-04,2.77,2.80,2.73,2.75,294163,2.77,2.80,2.73,2.75,294163,2.77,2.80,2.73,2.75,294163
2019-11-05,2.73,2.75,2.71,2.72,419434,2.73,2.75,2.71,2.72,419434,2.73,2.75,2.71,2.72,419434
2019-11-06,2.77,2.82,2.72,2.76,237517,2.77,2.82,2.72,2.76,237517,2.77,2.82,2.72,2.76,237517
2019-11-07,2.78,2.82,2.75,2.78,344219,2.78,2.82,2.75,2.78,344219,2.78,2.82,2.75,2.78,344219
2019-11-08,2.89,2.94,2.84,2.87,400482,2.89,2.94,2.84,2.87,400482,2.89,2.94,2.84,2.87,400482
2019-11-11,2.92,2.96,2.88,2.92,348443,2.92,2.96,2.88,2.92,348443,2.92,2.96,2.88,2.92,348443
2019-11-12,2.94,2.96,2.91,2.94,385330,2.94,2.96,2.91,2.94,385330,2.94,2.96,2.91,2.94,385330
2019-11-13,3.05,3.10,3.01,3.06,347282,3.05,3.10,3.01,3.06,347282,3.05,3.10,3.01,3.06,347282
2019-11-14,3.13,3.17,3.08,3.12,380695,3.13,3.17,3.08,3.12,380695,3.13,3.17,3.08,3.12,380695
2019-11-15,3.09,3.12,3.07,3.08,390500,3.09,3.12,3.07,3.08,390500,3.09,3.12,3.07,3.08,390500
2019-11-18,3.12,3.17,3.07,3.11,270149,3.12,3.17,3.07,3.11,270149,3.12,3.17,3.07,3.11,270149
2019-11-19,3.15,3.21,3.10,3.14,325491,3.15,3.21,3.10,3.14,325491,3.15,3.21,3.10,3.14,325491
2019-11-20,3.11,3.13,3.09,3.10,257693,3.11,3.13,3.09,3.10,257693,3.11,3.13,3.09,3.10,257693
2019-11-21,3.04,3.08,3.00,3.05,411453,3.04,3.08,3.00,3.05,411453,3.04,3.08,3.00,3.05,411453
2019-11-22,3.00,3.02,2.98,3.00,210452,3.00,3.02,2.98,3.00,210452,3.00,3.02,2.98,3.00,210452
2019-11-25,2.98,2.99,2.97,2.97,241568,2.98,2.99,2.97,2.97,241568,2.98,2.99,2.97,2.97,241568
2019-11-26,2.94,2.96,2.91,2.96,299516,2.94,2.96,2.91,2.96,299516,2.94,2.96,2.91,2.96,299516
2019-11-27,2.99,3.01,2.96,2.96,300006,2.99,3.01,2.96,2.96,300006,2.99,3.01,2.96,2.96,300006
2019-11-28,2.93,2.95,2.91,2.93,402049,2.93,2.95,2.91,2.93,402049,2.93,2.95,2.91,2.93,402049
2019-11-29,2.90,2.93,2.87,2.91,295815,2.90,2.93,2.87,2.91,295815,2.90,2.93,2.87,2.91,295815
2019-12-02,2.85,2.88,2.82,2.83,349465,2.85,2.88,2.82,2.83,349465,2.85,2.88,2.82,2.83,349465
2019-12-03,2.81,2.85,2.76,2.81,222057,2.81,2.85,2.76,2.81,222057,2.81,2.85,2.76,2.81,222057
2019-12-04,2.81,2.85,2.77,2.81,217249,2.81,2.85,2.77,2.81,217249,2.81,2.85,2.77,2.81,217249
2019-12-05,2.86,2.90,2.82,2.84,292526,2.86,2.90,2.82,2.84,292526,2.86,2.90,2.82,2.84,292526
2019-12-06,2.82,2.85,2.80,2.83,389883,2.82,2.85,2.80,2.83,389883,2.82,2.85,2.80,2.83,389883
2019-12-09,2.82,2.86,2.79,2.84,235421,2.82,2.86,2.79,2.84,235421,2.82,2.86,2.79,2.84,235421
2019-12-10,2.77,2.78,2.76,2.77,299765,2.77,2.78,2.76,2.77,299765,2.77,2.78,2.76,2.77,299765
2019-12-11,2.77,2.81,2.74,2.77,386921,2.77,2.81,2.74,2.77,386921,2.77,2.81,2.74,2.77,386921
2019-12-12,2.78,2.80,2.75,2.78,227725,2.78,2.80,2.75,2.78,227725,2.78,2.80,2.75,2.78,227725
2019-12-13,2.81,2.85,2.78,2.81,328283,2.81,2.85,2.78,2.81,328283,2.81,2.85,2.78,2.81,328283
2019-12-16,2.78,2.81,2.75,2.79,224807,2.78,2.81,2.75,2.79,224807,2.78,2.81,2.75,2.79,224807
2019-12-17,2.79,2.81,2.76,2.78,265583,2.79,2.81,2.76,2.78,265583,2.79,2.81,2.76,2.78,265583
2019-12-18,2.77,2.81,2.74,2.77,403676,2.77,2.81,2.74,2.77,403676,2.77,2.81,2.74,2.77,403676
2019-12-19,2.76,2.79,2.73,2.75,415443,2.76,2.79,2.73,2.75,415443,2.76,2.79,2.73,2.75,415443
2019-12-20,2.77,2.81,2.73,2.76,303916,2.77,2.81,2.73,2.76,303916,2.77,2.81,2.73,2.76,303916
2019-12-23,2.81,2.86,2.76,2.79,221509,2.81,2.86,2.76,2.79,221509,2.81,2.86,2.76,2.79,221509
2019-12-24,2.77,2.80,2.73,2.76,315564,2.77,2.80,2.73,2.76,315564,2.77,2.80,2.73,2.76,315564
2019-12-25,2.74,2.76,2.71,2.74,348480,2.74,2.76,2.71,2.74,348480,2.74,2.76,2.71,2.74,348480
2019-12-26,2.71,2.73,2.69,2.70,272127,2.71,2.73,2.69,2.70,272127,2.71,2.73,2.69,2.70,272127
2019-12-27,2.74,2.75,2.74,2.74,318775,2.74,2.75,2.74,2.74,318775,2.74,2.75,2.74,2.74,318775
2019-12-30,2.67,2.69,2.64,2.67,331537,2.67,2.69,2.64,2.67,331537,2.67,2.69,2.64,2.67,331537
2019-12-31,2.62,2.67,2.57,2.61,336173,2.62,2.67,2.57,2.61,336173,2.62,2.67,2.57,2.61,336173
2020-01-01,2.59,2.62,2.57,2.60,257655,2.59,2.62,2.57,2.60,257655,2.59,2.62,2.57,2.60,257655
2020-01-02,2.56,2.59,2.53,2.57,285779,2.56,2.59,2.53,2.57,285779,2.56,2.59,2.53,2.57,285779
2020-01-03,2.55,2.58,2.52,2.55,234056,2.55,2.58,2.52,2.55,234056,2.55,2.58,2.52,2.55,234056
2020-01-06,2.52,2.54,2.51,2.52,376667,2.52,2.54,2.51,2.52,376667,2.52,2.54,2.51,2.52,376667
2020-01-07,2.49,2.51,2.46,2.49,332548,2.49,2.51,2.46,2.49,332548,2.49,2.51,2.46,2.49,332548
2020-01-08,2.45,2.49,2.42,2.46,282702,2.45,2.49,2.42,2.46,282702,2.45,2.49,2.42,2.46,282702
2020-01-09,2.51,2.55,2.48,2.51,402432,2.51,2.55,2.48,2.51,402432,2.51,2.55,2.48,2.51,402432
2020-01-10,2.46,2.49,2.43,2.45,248055,2.46,2.49,2.43,2.45,248055,2.46,2.49,2.43,2.45,248055
2020-01-13,2.47,2.49,2.44,2.46,342127,2.47,2.49,2.44,2.46,342127,2.47,2.49,2.44,2.46,342127
2020-01-14,2.46,2.50,2.42,2.47,349107,2.46,2.50,2.42,2.47,349107,2.46,2.50,2.42,2.47,349107
2020-01-15,2.46,2.50,2.42,2.47,340870,2.46,2.50,2.42,2.47,340870,2.46,2.50,2.42,2.47,340870
2020-01-16,2.58,2.60,2.56,2.56,355660,2.58,2.60,2.56,2.56,355660,2.58,2.60,2.56,2.56,355660
2020-01-17,2.56,2.58,2.54,2.56,388778,2.56,2.58,2.54,2.56,388778,2.56,2.58,2.54,2.56,388778
2020-01-20,2.56,2.59,2.53,2.57,243780,2.56,2.59,2.53,2.57,243780,2.56,2.59,2.53,2.57,243780
2020-01-21,2.63,2.66,2.61,2.63,225235,2.63,2.66,2.61,2.63,225235,2.63,2.66,2.61,2.63,225235
2020-01-22,2.63,2.65,2.61,2.64,353098,2.63,2.65,2.61,2.64,353098,2.63,2.65,2.61,2.64,353098
2020-01-23,2.73,2.74,2.71,2.72,396620,2.73,2.74,2.71,2.72,396620,2.73,2.74,2.71,2.72,396620
2020-01-24,2.76,2.81,2.72,2.75,293725,2.76,2.81,2.72,2.75,293725,2.76,2.81,2.72,2.75,293725
2020-01-27,2.78,2.80,2.75,2.77,404209,2.78,2.80,2.75,2.77,404209,2.78,2.80,2.75,2.77,404209
2020-01-28,2.75,2.79,2.71,2.74,327272,2.75,2.79,2.71,2.74,327272,2.75,2.79,2.71,2.74,327272
2020-01-29,2.71,2.73,2.69,2.72,351778,2.71,2.73,2.69,2.72,351778,2.71,2.73,2.69,2.72,351778
2020-01-30,2.76,2.78,2.73,2.74,389509,2.76,2.78,2.73,2.74,389509,2.76,2.78,2.73,2.74,389509
2020-01-31,2.81,2.84,2.77,2.80,263378,2.81,2.84,2.77,2.80,263378,2.81,2.84,2.77,2.80,263378
2020-02-03,2.80,2.84,2.77,2.80,292417,2.80,2.84,2.77,2.80,292417,2.80,2.84,2.77,2.80,292417
2020-02-04,2.79,2.82,2.75,2.77,264762,2.79,2.82,2.75,2.77,264762,2.79,2.82,2.75,2.77,264762
2020-02-05,2.70,2.74,2.65,2.70,215489,2.70,2.74,2.65,2.70,215489,2.70,2.74,2.65,2.70,215489
2020-02-06,2.70,2.73,2.67,2.70,302178,2.70,2.73,2.67,2.70,302178,2.70,2.73,2.67,2.70,302178
2020-02-07,2.73,2.76,2.70,2.73,279980,2.73,2.76,2.70,2.73,279980,2.73,2.76,2.70,2.73,279980
2020-02-10,2.67,2.69,2.64,2.67,287213,2.67,2.69,2.64,2.67,287213,2.67,2.69,2.64,2.67,287213
2020-02-11,2.65,2.66,2.64,2.64,409146,2.65,2.66,2.64,2.64,409146,2.65,2.66,2.64,2.64,409146
2020-02-12,2.59,2.61,2.57,2.59,267237,2.59,2.61,2.57,2.59,267237,2.59,2.61,2.57,2.59,267237
2020-02-13,2.53,2.56,2.49,2.51,241648,2.53,2.56,2.49,2.51,241648,2.53,2.56,2.49,2.51,241648
2020-02-14,2.50,2.53,2.47,2.51,297301,2.50,2.53,2.47,2.51,297301,2.50,2.53,2.47,2.51,297301
2020-02-17,2.46,2.49,2.43,2.44,225814,2.46,2.49,2.43,2.44,225814,2.46,2.49,2.43,2.44,225814
2020-02-18,2.40,2.42,2.38,2.40,216115,2.40,2.42,2.38,2.40,216115,2.40,2.42,2.38,2.40,216115
2020-02-19,2.37,2.40,2.35,2.38,326339,2.37,2.40,2.35,2.38,326339,2.37,2.40,2.35,2.38,326339
2020-02-20,2.34,2.37,2.30,2.32,260118,2.34,2.37,2.30,2.32,260118,2.34,2.37,2.30,2.32,260118
2020-02-21,2.26,2.27,2.24,2.26,237692,2.26,2.27,2.24,2.26,237692,2.26,2.27,2.24,2.26,237692
2020-02-24,2.19,2.21,2.17,2.19,217535,2.19,2.21,2.17,2.19,217535,2.19,2.21,2.17,2.19,217535
2020-02-25,2.21,2.23,2.19,2.22,229077,2.21,2.23,2.19,2.22,229077,2.21,2.23,2.19,2.22,229077
2020-02-26,2.22,2.25,2.20,2.22,377512,2.22,2.25,2.20,2.22,377512,2.22,2.25,2.20,2.22,377512
2020-02-27,2.22,2.24,2.20,2.21,219413,2.22,2.24,2.20,2.21,219413,2.22,2.24,2.20,2.21,219413
2020-02-28,2.24,2.28,2.21,2.23,266415,2.24,2.28,2.21,2.23,266415,2.24,2.28,2.21,2.23,266415
2020-03-02,2.27,2.30,2.24,2.27,347087,2.27,2.30,2.24,2.27,347087,2.27,2.30,2.24,2.27,347087
2020-03-03,2.29,2.30,2.28,2.30,238845,2.29,2.30,2.28,2.30,238845,2.29,2.30,2.28,2.30,238845
2020-03-04,2.24,2.27,2.20,2.25,303001,2.24,2.27,2.20,2.25,303001,2.24,2.27,2.20,2.25,303001
2020-03-05,2.23,2.26,2.20,2.22,345782,2.23,2.26,2.20,2.22,345782,2.23,2.26,2.20,2.22,345782
2020-03-06,2.21,2.22,2.20,2.20,346073,2.21,2.22,2.20,2.20,346073,2.21,2.22,2.20,2.20,346073
2020-03-09,2.18,2.21,2.15,2.16,333165,2.18,2.21,2.15,2.16,333165,2.18,2.21,2.15,2.16,333165
2020-03-10,2.14,2.15,2.12,2.14,378046,2.14,2.15,2.12,2.14,378046,2.14,2.15,2.12,2.14,378046
2020-03-11,2.12,2.14,2.10,2.10,395223,2.12,2.14,2.10,2.10,395223,2.12,2.14,2.10,2.10,395223
2020-03-12,2.03,2.05,2.00,2.02,328406,2.03,2.05,2.00,2.02,328406,2.03,2.05,2.00,2.02,328406
2020-03-13,2.05,2.08,2.02,2.05,280286,2.05,2.08,2.02,2.05,280286,2.05,2.08,2.02,2.05,280286
2020-03-16,2.02,2.04,2.01,2.01,304939,2.02,2.04,2.01,2.01,304939,2.02,2.04,2.01,2.01,304939
2020-03-17,2.00,2.01,1.99,2.01,246771,2.00,2.01,1.99,2.01,246771,2.00,2.01,1.99,2.01,246771
2020-03-18,2.00,2.01,1.99,2.00,234577,2.00,2.01,1.99,2.00,234577,2.00,2.01,1.99,2.00,234577
2020-03-19,1.96,1.99,1.94,1.97,404036,1.96,1.99,1.94,1.97,404036,1.96,1.99,1.94,1.97,404036
2020-03-20,1.91,1.93,1.90,1.92,314855,1.91,1.93,1.90,1.92,314855,1.91,1.93,1.90,1.92,314855
2020-03-23,1.84,1.86,1.82,1.84,272737,1.84,1.86,1.82,1.84,272737,1.84,1.86,1.82,1.84,272737
2020-03-24,1.80,1.81,1.78,1.79,251578,1.80,1.81,1.78,1.79,251578,1.80,1.81,1.78,1.79,251578
2020-03-25,1.77,1.79,1.74,1.77,262461,1.77,1.79,1.74,1.77,262461,1.77,1.79,1.74,1.77,262461
2020-03-26,1.72,1.74,1.70,1.72,286348,1.72,1.74,1.70,1.72,286348,1.72,1.74,1.70,1.72,286348
2020-03-27,1.69,1.70,1.67,1.68,352806,1.69,1.70,1.67,1.68,352806,1.69,1.70,1.67,1.68,352806
2020-03-30,1.69,1.70,1.67,1.68,388864,1.69,1.70,1.67,1.68,388864,1.69,1.70,1.67,1.68,388864
2020-03-31,1.65,1.66,1.63,1.65,325387,1.65,1.66,1.63,1.65,325387,1.65,1.66,1.63,1.65,325387
2020-04-01,1.68,1.70,1.66,1.69,357979,1.68,1.70,1.66,1.69,357979,1.68,1.70,1.66,1.69,357979
2020-04-02,1.69,1.71,1.67,1.69,258867,1.69,1.71,1.67,1.69,258867,1.69,1.71,1.67,1.69,258867
2020-04-03,1.69,1.71,1.68,1.70,385282,1.69,1.71,1.68,1.70,385282,1.69,1.71,1.68,1.70,385282
2020-04-06,1.71,1.73,1.70,1.72,394799,1.71,1.73,1.70,1.72,394799,1.71,1.73,1.70,1.72,394799
2020-04-07,1.73,1.75,1.71,1.73,347613,1.73,1.75,1.71,1.73,347613,1.73,1.75,1.71,1.73,347613
2020-04-08,1.76,1.77,1.75,1.75,342203,1.76,1.77,1.75,1.75,342203,1.76,1.77,1.75,1.75,342203
2020-04-09,1.70,1.71,1.69,1.69,255660,1.70,1.71,1.69,1.69,255660,1.70,1.71,1.69,1.69,255660
2020-04-10,1.69,1.71,1.66,1.69,317971,1.69,1.71,1.66,1.69,317971,1.69,1.71,1.66,1.69,317971
2020-04-13,1.70,1.71,1.68,1.69,348440,1.70,1.71,1.68,1.69,348440,1.70,1.71,1.68,1.69,348440
2020-04-14,1.65,1.67,1.62,1.66,350277,1.65,1.67,1.62,1.66,350277,1.65,1.67,1.62,1.66,350277
2020-04-15,1.71,1.73,1.68,1.71,235122,1.71,1.73,1.68,1.71,235122,1.71,1.73,1.68,1.71,235122
2020-04-16,1.72,1.73,1.70,1.71,291838,1.72,1.73,1.70,1.71,291838,1.72,1.73,1.70,1.71,291838
2020-04-17,1.77,1.79,1.75,1.77,304655,1.77,1.79,1.75,1.77,304655,1.77,1.79,1.75,1.77,304655
2020-04-20,1.77,1.78,1.75,1.78,307456,1.77,1.78,1.75,1.78,307456,1.77,1.78,1.75,1.78,307456
2020-04-21,1.73,1.75,1.72,1.73,218162,1.73,1.75,1.72,1.73,218162,1.73,1.75,1.72,1.73,218162
2020-04-22,1.71,1.73,1.70,1.71,346318,1.71,1.73,1.70,1.71,346318,1.71,1.73,1.70,1.71,346318
2020-04-23,1.72,1.73,1.71,1.73,347419,1.72,1.73,1.71,1.73,347419,1.72,1.73,1.71,1.73,347419
2020-04-24,1.76,1.78,1.74,1.75,264181,1.76,1.78,1.74,1.75,264181,1.76,1.78,1.74,1.75,264181
2020-04-27,1.79,1.81,1.77,1.79,261984,1.79,1.81,1.77,1.79,261984,1.79,1.81,1.77,1.79,261984
2020-04-28,1.85,1.88,1.82,1.85,408382,1.85,1.88,1.82,1.85,408382,1.85,1.88,1.82,1.85,408382
2020-04-29,1.81,1.82,1.80,1.81,307449,1.81,1.82,1.80,1.81,307449,1.81,1.82,1.80,1.81,307449
2020-04-30,1.84,1.86,1.82,1.84,374638,1.84,1.86,1.82,1.84,374638,1.84,1.86,1.82,1.84,374638
2020-05-01,1.82,1.83,1.80,1.82,328444,1.82,1.83,1.80,1.82,328444,1.82,1.83,1.80,1.82,328444
2020-05-04,1.80,1.83,1.78,1.80,348386,1.80,1.83,1.78,1.80,348386,1.80,1.83,1.78,1.80,348386
2020-05-05,1.81,1.83,1.79,1.80,213286,1.81,1.83,1.79,1.80,213286,1.81,1.83,1.79,1.80,213286
2020-05-06,1.80,1.82,1.77,1.80,348648,1.80,1.82,1.77,1.80,348648,1.80,1.82,1.77,1.80,348648
2020-05-07,1.83,1.85,1.81,1.83,268338,1.83,1.85,1.81,1.83,268338,1.83,1.85,1.81,1.83,268338
2020-05-08,1.87,1.89,1.85,1.86,407563,1.87,1.89,1.85,1.86,407563,1.87,1.89,1.85,1.86,407563
2020-05-11,1.90,1.93,1.87,1.90,329233,1.90,1.93,1.87,1.90,329233,1.90,1.93,1.87,1.90,329233
2020-05-12,1.94,1.97,1.91,1.94,293211,1.94,1.97,1.91,1.94,293211,1.94,1.97,1.91,1.94,293211
2020-05-13,1.98,2.01,1.94,1.98,405848,1.98,2.01,1.94,1.98,405848,1.98,2.01,1.94,1.98,405848
2020-05-14,1.97,1.99,1.95,1.97,375191,1.97,1.99,1.95,1.97,375191,1.97,1.99,1.95,1.97,375191
2020-05-15,2.07,2.08,2.05,2.06,236696,2.07,2.08,2.05,2.06,236696,2.07,2.08,2.05,2.06,236696
2020-05-18,2.05,2.06,2.03,2.04,401058,2.05,2.06,2.03,2.04,401058,2.05,2.06,2.03,2.04,401058
2020-05-19,2.03,2.06,2.00,2.03,323294,2.03,2.06,2.00,2.03,323294,2.03,2.06,2.00,2.03,323294
2020-05-20,2.05,2.08,2.03,2.04,332874,2.05,2.08,2.03,2.04,332874,2.05,2.08,2.03,2.04,332874
2020-05-21,2.11,2.13,2.08,2.11,380288,2.11,2.13,2.08,2.11,380288,2.11,2.13,2.08,2.11,380288
2020-05-22,2.16,2.19,2.13,2.16,212146,2.16,2.19,2.13,2.16,212146,2.16,2.19,2.13,2.16,212146
2020-05-25,2.19,2.21,2.18,2.19,368796,2.19,2.21,2.18,2.19,368796,2.19,2.21,2.18,2.19,368796
2020-05-26,2.20,2.23,2.17,2.19,359254,2.20,2.23,2.17,2.19,359254,2.20,2.23,2.17,2.19,359254
2020-05-27,2.19,2.20,2.17,2.18,349955,2.19,2.20,2.17,2.18,349955,2.19,2.20,2.17,2.18,349955
2020-05-28,2.14,2.17,2.11,2.14,367878,2.14,2.17,2.11,2.14,367878,2.14,2.17,2.11,2.14,367878
2020-05-29,2.14,2.16,2.12,2.16,318771,2.14,2.16,2.12,2.16,318771,2.14,2.16,2.12,2.16,318771
2020-06-01,2.17,2.18,2.16,2.17,263488,2.17,2.18,2.16,2.17,263488,2.17,2.18,2.16,2.17,263488
2020-06-02,2.18,2.21,2.15,2.19,391066,2.18,2.21,2.15,2.19,391066,2.18,2.21,2.15,2.19,391066
2020-06-03,2.19,2.23,2.16,2.19,392806,2.19,2.23,2.16,2.19,392806,2.19,2.23,2.16,2.19,392806
2020-06-04,2.21,2.25,2.17,2.21,276719,2.21,2.25,2.17,2.21,276719,2.21,2.25,2.17,2.21,276719
2020-06-05,2.19,2.21,2.17,2.19,341710,2.19,2.21,2.17,2.19,341710,2.19,2.21,2.17,2.19,341710
2020-06-08,2.16,2.18,2.14,2.17,276101,2.16,2.18,2.14,2.17,276101,2.16,2.18,2.14,2.17,276101
2020-06-09,2.20,2.23,2.18,2.20,278226,2.20,2.23,2.18,2.20,278226,2.20,2.23,2.18,2.20,278226
2020-06-10,2.15,2.17,2.12,2.16,388370,2.15,2.17,2.12,2.16,388370,2.15,2.17,2.12,2.16,388370
2020-06-11,2.16,2.19,2.13,2.16,251886,2.16,2.19,2.13,2.16,251886,2.16,2.19,2.13,2.16,251886
2020-06-12,2.11,2.14,2.08,2.11,248728,2.11,2.14,2.08,2.11,248728,2.11,2.14,2.08,2.11,248728
2020-06-15,2.08,2.10,2.06,2.07,210200,2.08,2.10,2.06,2.07,210200,2.08,2.10,2.06,2.07,210200
2020-06-16,2.12,2.14,2.10,2.11,402437,2.12,2.14,2.10,2.11,402437,2.12,2.14,2.10,2.11,402437
2020-06-17,2.07,2.09,2.05,2.07,290219,2.07,2.09,2.05,2.07,290219,2.07,2.09,2.05,2.07,290219
2020-06-18,2.11,2.15,2.08,2.11,222462,2.11,2.15,2.08,2.11,222462,2.11,2.15,2.08,2.11,222462
2020-06-19,2.18,2.19,2.16,2.18,383990,2.18,2.19,2.16,2.18,383990,2.18,2.19,2.16,2.18,383990
2020-06-22,2.23,2.24,2.21,2.23,405010,2.23,2.24,2.21,2.23,405010,2.23,2.24,2.21,2.23,405010
2020-06-23,2.23,2.25,2.21,2.24,312859,2.23,2.25,2.21,2.24,312859,2.23,2.25,2.21,2.24,312859
2020-06-24,2.37,2.41,2.33,2.38,292604,2.37,2.41,2.33,2.38,292604,2.37,2.41,2.33,2.38,292604
2020-06-25,2.40,2.42,2.38,2.39,376422,2.40,2.42,2.38,2.39,376422,2.40,2.42,2.38,2.39,376422
2020-06-26,2.41,2.44,2.39,2.41,351166,2.41,2.44,2.39,2.41,351166,2.41,2.44,2.39,2.41,351166
2020-06-29,2.41,2.44,2.39,2.41,288795,2.41,2.44,2.39,2.41,288795,2.41,2.44,2.39,2.41,288795
2020-06-30,2.37,2.39,2.34,2.37,312808,2.37,2.39,2.34,2.37,312808,2.37,2.39,2.34,2.37,312808
2020-07-01,2.38,2.41,2.36,2.38,364613,2.38,2.41,2.36,2.38,364613,2.38,2.41,2.36,2.38,364613
2020-07-02,2.38,2.40,2.36,2.39,258681,2.38,2.40,2.36,2.39,258681,2.38,2.40,2.36,2.39,258681
2020-07-03,2.42,2.43,2.41,2.42,361096,2.42,2.43,2.41,2.42,361096,2.42,2.43,2.41,2.42,361096
2020-07-06,2.43,2.46,2.40,2.43,279718,2.43,2.46,2.40,2.43,279718,2.43,2.46,2.40,2.43,279718
2020-07-07,2.39,2.41,2.38,2.40,216653,2.39,2.41,2.38,2.40,216653,2.39,2.41,2.38,2.40,216653
2020-07-08,2.41,2.45,2.38,2.41,241179,2.41,2.45,2.38,2.41,241179,2.41,2.45,2.38,2.41,241179
2020-07-09,2.50,2.52,2.48,2.49,373760,2.50,2.52,2.48,2.49,373760,2.50,2.52,2.48,2.49,373760
2020-07-10,2.57,2.61,2.54,2.55,363646,2.57,2.61,2.54,2.55,363646,2.57,2.61,2.54,2.55,363646
2020-07-13,2.62,2.65,2.58,2.60,267690,2.62,2.65,2.58,2.60,267690,2.62,2.65,2.58,2.60,267690
2020-07-14,2.58,2.62,2.54,2.58,304538,2.58,2.62,2.54,2.58,304538,2.58,2.62,2.54,2.58,304538
2020-07-15,2.56,2.58,2.54,2.56,295666,2.56,2.58,2.54,2.56,295666,2.56,2.58,2.54,2.56,295666
2020-07-16,2.48,2.52,2.44,2.48,397087,2.48,2.52,2.44,2.48,397087,2.48,2.52,2.44,2.48,397087
2020-07-17,2.48,2.51,2.45,2.46,331873,2.48,2.51,2.45,2.46,331873,2.48,2.51,2.45,2.46,331873
2020-07-20,2.49,2.52,2.46,2.50,391839,2.49,2.52,2.46,2.50,391839,2.49,2.52,2.46,2.50,391839
2020-07-21,2.48,2.50,2.45,2.48,364844,2.48,2.50,2.45,2.48,364844,2.48,2.50,2.45,2.48,364844
2020-07-22,2.46,2.47,2.44,2.45,362535,2.46,2.47,2.44,2.45,362535,2.46,2.47,2.44,2.45,362535
2020-07-23,2.43,2.46,2.41,2.41,315231,2.43,2.46,2.41,2.41,315231,2.43,2.46,2.41,2.41,315231
2020-07-24,2.48,2.50,2.45,2.46,295654,2.48,2.50,2.45,2.46,295654,2.48,2.50,2.45,2.46,295654
2020-07-27,2.46,2.49,2.43,2.46,215802,2.46,2.49,2.43,2.46,215802,2.46,2.49,2.43,2.46,215802
2020-07-28,2.51,2.54,2.47,2.51,248627,2.51,2.54,2.47,2.51,248627,2.51,2.54,2.47,2.51,248627
2020-07-29,2.46,2.50,2.41,2.45,289498,2.46,2.50,2.41,2.45,289498,2.46,2.50,2.41,2.45,289498
2020-07-30,2.47,2.51,2.43,2.45,415567,2.47,2.51,2.43,2.45,415567,2.47,2.51,2.43,2.45,415567
2020-07-31,2.52,2.54,2.50,2.52,363377,2.52,2.54,2.50,2.52,363377,2.52,2.54,2.50,2.52,363377
2020-08-03,2.52,2.55,2.49,2.52,262799,2.52,2.55,2.49,2.52,262799,2.52,2.55,2.49,2.52,262799
2020-08-04,2.53,2.55,2.51,2.54,372626,2.53,2.55,2.51,2.54,372626,2.53,2.55,2.51,2.54,372626
2020-08-05,2.48,2.53,2.43,2.47,292298,2.48,2.53,2.43,2.47,292298,2.48,2.53,2.43,2.47,292298
2020-08-06,2.48,2.51,2.46,2.48,258614,2.48,2.51,2.46,2.48,258614,2.48,2.51,2.46,2.48,258614
2020-08-07,2.47,2.49,2.45,2.46,234108,2.47,2.49,2.45,2.46,234108,2.47,2.49,2.45,2.46,234108
2020-08-10,2.34,2.36,2.33,2.35,393794,2.34,2.36,2.33,2.35,393794,2.34,2.36,2.33,2.35,393794
2020-08-11,2.39,2.41,2.37,2.38,281129,2.39,2.41,2.37,2.38,281129,2.39,2.41,2.37,2.38,281129
2020-08-12,2.35,2.38,2.32,2.34,269376,2.35,2.38,2.32,2.34,269376,2.35,2.38,2.32,2.34,269376
2020-08-13,2.35,2.36,2.34,2.35,321551,2.35,2.36,2.34,2.35,321551,2.35,2.36,2.34,2.35,321551
2020-08-14,2.37,2.39,2.35,2.36,228439,2.37,2.39,2.35,2.36,228439,2.37,2.39,2.35,2.36,228439
2020-08-17,2.34,2.38,2.31,2.35,329881,2.34,2.38,2.31,2.35,329881,2.34,2.38,2.31,2.35,329881
2020-08-18,2.39,2.41,2.37,2.39,212384,2.39,2.41,2.37,2.39,212384,2.39,2.41,2.37,2.39,212384
2020-08-19,2.46,2.47,2.44,2.45,354467,2.46,2.47,2.44,2.45,354467,2.46,2.47,2.44,2.45,354467
2020-08-20,2.47,2.49,2.45,2.48,368613,2.47,2.49,2.45,2.48,368613,2.47,2.49,2.45,2.48,368613
2020-08-21,2.48,2.50,2.46,2.46,222277,2.48,2.50,2.46,2.46,222277,2.48,2.50,2.46,2.46,222277
2020-08-24,2.54,2.57,2.51,2.54,276768,2.54,2.57,2.51,2.54,276768,2.54,2.57,2.51,2.54,276768
2020-08-25,2.63,2.68,2.58,2.60,387296,2.63,2.68,2.58,2.60,387296,2.63,2.68,2.58,2.60,387296
2020-08-26,2.60,2.64,2.57,2.60,225281,2.60,2.64,2.57,2.60,225281,2.60,2.64,2.57,2.60,225281
2020-08-27,2.59,2.63,2.54,2.58,268839,2.59,2.63,2.54,2.58,268839,2.59,2.63,2.54,2.58,268839
2020-08-28,2.59,2.61,2.56,2.58,250600,2.59,2.61,2.56,2.58,250600,2.59,2.61,2.56,2.58,250600
2020-08-31,2.60,2.64,2.55,2.60,213458,2.60,2.64,2.55,2.60,213458,2.60,2.64,2.55,2.60,213458
2020-09-01,2.62,2.66,2.58,2.62,319994,2.62,2.66,2.58,2.62,319994,2.62,2.66,2.58,2.62,319994
2020-09-02,2.66,2.68,2.63,2.66,243197,2.66,2.68,2.63,2.66,243197,2.66,2.68,2.63,2.66,243197
2020-09-03,2.58,2.61,2.55,2.59,263769,2.58,2.61,2.55,2.59,263769,2.58,2.61,2.55,2.59,263769
2020-09-04,2.65,2.68,2.62,2.65,219915,2.65,2.68,2.62,2.65,219915,2.65,2.68,2.62,2.65,219915
2020-09-07,2.67,2.70,2.65,2.68,386577,2.67,2.70,2.65,2.68,386577,2.67,2.70,2.65,2.68,386577
2020-09-08,2.70,2.75,2.65,2.70,393547,2.70,2.75,2.65,2.70,393547,2.70,2.75,2.65,2.70,393547
2020-09-09,2.69,2.73,2.66,2.69,341572,2.69,2.73,2.66,2.69,341572,2.69,2.73,2.66,2.69,341572
2020-09-10,2.74,2.79,2.68,2.74,327843,2.74,2.79,2.68,2.74,327843,2.74,2.79,2.68,2.74,327843
2020-09-11,2.74,2.77,2.71,2.74,288340,2.74,2.77,2.71,2.74,288340,2.74,2.77,2.71,2.74,288340
2020-09-14,2.75,2.77,2.72,2.74,360360,2.75,2.77,2.72,2.74,360360,2.75,2.77,2.72,2.74,360360
2020-09-15,2.75,2.79,2.71,2.75,324795,2.75,2.79,2.71,2.75,324795,2.75,2.79,2.71,2.75,324795
2020-09-16,2.86,2.91,2.82,2.87,397851,2.86,2.91,2.82,2.87,397851,2.86,2.91,2.82,2.87,397851
2020-09-17,2.89,2.92,2.87,2.90,237517,2.89,2.92,2.87,2.90,237517,2.89,2.92,2.87,2.90,237517
2020-09-18,2.89,2.90,2.88,2.90,238504,2.89,2.90,2.88,2.90,238504,2.89,2.90,2.88,2.90,238504
2020-09-21,2.85,2.88,2.82,2.84,416970,2.85,2.88,2.82,2.84,416970,2.85,2.88,2.82,2.84,416970
2020-09-22,2.82,2.84,2.81,2.82,252852,2.82,2.84,2.81,2.82,252852,2.82,2.84,2.81,2.82,252852
2020-09-23,2.78,2.81,2.76,2.80,264200,2.78,2.81,2.76,2.80,264200,2.78,2.81,2.76,2.80,264200
2020-09-24,2.91,2.94,2.87,2.89,271029,2.91,2.94,2.87,2.89,271029,2.91,2.94,2.87,2.89,271029
2020-09-25,2.84,2.87,2.82,2.84,322058,2.84,2.87,2.82,2.84,322058,2.84,2.87,2.82,2.84,322058
2020-09-28,2.81,2.86,2.77,2.80,396183,2.81,2.86,2.77,2.80,396183,2.81,2.86,2.77,2.80,396183
2020-09-29,2.82,2.84,2.81,2.81,210081,2.82,2.84,2.81,2.81,210081,2.82,2.84,2.81,2.81,210081
2020-09-30,2.74,2.76,2.73,2.73,265400,2.74,2.76,2.73,2.73,265400,2.74,2.76,2.73,2.73,265400
2020-10-01,2.74,2.75,2.72,2.74,418059,2.74,2.75,2.72,2.74,418059,2.74,2.75,2.72,2.74,418059
2020-10-02,2.80,2.84,2.76,2.80,358659,2.80,2.84,2.76,2.80,358659,2.80,2.84,2.76,2.80,358659
2020-10-05,2.75,2.79,2.72,2.74,342228,2.75,2.79,2.72,2.74,342228,2.75,2.79,2.72,2.74,342228
2020-10-06,2.73,2.77,2.70,2.73,335796,2.73,2.77,2.70,2.73,335796,2.73,2.77,2.70,2.73,335796
2020-10-07,2.67,2.69,2.65,2.68,303353,2.67,2.69,2.65,2.68,303353,2.67,2.69,2.65,2.68,303353
2020-10-08,2.71,2.73,2.68,2.71,254729,2.71,2.73,2.68,2.71,254729,2.71,2.73,2.68,2.71,254729
2020-10-09,2.76,2.80,2.73,2.77,334733,2.76,2.80,2.73,2.77,334733,2.76,2.80,2.73,2.77,334733
2020-10-12,2.80,2.82,2.79,2.79,406316,2.80,2.82,2.79,2.79,406316,2.80,2.82,2.79,2.79,406316
2020-10-13,2.74,2.77,2.71,2.74,411562,2.74,2.77,2.71,2.74,411562,2.74,2.77,2.71,2.74,411562
2020-10-14,2.75,2.78,2.71,2.75,352635,2.75,2.78,2.71,2.75,352635,2.75,2.78,2.71,2.75,352635
2020-10-15,2.78,2.82,2.74,2.78,254842,2.78,2.82,2.74,2.78,254842,2.78,2.82,2.74,2.78,254842
2020-10-16,2.85,2.89,2.82,2.84,367844,2.85,2.89,2.82,2.84,367844,2.85,2.89,2.82,2.84,367844
2020-10-19,2.82,2.85,2.79,2.83,261882,2.82,2.85,2.79,2.83,261882,2.82,2.85,2.79,2.83,261882
2020-10-20,2.83,2.85,2.80,2.82,296813,2.83,2.85,2.80,2.82,296813,2.83,2.85,2.80,2.82,296813
2020-10-21,2.85,2.87,2.83,2.85,331542,2.85,2.87,2.83,2.85,331542,2.85,2.87,2.83,2.85,331542
2020-10-22,2.83,2.87,2.78,2.84,237387,2.83,2.87,2.78,2.84,237387,2.83,2.87,2.78,2.84,237387
2020-10-23,2.77,2.79,2.74,2.78,264526,2.77,2.79,2.74,2.78,264526,2.77,2.79,2.74,2.78,264526
2020-10-26,2.79,2.84,2.74,2.79,401172,2.79,2.84,2.74,2.79,401172,2.79,2.84,2.74,2.79,401172
2020-10-27,2.77,2.80,2.75,2.77,323551,2.77,2.80,2.75,2.77,323551,2.77,2.80,2.75,2.77,323551
2020-10-28,2.82,2.87,2.77,2.82,410759,2.82,2.87,2.77,2.82,410759,2.82,2.87,2.77,2.82,410759
2020-10-29,2.90,2.90,2.90,2.90,305830,2.90,2.90,2.90,2.90,305830,2.90,2.90,2.90,2.90,305830
2020-10-30,2.90,2.94,2.86,2.90,220613,2.90,2.94,2.86,2.90,220613,2.90,2.94,2.86,2.90,220613
2020-11-02,2.92,2.96,2.88,2.92,253653,2.92,2.96,2.88,2.92,253653,2.92,2.96,2.88,2.92,253653
2020-11-03,2.86,2.89,2.83,2.87,416394,2.86,2.89,2.83,2.87,416394,2.86,2.89,2.83,2.87,416394
2020-11-04,2.82,2.84,2.80,2.82,270979,2.82,2.84,2.80,2.82,270979,2.82,2.84,2.80,2.82,270979
2020-11-05,2.84,2.88,2.80,2.83,403803,2.84,2.88,2.80,2.83,403803,2.84,2.88,2.80,2.83,403803
2020-11-06,2.81,2.83,2.79,2.82,275082,2.81,2.83,2.79,2.82,275082,2.81,2.83,2.79,2.82,275082
2020-11-09,2.79,2.82,2.77,2.79,228036,2.79,2.82,2.77,2.79,228036,2.79,2.82,2.77,2.79,228036
2020-11-10,2.80,2.83,2.78,2.80,271613,2.80,2.83,2.78,2.80,271613,2.80,2.83,2.78,2.80,271613
2020-11-11,2.77,2.81,2.73,2.77,414960,2.77,2.81,2.73,2.77,414960,2.77,2.81,2.73,2.77,414960
2020-11-12,2.75,2.76,2.74,2.76,210531,2.75,2.76,2.74,2.76,210531,2.75,2.76,2.74,2.76,210531
2020-11-13,2.86,2.89,2.82,2.84,236908,2.86,2.89,2.82,2.84,236908,2.86,2.89,2.82,2.84,236908
2020-11-16,2.90,2.91,2.89,2.91,368158,2.90,2.91,2.89,2.91,368158,2.90,2.91,2.89,2.91,368158
2020-11-17,2.88,2.92,2.83,2.89,269009,2.88,2.92,2.83,2.89,269009,2.88,2.92,2.83,2.89,269009
2020-11-18,2.86,2.89,2.84,2.85,411994,2.86,2.89,2.84,2.85,411994,2.86,2.89,2.84,2.85,411994
2020-11-19,2.83,2.87,2.78,2.83,367587,2.83,2.87,2.78,2.83,367587,2.83,2.87,2.78,2.83,367587
2020-11-20,2.77,2.79,2.75,2.76,244178,2.77,2.79,2.75,2.76,244178,2.77,2.79,2.75,2.76,244178
2020-11-23,2.84,2.87,2.80,2.83,243420,2.84,2.87,2.80,2.83,243420,2.84,2.87,2.80,2.83,243420
2020-11-24,2.87,2.91,2.84,2.88,385511,2.87,2.91,2.84,2.88,385511,2.87,2.91,2.84,2.88,385511
2020-11-25,2.88,2.89,2.86,2.88,399776,2.88,2.89,2.86,2.88,399776,2.88,2.89,2.86,2.88,399776
2020-11-26,2.89,2.91,2.87,2.90,243771,2.89,2.91,2.87,2.90,243771,2.89,2.91,2.87,2.90,243771
2020-11-27,2.87,2.92,2.83,2.88,258958,2.87,2.92,2.83,2.88,258958,2.87,2.92,2.83,2.88,258958
2020-11-30,2.78,2.80,2.76,2.77,281469,2.78,2.80,2.76,2.77,281469,2.78,2.80,2.76,2.77,281469
2020-12-01,2.77,2.79,2.75,2.76,406585,2.77,2.79,2.75,2.76,406585,2.77,2.79,2.75,2.76,406585
2020-12-02,2.76,2.79,2.73,2.77,264255,2.76,2.79,2.73,2.77,264255,2.76,2.79,2.73,2.77,264255
2020-12-03,2.78,2.82,2.74,2.77,229345,2.78,2.82,2.74,2.77,229345,2.78,2.82,2.74,2.77,229345
2020-12-04,2.81,2.85,2.77,2.81,352296,2.81,2.85,2.77,2.81,352296,2.81,2.85,2.77,2.81,352296
2020-12-07,2.78,2.80,2.75,2.77,397960,2.78,2.80,2.75,2.77,397960,2.78,2.80,2.75,2.77,397960
2020-12-08,2.78,2.81,2.75,2.77,407258,2.78,2.81,2.75,2.77,407258,2.78,2.81,2.75,2.77,407258
2020-12-09,2.75,2.78,2.72,2.76,217853,2.75,2.78,2.72,2.76,217853,2.75,2.78,2.72,2.76,217853
2020-12-10,2.82,2.85,2.79,2.82,333566,2.82,2.85,2.79,2.82,333566,2.82,2.85,2.79,2.82,333566
2020-12-11,2.89,2.92,2.86,2.90,217903,2.89,2.92,2.86,2.90,217903,2.89,2.92,2.86,2.90,217903
2020-12-14,2.94,2.98,2.91,2.94,398097,2.94,2.98,2.91,2.94,398097,2.94,2.98,2.91,2.94,398097
2020-12-15,2.97,3.01,2.92,2.94,231678,2.97,3.01,2.92,2.94,231678,2.97,3.01,2.92,2.94,231678
2020-12-16,2.98,3.01,2.96,2.99,337665,2.98,3.01,2.96,2.99,337665,2.98,3.01,2.96,2.99,337665
2020-12-17,2.92,2.94,2.90,2.93,217882,2.92,2.94,2.90,2.93,217882,2.92,2.94,2.90,2.93,217882
2020-12-18,2.94,2.97,2.91,2.95,290955,2.94,2.97,2.91,2.95,290955,2.94,2.97,2.91,2.95,290955
2020-12-21,3.00,3.02,2.97,3.01,404235,3.00,3.02,2.97,3.01,404235,3.00,3.02,2.97,3.01,404235
2020-12-22,2.98,3.01,2.94,2.98,377105,2.98,3.01,2.94,2.98,377105,2.98,3.01,2.94,2.98,377105
2020-12-23,2.91,2.93,2.88,2.90,233020,2.91,2.93,2.88,2.90,233020,2.91,2.93,2.88,2.90,233020
2020-12-24,2.94,2.97,2.91,2.95,274243,2.94,2.97,2.91,2.95,274243,2.94,2.97,2.91,2.95,274243
2020-12-25,2.95,2.99,2.90,2.93,295895,2.95,2.99,2.90,2.93,295895,2.95,2.99,2.90,2.93,295895
2020-12-28,3.01,3.05,2.97,2.99,212207,3.01,3.05,2.97,2.99,212207,3.01,3.05,2.97,2.99,212207
2020-12-29,2.96,3.00,2.93,2.95,281181,2.96,3.00,2.93,2.95,281181,2.96,3.00,2.93,2.95,281181
2020-12-30,3.02,3.06,2.97,3.01,343079,3.02,3.06,2.97,3.01,343079,3.02,3.06,2.97,3.01,343079
2020-12-31,3.08,3.09,3.08,3.08,390764,3.08,3.09,3.08,3.08,390764,3.08,3.09,3.08,3.08,390764
2021-01-01,3.05,3.11,3.00,3.05,241890,3.05,3.11,3.00,3.05,241890,3.05,3.11,3.00,3.05,241890
2021-01-04,3.00,3.03,2.97,2.99,285355,3.00,3.03,2.97,2.99,285355,3.00,3.03,2.97,2.99,285355
2021-01-05,3.03,3.07,2.98,3.01,342880,3.03,3.07,2.98,3.01,342880,3.03,3.07,2.98,3.01,342880
2021-01-06,2.98,3.01,2.95,2.97,213923,2.98,3.01,2.95,2.97,213923,2.98,3.01,2.95,2.97,213923
2021-01-07,2.89,2.92,2.85,2.89,224186,2.89,2.92,2.85,2.89,224186,2.89,2.92,2.85,2.89,224186
2021-01-08,2.85,2.88,2.82,2.82,359368,2.85,2.88,2.82,2.82,359368,2.85,2.88,2.82,2.82,359368
2021-01-11,2.80,2.83,2.77,2.80,219694,2.80,2.83,2.77,2.80,219694,2.80,2.83,2.77,2.80,219694
2021-01-12,2.73,2.76,2.69,2.72,268472,2.73,2.76,2.69,2.72,268472,2.73,2.76,2.69,2.72,268472
2021-01-13,2.66,2.70,2.63,2.66,393151,2.66,2.70,2.63,2.66,393151,2.66,2.70,2.63,2.66,393151
2021-01-14,2.69,2.72,2.66,2.69,357895,2.69,2.72,2.66,2.69,357895,2.69,2.72,2.66,2.69,357895
2021-01-15,2.65,2.68,2.62,2.65,409300,2.65,2.68,2.62,2.65,409300,2.65,2.68,2.62,2.65,409300
2021-01-18,2.75,2.78,2.71,2.74,348797,2.75,2.78,2.71,2.74,348797,2.75,2.78,2.71,2.74,348797
2021-01-19,2.75,2.79,2.72,2.76,360899,2.75,2.79,2.72,2.76,360899,2.75,2.79,2.72,2.76,360899
2021-01-20,2.81,2.86,2.76,2.80,266709,2.81,2.86,2.76,2.80,266709,2.81,2.86,2.76,2.80,266709
2021-01-21,2.79,2.82,2.76,2.78,324776,2.79,2.82,2.76,2.78,324776,2.79,2.82,2.76,2.78,324776
2021-01-22,2.81,2.84,2.79,2.81,213227,2.81,2.84,2.79,2.81,213227,2.81,2.84,2.79,2.81,213227
2021-01-25,2.80,2.83,2.76,2.80,254833,2.80,2.83,2.76,2.80,254833,2.80,2.83,2.76,2.80,254833
2021-01-26,2.79,2.85,2.74,2.78,291307,2.79,2.85,2.74,2.78,291307,2.79,2.85,2.74,2.78,291307
2021-01-27,2.73,2.74,2.71,2.72,344244,2.73,2.74,2.71,2.72,344244,2.73,2.74,2.71,2.72,344244
2021-01-28,2.81,2.84,2.78,2.80,390668,2.81,2.84,2.78,2.80,390668,2.81,2.84,2.78,2.80,390668
2021-01-29,2.73,2.77,2.70,2.74,395559,2.73,2.77,2.70,2.74,395559,2.73,2.77,2.70,2.74,395559
2021-02-01,2.78,2.83,2.74,2.78,385091,2.78,2.83,2.74,2.78,385091,2.78,2.83,2.74,2.78,385091
2021-02-02,2.72,2.76,2.67,2.72,360061,2.72,2.76,2.67,2.72,360061,2.72,2.76,2.67,2.72,360061
2021-02-03,2.79,2.82,2.77,2.78,382779,2.79,2.82,2.77,2.78,382779,2.79,2.82,2.77,2.78,382779
2021-02-04,2.82,2.85,2.78,2.82,317315,2.82,2.85,2.78,2.82,317315,2.82,2.85,2.78,2.82,317315
2021-02-05,2.73,2.76,2.71,2.74,242939,2.73,2.76,2.71,2.74,242939,2.73,2.76,2.71,2.74,242939
2021-02-08,2.80,2.83,2.77,2.82,214251,2.80,2.83,2.77,2.82,214251,2.80,2.83,2.77,2.82,214251
2021-02-09,2.86,2.89,2.83,2.87,302331,2.86,2.89,2.83,2.87,302331,2.86,2.89,2.83,2.87,302331
2021-02-10,2.81,2.86,2.75,2.80,305510,2.81,2.86,2.75,2.80,305510,2.81,2.86,2.75,2.80,305510
2021-02-11,2.81,2.83,2.79,2.80,398267,2.81,2.83,2.79,2.80,398267,2.81,2.83,2.79,2.80,398267
2021-02-12,2.77,2.80,2.74,2.78,323181,2.77,2.80,2.74,2.78,323181,2.77,2.80,2.74,2.78,323181
2021-02-15,2.79,2.82,2.75,2.79,280079,2.79,2.82,2.75,2.79,280079,2.79,2.82,2.75,2.79,280079
2021-02-16,2.79,2.81,2.78,2.79,367680,2.79,2.81,2.78,2.79,367680,2.79,2.81,2.78,2.79,367680
2021-02-17,2.76,2.78,2.74,2.75,210874,2.76,2.78,2.74,2.75,210874,2.76,2.78,2.74,2.75,210874
2021-02-18,2.79,2.82,2.76,2.78,407452,2.79,2.82,2.76,2.78,407452,2.79,2.82,2.76,2.78,407452
2021-02-19,2.74,2.76,2.71,2.72,394963,2.74,2.76,2.71,2.72,394963,2.74,2.76,2.71,2.72,394963
2021-02-22,2.70,2.73,2.67,2.70,287056,2.70,2.73,2.67,2.70,287056,2.70,2.73,2.67,2.70,287056
2021-02-23,2.78,2.81,2.75,2.77,312294,2.78,2.81,2.75,2.77,312294,2.78,2.81,2.75,2.77,312294
2021-02-24,2.67,2.69,2.64,2.68,270372,2.67,2.69,2.64,2.68,270372,2.67,2.69,2.64,2.68,270372
2021-02-25,2.68,2.71,2.66,2.69,395732,2.68,2.71,2.66,2.69,395732,2.68,2.71,2.66,2.69,395732
2021-02-26,2.76,2.77,2.75,2.77,262664,2.76,2.77,2.75,2.77,262664,2.76,2.77,2.75,2.77,262664
2021-03-01,2.74,2.75,2.73,2.73,240143,2.74,2.75,2.73,2.73,240143,2.74,2.75,2.73,2.73,240143
2021-03-02,2.73,2.78,2.68,2.74,224244,2.73,2.78,2.68,2.74,224244,2.73,2.78,2.68,2.74,224244
2021-03-03,2.74,2.79,2.70,2.74,233539,2.74,2.79,2.70,2.74,233539,2.74,2.79,2.70,2.74,233539
2021-03-04,2.74,2.77,2.70,2.71,372776,2.74,2.77,2.70,2.71,372776,2.74,2.77,2.70,2.71,372776
2021-03-05,2.75,2.78,2.71,2.75,413506,2.75,2.78,2.71,2.75,413506,2.75,2.78,2.71,2.75,413506
2021-03-08,2.78,2.82,2.75,2.79,345620,2.78,2.82,2.75,2.79,345620,2.78,2.82,2.75,2.79,345620
2021-03-09,2.81,2.84,2.78,2.79,381342,2.81,2.84,2.78,2.79,381342,2.81,2.84,2.78,2.79,381342
2021-03-10,2.82,2.86,2.79,2.82,359131,2.82,2.86,2.79,2.82,359131,2.82,2.86,2.79,2.82,359131
2021-03-11,2.86,2.89,2.82,2.84,281403,2.86,2.89,2.82,2.84,281403,2.86,2.89,2.82,2.84,281403
2021-03-12,2.86,2.90,2.82,2.86,245698,2.86,2.90,2.82,2.86,245698,2.86,2.90,2.82,2.86,245698
2021-03-15,2.93,2.96,2.90,2.93,344008,2.93,2.96,2.90,2.93,344008,2.93,2.96,2.90,2.93,344008
2021-03-16,2.98,3.02,2.95,2.95,230776,2.98,3.02,2.95,2.95,230776,2.98,3.02,2.95,2.95,230776
2021-03-17,2.95,2.96,2.93,2.95,413951,2.95,2.96,2.93,2.95,413951,2.95,2.96,2.93,2.95,413951
2021-03-18,2.87,2.89,2.84,2.88,352057,2.87,2.89,2.84,2.88,352057,2.87,2.89,2.84,2.88,352057
2021-03-19,2.92,2.94,2.89,2.93,220476,2.92,2.94,2.89,2.93,220476,2.92,2.94,2.89,2.93,220476
2021-03-22,2.97,3.00,2.94,2.98,343306,2.97,3.00,2.94,2.98,343306,2.97,3.00,2.94,2.98,343306
2021-03-23,3.06,3.08,3.03,3.04,318786,3.06,3.08,3.03,3.04,318786,3.06,3.08,3.03,3.04,318786
2021-03-24,3.05,3.10,3.01,3.04,253065,3.05,3.10,3.01,3.04,253065,3.05,3.10,3.01,3.04,253065
2021-03-25,3.04,3.07,3.00,3.02,358866,3.04,3.07,3.00,3.02,358866,3.04,3.07,3.00,3.02,358866
2021-03-26,3.08,3.13,3.03,3.09,340104,3.08,3.13,3.03,3.09,340104,3.08,3.13,3.03,3.09,340104
2021-03-29,3.15,3.20,3.10,3.14,256308,3.15,3.20,3.10,3.14,256308,3.15,3.20,3.10,3.14,256308
2021-03-30,3.16,3.21,3.12,3.17,211718,3.16,3.21,3.12,3.17,211718,3.16,3.21,3.12,3.17,211718
2021-03-31,3.20,3.24,3.16,3.19,389770,3.20,3.24,3.16,3.19,389770,3.20,3.24,3.16,3.19,389770
2021-04-01,3.16,3.20,3.12,3.16,389194,3.16,3.20,3.12,3.16,389194,3.16,3.20,3.12,3.16,389194
2021-04-02,3.14,3.16,3.11,3.13,313184,3.14,3.16,3.11,3.13,313184,3.14,3.16,3.11,3.13,313184
2021-04-05,3.24,3.28,3.20,3.24,377271,3.24,3.28,3.20,3.24,377271,3.24,3.28,3.20,3.24,377271
2021-04-06,3.24,3.26,3.22,3.24,273469,3.24,3.26,3.22,3.24,273469,3.24,3.26,3.22,3.24,273469
2021-04-07,3.24,3.27,3.21,3.25,236975,3.24,3.27,3.21,3.25,236975,3.24,3.27,3.21,3.25,236975
2021-04-08,3.29,3.32,3.25,3.29,277716,3.29,3.32,3.25,3.29,277716,3.29,3.32,3.25,3.29,277716
2021-04-09,3.35,3.40,3.29,3.33,289357,3.35,3.40,3.29,3.33,289357,3.35,3.40,3.29,3.33,289357
2021-04-12,3.22,3.27,3.17,3.23,360826,3.22,3.27,3.17,3.23,360826,3.22,3.27,3.17,3.23,360826
2021-04-13,3.19,3.22,3.15,3.18,317498,3.19,3.22,3.15,3.18,317498,3.19,3.22,3.15,3.18,317498
2021-04-14,3.02,3.04,3.00,3.00,402200,3.02,3.04,3.00,3.00,402200,3.02,3.04,3.00,3.00,402200
2021-04-15,3.07,3.10,3.04,3.06,298569,3.07,3.10,3.04,3.06,298569,3.07,3.10,3.04,3.06,298569
2021-04-16,3.02,3.05,2.99,3.00,413443,3.02,3.05,2.99,3.00,413443,3.02,3.05,2.99,3.00,413443
2021-04-19,2.99,3.01,2.96,2.99,213691,2.99,3.01,2.96,2.99,213691,2.99,3.01,2.96,2.99,213691
2021-04-20,3.10,3.14,3.06,3.08,279616,3.10,3.14,3.06,3.08,279616,3.10,3.14,3.06,3.08,279616
2021-04-21,3.10,3.14,3.06,3.08,297959,3.10,3.14,3.06,3.08,297959,3.10,3.14,3.06,3.08,297959
2021-04-22,2.99,3.03,2.95,2.99,375177,2.99,3.03,2.95,2.99,375177,2.99,3.03,2.95,2.99,375177
2021-04-23,2.94,2.97,2.90,2.94,411314,2.94,2.97,2.90,2.94,411314,2.94,2.97,2.90,2.94,411314
2021-04-26,2.95,2.98,2.92,2.94,222017,2.95,2.98,2.92,2.94,222017,2.95,2.98,2.92,2.94,222017
2021-04-27,2.89,2.92,2.87,2.90,339328,2.89,2.92,2.87,2.90,339328,2.89,2.92,2.87,2.90,339328
2021-04-28,2.85,2.89,2.82,2.86,331422,2.85,2.89,2.82,2.86,331422,2.85,2.89,2.82,2.86,331422
2021-04-29,2.80,2.83,2.76,2.79,252694,2.80,2.83,2.76,2.79,252694,2.80,2.83,2.76,2.79,252694
2021-04-30,2.72,2.74,2.71,2.71,327184,2.72,2.74,2.71,2.71,327184,2.72,2.74,2.71,2.71,327184
2021-05-03,2.74,2.78,2.70,2.74,386007,2.74,2.78,2.70,2.74,386007,2.74,2.78,2.70,2.74,386007
2021-05-04,2.79,2.83,2.76,2.79,376036,2.79,2.83,2.76,2.79,376036,2.79,2.83,2.76,2.79,376036
2021-05-05,2.85,2.89,2.80,2.83,217877,2.85,2.89,2.80,2.83,217877,2.85,2.89,2.80,2.83,217877
2021-05-06,2.82,2.85,2.79,2.81,394840,2.82,2.85,2.79,2.81,394840,2.82,2.85,2.79,2.81,394840
2021-05-07,2.73,2.76,2.69,2.73,323773,2.73,2.76,2.69,2.73,323773,2.73,2.76,2.69,2.73,323773
2021-05-10,2.84,2.87,2.81,2.84,408788,2.84,2.87,2.81,2.84,408788,2.84,2.87,2.81,2.84,408788
2021-05-11,2.82,2.87,2.78,2.82,408484,2.82,2.87,2.78,2.82,408484,2.82,2.87,2.78,2.82,408484
2021-05-12,2.77,2.78,2.76,2.78,370943,2.77,2.78,2.76,2.78,370943,2.77,2.78,2.76,2.78,370943
2021-05-13,2.76,2.78,2.73,2.75,334338,2.76,2.78,2.73,2.75,334338,2.76,2.78,2.73,2.75,334338
2021-05-14,2.70,2.73,2.66,2.71,359078,2.70,2.73,2.66,2.71,359078,2.70,2.73,2.66,2.71,359078
2021-05-17,2.84,2.88,2.81,2.84,329973,2.84,2.88,2.81,2.84,329973,2.84,2.88,2.81,2.84,329973
2021-05-18,2.80,2.82,2.77,2.77,406605,2.80,2.82,2.77,2.77,406605,2.80,2.82,2.77,2.77,406605
2021-05-19,2.71,2.73,2.68,2.71,318519,2.71,2.73,2.68,2.71,318519,2.71,2.73,2.68,2.71,318519
2021-05-20,2.69,2.72,2.66,2.69,267028,2.69,2.72,2.66,2.69,267028,2.69,2.72,2.66,2.69,267028
2021-05-21,2.69,2.73,2.65,2.69,381594,2.69,2.73,2.65,2.69,381594,2.69,2.73,2.65,2.69,381594
2021-05-24,2.76,2.78,2.74,2.75,309013,2.76,2.78,2.74,2.75,309013,2.76,2.78,2.74,2.75,309013
2021-05-25,2.77,2.82,2.72,2.76,404855,2.77,2.82,2.72,2.76,404855,2.77,2.82,2.72,2.76,404855
2021-05-26,2.77,2.79,2.74,2.78,320314,2.77,2.79,2.74,2.78,320314,2.77,2.79,2.74,2.78,320314
2021-05-27,2.80,2.83,2.77,2.79,400060,2.80,2.83,2.77,2.79,400060,2.80,2.83,2.77,2.79,400060
2021-05-28,2.78,2.81,2.75,2.78,245511,2.78,2.81,2.75,2.78,245511,2.78,2.81,2.75,2.78,245511
2021-05-31,2.82,2.86,2.77,2.83,413271,2.82,2.86,2.77,2.83,413271,2.82,2.86,2.77,2.83,413271
2021-06-01,2.79,2.82,2.76,2.80,266119,2.79,2.82,2.76,2.80,266119,2.79,2.82,2.76,2.80,266119
2021-06-02,2.76,2.81,2.72,2.77,319139,2.76,2.81,2.72,2.77,319139,2.76,2.81,2.72,2.77,319139
2021-06-03,2.81,2.85,2.78,2.80,324195,2.81,2.85,2.78,2.80,324195,2.81,2.85,2.78,2.80,324195
2021-06-04,2.77,2.80,2.74,2.77,232448,2.77,2.80,2.74,2.77,232448,2.77,2.80,2.74,2.77,232448
2021-06-07,2.71,2.73,2.69,2.70,353027,2.71,2.73,2.69,2.70,353027,2.71,2.73,2.69,2.70,353027
2021-06-08,2.70,2.74,2.66,2.69,328315,2.70,2.74,2.66,2.69,328315,2.70,2.74,2.66,2.69,328315
2021-06-09,2.69,2.72,2.65,2.67,241296,2.69,2.72,2.65,2.67,241296,2.69,2.72,2.65,2.67,241296
2021-06-10,2.64,2.67,2.61,2.63,340339,2.64,2.67,2.61,2.63,340339,2.64,2.67,2.61,2.63,340339
2021-06-11,2.64,2.66,2.62,2.63,333156,2.64,2.66,2.62,2.63,333156,2.64,2.66,2.62,2.63,333156
2021-06-14,2.62,2.65,2.60,2.63,228473,2.62,2.65,2.60,2.63,228473,2.62,2.65,2.60,2.63,228473
2021-06-15,2.56,2.61,2.51,2.58,337713,2.56,2.61,2.51,2.58,337713,2.56,2.61,2.51,2.58,337713
2021-06-16,2.61,2.65,2.56,2.60,258396,2.61,2.65,2.56,2.60,258396,2.61,2.65,2.56,2.60,258396
2021-06-17,2.61,2.66,2.56,2.61,315265,2.61,2.66,2.56,2.61,315265,2.61,2.66,2.56,2.61,315265
2021-06-18,2.57,2.59,2.54,2.57,378428,2.57,2.59,2.54,2.57,378428,2.57,2.59,2.54,2.57,378428
2021-06-21,2.58,2.60,2.56,2.60,221349,2.58,2.60,2.56,2.60,221349,2.58,2.60,2.56,2.60,221349
2021-06-22,2.51,2.55,2.48,2.50,407074,2.51,2.55,2.48,2.50,407074,2.51,2.55,2.48,2.50,407074
2021-06-23,2.54,2.57,2.51,2.52,262668,2.54,2.57,2.51,2.52,262668,2.54,2.57,2.51,2.52,262668
2021-06-24,2.52,2.54,2.51,2.51,338067,2.52,2.54,2.51,2.51,338067,2.52,2.54,2.51,2.51,338067
2021-06-25,2.49,2.53,2.45,2.47,417656,2.49,2.53,2.45,2.47,417656,2.49,2.53,2.45,2.47,417656
2021-06-28,2.46,2.48,2.44,2.47,250830,2.46,2.48,2.44,2.47,250830,2.46,2.48,2.44,2.47,250830
2021-06-29,2.53,2.56,2.50,2.52,294314,2.53,2.56,2.50,2.52,294314,2.53,2.56,2.50,2.52,294314
2021-06-30,2.52,2.55,2.48,2.51,347929,2.52,2.55,2.48,2.51,347929,2.52,2.55,2.48,2.51,347929
2021-07-01,2.47,2.51,2.44,2.47,382286,2.47,2.51,2.44,2.47,382286,2.47,2.51,2.44,2.47,382286
2021-07-02,2.56,2.58,2.54,2.55,253990,2.56,2.58,2.54,2.55,253990,2.56,2.58,2.54,2.55,253990
2021-07-05,2.58,2.61,2.54,2.58,224393,2.58,2.61,2.54,2.58,224393,2.58,2.61,2.54,2.58,224393
2021-07-06,2.62,2.66,2.58,2.63,306420,2.62,2.66,2.58,2.63,306420,2.62,2.66,2.58,2.63,306420
2021-07-07,2.68,2.71,2.65,2.68,404948,2.68,2.71,2.65,2.68,404948,2.68,2.71,2.65,2.68,404948
2021-07-08,2.67,2.68,2.65,2.66,245780,2.67,2.68,2.65,2.66,245780,2.67,2.68,2.65,2.66,245780
2021-07-09,2.66,2.70,2.63,2.67,262030,2.66,2.70,2.63,2.67,262030,2.66,2.70,2.63,2.67,262030
2021-07-12,2.77,2.82,2.73,2.77,289488,2.77,2.82,2.73,2.77,289488,2.77,2.82,2.73,2.77,289488
2021-07-13,2.79,2.83,2.74,2.79,404381,2.79,2.83,2.74,2.79,404381,2.79,2.83,2.74,2.79,404381
2021-07-14,2.76,2.78,2.74,2.74,412997,2.76,2.78,2.74,2.74,412997,2.76,2.78,2.74,2.74,412997
2021-07-15,2.78,2.81,2.74,2.77,346661,2.78,2.81,2.74,2.77,346661,2.78,2.81,2.74,2.77,346661
2021-07-16,2.72,2.75,2.69,2.73,312981,2.72,2.75,2.69,2.73,312981,2.72,2.75,2.69,2.73,312981
2021-07-19,2.80,2.81,2.79,2.80,362118,2.80,2.81,2.79,2.80,362118,2.80,2.81,2.79,2.80,362118
2021-07-20,2.79,2.82,2.77,2.78,275134,2.79,2.82,2.77,2.78,275134,2.79,2.82,2.77,2.78,275134
2021-07-21,2.84,2.86,2.82,2.84,356142,2.84,2.86,2.82,2.84,356142,2.84,2.86,2.82,2.84,356142
2021-07-22,2.78,2.82,2.74,2.80,242765,2.78,2.82,2.74,2.80,242765,2.78,2.82,2.74,2.80,242765
2021-07-23,2.83,2.86,2.80,2.82,252899,2.83,2.86,2.80,2.82,252899,2.83,2.86,2.80,2.82,252899
2021-07-26,2.85,2.89,2.81,2.85,298926,2.85,2.89,2.81,2.85,298926,2.85,2.89,2.81,2.85,298926
2021-07-27,2.82,2.86,2.79,2.84,327085,2.82,2.86,2.79,2.84,327085,2.82,2.86,2.79,2.84,327085
2021-07-28,2.91,2.96,2.87,2.92,309298,2.91,2.96,2.87,2.92,309298,2.91,2.96,2.87,2.92,309298
2021-07-29,2.86,2.90,2.83,2.87,321408,2.86,2.90,2.83,2.87,321408,2.86,2.90,2.83,2.87,321408
2021-07-30,2.97,3.00,2.94,2.98,352493,2.97,3.00,2.94,2.98,352493,2.97,3.00,2.94,2.98,352493
2021-08-02,2.90,2.94,2.86,2.89,408481,2.90,2.94,2.86,2.89,408481,2.90,2.94,2.86,2.89,408481
2021-08-03,2.83,2.87,2.79,2.81,378673,2.83,2.87,2.79,2.81,378673,2.83,2.87,2.79,2.81,378673
2021-08-04,2.79,2.82,2.76,2.79,231492,2.79,2.82,2.76,2.79,231492,2.79,2.82,2.76,2.79,231492
2021-08-05,2.85,2.87,2.82,2.83,337775,2.85,2.87,2.82,2.83,337775,2.85,2.87,2.82,2.83,337775
2021-08-06,2.82,2.85,2.79,2.84,214652,2.82,2.85,2.79,2.84,214652,2.82,2.85,2.79,2.84,214652
2021-08-09,2.84,2.87,2.81,2.84,223205,2.84,2.87,2.81,2.84,223205,2.84,2.87,2.81,2.84,223205
2021-08-10,2.77,2.81,2.73,2.77,295791,2.77,2.81,2.73,2.77,295791,2.77,2.81,2.73,2.77,295791
2021-08-11,2.79,2.83,2.75,2.79,265319,2.79,2.83,2.75,2.79,265319,2.79,2.83,2.75,2.79,265319
2021-08-12,2.78,2.82,2.74,2.77,251453,2.78,2.82,2.74,2.77,251453,2.78,2.82,2.74,2.77,251453
2021-08-13,2.83,2.87,2.78,2.83,283879,2.83,2.87,2.78,2.83,283879,2.83,2.87,2.78,2.83,283879
2021-08-16,2.85,2.88,2.82,2.86,280826,2.85,2.88,2.82,2.86,280826,2.85,2.88,2.82,2.86,280826
2021-08-17,2.95,2.99,2.91,2.93,348570,2.95,2.99,2.91,2.93,348570,2.95,2.99,2.91,2.93,348570
2021-08-18,2.90,2.94,2.86,2.89,255724,2.90,2.94,2.86,2.89,255724,2.90,2.94,2.86,2.89,255724
2021-08-19,2.88,2.93,2.84,2.89,245183,2.88,2.93,2.84,2.89,245183,2.88,2.93,2.84,2.89,245183
2021-08-20,2.90,2.90,2.89,2.90,263099,2.90,2.90,2.89,2.90,263099,2.90,2.90,2.89,2.90,263099
2021-08-23,2.87,2.92,2.82,2.86,308484,2.87,2.92,2.82,2.86,308484,2.87,2.92,2.82,2.86,308484
2021-08-24,2.87,2.90,2.84,2.87,213125,2.87,2.90,2.84,2.87,213125,2.87,2.90,2.84,2.87,213125
2021-08-25,2.93,2.97,2.88,2.92,322672,2.93,2.97,2.88,2.92,322672,2.93,2.97,2.88,2.92,322672
2021-08-26,2.93,2.97,2.89,2.94,316066,2.93,2.97,2.89,2.94,316066,2.93,2.97,2.89,2.94,316066
2021-08-27,2.91,2.93,2.88,2.91,367163,2.91,2.93,2.88,2.91,367163,2.91,2.93,2.88,2.91,367163
2021-08-30,2.90,2.95,2.86,2.90,264086,2.90,2.95,2.86,2.90,264086,2.90,2.95,2.86,2.90,264086
2021-08-31,2.97,3.01,2.93,2.97,394450,2.97,3.01,2.93,2.97,394450,2.97,3.01,2.93,2.97,394450
2021-09-01,3.00,3.03,2.97,2.99,222158,3.00,3.03,2.97,2.99,222158,3.00,3.03,2.97,2.99,222158
2021-09-02,2.96,3.00,2.91,2.97,299281,2.96,3.00,2.91,2.97,299281,2.96,3.00,2.91,2.97,299281
2021-09-03,2.88,2.91,2.86,2.88,348345,2.88,2.91,2.86,2.88,348345,2.88,2.91,2.86,2.88,348345
2021-09-06,2.90,2.94,2.86,2.89,414276,2.90,2.94,2.86,2.89,414276,2.90,2.94,2.86,2.89,414276
2021-09-07,2.92,2.95,2.90,2.91,349623,2.92,2.95,2.90,2.91,349623,2.92,2.95,2.90,2.91,349623
2021-09-08,2.87,2.89,2.84,2.89,393964,2.87,2.89,2.84,2.89,393964,2.87,2.89,2.84,2.89,393964
2021-09-09,2.97,3.01,2.94,2.96,411216,2.97,3.01,2.94,2.96,411216,2.97,3.01,2.94,2.96,411216
2021-09-10,3.02,3.06,2.99,3.01,401277,3.02,3.06,2.99,3.01,401277,3.02,3.06,2.99,3.01,401277
2021-09-13,3.02,3.05,2.98,3.02,372355,3.02,3.05,2.98,3.02,372355,3.02,3.05,2.98,3.02,372355
2021-09-14,2.94,2.97,2.91,2.93,294764,2.94,2.97,2.91,2.93,294764,2.94,2.97,2.91,2.93,294764
2021-09-15,2.92,2.95,2.88,2.91,270734,2.92,2.95,2.88,2.91,270734,2.92,2.95,2.88,2.91,270734
2021-09-16,2.83,2.86,2.79,2.83,309465,2.83,2.86,2.79,2.83,309465,2.83,2.86,2.79,2.83,309465
2021-09-17,2.80,2.86,2.74,2.81,337503,2.80,2.86,2.74,2.81,337503,2.80,2.86,2.74,2.81,337503
2021-09-20,2.72,2.77,2.67,2.72,303242,2.72,2.77,2.67,2.72,303242,2.72,2.77,2.67,2.72,303242
2021-09-21,2.75,2.77,2.73,2.74,344973,2.75,2.77,2.73,2.74,344973,2.75,2.77,2.73,2.74,344973
2021-09-22,2.74,2.77,2.71,2.74,362832,2.74,2.77,2.71,2.74,362832,2.74,2.77,2.71,2.74,362832
2021-09-23,2.69,2.71,2.67,2.69,351921,2.69,2.71,2.67,2.69,351921,2.69,2.71,2.67,2.69,351921
2021-09-24,2.85,2.87,2.82,2.82,262347,2.85,2.87,2.82,2.82,262347,2.85,2.87,2.82,2.82,262347
2021-09-27,2.82,2.85,2.79,2.83,304887,2.82,2.85,2.79,2.83,304887,2.82,2.85,2.79,2.83,304887
2021-09-28,2.80,2.83,2.78,2.79,234490,2.80,2.83,2.78,2.79,234490,2.80,2.83,2.78,2.79,234490
2021-09-29,2.79,2.83,2.75,2.77,290334,2.79,2.83,2.75,2.77,290334,2.79,2.83,2.75,2.77,290334
2021-09-30,2.78,2.80,2.77,2.78,252908,2.78,2.80,2.77,2.78,252908,2.78,2.80,2.77,2.78,252908
2021-10-01,2.79,2.82,2.75,2.80,364237,2.79,2.82,2.75,2.80,364237,2.79,2.82,2.75,2.80,364237
2021-10-04,2.90,2.92,2.89,2.90,236607,2.90,2.92,2.89,2.90,236607,2.90,2.92,2.89,2.90,236607
2021-10-05,2.93,2.97,2.90,2.93,345368,2.93,2.97,2.90,2.93,345368,2.93,2.97,2.90,2.93,345368
2021-10-06,2.99,3.03,2.96,2.99,392824,2.99,3.03,2.96,2.99,392824,2.99,3.03,2.96,2.99,392824
2021-10-07,2.97,2.99,2.94,2.95,399218,2.97,2.99,2.94,2.95,399218,2.97,2.99,2.94,2.95,399218
2021-10-08,3.00,3.03,2.97,3.00,302130,3.00,3.03,2.97,3.00,302130,3.00,3.03,2.97,3.00,302130
2021-10-11,3.08,3.10,3.05,3.07,290839,3.08,3.10,3.05,3.07,290839,3.08,3.10,3.05,3.07,290839
2021-10-12,3.13,3.19,3.07,3.13,391030,3.13,3.19,3.07,3.13,391030,3.13,3.19,3.07,3.13,391030
2021-10-13,3.18,3.22,3.15,3.18,273901,3.18,3.22,3.15,3.18,273901,3.18,3.22,3.15,3.18,273901
2021-10-14,3.16,3.21,3.11,3.17,393868,3.16,3.21,3.11,3.17,393868,3.16,3.21,3.11,3.17,393868
2021-10-15,3.20,3.23,3.17,3.21,328860,3.20,3.23,3.17,3.21,328860,3.20,3.23,3.17,3.21,328860
2021-10-18,3.23,3.26,3.20,3.24,255457,3.23,3.26,3.20,3.24,255457,3.23,3.26,3.20,3.24,255457
2021-10-19,3.29,3.31,3.26,3.28,403291,3.29,3.31,3.26,3.28,403291,3.29,3.31,3.26,3.28,403291
2021-10-20,3.23,3.28,3.18,3.23,305580,3.23,3.28,3.18,3.23,305580,3.23,3.28,3.18,3.23,305580
2021-10-21,3.28,3.33,3.23,3.26,304972,3.28,3.33,3.23,3.26,304972,3.28,3.33,3.23,3.26,304972
2021-10-22,3.23,3.25,3.20,3.22,397907,3.23,3.25,3.20,3.22,397907,3.23,3.25,3.20,3.22,397907
2021-10-25,3.29,3.33,3.25,3.27,337477,3.29,3.33,3.25,3.27,337477,3.29,3.33,3.25,3.27,337477
2021-10-26,3.20,3.25,3.14,3.20,261322,3.20,3.25,3.14,3.20,261322,3.20,3.25,3.14,3.20,261322
2021-10-27,3.23,3.26,3.20,3.21,383435,3.23,3.26,3.20,3.21,383435,3.23,3.26,3.20,3.21,383435
2021-10-28,3.23,3.27,3.19,3.22,245367,3.23,3.27,3.19,3.22,245367,3.23,3.27,3.19,3.22,245367
2021-10-29,3.22,3.24,3.20,3.21,344159,3.22,3.24,3.20,3.21,344159,3.22,3.24,3.20,3.21,344159
2021-11-01,3.25,3.28,3.23,3.26,291014,3.25,3.28,3.23,3.26,291014,3.25,3.28,3.23,3.26,291014
2021-11-02,3.26,3.28,3.23,3.25,341426,3.26,3.28,3.23,3.25,341426,3.26,3.28,3.23,3.25,341426
2021-11-03,3.29,3.34,3.24,3.28,305502,3.29,3.34,3.24,3.28,305502,3.29,3.34,3.24,3.28,305502
2021-11-04,3.44,3.49,3.40,3.46,374929,3.44,3.49,3.40,3.46,374929,3.44,3.49,3.40,3.46,374929
2021-11-05,3.54,3.59,3.49,3.53,358940,3.54,3.59,3.49,3.53,358940,3.54,3.59,3.49,3.53,358940
2021-11-08,3.54,3.58,3.49,3.54,347720,3.54,3.58,3.49,3.54,347720,3.54,3.58,3.49,3.54,347720
2021-11-09,3.58,3.62,3.54,3.56,214559,3.58,3.62,3.54,3.56,214559,3.58,3.62,3.54,3.56,214559
2021-11-10,3.62,3.65,3.59,3.62,234458,3.62,3.65,3.59,3.62,234458,3.62,3.65,3.59,3.62,234458
2021-11-11,3.54,3.56,3.53,3.55,226519,3.54,3.56,3.53,3.55,226519,3.54,3.56,3.53,3.55,226519
2021-11-12,3.65,3.69,3.61,3.64,275427,3.65,3.69,3.61,3.64,275427,3.65,3.69,3.61,3.64,275427
2021-11-15,3.59,3.63,3.55,3.60,408299,3.59,3.63,3.55,3.60,408299,3.59,3.63,3.55,3.60,408299
2021-11-16,3.72,3.78,3.67,3.74,299524,3.72,3.78,3.67,3.74,299524,3.72,3.78,3.67,3.74,299524
2021-11-17,3.79,3.83,3.75,3.79,229761,3.79,3.83,3.75,3.79,229761,3.79,3.83,3.75,3.79,229761
2021-11-18,3.89,3.92,3.86,3.87,409320,3.89,3.92,3.86,3.87,409320,3.89,3.92,3.86,3.87,409320
2021-11-19,3.77,3.81,3.74,3.77,274644,3.77,3.81,3.74,3.77,274644,3.77,3.81,3.74,3.77,274644
2021-11-22,3.72,3.77,3.67,3.71,343681,3.72,3.77,3.67,3.71,343681,3.72,3.77,3.67,3.71,343681
2021-11-23,3.82,3.85,3.79,3.82,223295,3.82,3.85,3.79,3.82,223295,3.82,3.85,3.79,3.82,223295
2021-11-24,3.86,3.92,3.80,3.86,385076,3.86,3.92,3.80,3.86,385076,3.86,3.92,3.80,3.86,385076
2021-11-25,3.83,3.87,3.79,3.82,271379,3.83,3.87,3.79,3.82,271379,3.83,3.87,3.79,3.82,271379
2021-11-26,3.66,3.67,3.64,3.65,225383,3.66,3.67,3.64,3.65,225383,3.66,3.67,3.64,3.65,225383
2021-11-29,3.73,3.77,3.68,3.72,350252,3.73,3.77,3.68,3.72,350252,3.73,3.77,3.68,3.72,350252
2021-11-30,3.63,3.68,3.57,3.64,339938,3.63,3.68,3.57,3.64,339938,3.63,3.68,3.57,3.64,339938
2021-12-01,3.74,3.79,3.69,3.74,374514,3.74,3.79,3.69,3.74,374514,3.74,3.79,3.69,3.74,374514
2021-12-02,3.65,3.69,3.61,3.66,356704,3.65,3.69,3.61,3.66,356704,3.65,3.69,3.61,3.66,356704
2021-12-03,3.62,3.64,3.59,3.62,387800,3.62,3.64,3.59,3.62,387800,3.62,3.64,3.59,3.62,387800
2021-12-06,3.54,3.57,3.51,3.54,342760,3.54,3.57,3.51,3.54,342760,3.54,3.57,3.51,3.54,342760
2021-12-07,3.49,3.51,3.47,3.48,378551,3.49,3.51,3.47,3.48,378551,3.49,3.51,3.47,3.48,378551
2021-12-08,3.39,3.41,3.37,3.40,279953,3.39,3.41,3.37,3.40,279953,3.39,3.41,3.37,3.40,279953
2021-12-09,3.27,3.31,3.23,3.26,270105,3.27,3.31,3.23,3.26,270105,3.27,3.31,3.23,3.26,270105
2021-12-10,3.27,3.32,3.22,3.25,243714,3.27,3.32,3.22,3.25,243714,3.27,3.32,3.22,3.25,243714
2021-12-13,3.35,3.39,3.30,3.35,320433,3.35,3.39,3.30,3.35,320433,3.35,3.39,3.30,3.35,320433
2021-12-14,3.24,3.26,3.21,3.24,228011,3.24,3.26,3.21,3.24,228011,3.24,3.26,3.21,3.24,228011
2021-12-15,3.35,3.39,3.31,3.33,358406,3.35,3.39,3.31,3.33,358406,3.35,3.39,3.31,3.33,358406
2021-12-16,3.27,3.31,3.23,3.29,339968,3.27,3.31,3.23,3.29,339968,3.27,3.31,3.23,3.29,339968
2021-12-17,3.34,3.40,3.29,3.36,227575,3.34,3.40,3.29,3.36,227575,3.34,3.40,3.29,3.36,227575
2021-12-20,3.31,3.35,3.27,3.29,390878,3.31,3.35,3.27,3.29,390878,3.31,3.35,3.27,3.29,390878
2021-12-21,3.16,3.20,3.12,3.19,250164,3.16,3.20,3.12,3.19,250164,3.16,3.20,3.12,3.19,250164
2021-12-22,3.19,3.21,3.16,3.16,294612,3.19,3.21,3.16,3.16,294612,3.19,3.21,3.16,3.16,294612
2021-12-23,3.22,3.26,3.18,3.22,211325,3.22,3.26,3.18,3.22,211325,3.22,3.26,3.18,3.22,211325
2021-12-24,3.29,3.34,3.24,3.27,219961,3.29,3.34,3.24,3.27,219961,3.29,3.34,3.24,3.27,219961
2021-12-27,3.24,3.28,3.21,3.23,286115,3.24,3.28,3.21,3.23,286115,3.24,3.28,3.21,3.23,286115
2021-12-28,3.18,3.22,3.15,3.18,215165,3.18,3.22,3.15,3.18,215165,3.18,3.22,3.15,3.18,215165
2021-12-29,3.21,3.24,3.19,3.22,251121,3.21,3.24,3.19,3.22,251121,3.21,3.24,3.19,3.22,251121
2021-12-30,3.14,3.19,3.10,3.14,259446,3.14,3.19,3.10,3.14,259446,3.14,3.19,3.10,3.14,259446
2021-12-31,3.06,3.09,3.04,3.06,220920,3.06,3.09,3.04,3.06,220920,3.06,3.09,3.04,3.06,220920
2022-01-03,3.05,3.09,3.01,3.04,285367,3.05,3.09,3.01,3.04,285367,3.05,3.09,3.01,3.04,285367
2022-01-04,3.07,3.09,3.06,3.06,254471,3.07,3.09,3.06,3.06,254471,3.07,3.09,3.06,3.06,254471
2022-01-05,3.08,3.12,3.04,3.06,210305,3.08,3.12,3.04,3.06,210305,3.08,3.12,3.04,3.06,210305
2022-01-06,3.09,3.13,3.05,3.09,226745,3.09,3.13,3.05,3.09,226745,3.09,3.13,3.05,3.09,226745
2022-01-07,3.08,3.10,3.06,3.07,382232,3.08,3.10,3.06,3.07,382232,3.08,3.10,3.06,3.07,382232
2022-01-10,3.16,3.19,3.12,3.15,211741,3.16,3.19,3.12,3.15,211741,3.16,3.19,3.12,3.15,211741
2022-01-11,3.18,3.21,3.15,3.18,254262,3.18,3.21,3.15,3.18,254262,3.18,3.21,3.15,3.18,254262
2022-01-12,3.17,3.21,3.13,3.18,267255,3.17,3.21,3.13,3.18,267255,3.17,3.21,3.13,3.18,267255
2022-01-13,3.24,3.27,3.21,3.24,303291,3.24,3.27,3.21,3.24,303291,3.24,3.27,3.21,3.24,303291
2022-01-14,3.14,3.18,3.09,3.14,373902,3.14,3.18,3.09,3.14,373902,3.14,3.18,3.09,3.14,373902
2022-01-17,3.19,3.24,3.14,3.17,337529,3.19,3.24,3.14,3.17,337529,3.19,3.24,3.14,3.17,337529
2022-01-18,3.16,3.21,3.11,3.16,275457,3.16,3.21,3.11,3.16,275457,3.16,3.21,3.11,3.16,275457
2022-01-19,3.23,3.23,3.22,3.23,373135,3.23,3.23,3.22,3.23,373135,3.23,3.23,3.22,3.23,373135
2022-01-20,3.18,3.22,3.13,3.17,356306,3.18,3.22,3.13,3.17,356306,3.18,3.22,3.13,3.17,356306
2022-01-21,3.09,3.12,3.05,3.10,282722,3.09,3.12,3.05,3.10,282722,3.09,3.12,3.05,3.10,282722
2022-01-24,3.09,3.12,3.05,3.10,281090,3.09,3.12,3.05,3.10,281090,3.09,3.12,3.05,3.10,281090
2022-01-25,3.14,3.19,3.09,3.13,374768,3.14,3.19,3.09,3.13,374768,3.14,3.19,3.09,3.13,374768
2022-01-26,3.09,3.13,3.04,3.09,279014,3.09,3.13,3.04,3.09,279014,3.09,3.13,3.04,3.09,279014
2022-01-27,3.11,3.15,3.07,3.10,414882,3.11,3.15,3.07,3.10,414882,3.11,3.15,3.07,3.10,414882
2022-01-28,3.10,3.11,3.09,3.10,260151,3.10,3.11,3.09,3.10,260151,3.10,3.11,3.09,3.10,260151
2022-01-31,2.96,2.99,2.93,2.96,398647,2.96,2.99,2.93,2.96,398647,2.96,2.99,2.93,2.96,398647
2022-02-01,2.93,2.95,2.91,2.91,331425,2.93,2.95,2.91,2.91,331425,2.93,2.95,2.91,2.91,331425
2022-02-02,2.94,2.97,2.91,2.94,271993,2.94,2.97,2.91,2.94,271993,2.94,2.97,2.91,2.94,271993
2022-02-03,2.94,2.97,2.91,2.93,382901,2.94,2.97,2.91,2.93,382901,2.94,2.97,2.91,2.93,382901
2022-02-04,2.86,2.89,2.84,2.86,371645,2.86,2.89,2.84,2.86,371645,2.86,2.89,2.84,2.86,371645
2022-02-07,2.91,2.94,2.89,2.90,396412,2.91,2.94,2.89,2.90,396412,2.91,2.94,2.89,2.90,396412
2022-02-08,2.91,2.94,2.87,2.92,261180,2.91,2.94,2.87,2.92,261180,2.91,2.94,2.87,2.92,261180
2022-02-09,2.85,2.88,2.82,2.84,334927,2.85,2.88,2.82,2.84,334927,2.85,2.88,2.82,2.84,334927
2022-02-10,2.82,2.84,2.80,2.81,285489,2.82,2.84,2.80,2.81,285489,2.82,2.84,2.80,2.81,285489
2022-02-11,2.80,2.84,2.77,2.80,317376,2.80,2.84,2.77,2.80,317376,2.80,2.84,2.77,2.80,317376
2022-02-14,2.78,2.82,2.75,2.79,279557,2.78,2.82,2.75,2.79,279557,2.78,2.82,2.75,2.79,279557
2022-02-15,2.76,2.79,2.72,2.74,398542,2.76,2.79,2.72,2.74,398542,2.76,2.79,2.72,2.74,398542
2022-02-16,2.70,2.72,2.68,2.70,290757,2.70,2.72,2.68,2.70,290757,2.70,2.72,2.68,2.70,290757
2022-02-17,2.70,2.71,2.69,2.70,292504,2.70,2.71,2.69,2.70,292504,2.70,2.71,2.69,2.70,292504
2022-02-18,2.63,2.66,2.60,2.63,387779,2.63,2.66,2.60,2.63,387779,2.63,2.66,2.60,2.63,387779
2022-02-21,2.61,2.65,2.57,2.62,413450,2.61,2.65,2.57,2.62,413450,2.61,2.65,2.57,2.62,413450
2022-02-22,2.55,2.57,2.54,2.56,320688,2.55,2.57,2.54,2.56,320688,2.55,2.57,2.54,2.56,320688
2022-02-23,2.61,2.65,2.57,2.60,339331,2.61,2.65,2.57,2.60,339331,2.61,2.65,2.57,2.60,339331
2022-02-24,2.64,2.68,2.60,2.66,280382,2.64,2.68,2.60,2.66,280382,2.64,2.68,2.60,2.66,280382
2022-02-25,2.73,2.76,2.71,2.73,251714,2.73,2.76,2.71,2.73,251714,2.73,2.76,2.71,2.73,251714
2022-02-28,2.88,2.91,2.84,2.86,372007,2.88,2.91,2.84,2.86,372007,2.88,2.91,2.84,2.86,372007
2022-03-01,2.87,2.89,2.85,2.86,378804,2.87,2.89,2.85,2.86,378804,2.87,2.89,2.85,2.86,378804
2022-03-02,2.87,2.89,2.85,2.86,408575,2.87,2.89,2.85,2.86,408575,2.87,2.89,2.85,2.86,408575
2022-03-03,2.82,2.85,2.80,2.80,302420,2.82,2.85,2.80,2.80,302420,2.82,2.85,2.80,2.80,302420
2022-03-04,2.75,2.78,2.73,2.76,240300,2.75,2.78,2.73,2.76,240300,2.75,2.78,2.73,2.76,240300
2022-03-07,2.62,2.67,2.57,2.63,273632,2.62,2.67,2.57,2.63,273632,2.62,2.67,2.57,2.63,273632
2022-03-08,2.64,2.69,2.60,2.63,415822,2.64,2.69,2.60,2.63,415822,2.64,2.69,2.60,2.63,415822
2022-03-09,2.64,2.66,2.61,2.63,315319,2.64,2.66,2.61,2.63,315319,2.64,2.66,2.61,2.63,315319
2022-03-10,2.63,2.66,2.60,2.62,248890,2.63,2.66,2.60,2.62,248890,2.63,2.66,2.60,2.62,248890
2022-03-11,2.58,2.62,2.54,2.58,393228,2.58,2.62,2.54,2.58,393228,2.58,2.62,2.54,2.58,393228
2022-03-14,2.62,2.66,2.59,2.63,227930,2.62,2.66,2.59,2.63,227930,2.62,2.66,2.59,2.63,227930
2022-03-15,2.63,2.65,2.61,2.64,375975,2.63,2.65,2.61,2.64,375975,2.63,2.65,2.61,2.64,375975
2022-03-16,2.63,2.67,2.60,2.63,334066,2.63,2.67,2.60,2.63,334066,2.63,2.67,2.60,2.63,334066
2022-03-17,2.62,2.65,2.59,2.63,237900,2.62,2.65,2.59,2.63,237900,2.62,2.65,2.59,2.63,237900
2022-03-18,2.66,2.69,2.62,2.63,339637,2.66,2.69,2.62,2.63,339637,2.66,2.69,2.62,2.63,339637
2022-03-21,2.62,2.65,2.59,2.63,311176,2.62,2.65,2.59,2.63,311176,2.62,2.65,2.59,2.63,311176
2022-03-22,2.70,2.72,2.68,2.69,415117,2.70,2.72,2.68,2.69,415117,2.70,2.72,2.68,2.69,415117
2022-03-23,2.70,2.73,2.66,2.70,373270,2.70,2.73,2.66,2.70,373270,2.70,2.73,2.66,2.70,373270
2022-03-24,2.67,2.71,2.64,2.67,217191,2.67,2.71,2.64,2.67,217191,2.67,2.71,2.64,2.67,217191
2022-03-25,2.65,2.70,2.61,2.64,248495,2.65,2.70,2.61,2.64,248495,2.65,2.70,2.61,2.64,248495
2022-03-28,2.62,2.64,2.60,2.61,244853,2.62,2.64,2.60,2.61,244853,2.62,2.64,2.60,2.61,244853
2022-03-29,2.59,2.62,2.56,2.58,409448,2.59,2.62,2.56,2.58,409448,2.59,2.62,2.56,2.58,409448
2022-03-30,2.55,2.58,2.51,2.55,233336,2.55,2.58,2.51,2.55,233336,2.55,2.58,2.51,2.55,233336
2022-03-31,2.59,2.60,2.57,2.58,275252,2.59,2.60,2.57,2.58,275252,2.59,2.60,2.57,2.58,275252
2022-04-01,2.51,2.55,2.47,2.52,306796,2.51,2.55,2.47,2.52,306796,2.51,2.55,2.47,2.52,306796
2022-04-04,2.50,2.53,2.47,2.49,292823,2.50,2.53,2.47,2.49,292823,2.50,2.53,2.47,2.49,292823
2022-04-05,2.39,2.42,2.37,2.40,249440,2.39,2.42,2.37,2.40,249440,2.39,2.42,2.37,2.40,249440
2022-04-06,2.32,2.35,2.28,2.32,395553,2.32,2.35,2.28,2.32,395553,2.32,2.35,2.28,2.32,395553
2022-04-07,2.32,2.34,2.29,2.31,266795,2.32,2.34,2.29,2.31,266795,2.32,2.34,2.29,2.31,266795
2022-04-08,2.25,2.26,2.24,2.25,304599,2.25,2.26,2.24,2.25,304599,2.25,2.26,2.24,2.25,304599
2022-04-11,2.34,2.37,2.31,2.34,384789,2.34,2.37,2.31,2.34,384789,2.34,2.37,2.31,2.34,384789
2022-04-12,2.30,2.32,2.28,2.30,398868,2.30,2.32,2.28,2.30,398868,2.30,2.32,2.28,2.30,398868
2022-04-13,2.33,2.35,2.30,2.33,287915,2.33,2.35,2.30,2.33,287915,2.33,2.35,2.30,2.33,287915
2022-04-14,2.32,2.34,2.31,2.33,243524,2.32,2.34,2.31,2.33,243524,2.32,2.34,2.31,2.33,243524
2022-04-15,2.31,2.35,2.27,2.31,302031,2.31,2.35,2.27,2.31,302031,2.31,2.35,2.27,2.31,302031
2022-04-18,2.33,2.36,2.30,2.33,236691,2.33,2.36,2.30,2.33,236691,2.33,2.36,2.30,2.33,236691
2022-04-19,2.32,2.34,2.29,2.32,298286,2.32,2.34,2.29,2.32,298286,2.32,2.34,2.29,2.32,298286
2022-04-20,2.30,2.33,2.26,2.30,321021,2.30,2.33,2.26,2.30,321021,2.30,2.33,2.26,2.30,321021
2022-04-21,2.26,2.29,2.23,2.25,293589,2.26,2.29,2.23,2.25,293589,2.26,2.29,2.23,2.25,293589
2022-04-22,2.26,2.30,2.23,2.27,419114,2.26,2.30,2.23,2.27,419114,2.26,2.30,2.23,2.27,419114
2022-04-25,2.25,2.27,2.22,2.24,343796,2.25,2.27,2.22,2.24,343796,2.25,2.27,2.22,2.24,343796
2022-04-26,2.16,2.18,2.14,2.14,336157,2.16,2.18,2.14,2.14,336157,2.16,2.18,2.14,2.14,336157
2022-04-27,2.10,2.13,2.07,2.10,381104,2.10,2.13,2.07,2.10,381104,2.10,2.13,2.07,2.10,381104
2022-04-28,2.15,2.16,2.13,2.14,261802,2.15,2.16,2.13,2.14,261802,2.15,2.16,2.13,2.14,261802
2022-04-29,2.10,2.12,2.08,2.09,302275,2.10,2.12,2.08,2.09,302275,2.10,2.12,2.08,2.09,302275
2022-05-02,2.13,2.16,2.11,2.14,263886,2.13,2.16,2.11,2.14,263886,2.13,2.16,2.11,2.14,263886
2022-05-03,2.16,2.19,2.13,2.15,283050,2.16,2.19,2.13,2.15,283050,2.16,2.19,2.13,2.15,283050
2022-05-04,2.04,2.06,2.02,2.05,396573,2.04,2.06,2.02,2.05,396573,2.04,2.06,2.02,2.05,396573
2022-05-05,1.97,1.99,1.95,1.96,226479,1.97,1.99,1.95,1.96,226479,1.97,1.99,1.95,1.96,226479
2022-05-06,1.96,1.98,1.94,1.96,348783,1.96,1.98,1.94,1.96,348783,1.96,1.98,1.94,1.96,348783
2022-05-09,1.96,1.98,1.94,1.96,364252,1.96,1.98,1.94,1.96,364252,1.96,1.98,1.94,1.96,364252
2022-05-10,1.93,1.95,1.92,1.93,288087,1.93,1.95,1.92,1.93,288087,1.93,1.95,1.92,1.93,288087
2022-05-11,1.91,1.93,1.89,1.91,267512,1.91,1.93,1.89,1.91,267512,1.91,1.93,1.89,1.91,267512
2022-05-12,1.94,1.95,1.92,1.93,413668,1.94,1.95,1.92,1.93,413668,1.94,1.95,1.92,1.93,413668
2022-05-13,1.95,1.97,1.93,1.94,363558,1.95,1.97,1.93,1.94,363558,1.95,1.97,1.93,1.94,363558
2022-05-16,1.96,1.99,1.94,1.97,403337,1.96,1.99,1.94,1.97,403337,1.96,1.99,1.94,1.97,403337
2022-05-17,1.92,1.94,1.91,1.93,274751,1.92,1.94,1.91,1.93,274751,1.92,1.94,1.91,1.93,274751
2022-05-18,1.93,1.95,1.91,1.92,336851,1.93,1.95,1.91,1.92,336851,1.93,1.95,1.91,1.92,336851
2022-05-19,1.88,1.90,1.86,1.88,326731,1.88,1.90,1.86,1.88,326731,1.88,1.90,1.86,1.88,326731
2022-05-20,1.89,1.93,1.85,1.89,407070,1.89,1.93,1.85,1.89,407070,1.89,1.93,1.85,1.89,407070
2022-05-23,1.89,1.92,1.86,1.87,250322,1.89,1.92,1.86,1.87,250322,1.89,1.92,1.86,1.87,250322
2022-05-24,1.90,1.92,1.88,1.90,271639,1.90,1.92,1.88,1.90,271639,1.90,1.92,1.88,1.90,271639
2022-05-25,1.95,1.96,1.95,1.95,282085,1.95,1.96,1.95,1.95,282085,1.95,1.96,1.95,1.95,282085
2022-05-26,1.97,1.98,1.96,1.97,214254,1.97,1.98,1.96,1.97,214254,1.97,1.98,1.96,1.97,214254
2022-05-27,1.97,1.99,1.94,1.96,354775,1.97,1.99,1.94,1.96,354775,1.97,1.99,1.94,1.96,354775
2022-05-30,1.97,2.00,1.94,1.99,384976,1.97,2.00,1.94,1.99,384976,1.97,2.00,1.94,1.99,384976
2022-05-31,2.01,2.03,1.98,2.00,229408,2.01,2.03,1.98,2.00,229408,2.01,2.03,1.98,2.00,229408
2022-06-01,1.95,1.97,1.93,1.95,379595,1.95,1.97,1.93,1.95,379595,1.95,1.97,1.93,1.95,379595
2022-06-02,2.02,2.04,1.99,2.01,346273,2.02,2.04,1.99,2.01,346273,2.02,2.04,1.99,2.01,346273
2022-06-03,2.01,2.03,1.98,2.00,391403,2.01,2.03,1.98,2.00,391403,2.01,2.03,1.98,2.00,391403
2022-06-06,1.94,1.96,1.93,1.95,373971,1.94,1.96,1.93,1.95,373971,1.94,1.96,1.93,1.95,373971
2022-06-07,1.95,1.97,1.93,1.95,224724,1.95,1.97,1.93,1.95,224724,1.95,1.97,1.93,1.95,224724
2022-06-08,1.91,1.93,1.89,1.91,341297,1.91,1.93,1.89,1.91,341297,1.91,1.93,1.89,1.91,341297
2022-06-09,1.88,1.91,1.85,1.88,287497,1.88,1.91,1.85,1.88,287497,1.88,1.91,1.85,1.88,287497
2022-06-10,1.92,1.93,1.90,1.92,278459,1.92,1.93,1.90,1.92,278459,1.92,1.93,1.90,1.92,278459
2022-06-13,1.94,1.94,1.94,1.94,386957,1.94,1.94,1.94,1.94,386957,1.94,1.94,1.94,1.94,386957
2022-06-14,1.95,1.97,1.92,1.95,369377,1.95,1.97,1.92,1.95,369377,1.95,1.97,1.92,1.95,369377
2022-06-15,1.89,1.91,1.87,1.91,264057,1.89,1.91,1.87,1.91,264057,1.89,1.91,1.87,1.91,264057
2022-06-16,1.97,1.99,1.94,1.96,391033,1.97,1.99,1.94,1.96,391033,1.97,1.99,1.94,1.96,391033
2022-06-17,1.90,1.92,1.88,1.91,406005,1.90,1.92,1.88,1.91,406005,1.90,1.92,1.88,1.91,406005
2022-06-20,1.91,1.94,1.87,1.90,403367,1.91,1.94,1.87,1.90,403367,1.91,1.94,1.87,1.90,403367
2022-06-21,1.87,1.89,1.85,1.86,394198,1.87,1.89,1.85,1.86,394198,1.87,1.89,1.85,1.86,394198
2022-06-22,1.83,1.87,1.80,1.84,324478,1.83,1.87,1.80,1.84,324478,1.83,1.87,1.80,1.84,324478
2022-06-23,1.84,1.86,1.83,1.84,234740,1.84,1.86,1.83,1.84,234740,1.84,1.86,1.83,1.84,234740
2022-06-24,1.84,1.86,1.83,1.86,257491,1.84,1.86,1.83,1.86,257491,1.84,1.86,1.83,1.86,257491
2022-06-27,1.85,1.87,1.83,1.84,296218,1.85,1.87,1.83,1.84,296218,1.85,1.87,1.83,1.84,296218
2022-06-28,1.87,1.89,1.85,1.86,221577,1.87,1.89,1.85,1.86,221577,1.87,1.89,1.85,1.86,221577
2022-06-29,1.91,1.92,1.90,1.91,272229,1.91,1.92,1.90,1.91,272229,1.91,1.92,1.90,1.91,272229
2022-06-30,1.88,1.90,1.85,1.88,220157,1.88,1.90,1.85,1.88,220157,1.88,1.90,1.85,1.88,220157
2022-07-01,1.96,1.98,1.94,1.96,239943,1.96,1.98,1.94,1.96,239943,1.96,1.98,1.94,1.96,239943
2022-07-04,1.90,1.91,1.89,1.89,299972,1.90,1.91,1.89,1.89,299972,1.90,1.91,1.89,1.89,299972
2022-07-05,1.92,1.95,1.89,1.91,408746,1.92,1.95,1.89,1.91,408746,1.92,1.95,1.89,1.91,408746
2022-07-06,1.90,1.92,1.87,1.90,305034,1.90,1.92,1.87,1.90,305034,1.90,1.92,1.87,1.90,305034
2022-07-07,1.89,1.91,1.87,1.90,380465,1.89,1.91,1.87,1.90,380465,1.89,1.91,1.87,1.90,380465
2022-07-08,1.84,1.87,1.80,1.84,254838,1.84,1.87,1.80,1.84,254838,1.84,1.87,1.80,1.84,254838
2022-07-11,1.84,1.86,1.83,1.84,411633,1.84,1.86,1.83,1.84,411633,1.84,1.86,1.83,1.84,411633
2022-07-12,1.85,1.86,1.83,1.86,245571,1.85,1.86,1.83,1.86,245571,1.85,1.86,1.83,1.86,245571
2022-07-13,1.85,1.86,1.84,1.84,252455,1.85,1.86,1.84,1.84,252455,1.85,1.86,1.84,1.84,252455
2022-07-14,1.83,1.86,1.81,1.84,266567,1.83,1.86,1.81,1.84,266567,1.83,1.86,1.81,1.84,266567
2022-07-15,1.84,1.87,1.81,1.83,298533,1.84,1.87,1.81,1.83,298533,1.84,1.87,1.81,1.83,298533
2022-07-18,1.87,1.89,1.85,1.86,383020,1.87,1.89,1.85,1.86,383020,1.87,1.89,1.85,1.86,383020
2022-07-19,1.83,1.85,1.82,1.82,301983,1.83,1.85,1.82,1.82,301983,1.83,1.85,1.82,1.82,301983
2022-07-20,1.86,1.89,1.83,1.86,246819,1.86,1.89,1.83,1.86,246819,1.86,1.89,1.83,1.86,246819
2022-07-21,1.85,1.88,1.83,1.86,348981,1.85,1.88,1.83,1.86,348981,1.85,1.88,1.83,1.86,348981
2022-07-22,1.84,1.85,1.82,1.83,291962,1.84,1.85,1.82,1.83,291962,1.84,1.85,1.82,1.83,291962
2022-07-25,1.86,1.88,1.84,1.85,354364,1.86,1.88,1.84,1.85,354364,1.86,1.88,1.84,1.85,354364
2022-07-26,1.83,1.85,1.81,1.81,237223,1.83,1.85,1.81,1.81,237223,1.83,1.85,1.81,1.81,237223
2022-07-27,1.76,1.77,1.75,1.76,308684,1.76,1.77,1.75,1.76,308684,1.76,1.77,1.75,1.76,308684
2022-07-28,1.74,1.76,1.73,1.75,405054,1.74,1.76,1.73,1.75,405054,1.74,1.76,1.73,1.75,405054
2022-07-29,1.70,1.73,1.68,1.70,337144,1.70,1.73,1.68,1.70,337144,1.70,1.73,1.68,1.70,337144
2022-08-01,1.64,1.65,1.63,1.64,221343,1.64,1.65,1.63,1.64,221343,1.64,1.65,1.63,1.64,221343
2022-08-02,1.68,1.70,1.65,1.67,257762,1.68,1.70,1.65,1.67,257762,1.68,1.70,1.65,1.67,257762
2022-08-03,1.71,1.72,1.69,1.71,286481,1.71,1.72,1.69,1.71,286481,1.71,1.72,1.69,1.71,286481
2022-08-04,1.78,1.80,1.77,1.79,407083,1.78,1.80,1.77,1.79,407083,1.78,1.80,1.77,1.79,407083
2022-08-05,1.83,1.85,1.81,1.82,247760,1.83,1.85,1.81,1.82,247760,1.83,1.85,1.81,1.82,247760
2022-08-08,1.78,1.80,1.77,1.78,373632,1.78,1.80,1.77,1.78,373632,1.78,1.80,1.77,1.78,373632
2022-08-09,1.79,1.82,1.77,1.79,257082,1.79,1.82,1.77,1.79,257082,1.79,1.82,1.77,1.79,257082
2022-08-10,1.81,1.83,1.79,1.80,397068,1.81,1.83,1.79,1.80,397068,1.81,1.83,1.79,1.80,397068
2022-08-11,1.73,1.75,1.71,1.73,228066,1.73,1.75,1.71,1.73,228066,1.73,1.75,1.71,1.73,228066
2022-08-12,1.77,1.80,1.75,1.77,217731,1.77,1.80,1.75,1.77,217731,1.77,1.80,1.75,1.77,217731
2022-08-15,1.78,1.80,1.76,1.77,316440,1.78,1.80,1.76,1.77,316440,1.78,1.80,1.76,1.77,316440
2022-08-16,1.74,1.76,1.72,1.74,289911,1.74,1.76,1.72,1.74,289911,1.74,1.76,1.72,1.74,289911
2022-08-17,1.74,1.77,1.71,1.74,360176,1.74,1.77,1.71,1.74,360176,1.74,1.77,1.71,1.74,360176
2022-08-18,1.73,1.75,1.71,1.73,362004,1.73,1.75,1.71,1.73,362004,1.73,1.75,1.71,1.73,362004
2022-08-19,1.71,1.73,1.69,1.71,219082,1.71,1.73,1.69,1.71,219082,1.71,1.73,1.69,1.71,219082
2022-08-22,1.68,1.70,1.67,1.69,219407,1.68,1.70,1.67,1.69,219407,1.68,1.70,1.67,1.69,219407
2022-08-23,1.64,1.65,1.63,1.65,355239,1.64,1.65,1.63,1.65,355239,1.64,1.65,1.63,1.65,355239
2022-08-24,1.67,1.70,1.64,1.66,292605,1.67,1.70,1.64,1.66,292605,1.67,1.70,1.64,1.66,292605
2022-08-25,1.74,1.76,1.71,1.73,261791,1.74,1.76,1.71,1.73,261791,1.74,1.76,1.71,1.73,261791
2022-08-26,1.75,1.76,1.73,1.74,355983,1.75,1.76,1.73,1.74,355983,1.75,1.76,1.73,1.74,355983
2022-08-29,1.76,1.77,1.75,1.75,258262,1.76,1.77,1.75,1.75,258262,1.76,1.77,1.75,1.75,258262
2022-08-30,1.78,1.80,1.76,1.78,357819,1.78,1.80,1.76,1.78,357819,1.78,1.80,1.76,1.78,357819
2022-08-31,1.74,1.75,1.73,1.75,227515,1.74,1.75,1.73,1.75,227515,1.74,1.75,1.73,1.75,227515
2022-09-01,1.73,1.74,1.72,1.73,410212,1.73,1.74,1.72,1.73,410212,1.73,1.74,1.72,1.73,410212
2022-09-02,1.77,1.80,1.75,1.77,380077,1.77,1.80,1.75,1.77,380077,1.77,1.80,1.75,1.77,380077
2022-09-05,1.76,1.77,1.74,1.76,328791,1.76,1.77,1.74,1.76,328791,1.76,1.77,1.74,1.76,328791
2022-09-06,1.72,1.73,1.71,1.71,380405,1.72,1.73,1.71,1.71,380405,1.72,1.73,1.71,1.71,380405
2022-09-07,1.72,1.75,1.70,1.72,299180,1.72,1.75,1.70,1.72,299180,1.72,1.75,1.70,1.72,299180
2022-09-08,1.76,1.79,1.73,1.76,326201,1.76,1.79,1.73,1.76,326201,1.76,1.79,1.73,1.76,326201
2022-09-09,1.81,1.84,1.79,1.80,311894,1.81,1.84,1.79,1.80,311894,1.81,1.84,1.79,1.80,311894
2022-09-12,1.82,1.84,1.79,1.82,260783,1.82,1.84,1.79,1.82,260783,1.82,1.84,1.79,1.82,260783
2022-09-13,1.82,1.84,1.80,1.82,273338,1.82,1.84,1.80,1.82,273338,1.82,1.84,1.80,1.82,273338
2022-09-14,1.79,1.81,1.77,1.79,212001,1.79,1.81,1.77,1.79,212001,1.79,1.81,1.77,1.79,212001
2022-09-15,1.81,1.84,1.79,1.80,391696,1.81,1.84,1.79,1.80,391696,1.81,1.84,1.79,1.80,391696
2022-09-16,1.76,1.78,1.73,1.76,333617,1.76,1.78,1.73,1.76,333617,1.76,1.78,1.73,1.76,333617
2022-09-19,1.84,1.86,1.82,1.84,331874,1.84,1.86,1.82,1.84,331874,1.84,1.86,1.82,1.84,331874
2022-09-20,1.82,1.83,1.81,1.82,323917,1.82,1.83,1.81,1.82,323917,1.82,1.83,1.81,1.82,323917
2022-09-21,1.82,1.84,1.80,1.82,340089,1.82,1.84,1.80,1.82,340089,1.82,1.84,1.80,1.82,340089
2022-09-22,1.79,1.81,1.78,1.79,248282,1.79,1.81,1.78,1.79,248282,1.79,1.81,1.78,1.79,248282
2022-09-23,1.83,1.84,1.81,1.82,331812,1.83,1.84,1.81,1.82,331812,1.83,1.84,1.81,1.82,331812
2022-09-26,1.77,1.79,1.76,1.77,416237,1.77,1.79,1.76,1.77,416237,1.77,1.79,1.76,1.77,416237
2022-09-27,1.76,1.79,1.74,1.76,294312,1.76,1.79,1.74,1.76,294312,1.76,1.79,1.74,1.76,294312
2022-09-28,1.77,1.78,1.75,1.76,250984,1.77,1.78,1.75,1.76,250984,1.77,1.78,1.75,1.76,250984
2022-09-29,1.73,1.75,1.72,1.72,274873,1.73,1.75,1.72,1.72,274873,1.73,1.75,1.72,1.72,274873
2022-09-30,1.74,1.76,1.72,1.75,277966,1.74,1.76,1.72,1.75,277966,1.74,1.76,1.72,1.75,277966
2022-10-03,1.77,1.79,1.74,1.76,367411,1.77,1.79,1.74,1.76,367411,1.77,1.79,1.74,1.76,367411
2022-10-04,1.71,1.73,1.69,1.71,373083,1.71,1.73,1.69,1.71,373083,1.71,1.73,1.69,1.71,373083
2022-10-05,1.76,1.78,1.74,1.76,298338,1.76,1.78,1.74,1.76,298338,1.76,1.78,1.74,1.76,298338
2022-10-06,1.76,1.78,1.74,1.77,281133,1.76,1.78,1.74,1.77,281133,1.76,1.78,1.74,1.77,281133
2022-10-07,1.74,1.76,1.73,1.74,265994,1.74,1.76,1.73,1.74,265994,1.74,1.76,1.73,1.74,265994
2022-10-10,1.69,1.70,1.68,1.69,392301,1.69,1.70,1.68,1.69,392301,1.69,1.70,1.68,1.69,392301
2022-10-11,1.65,1.66,1.63,1.64,328085,1.65,1.66,1.63,1.64,328085,1.65,1.66,1.63,1.64,328085
2022-10-12,1.63,1.65,1.60,1.63,288229,1.63,1.65,1.60,1.63,288229,1.63,1.65,1.60,1.63,288229
2022-10-13,1.60,1.62,1.58,1.61,329510,1.60,1.62,1.58,1.61,329510,1.60,1.62,1.58,1.61,329510
2022-10-14,1.58,1.59,1.57,1.57,353434,1.58,1.59,1.57,1.57,353434,1.58,1.59,1.57,1.57,353434
2022-10-17,1.55,1.56,1.54,1.55,292076,1.55,1.56,1.54,1.55,292076,1.55,1.56,1.54,1.55,292076
2022-10-18,1.53,1.54,1.52,1.52,252361,1.53,1.54,1.52,1.52,252361,1.53,1.54,1.52,1.52,252361
2022-10-19,1.54,1.57,1.52,1.54,320729,1.54,1.57,1.52,1.54,320729,1.54,1.57,1.52,1.54,320729
2022-10-20,1.53,1.54,1.53,1.54,303201,1.53,1.54,1.53,1.54,303201,1.53,1.54,1.53,1.54,303201
2022-10-21,1.53,1.55,1.52,1.53,304256,1.53,1.55,1.52,1.53,304256,1.53,1.55,1.52,1.53,304256
2022-10-24,1.56,1.57,1.55,1.55,261215,1.56,1.57,1.55,1.55,261215,1.56,1.57,1.55,1.55,261215
2022-10-25,1.54,1.56,1.52,1.54,339906,1.54,1.56,1.52,1.54,339906,1.54,1.56,1.52,1.54,339906
2022-10-26,1.53,1.55,1.51,1.53,225941,1.53,1.55,1.51,1.53,225941,1.53,1.55,1.51,1.53,225941
2022-10-27,1.51,1.53,1.50,1.51,405015,1.51,1.53,1.50,1.51,405015,1.51,1.53,1.50,1.51,405015
2022-10-28,1.49,1.50,1.47,1.48,240592,1.49,1.50,1.47,1.48,240592,1.49,1.50,1.47,1.48,240592
2022-10-31,1.47,1.48,1.46,1.48,210142,1.47,1.48,1.46,1.48,210142,1.47,1.48,1.46,1.48,210142
2022-11-01,1.51,1.52,1.50,1.51,231152,1.51,1.52,1.50,1.51,231152,1.51,1.52,1.50,1.51,231152
2022-11-02,1.45,1.46,1.43,1.45,409185,1.45,1.46,1.43,1.45,409185,1.45,1.46,1.43,1.45,409185
2022-11-03,1.47,1.49,1.45,1.47,212129,1.47,1.49,1.45,1.47,212129,1.47,1.49,1.45,1.47,212129
2022-11-04,1.48,1.49,1.47,1.48,272188,1.48,1.49,1.47,1.48,272188,1.48,1.49,1.47,1.48,272188
2022-11-07,1.47,1.49,1.45,1.47,385466,1.47,1.49,1.45,1.47,385466,1.47,1.49,1.45,1.47,385466
2022-11-08,1.47,1.48,1.46,1.47,220596,1.47,1.48,1.46,1.47,220596,1.47,1.48,1.46,1.47,220596
2022-11-09,1.47,1.49,1.45,1.47,286569,1.47,1.49,1.45,1.47,286569,1.47,1.49,1.45,1.47,286569
2022-11-10,1.46,1.47,1.44,1.45,364188,1.46,1.47,1.44,1.45,364188,1.46,1.47,1.44,1.45,364188
2022-11-11,1.45,1.46,1.43,1.44,333989,1.45,1.46,1.43,1.44,333989,1.45,1.46,1.43,1.44,333989
2022-11-14,1.46,1.48,1.45,1.46,400348,1.46,1.48,1.45,1.46,400348,1.46,1.48,1.45,1.46,400348
2022-11-15,1.47,1.48,1.46,1.46,221991,1.47,1.48,1.46,1.46,221991,1.47,1.48,1.46,1.46,221991
2022-11-16,1.43,1.45,1.42,1.44,407421,1.43,1.45,1.42,1.44,407421,1.43,1.45,1.42,1.44,407421
2022-11-17,1.45,1.45,1.45,1.45,388934,1.45,1.45,1.45,1.45,388934,1.45,1.45,1.45,1.45,388934
2022-11-18,1.46,1.48,1.45,1.46,253571,1.46,1.48,1.45,1.46,253571,1.46,1.48,1.45,1.46,253571
2022-11-21,1.50,1.52,1.48,1.49,358273,1.50,1.52,1.48,1.49,358273,1.50,1.52,1.48,1.49,358273
2022-11-22,1.47,1.48,1.46,1.47,276525,1.47,1.48,1.46,1.47,276525,1.47,1.48,1.46,1.47,276525
2022-11-23,1.49,1.51,1.47,1.49,236520,1.49,1.51,1.47,1.49,236520,1.49,1.51,1.47,1.49,236520
2022-11-24,1.47,1.49,1.45,1.47,234700,1.47,1.49,1.45,1.47,234700,1.47,1.49,1.45,1.47,234700
2022-11-25,1.44,1.46,1.42,1.44,412499,1.44,1.46,1.42,1.44,412499,1.44,1.46,1.42,1.44,412499
2022-11-28,1.39,1.41,1.37,1.40,288692,1.39,1.41,1.37,1.40,288692,1.39,1.41,1.37,1.40,288692
2022-11-29,1.40,1.41,1.39,1.39,245776,1.40,1.41,1.39,1.39,245776,1.40,1.41,1.39,1.39,245776
2022-11-30,1.39,1.41,1.37,1.40,273513,1.39,1.41,1.37,1.40,273513,1.39,1.41,1.37,1.40,273513
2022-12-01,1.40,1.40,1.39,1.40,212527,1.40,1.40,1.39,1.40,212527,1.40,1.40,1.39,1.40,212527
2022-12-02,1.44,1.45,1.43,1.44,239115,1.44,1.45,1.43,1.44,239115,1.44,1.45,1.43,1.44,239115
2022-12-05,1.48,1.51,1.45,1.49,337377,1.48,1.51,1.45,1.49,337377,1.48,1.51,1.45,1.49,337377
2022-12-06,1.49,1.51,1.48,1.49,211992,1.49,1.51,1.48,1.49,211992,1.49,1.51,1.48,1.49,211992
2022-12-07,1.51,1.52,1.49,1.50,332612,1.51,1.52,1.49,1.50,332612,1.51,1.52,1.49,1.50,332612
2022-12-08,1.55,1.57,1.53,1.55,328446,1.55,1.57,1.53,1.55,328446,1.55,1.57,1.53,1.55,328446
2022-12-09,1.56,1.57,1.55,1.55,389692,1.56,1.57,1.55,1.55,389692,1.56,1.57,1.55,1.55,389692
2022-12-12,1.58,1.59,1.56,1.57,397391,1.58,1.59,1.56,1.57,397391,1.58,1.59,1.56,1.57,397391
2022-12-13,1.51,1.54,1.48,1.51,369285,1.51,1.54,1.48,1.51,369285,1.51,1.54,1.48,1.51,369285
2022-12-14,1.53,1.54,1.52,1.53,214964,1.53,1.54,1.52,1.53,214964,1.53,1.54,1.52,1.53,214964
2022-12-15,1.57,1.58,1.55,1.56,279962,1.57,1.58,1.55,1.56,279962,1.57,1.58,1.55,1.56,279962
2022-12-16,1.55,1.56,1.53,1.56,335807,1.55,1.56,1.53,1.56,335807,1.55,1.56,1.53,1.56,335807
2022-12-19,1.55,1.57,1.53,1.55,341921,1.55,1.57,1.53,1.55,341921,1.55,1.57,1.53,1.55,341921
2022-12-20,1.57,1.59,1.56,1.57,320419,1.57,1.59,1.56,1.57,320419,1.57,1.59,1.56,1.57,320419
2022-12-21,1.58,1.60,1.55,1.58,238401,1.58,1.60,1.55,1.58,238401,1.58,1.60,1.55,1.58,238401
2022-12-22,1.59,1.61,1.58,1.59,338742,1.59,1.61,1.58,1.59,338742,1.59,1.61,1.58,1.59,338742
2022-12-23,1.59,1.61,1.57,1.59,386635,1.59,1.61,1.57,1.59,386635,1.59,1.61,1.57,1.59,386635
2022-12-26,1.54,1.56,1.51,1.54,355705,1.54,1.56,1.51,1.54,355705,1.54,1.56,1.51,1.54,355705
2022-12-27,1.53,1.55,1.51,1.53,310272,1.53,1.55,1.51,1.53,310272,1.53,1.55,1.51,1.53,310272
2022-12-28,1.54,1.56,1.52,1.53,382078,1.54,1.56,1.52,1.53,382078,1.54,1.56,1.52,1.53,382078
2022-12-29,1.55,1.57,1.53,1.54,394008,1.55,1.57,1.53,1.54,394008,1.55,1.57,1.53,1.54,394008
2022-12-30,1.53,1.54,1.52,1.53,225306,1.53,1.54,1.52,1.53,225306,1.53,1.54,1.52,1.53,225306
2023-01-02,1.54,1.56,1.53,1.55,401561,1.54,1.56,1.53,1.55,401561,1.54,1.56,1.53,1.55,401561
2023-01-03,1.58,1.60,1.57,1.59,311354,1.58,1.60,1.57,1.59,311354,1.58,1.60,1.57,1.59,311354
2023-01-04,1.62,1.65,1.60,1.61,281363,1.62,1.65,1.60,1.61,281363,1.62,1.65,1.60,1.61,281363
2023-01-05,1.56,1.58,1.54,1.56,222950,1.56,1.58,1.54,1.56,222950,1.56,1.58,1.54,1.56,222950
2023-01-06,1.54,1.55,1.52,1.53,225209,1.54,1.55,1.52,1.53,225209,1.54,1.55,1.52,1.53,225209
2023-01-09,1.50,1.52,1.48,1.50,242812,1.50,1.52,1.48,1.50,242812,1.50,1.52,1.48,1.50,242812
2023-01-10,1.46,1.48,1.44,1.45,350620,1.46,1.48,1.44,1.45,350620,1.46,1.48,1.44,1.45,350620
2023-01-11,1.40,1.41,1.39,1.39,380728,1.40,1.41,1.39,1.39,380728,1.40,1.41,1.39,1.39,380728
2023-01-12,1.38,1.40,1.37,1.39,320383,1.38,1.40,1.37,1.39,320383,1.38,1.40,1.37,1.39,320383
2023-01-13,1.41,1.43,1.40,1.41,369463,1.41,1.43,1.40,1.41,369463,1.41,1.43,1.40,1.41,369463
2023-01-16,1.41,1.42,1.40,1.40,383012,1.41,1.42,1.40,1.40,383012,1.41,1.42,1.40,1.40,383012
2023-01-17,1.36,1.38,1.35,1.36,407119,1.36,1.38,1.35,1.36,407119,1.36,1.38,1.35,1.36,407119
2023-01-18,1.38,1.39,1.36,1.39,341315,1.38,1.39,1.36,1.39,341315,1.38,1.39,1.36,1.39,341315
2023-01-19,1.42,1.43,1.40,1.41,271337,1.42,1.43,1.40,1.41,271337,1.42,1.43,1.40,1.41,271337
2023-01-20,1.42,1.44,1.40,1.42,239640,1.42,1.44,1.40,1.42,239640,1.42,1.44,1.40,1.42,239640
2023-01-23,1.39,1.41,1.37,1.39,405807,1.39,1.41,1.37,1.39,405807,1.39,1.41,1.37,1.39,405807
2023-01-24,1.43,1.44,1.41,1.42,363819,1.43,1.44,1.41,1.42,363819,1.43,1.44,1.41,1.42,363819
2023-01-25,1.43,1.44,1.41,1.42,373722,1.43,1.44,1.41,1.42,373722,1.43,1.44,1.41,1.42,373722
2023-01-26,1.43,1.45,1.41,1.44,213110,1.43,1.45,1.41,1.44,213110,1.43,1.45,1.41,1.44,213110
2023-01-27,1.48,1.50,1.46,1.48,349347,1.48,1.50,1.46,1.48,349347,1.48,1.50,1.46,1.48,349347
2023-01-30,1.53,1.55,1.51,1.52,305765,1.53,1.55,1.51,1.52,305765,1.53,1.55,1.51,1.52,305765
2023-01-31,1.53,1.54,1.52,1.53,319490,1.53,1.54,1.52,1.53,319490,1.53,1.54,1.52,1.53,319490
2023-02-01,1.52,1.54,1.50,1.53,267528,1.52,1.54,1.50,1.53,267528,1.52,1.54,1.50,1.53,267528
2023-02-02,1.52,1.53,1.51,1.52,236427,1.52,1.53,1.51,1.52,236427,1.52,1.53,1.51,1.52,236427
2023-02-03,1.51,1.53,1.49,1.51,264547,1.51,1.53,1.49,1.51,264547,1.51,1.53,1.49,1.51,264547
2023-02-06,1.51,1.53,1.49,1.51,332182,1.51,1.53,1.49,1.51,332182,1.51,1.53,1.49,1.51,332182
2023-02-07,1.52,1.53,1.51,1.53,352469,1.52,1.53,1.51,1.53,352469,1.52,1.53,1.51,1.53,352469
2023-02-08,1.50,1.52,1.48,1.50,404981,1.50,1.52,1.48,1.50,404981,1.50,1.52,1.48,1.50,404981
2023-02-09,1.47,1.48,1.46,1.47,410499,1.47,1.48,1.46,1.47,410499,1.47,1.48,1.46,1.47,410499
2023-02-10,1.46,1.47,1.45,1.45,267635,1.46,1.47,1.45,1.45,267635,1.46,1.47,1.45,1.45,267635
2023-02-13,1.49,1.50,1.47,1.48,253406,1.49,1.50,1.47,1.48,253406,1.49,1.50,1.47,1.48,253406
2023-02-14,1.48,1.50,1.46,1.49,311793,1.48,1.50,1.46,1.49,311793,1.48,1.50,1.46,1.49,311793
2023-02-15,1.46,1.47,1.44,1.46,334065,1.46,1.47,1.44,1.46,334065,1.46,1.47,1.44,1.46,334065
2023-02-16,1.47,1.48,1.46,1.47,279459,1.47,1.48,1.46,1.47,279459,1.47,1.48,1.46,1.47,279459
2023-02-17,1.42,1.43,1.41,1.42,218127,1.42,1.43,1.41,1.42,218127,1.42,1.43,1.41,1.42,218127
2023-02-20,1.46,1.47,1.44,1.45,408364,1.46,1.47,1.44,1.45,408364,1.46,1.47,1.44,1.45,408364
2023-02-21,1.41,1.42,1.40,1.41,398756,1.41,1.42,1.40,1.41,398756,1.41,1.42,1.40,1.41,398756
2023-02-22,1.40,1.41,1.39,1.40,272176,1.40,1.41,1.39,1.40,272176,1.40,1.41,1.39,1.40,272176
2023-02-23,1.44,1.46,1.42,1.44,305171,1.44,1.46,1.42,1.44,305171,1.44,1.46,1.42,1.44,305171
2023-02-24,1.43,1.45,1.42,1.44,318391,1.43,1.45,1.42,1.44,318391,1.43,1.45,1.42,1.44,318391
2023-02-27,1.44,1.46,1.42,1.44,257297,1.44,1.46,1.42,1.44,257297,1.44,1.46,1.42,1.44,257297
2023-02-28,1.42,1.43,1.40,1.41,353250,1.42,1.43,1.40,1.41,353250,1.42,1.43,1.40,1.41,353250
2023-03-01,1.37,1.39,1.36,1.37,265120,1.37,1.39,1.36,1.37,265120,1.37,1.39,1.36,1.37,265120
2023-03-02,1.41,1.43,1.40,1.41,307900,1.41,1.43,1.40,1.41,307900,1.41,1.43,1.40,1.41,307900
2023-03-03,1.40,1.42,1.39,1.41,381527,1.40,1.42,1.39,1.41,381527,1.40,1.42,1.39,1.41,381527
2023-03-06,1.43,1.44,1.42,1.43,255303,1.43,1.44,1.42,1.43,255303,1.43,1.44,1.42,1.43,255303
2023-03-07,1.43,1.45,1.41,1.43,392377,1.43,1.45,1.41,1.43,392377,1.43,1.45,1.41,1.43,392377
2023-03-08,1.46,1.47,1.44,1.45,333177,1.46,1.47,1.44,1.45,333177,1.46,1.47,1.44,1.45,333177
2023-03-09,1.50,1.52,1.48,1.50,315445,1.50,1.52,1.48,1.50,315445,1.50,1.52,1.48,1.50,315445
2023-03-10,1.49,1.50,1.48,1.49,419690,1.49,1.50,1.48,1.49,419690,1.49,1.50,1.48,1.49,419690
2023-03-13,1.47,1.49,1.46,1.48,392513,1.47,1.49,1.46,1.48,392513,1.47,1.49,1.46,1.48,392513
2023-03-14,1.43,1.44,1.41,1.42,287390,1.43,1.44,1.41,1.42,287390,1.43,1.44,1.41,1.42,287390
2023-03-15,1.43,1.46,1.41,1.43,401547,1.43,1.46,1.41,1.43,401547,1.43,1.46,1.41,1.43,401547
2023-03-16,1.44,1.45,1.42,1.44,232070,1.44,1.45,1.42,1.44,232070,1.44,1.45,1.42,1.44,232070
2023-03-17,1.49,1.51,1.48,1.49,357027,1.49,1.51,1.48,1.49,357027,1.49,1.51,1.48,1.49,357027
2023-03-20,1.46,1.48,1.45,1.46,323111,1.46,1.48,1.45,1.46,323111,1.46,1.48,1.45,1.46,323111
2023-03-21,1.46,1.48,1.44,1.45,271562,1.46,1.48,1.44,1.45,271562,1.46,1.48,1.44,1.45,271562
2023-03-22,1.45,1.46,1.43,1.44,334682,1.45,1.46,1.43,1.44,334682,1.45,1.46,1.43,1.44,334682
2023-03-23,1.47,1.49,1.45,1.47,381658,1.47,1.49,1.45,1.47,381658,1.47,1.49,1.45,1.47,381658
2023-03-24,1.47,1.48,1.46,1.47,270459,1.47,1.48,1.46,1.47,270459,1.47,1.48,1.46,1.47,270459
2023-03-27,1.45,1.47,1.44,1.44,246046,1.45,1.47,1.44,1.44,246046,1.45,1.47,1.44,1.44,246046
2023-03-28,1.47,1.49,1.46,1.47,382638,1.47,1.49,1.46,1.47,382638,1.47,1.49,1.46,1.47,382638
2023-03-29,1.45,1.46,1.44,1.46,287674,1.45,1.46,1.44,1.46,287674,1.45,1.46,1.44,1.46,287674
2023-03-30,1.48,1.49,1.46,1.48,254534,1.48,1.49,1.46,1.48,254534,1.48,1.49,1.46,1.48,254534
2023-03-31,1.49,1.50,1.48,1.49,378385,1.49,1.50,1.48,1.49,378385,1.49,1.50,1.48,1.49,378385
2023-04-03,1.45,1.47,1.43,1.45,326303,1.45,1.47,1.43,1.45,326303,1.45,1.47,1.43,1.45,326303
2023-04-04,1.48,1.51,1.46,1.48,386703,1.48,1.51,1.46,1.48,386703,1.48,1.51,1.46,1.48,386703
2023-04-05,1.48,1.50,1.46,1.48,263950,1.48,1.50,1.46,1.48,263950,1.48,1.50,1.46,1.48,263950
2023-04-06,1.49,1.51,1.47,1.49,289308,1.49,1.51,1.47,1.49,289308,1.49,1.51,1.47,1.49,289308
2023-04-07,1.48,1.49,1.47,1.48,402911,1.48,1.49,1.47,1.48,402911,1.48,1.49,1.47,1.48,402911
2023-04-10,1.47,1.48,1.45,1.46,320000,1.47,1.48,1.45,1.46,320000,1.47,1.48,1.45,1.46,320000
2023-04-11,1.47,1.49,1.46,1.47,317337,1.47,1.49,1.46,1.47,317337,1.47,1.49,1.46,1.47,317337
2023-04-12,1.47,1.49,1.44,1.47,374634,1.47,1.49,1.44,1.47,374634,1.47,1.49,1.44,1.47,374634
2023-04-13,1.47,1.49,1.46,1.47,372901,1.47,1.49,1.46,1.47,372901,1.47,1.49,1.46,1.47,372901
2023-04-14,1.46,1.47,1.45,1.46,270808,1.46,1.47,1.45,1.46,270808,1.46,1.47,1.45,1.46,270808
2023-04-17,1.44,1.46,1.42,1.44,332302,1.44,1.46,1.42,1.44,332302,1.44,1.46,1.42,1.44,332302
2023-04-18,1.45,1.47,1.43,1.45,406897,1.45,1.47,1.43,1.45,406897,1.45,1.47,1.43,1.45,406897
2023-04-19,1.44,1.46,1.43,1.44,365453,1.44,1.46,1.43,1.44,365453,1.44,1.46,1.43,1.44,365453
2023-04-20,1.43,1.45,1.41,1.43,253861,1.43,1.45,1.41,1.43,253861,1.43,1.45,1.41,1.43,253861
2023-04-21,1.42,1.44,1.40,1.42,402808,1.42,1.44,1.40,1.42,402808,1.42,1.44,1.40,1.42,402808
2023-04-24,1.42,1.44,1.40,1.42,309879,1.42,1.44,1.40,1.42,309879,1.42,1.44,1.40,1.42,309879
2023-04-25,1.43,1.45,1.42,1.43,379594,1.43,1.45,1.42,1.43,379594,1.43,1.45,1.42,1.43,379594
2023-04-26,1.41,1.42,1.40,1.41,317974,1.41,1.42,1.40,1.41,317974,1.41,1.42,1.40,1.41,317974
2023-04-27,1.45,1.46,1.44,1.44,256656,1.45,1.46,1.44,1.44,256656,1.45,1.46,1.44,1.44,256656
2023-04-28,1.45,1.47,1.44,1.45,322448,1.45,1.47,1.44,1.45,322448,1.45,1.47,1.44,1.45,322448
2023-05-01,1.45,1.47,1.43,1.44,258447,1.45,1.47,1.43,1.44,258447,1.45,1.47,1.43,1.44,258447
2023-05-02,1.45,1.47,1.43,1.45,390995,1.45,1.47,1.43,1.45,390995,1.45,1.47,1.43,1.45,390995
2023-05-03,1.45,1.46,1.43,1.45,243640,1.45,1.46,1.43,1.45,243640,1.45,1.46,1.43,1.45,243640
2023-05-04,1.41,1.43,1.38,1.41,333290,1.41,1.43,1.38,1.41,333290,1.41,1.43,1.38,1.41,333290
2023-05-05,1.44,1.46,1.43,1.45,254151,1.44,1.46,1.43,1.45,254151,1.44,1.46,1.43,1.45,254151
2023-05-08,1.44,1.47,1.41,1.43,322480,1.44,1.47,1.41,1.43,322480,1.44,1.47,1.41,1.43,322480
2023-05-09,1.40,1.41,1.39,1.39,298756,1.40,1.41,1.39,1.39,298756,1.40,1.41,1.39,1.39,298756
2023-05-10,1.42,1.43,1.41,1.41,352131,1.42,1.43,1.41,1.41,352131,1.42,1.43,1.41,1.41,352131
2023-05-11,1.38,1.40,1.36,1.38,245550,1.38,1.40,1.36,1.38,245550,1.38,1.40,1.36,1.38,245550
2023-05-12,1.37,1.40,1.35,1.38,263026,1.37,1.40,1.35,1.38,263026,1.37,1.40,1.35,1.38,263026
2023-05-15,1.33,1.35,1.30,1.33,410523,1.33,1.35,1.30,1.33,410523,1.33,1.35,1.30,1.33,410523
2023-05-16,1.33,1.35,1.32,1.34,216377,1.33,1.35,1.32,1.34,216377,1.33,1.35,1.32,1.34,216377
2023-05-17,1.34,1.36,1.32,1.34,337585,1.34,1.36,1.32,1.34,337585,1.34,1.36,1.32,1.34,337585
2023-05-18,1.35,1.37,1.32,1.34,224596,1.35,1.37,1.32,1.34,224596,1.35,1.37,1.32,1.34,224596
2023-05-19,1.38,1.39,1.37,1.38,351897,1.38,1.39,1.37,1.38,351897,1.38,1.39,1.37,1.38,351897
2023-05-22,1.38,1.39,1.37,1.38,280180,1.38,1.39,1.37,1.38,280180,1.38,1.39,1.37,1.38,280180
2023-05-23,1.37,1.39,1.36,1.37,220190,1.37,1.39,1.36,1.37,220190,1.37,1.39,1.36,1.37,220190
2023-05-24,1.37,1.39,1.35,1.37,368686,1.37,1.39,1.35,1.37,368686,1.37,1.39,1.35,1.37,368686
2023-05-25,1.37,1.39,1.35,1.37,354342,1.37,1.39,1.35,1.37,354342,1.37,1.39,1.35,1.37,354342
2023-05-26,1.36,1.37,1.35,1.35,244989,1.36,1.37,1.35,1.35,244989,1.36,1.37,1.35,1.35,244989
2023-05-29,1.34,1.36,1.33,1.34,249769,1.34,1.36,1.33,1.34,249769,1.34,1.36,1.33,1.34,249769
2023-05-30,1.33,1.34,1.31,1.33,362186,1.33,1.34,1.31,1.33,362186,1.33,1.34,1.31,1.33,362186
2023-05-31,1.37,1.39,1.35,1.37,223043,1.37,1.39,1.35,1.37,223043,1.37,1.39,1.35,1.37,223043
2023-06-01,1.35,1.36,1.33,1.35,212523,1.35,1.36,1.33,1.35,212523,1.35,1.36,1.33,1.35,212523
2023-06-02,1.31,1.32,1.30,1.31,391147,1.31,1.32,1.30,1.31,391147,1.31,1.32,1.30,1.31,391147
2023-06-05,1.33,1.34,1.32,1.32,373544,1.33,1.34,1.32,1.32,373544,1.33,1.34,1.32,1.32,373544
2023-06-06,1.32,1.33,1.31,1.31,366039,1.32,1.33,1.31,1.31,366039,1.32,1.33,1.31,1.31,366039
2023-06-07,1.32,1.33,1.31,1.32,304209,1.32,1.33,1.31,1.32,304209,1.32,1.33,1.31,1.32,304209
2023-06-08,1.32,1.33,1.30,1.32,345575,1.32,1.33,1.30,1.32,345575,1.32,1.33,1.30,1.32,345575
2023-06-09,1.35,1.37,1.33,1.34,295561,1.35,1.37,1.33,1.34,295561,1.35,1.37,1.33,1.34,295561
2023-06-12,1.36,1.39,1.34,1.36,303501,1.36,1.39,1.34,1.36,303501,1.36,1.39,1.34,1.36,303501
2023-06-13,1.34,1.36,1.32,1.34,279217,1.34,1.36,1.32,1.34,279217,1.34,1.36,1.32,1.34,279217
2023-06-14,1.34,1.36,1.32,1.34,357578,1.34,1.36,1.32,1.34,357578,1.34,1.36,1.32,1.34,357578
2023-06-15,1.32,1.34,1.30,1.32,216509,1.32,1.34,1.30,1.32,216509,1.32,1.34,1.30,1.32,216509
2023-06-16,1.32,1.33,1.31,1.32,250416,1.32,1.33,1.31,1.32,250416,1.32,1.33,1.31,1.32,250416
2023-06-19,1.33,1.34,1.32,1.33,404787,1.33,1.34,1.32,1.33,404787,1.33,1.34,1.32,1.33,404787
2023-06-20,1.33,1.34,1.31,1.32,322806,1.33,1.34,1.31,1.32,322806,1.33,1.34,1.31,1.32,322806
2023-06-21,1.29,1.31,1.28,1.29,231190,1.29,1.31,1.28,1.29,231190,1.29,1.31,1.28,1.29,231190
2023-06-22,1.30,1.32,1.29,1.30,313923,1.30,1.32,1.29,1.30,313923,1.30,1.32,1.29,1.30,313923
2023-06-23,1.27,1.29,1.26,1.28,275278,1.27,1.29,1.26,1.28,275278,1.27,1.29,1.26,1.28,275278
2023-06-26,1.29,1.31,1.28,1.29,409533,1.29,1.31,1.28,1.29,409533,1.29,1.31,1.28,1.29,409533
2023-06-27,1.26,1.28,1.24,1.26,335678,1.26,1.28,1.24,1.26,335678,1.26,1.28,1.24,1.26,335678
2023-06-28,1.26,1.28,1.25,1.27,241655,1.26,1.28,1.25,1.27,241655,1.26,1.28,1.25,1.27,241655
2023-06-29,1.29,1.29,1.28,1.29,395434,1.29,1.29,1.28,1.29,395434,1.29,1.29,1.28,1.29,395434
2023-06-30,1.32,1.33,1.30,1.31,218176,1.32,1.33,1.30,1.31,218176,1.32,1.33,1.30,1.31,218176
2023-07-03,1.27,1.28,1.25,1.26,353071,1.27,1.28,1.25,1.26,353071,1.27,1.28,1.25,1.26,353071
2023-07-04,1.26,1.28,1.25,1.26,359609,1.26,1.28,1.25,1.26,359609,1.26,1.28,1.25,1.26,359609
2023-07-05,1.30,1.32,1.29,1.31,349891,1.30,1.32,1.29,1.31,349891,1.30,1.32,1.29,1.31,349891
2023-07-06,1.29,1.31,1.28,1.29,309542,1.29,1.31,1.28,1.29,309542,1.29,1.31,1.28,1.29,309542
2023-07-07,1.34,1.35,1.33,1.33,272640,1.34,1.35,1.33,1.33,272640,1.34,1.35,1.33,1.33,272640
2023-07-10,1.32,1.34,1.31,1.32,386573,1.32,1.34,1.31,1.32,386573,1.32,1.34,1.31,1.32,386573
2023-07-11,1.37,1.38,1.36,1.36,378961,1.37,1.38,1.36,1.36,378961,1.37,1.38,1.36,1.36,378961
2023-07-12,1.35,1.35,1.34,1.34,252768,1.35,1.35,1.34,1.34,252768,1.35,1.35,1.34,1.34,252768
2023-07-13,1.34,1.36,1.32,1.34,235418,1.34,1.36,1.32,1.34,235418,1.34,1.36,1.32,1.34,235418
2023-07-14,1.34,1.36,1.32,1.35,382413,1.34,1.36,1.32,1.35,382413,1.34,1.36,1.32,1.35,382413
2023-07-17,1.33,1.36,1.31,1.34,324256,1.33,1.36,1.31,1.34,324256,1.33,1.36,1.31,1.34,324256
2023-07-18,1.33,1.33,1.32,1.32,390220,1.33,1.33,1.32,1.32,390220,1.33,1.33,1.32,1.32,390220
2023-07-19,1.31,1.32,1.29,1.31,323532,1.31,1.32,1.29,1.31,323532,1.31,1.32,1.29,1.31,323532
2023-07-20,1.36,1.38,1.34,1.36,243574,1.36,1.38,1.34,1.36,243574,1.36,1.38,1.34,1.36,243574
2023-07-21,1.35,1.36,1.33,1.35,239993,1.35,1.36,1.33,1.35,239993,1.35,1.36,1.33,1.35,239993
2023-07-24,1.38,1.39,1.37,1.38,355685,1.38,1.39,1.37,1.38,355685,1.38,1.39,1.37,1.38,355685
2023-07-25,1.38,1.40,1.36,1.37,355199,1.38,1.40,1.36,1.37,355199,1.38,1.40,1.36,1.37,355199
2023-07-26,1.41,1.43,1.39,1.41,278261,1.41,1.43,1.39,1.41,278261,1.41,1.43,1.39,1.41,278261
2023-07-27,1.43,1.45,1.41,1.43,306629,1.43,1.45,1.41,1.43,306629,1.43,1.45,1.41,1.43,306629
2023-07-28,1.45,1.47,1.43,1.45,256675,1.45,1.47,1.43,1.45,256675,1.45,1.47,1.43,1.45,256675
2023-07-31,1.43,1.45,1.41,1.43,242940,1.43,1.45,1.41,1.43,242940,1.43,1.45,1.41,1.43,242940
2023-08-01,1.45,1.46,1.43,1.45,404304,1.45,1.46,1.43,1.45,404304,1.45,1.46,1.43,1.45,404304
2023-08-02,1.45,1.45,1.44,1.44,405466,1.45,1.45,1.44,1.44,405466,1.45,1.45,1.44,1.44,405466
2023-08-03,1.40,1.42,1.39,1.40,270086,1.40,1.42,1.39,1.40,270086,1.40,1.42,1.39,1.40,270086
2023-08-04,1.37,1.38,1.36,1.37,415524,1.37,1.38,1.36,1.37,415524,1.37,1.38,1.36,1.37,415524
2023-08-07,1.40,1.41,1.39,1.40,405269,1.40,1.41,1.39,1.40,405269,1.40,1.41,1.39,1.40,405269
2023-08-08,1.42,1.44,1.40,1.41,377011,1.42,1.44,1.40,1.41,377011,1.42,1.44,1.40,1.41,377011
2023-08-09,1.38,1.40,1.35,1.37,403797,1.38,1.40,1.35,1.37,403797,1.38,1.40,1.35,1.37,403797
2023-08-10,1.38,1.38,1.38,1.38,287337,1.38,1.38,1.38,1.38,287337,1.38,1.38,1.38,1.38,287337
2023-08-11,1.39,1.41,1.37,1.40,367575,1.39,1.41,1.37,1.40,367575,1.39,1.41,1.37,1.40,367575
2023-08-14,1.43,1.45,1.40,1.42,410692,1.43,1.45,1.40,1.42,410692,1.43,1.45,1.40,1.42,410692
2023-08-15,1.42,1.43,1.41,1.42,272643,1.42,1.43,1.41,1.42,272643,1.42,1.43,1.41,1.42,272643
2023-08-16,1.44,1.47,1.42,1.44,405139,1.44,1.47,1.42,1.44,405139,1.44,1.47,1.42,1.44,405139
2023-08-17,1.42,1.43,1.41,1.41,288248,1.42,1.43,1.41,1.41,288248,1.42,1.43,1.41,1.41,288248
2023-08-18,1.47,1.49,1.46,1.46,394754,1.47,1.49,1.46,1.46,394754,1.47,1.49,1.46,1.46,394754
2023-08-21,1.47,1.48,1.46,1.47,346788,1.47,1.48,1.46,1.47,346788,1.47,1.48,1.46,1.47,346788
2023-08-22,1.41,1.43,1.39,1.41,286385,1.41,1.43,1.39,1.41,286385,1.41,1.43,1.39,1.41,286385
2023-08-23,1.39,1.41,1.36,1.39,265262,1.39,1.41,1.36,1.39,265262,1.39,1.41,1.36,1.39,265262
2023-08-24,1.38,1.40,1.37,1.38,216318,1.38,1.40,1.37,1.38,216318,1.38,1.40,1.37,1.38,216318
2023-08-25,1.41,1.43,1.39,1.41,235155,1.41,1.43,1.39,1.41,235155,1.41,1.43,1.39,1.41,235155
2023-08-28,1.40,1.41,1.39,1.39,387607,1.40,1.41,1.39,1.39,387607,1.40,1.41,1.39,1.39,387607
2023-08-29,1.38,1.39,1.37,1.39,257840,1.38,1.39,1.37,1.39,257840,1.38,1.39,1.37,1.39,257840
2023-08-30,1.44,1.45,1.42,1.43,302099,1.44,1.45,1.42,1.43,302099,1.44,1.45,1.42,1.43,302099
2023-08-31,1.41,1.42,1.40,1.41,267972,1.41,1.42,1.40,1.41,267972,1.41,1.42,1.40,1.41,267972
2023-09-01,1.46,1.48,1.45,1.46,357550,1.46,1.48,1.45,1.46,357550,1.46,1.48,1.45,1.46,357550
2023-09-04,1.48,1.49,1.47,1.48,417807,1.48,1.49,1.47,1.48,417807,1.48,1.49,1.47,1.48,417807
2023-09-05,1.48,1.50,1.47,1.48,216112,1.48,1.50,1.47,1.48,216112,1.48,1.50,1.47,1.48,216112
2023-09-06,1.51,1.52,1.50,1.51,299976,1.51,1.52,1.50,1.51,299976,1.51,1.52,1.50,1.51,299976
2023-09-07,1.52,1.53,1.50,1.51,340502,1.52,1.53,1.50,1.51,340502,1.52,1.53,1.50,1.51,340502
2023-09-08,1.51,1.53,1.49,1.50,318386,1.51,1.53,1.49,1.50,318386,1.51,1.53,1.49,1.50,318386
2023-09-11,1.51,1.53,1.49,1.51,221470,1.51,1.53,1.49,1.51,221470,1.51,1.53,1.49,1.51,221470
2023-09-12,1.50,1.51,1.49,1.50,314630,1.50,1.51,1.49,1.50,314630,1.50,1.51,1.49,1.50,314630
2023-09-13,1.50,1.51,1.49,1.51,328522,1.50,1.51,1.49,1.51,328522,1.50,1.51,1.49,1.51,328522
2023-09-14,1.51,1.53,1.50,1.51,278557,1.51,1.53,1.50,1.51,278557,1.51,1.53,1.50,1.51,278557
2023-09-15,1.54,1.55,1.52,1.53,316905,1.54,1.55,1.52,1.53,316905,1.54,1.55,1.52,1.53,316905
2023-09-18,1.54,1.55,1.53,1.54,233997,1.54,1.55,1.53,1.54,233997,1.54,1.55,1.53,1.54,233997
2023-09-19,1.59,1.61,1.57,1.59,348708,1.59,1.61,1.57,1.59,348708,1.59,1.61,1.57,1.59,348708
2023-09-20,1.62,1.64,1.60,1.62,255065,1.62,1.64,1.60,1.62,255065,1.62,1.64,1.60,1.62,255065
2023-09-21,1.59,1.60,1.57,1.59,403071,1.59,1.60,1.57,1.59,403071,1.59,1.60,1.57,1.59,403071
2023-09-22,1.56,1.58,1.54,1.56,302629,1.56,1.58,1.54,1.56,302629,1.56,1.58,1.54,1.56,302629
2023-09-25,1.57,1.58,1.55,1.56,409072,1.57,1.58,1.55,1.56,409072,1.57,1.58,1.55,1.56,409072
2023-09-26,1.58,1.60,1.55,1.57,370398,1.58,1.60,1.55,1.57,370398,1.58,1.60,1.55,1.57,370398
2023-09-27,1.63,1.64,1.61,1.62,416027,1.63,1.64,1.61,1.62,416027,1.63,1.64,1.61,1.62,416027
2023-09-28,1.62,1.63,1.61,1.61,293733,1.62,1.63,1.61,1.61,293733,1.62,1.63,1.61,1.61,293733
2023-09-29,1.61,1.64,1.58,1.61,214970,1.61,1.64,1.58,1.61,214970,1.61,1.64,1.58,1.61,214970
2023-10-02,1.62,1.64,1.60,1.63,403237,1.62,1.64,1.60,1.63,403237,1.62,1.64,1.60,1.63,403237
2023-10-03,1.63,1.64,1.61,1.63,410142,1.63,1.64,1.61,1.63,410142,1.63,1.64,1.61,1.63,410142
2023-10-04,1.59,1.61,1.58,1.59,320610,1.59,1.61,1.58,1.59,320610,1.59,1.61,1.58,1.59,320610
2023-10-05,1.63,1.64,1.63,1.63,358115,1.63,1.64,1.63,1.63,358115,1.63,1.64,1.63,1.63,358115
2023-10-06,1.64,1.64,1.63,1.64,409903,1.64,1.64,1.63,1.64,409903,1.64,1.64,1.63,1.64,409903
2023-10-09,1.68,1.70,1.66,1.68,375139,1.68,1.70,1.66,1.68,375139,1.68,1.70,1.66,1.68,375139
2023-10-10,1.71,1.72,1.70,1.71,356063,1.71,1.72,1.70,1.71,356063,1.71,1.72,1.70,1.71,356063
2023-10-11,1.78,1.79,1.77,1.77,249236,1.78,1.79,1.77,1.77,249236,1.78,1.79,1.77,1.77,249236
2023-10-12,1.75,1.77,1.72,1.75,236847,1.75,1.77,1.72,1.75,236847,1.75,1.77,1.72,1.75,236847
2023-10-13,1.79,1.82,1.76,1.80,319635,1.79,1.82,1.76,1.80,319635,1.79,1.82,1.76,1.80,319635
2023-10-16,1.84,1.87,1.81,1.83,247245,1.84,1.87,1.81,1.83,247245,1.84,1.87,1.81,1.83,247245
2023-10-17,1.84,1.88,1.81,1.83,278469,1.84,1.88,1.81,1.83,278469,1.84,1.88,1.81,1.83,278469
2023-10-18,1.84,1.86,1.82,1.85,221125,1.84,1.86,1.82,1.85,221125,1.84,1.86,1.82,1.85,221125
2023-10-19,1.89,1.90,1.87,1.88,340832,1.89,1.90,1.87,1.88,340832,1.89,1.90,1.87,1.88,340832
2023-10-20,1.91,1.92,1.90,1.91,227164,1.91,1.92,1.90,1.91,227164,1.91,1.92,1.90,1.91,227164
2023-10-23,1.84,1.86,1.81,1.83,361843,1.84,1.86,1.81,1.83,361843,1.84,1.86,1.81,1.83,361843
2023-10-24,1.82,1.84,1.79,1.82,210777,1.82,1.84,1.79,1.82,210777,1.82,1.84,1.79,1.82,210777
2023-10-25,1.83,1.85,1.82,1.83,380988,1.83,1.85,1.82,1.83,380988,1.83,1.85,1.82,1.83,380988
2023-10-26,1.83,1.84,1.81,1.84,259598,1.83,1.84,1.81,1.84,259598,1.83,1.84,1.81,1.84,259598
2023-10-27,1.90,1.93,1.88,1.90,297212,1.90,1.93,1.88,1.90,297212,1.90,1.93,1.88,1.90,297212
2023-10-30,1.92,1.96,1.89,1.93,346918,1.92,1.96,1.89,1.93,346918,1.92,1.96,1.89,1.93,346918
2023-10-31,1.94,1.97,1.91,1.94,397401,1.94,1.97,1.91,1.94,397401,1.94,1.97,1.91,1.94,397401
2023-11-01,1.98,2.01,1.96,1.98,411552,1.98,2.01,1.96,1.98,411552,1.98,2.01,1.96,1.98,411552
2023-11-02,1.96,1.98,1.94,1.97,388955,1.96,1.98,1.94,1.97,388955,1.96,1.98,1.94,1.97,388955
2023-11-03,1.96,1.98,1.93,1.94,392693,1.96,1.98,1.93,1.94,392693,1.96,1.98,1.93,1.94,392693
2023-11-06,1.92,1.94,1.90,1.91,347287,1.92,1.94,1.90,1.91,347287,1.92,1.94,1.90,1.91,347287
2023-11-07,1.93,1.95,1.91,1.93,257561,1.93,1.95,1.91,1.93,257561,1.93,1.95,1.91,1.93,257561
2023-11-08,1.94,1.96,1.91,1.94,410782,1.94,1.96,1.91,1.94,410782,1.94,1.96,1.91,1.94,410782
2023-11-09,1.94,1.96,1.92,1.93,318636,1.94,1.96,1.92,1.93,318636,1.94,1.96,1.92,1.93,318636
2023-11-10,1.97,2.00,1.95,1.97,273587,1.97,2.00,1.95,1.97,273587,1.97,2.00,1.95,1.97,273587
2023-11-13,1.95,1.99,1.92,1.96,353780,1.95,1.99,1.92,1.96,353780,1.95,1.99,1.92,1.96,353780
2023-11-14,2.00,2.03,1.98,2.00,292356,2.00,2.03,1.98,2.00,292356,2.00,2.03,1.98,2.00,292356
2023-11-15,2.04,2.06,2.02,2.03,413073,2.04,2.06,2.02,2.03,413073,2.04,2.06,2.02,2.03,413073
2023-11-16,2.02,2.04,2.00,2.03,381156,2.02,2.04,2.00,2.03,381156,2.02,2.04,2.00,2.03,381156
2023-11-17,2.08,2.09,2.06,2.07,267911,2.08,2.09,2.06,2.07,267911,2.08,2.09,2.06,2.07,267911
2023-11-20,2.06,2.09,2.03,2.06,322855,2.06,2.09,2.03,2.06,322855,2.06,2.09,2.03,2.06,322855
2023-11-21,2.05,2.08,2.03,2.05,226630,2.05,2.08,2.03,2.05,226630,2.05,2.08,2.03,2.05,226630
2023-11-22,2.01,2.03,1.99,2.01,400770,2.01,2.03,1.99,2.01,400770,2.01,2.03,1.99,2.01,400770
2023-11-23,1.98,2.01,1.96,1.98,327302,1.98,2.01,1.96,1.98,327302,1.98,2.01,1.96,1.98,327302
2023-11-24,1.99,2.02,1.97,1.99,338490,1.99,2.02,1.97,1.99,338490,1.99,2.02,1.97,1.99,338490
2023-11-27,2.01,2.04,1.97,2.01,284633,2.01,2.04,1.97,2.01,284633,2.01,2.04,1.97,2.01,284633
2023-11-28,1.98,2.00,1.95,1.98,333383,1.98,2.00,1.95,1.98,333383,1.98,2.00,1.95,1.98,333383
2023-11-29,1.92,1.95,1.89,1.92,346888,1.92,1.95,1.89,1.92,346888,1.92,1.95,1.89,1.92,346888
2023-11-30,1.95,1.98,1.93,1.95,363652,1.95,1.98,1.93,1.95,363652,1.95,1.98,1.93,1.95,363652
2023-12-01,1.92,1.94,1.89,1.92,376637,1.92,1.94,1.89,1.92,376637,1.92,1.94,1.89,1.92,376637
2023-12-04,1.93,1.94,1.91,1.93,411578,1.93,1.94,1.91,1.93,411578,1.93,1.94,1.91,1.93,411578
2023-12-05,1.95,1.98,1.92,1.95,331959,1.95,1.98,1.92,1.95,331959,1.95,1.98,1.92,1.95,331959
2023-12-06,1.97,1.99,1.94,1.97,287165,1.97,1.99,1.94,1.97,287165,1.97,1.99,1.94,1.97,287165
2023-12-07,1.94,1.96,1.92,1.95,288394,1.94,1.96,1.92,1.95,288394,1.94,1.96,1.92,1.95,288394
2023-12-08,1.95,1.98,1.91,1.95,297581,1.95,1.98,1.91,1.95,297581,1.95,1.98,1.91,1.95,297581
2023-12-11,1.96,2.00,1.93,1.95,417897,1.96,2.00,1.93,1.95,417897,1.96,2.00,1.93,1.95,417897
2023-12-12,1.95,1.98,1.92,1.95,266812,1.95,1.98,1.92,1.95,266812,1.95,1.98,1.92,1.95,266812
2023-12-13,1.93,1.95,1.91,1.93,415297,1.93,1.95,1.91,1.93,415297,1.93,1.95,1.91,1.93,415297
2023-12-14,1.93,1.94,1.91,1.92,216803,1.93,1.94,1.91,1.92,216803,1.93,1.94,1.91,1.92,216803
2023-12-15,1.91,1.93,1.89,1.91,300593,1.91,1.93,1.89,1.91,300593,1.91,1.93,1.89,1.91,300593
2023-12-18,1.82,1.83,1.81,1.82,246389,1.82,1.83,1.81,1.82,246389,1.82,1.83,1.81,1.82,246389
2023-12-19,1.84,1.88,1.81,1.84,367875,1.84,1.88,1.81,1.84,367875,1.84,1.88,1.81,1.84,367875
2023-12-20,1.84,1.86,1.82,1.83,249340,1.84,1.86,1.82,1.83,249340,1.84,1.86,1.82,1.83,249340
2023-12-21,1.76,1.78,1.73,1.75,266984,1.76,1.78,1.73,1.75,266984,1.76,1.78,1.73,1.75,266984
2023-12-22,1.69,1.71,1.67,1.69,350282,1.69,1.71,1.67,1.69,350282,1.69,1.71,1.67,1.69,350282
2023-12-25,1.63,1.65,1.61,1.63,285661,1.63,1.65,1.61,1.63,285661,1.63,1.65,1.61,1.63,285661
2023-12-26,1.60,1.62,1.58,1.60,415465,1.60,1.62,1.58,1.60,415465,1.60,1.62,1.58,1.60,415465
2023-12-27,1.60,1.62,1.59,1.60,352891,1.60,1.62,1.59,1.60,352891,1.60,1.62,1.59,1.60,352891
2023-12-28,1.60,1.61,1.59,1.60,308050,1.60,1.61,1.59,1.60,308050,1.60,1.61,1.59,1.60,308050
2023-12-29,1.60,1.61,1.59,1.60,406411,1.60,1.61,1.59,1.60,406411,1.60,1.61,1.59,1.60,406411
