Date,Open,High,Low,Close,Volume,UnadjustedOpen,UnadjustedHigh,UnadjustedLow,UnadjustedClose,UnadjustedVolume,AdjustedOpen,AdjustedHigh,AdjustedLow,AdjustedClose,AdjustedVolume
2018-01-02,85.35,86.32,84.38,84.85,30228773,85.35,86.32,84.38,84.85,30228773,85.35,86.32,84.38,84.85,30228773
2018-01-03,83.98,84.41,83.54,84.34,35251862,83.98,84.41,83.54,84.34,35251862,83.98,84.41,83.54,84.34,35251862
2018-01-04,84.99,86.18,83.81,85.19,23296474,84.99,86.18,83.81,85.19,23296474,84.99,86.18,83.81,85.19,23296474
2018-01-05,85.86,86.22,85.49,85.90,32959130,85.86,86.22,85.49,85.90,32959130,85.86,86.22,85.49,85.90,32959130
2018-01-08,86.56,87.55,85.57,86.99,23626867,86.56,87.55,85.57,86.99,23626867,86.56,87.55,85.57,86.99,23626867
2018-01-09,87.68,88.44,86.92,87.32,40873952,87.68,88.44,86.92,87.32,40873952,87.68,88.44,86.92,87.32,40873952
2018-01-10,84.42,85.31,83.53,84.66,38575484,84.42,85.31,83.53,84.66,38575484,84.42,85.31,83.53,84.66,38575484
2018-01-11,85.32,86.12,84.53,84.99,38232105,85.32,86.12,84.53,84.99,38232105,85.32,86.12,84.53,84.99,38232105
2018-01-12,83.50,84.27,82.72,83.60,32767322,83.50,84.27,82.72,83.60,32767322,83.50,84.27,82.72,83.60,32767322
2018-01-15,79.85,80.83,78.87,80.20,33866371,79.85,80.83,78.87,80.20,33866371,79.85,80.83,78.87,80.20,33866371
2018-01-16,82.89,83.98,81.80,82.08,22777624,82.89,83.98,81.80,82.08,22777624,82.89,83.98,81.80,82.08,22777624
2018-01-17,83.40,84.18,82.63,83.30,31504157,83.40,84.18,82.63,83.30,31504157,83.40,84.18,82.63,83.30,31504157
2018-01-18,84.51,85.48,83.53,84.12,29497729,84.51,85.48,83.53,84.12,29497729,84.51,85.48,83.53,84.12,29497729
2018-01-19,85.88,86.47,85.29,85.97,22285550,85.88,86.47,85.29,85.97,22285550,85.88,86.47,85.29,85.97,22285550
2018-01-22,86.51,87.31,85.71,86.27,38422520,86.51,87.31,85.71,86.27,38422520,86.51,87.31,85.71,86.27,38422520
2018-01-23,87.73,88.77,86.68,87.61,29587472,87.73,88.77,86.68,87.61,29587472,87.73,88.77,86.68,87.61,29587472
2018-01-24,87.70,88.93,86.48,86.99,24961277,87.70,88.93,86.48,86.99,24961277,87.70,88.93,86.48,86.99,24961277
2018-01-25,91.00,92.92,89.07,90.38,38022681,91.00,92.92,89.07,90.38,38022681,91.00,92.92,89.07,90.38,38022681
2018-01-26,92.14,93.51,90.78,91.85,31506408,92.14,93.51,90.78,91.85,31506408,92.14,93.51,90.78,91.85,31506408
2018-01-29,91.11,92.00,90.22,90.96,32388299,91.11,92.00,90.22,90.96,32388299,91.11,92.00,90.22,90.96,32388299
2018-01-30,91.35,92.59,90.11,91.78,40249505,91.35,92.59,90.11,91.78,40249505,91.35,92.59,90.11,91.78,40249505
2018-01-31,92.95,94.49,91.41,92.90,29281164,92.95,94.49,91.41,92.90,29281164,92.95,94.49,91.41,92.90,29281164
2018-02-01,96.13,97.67,94.60,96.33,31959108,96.13,97.67,94.60,96.33,31959108,96.13,97.67,94.60,96.33,31959108
2018-02-02,95.47,96.82,94.12,95.44,39790002,95.47,96.82,94.12,95.44,39790002,95.47,96.82,94.12,95.44,39790002
2018-02-05,93.83,95.18,92.47,93.81,27723805,93.83,95.18,92.47,93.81,27723805,93.83,95.18,92.47,93.81,27723805
2018-02-06,93.92,94.84,92.99,94.20,34120703,93.92,94.84,92.99,94.20,34120703,93.92,94.84,92.99,94.20,34120703
2018-02-07,92.57,93.22,91.91,92.40,39940238,92.57,93.22,91.91,92.40,39940238,92.57,93.22,91.91,92.40,39940238
2018-02-08,91.48,92.02,90.93,91.58,30416565,91.48,92.02,90.93,91.58,30416565,91.48,92.02,90.93,91.58,30416565
2018-02-09,93.46,94.28,92.64,93.55,39081701,93.46,94.28,92.64,93.55,39081701,93.46,94.28,92.64,93.55,39081701
2018-02-12,94.16,94.97,93.35,94.40,35503078,94.16,94.97,93.35,94.40,35503078,94.16,94.97,93.35,94.40,35503078
2018-02-13,98.37,99.47,97.28,98.19,39924730,98.37,99.47,97.28,98.19,39924730,98.37,99.47,97.28,98.19,39924730
2018-02-14,99.66,101.16,98.16,99.99,33667665,99.66,101.16,98.16,99.99,33667665,99.66,101.16,98.16,99.99,33667665
2018-02-15,99.38,100.77,97.99,99.52,22182999,99.38,100.77,97.99,99.52,22182999,99.38,100.77,97.99,99.52,22182999
2018-02-16,97.11,98.06,96.15,96.92,27986494,97.11,98.06,96.15,96.92,27986494,97.11,98.06,96.15,96.92,27986494
2018-02-19,94.04,95.10,92.99,94.17,31805993,94.04,95.10,92.99,94.17,31805993,94.04,95.10,92.99,94.17,31805993
2018-02-20,92.94,93.58,92.30,92.75,33427966,92.94,93.58,92.30,92.75,33427966,92.94,93.58,92.30,92.75,33427966
2018-02-21,94.27,95.73,92.82,94.21,31016830,94.27,95.73,92.82,94.21,31016830,94.27,95.73,92.82,94.21,31016830
2018-02-22,96.36,97.36,95.35,96.37,34050753,96.36,97.36,95.35,96.37,34050753,96.36,97.36,95.35,96.37,34050753
2018-02-23,97.26,98.37,96.15,96.47,34498843,97.26,98.37,96.15,96.47,34498843,97.26,98.37,96.15,96.47,34498843
2018-02-26,95.25,96.57,93.93,95.07,28189016,95.25,96.57,93.93,95.07,28189016,95.25,96.57,93.93,95.07,28189016
2018-02-27,96.19,97.62,94.76,95.75,31870226,96.19,97.62,94.76,95.75,31870226,96.19,97.62,94.76,95.75,31870226
2018-02-28,97.97,99.53,96.40,97.61,41258500,97.97,99.53,96.40,97.61,41258500,97.97,99.53,96.40,97.61,41258500
2018-03-01,98.16,99.32,97.00,97.80,22966807,98.16,99.32,97.00,97.80,22966807,98.16,99.32,97.00,97.80,22966807
2018-03-02,102.18,103.71,100.65,102.10,27545770,102.18,103.71,100.65,102.10,27545770,102.18,103.71,100.65,102.10,27545770
2018-03-05,103.62,104.78,102.45,103.79,40655878,103.62,104.78,102.45,103.79,40655878,103.62,104.78,102.45,103.79,40655878
2018-03-06,100.53,101.87,99.19,101.08,35480218,100.53,101.87,99.19,101.08,35480218,100.53,101.87,99.19,101.08,35480218
2018-03-07,99.06,99.59,98.52,98.85,22032377,99.06,99.59,98.52,98.85,22032377,99.06,99.59,98.52,98.85,22032377
2018-03-08,101.56,102.57,100.55,101.33,37002687,101.56,102.57,100.55,101.33,37002687,101.56,102.57,100.55,101.33,37002687
2018-03-09,103.82,104.97,102.67,103.65,25978478,103.82,104.97,102.67,103.65,25978478,103.82,104.97,102.67,103.65,25978478
2018-03-12,103.07,103.98,102.15,103.14,41036764,103.07,103.98,102.15,103.14,41036764,103.07,103.98,102.15,103.14,41036764
2018-03-13,103.63,104.95,102.30,103.73,21112329,103.63,104.95,102.30,103.73,21112329,103.63,104.95,102.30,103.73,21112329
2018-03-14,104.15,105.46,102.84,104.01,23934132,104.15,105.46,102.84,104.01,23934132,104.15,105.46,102.84,104.01,23934132
2018-03-15,103.66,104.60,102.73,103.80,32076586,103.66,104.60,102.73,103.80,32076586,103.66,104.60,102.73,103.80,32076586
2018-03-16,105.52,106.92,104.11,105.29,25381690,105.52,106.92,104.11,105.29,25381690,105.52,106.92,104.11,105.29,25381690
2018-03-19,104.74,105.65,103.83,104.28,36455025,104.74,105.65,103.83,104.28,36455025,104.74,105.65,103.83,104.28,36455025
2018-03-20,105.54,106.12,104.97,105.04,33588041,105.54,106.12,104.97,105.04,33588041,105.54,106.12,104.97,105.04,33588041
2018-03-21,105.79,107.04,104.54,106.15,24323944,105.79,107.04,104.54,106.15,24323944,105.79,107.04,104.54,106.15,24323944
2018-03-22,103.65,104.69,102.60,103.84,29932486,103.65,104.69,102.60,103.84,29932486,103.65,104.69,102.60,103.84,29932486
2018-03-23,105.22,106.30,104.13,105.48,39728224,105.22,106.30,104.13,105.48,39728224,105.22,106.30,104.13,105.48,39728224
2018-03-26,105.48,106.43,104.53,104.93,22842070,105.48,106.43,104.53,104.93,22842070,105.48,106.43,104.53,104.93,22842070
2018-03-27,107.51,108.80,106.21,107.93,26933358,107.51,108.80,106.21,107.93,26933358,107.51,108.80,106.21,107.93,26933358
2018-03-28,110.90,111.82,109.97,110.94,36099479,110.90,111.82,109.97,110.94,36099479,110.90,111.82,109.97,110.94,36099479
2018-03-29,115.14,116.18,114.10,114.78,28018522,115.14,116.18,114.10,114.78,28018522,115.14,116.18,114.10,114.78,28018522
2018-03-30,112.64,113.89,111.39,112.53,31882585,112.64,113.89,111.39,112.53,31882585,112.64,113.89,111.39,112.53,31882585
2018-04-02,111.76,112.97,110.55,111.66,28180624,111.76,112.97,110.55,111.66,28180624,111.76,112.97,110.55,111.66,28180624
2018-04-03,113.01,115.25,110.76,113.14,25605728,113.01,115.25,110.76,113.14,25605728,113.01,115.25,110.76,113.14,25605728
2018-04-04,117.19,118.00,116.39,117.11,21794223,117.19,118.00,116.39,117.11,21794223,117.19,118.00,116.39,117.11,21794223
2018-04-05,115.40,116.36,114.43,115.39,23246816,115.40,116.36,114.43,115.39,23246816,115.40,116.36,114.43,115.39,23246816
2018-04-06,117.30,118.68,115.93,117.01,25828286,117.30,118.68,115.93,117.01,25828286,117.30,118.68,115.93,117.01,25828286
2018-04-09,114.79,115.61,113.98,115.19,40751283,114.79,115.61,113.98,115.19,40751283,114.79,115.61,113.98,115.19,40751283
2018-04-10,116.33,117.49,115.17,115.60,29648898,116.33,117.49,115.17,115.60,29648898,116.33,117.49,115.17,115.60,29648898
2018-04-11,112.06,113.67,110.44,112.53,38991329,112.06,113.67,110.44,112.53,38991329,112.06,113.67,110.44,112.53,38991329
2018-04-12,112.80,113.91,111.69,112.31,25209850,112.80,113.91,111.69,112.31,25209850,112.80,113.91,111.69,112.31,25209850
2018-04-13,112.54,113.29,111.79,112.69,39407770,112.54,113.29,111.79,112.69,39407770,112.54,113.29,111.79,112.69,39407770
2018-04-16,111.81,113.15,110.47,112.49,29044457,111.81,113.15,110.47,112.49,29044457,111.81,113.15,110.47,112.49,29044457
2018-04-17,114.24,115.86,112.63,114.37,30229663,114.24,115.86,112.63,114.37,30229663,114.24,115.86,112.63,114.37,30229663
2018-04-18,114.14,115.30,112.98,114.36,38475412,114.14,115.30,112.98,114.36,38475412,114.14,115.30,112.98,114.36,38475412
2018-04-19,116.69,117.67,115.72,116.88,21286437,116.69,117.67,115.72,116.88,21286437,116.69,117.67,115.72,116.88,21286437
2018-04-20,119.27,120.06,118.48,119.27,31408732,119.27,120.06,118.48,119.27,31408732,119.27,120.06,118.48,119.27,31408732
2018-04-23,121.50,121.81,121.19,121.44,25858323,121.50,121.81,121.19,121.44,25858323,121.50,121.81,121.19,121.44,25858323
2018-04-24,121.09,122.15,120.04,120.91,28514664,121.09,122.15,120.04,120.91,28514664,121.09,122.15,120.04,120.91,28514664
2018-04-25,118.50,120.12,116.88,118.64,32415507,118.50,120.12,116.88,118.64,32415507,118.50,120.12,116.88,118.64,32415507
2018-04-26,116.97,118.59,115.35,116.28,22135000,116.97,118.59,115.35,116.28,22135000,116.97,118.59,115.35,116.28,22135000
2018-04-27,117.95,119.32,116.58,116.67,39644170,117.95,119.32,116.58,116.67,39644170,117.95,119.32,116.58,116.67,39644170
2018-04-30,115.78,116.41,115.14,115.78,24160405,115.78,116.41,115.14,115.78,24160405,115.78,116.41,115.14,115.78,24160405
2018-05-01,112.98,114.62,111.34,112.47,30272214,112.98,114.62,111.34,112.47,30272214,112.98,114.62,111.34,112.47,30272214
2018-05-02,115.14,116.38,113.91,115.01,26411609,115.14,116.38,113.91,115.01,26411609,115.14,116.38,113.91,115.01,26411609
2018-05-03,118.91,120.56,117.26,119.02,25644100,118.91,120.56,117.26,119.02,25644100,118.91,120.56,117.26,119.02,25644100
2018-05-04,120.76,121.98,119.53,120.91,29290282,120.76,121.98,119.53,120.91,29290282,120.76,121.98,119.53,120.91,29290282
2018-05-07,120.68,122.31,119.05,120.24,29671135,120.68,122.31,119.05,120.24,29671135,120.68,122.31,119.05,120.24,29671135
2018-05-08,119.36,120.46,118.26,119.00,23389001,119.36,120.46,118.26,119.00,23389001,119.36,120.46,118.26,119.00,23389001
2018-05-09,120.85,122.38,119.33,119.89,35953512,120.85,122.38,119.33,119.89,35953512,120.85,122.38,119.33,119.89,35953512
2018-05-10,118.81,120.42,117.19,118.70,33531183,118.81,120.42,117.19,118.70,33531183,118.81,120.42,117.19,118.70,33531183
2018-05-11,120.19,120.90,119.49,120.19,23559673,120.19,120.90,119.49,120.19,23559673,120.19,120.90,119.49,120.19,23559673
2018-05-14,126.36,127.72,125.00,126.02,28633804,126.36,127.72,125.00,126.02,28633804,126.36,127.72,125.00,126.02,28633804
2018-05-15,121.41,123.05,119.77,121.14,24442326,121.41,123.05,119.77,121.14,24442326,121.41,123.05,119.77,121.14,24442326
2018-05-16,118.67,120.30,117.04,119.07,40570167,118.67,120.30,117.04,119.07,40570167,118.67,120.30,117.04,119.07,40570167
2018-05-17,121.21,122.39,120.02,120.85,22199787,121.21,122.39,120.02,120.85,22199787,121.21,122.39,120.02,120.85,22199787
2018-05-18,121.25,123.17,119.33,121.13,24156523,121.25,123.17,119.33,121.13,24156523,121.25,123.17,119.33,121.13,24156523
2018-05-21,122.33,123.32,121.34,122.32,30837686,122.33,123.32,121.34,122.32,30837686,122.33,123.32,121.34,122.32,30837686
2018-05-22,121.43,123.07,119.79,121.56,41635701,121.43,123.07,119.79,121.56,41635701,121.43,123.07,119.79,121.56,41635701
2018-05-23,120.95,122.10,119.81,121.28,40022837,120.95,122.10,119.81,121.28,40022837,120.95,122.10,119.81,121.28,40022837
2018-05-24,118.86,120.21,117.50,118.76,36365811,118.86,120.21,117.50,118.76,36365811,118.86,120.21,117.50,118.76,36365811
2018-05-25,118.93,120.15,117.70,119.27,25431141,118.93,120.15,117.70,119.27,25431141,118.93,120.15,117.70,119.27,25431141
2018-05-28,117.05,118.97,115.14,117.16,37463003,117.05,118.97,115.14,117.16,37463003,117.05,118.97,115.14,117.16,37463003
2018-05-29,117.21,118.84,115.58,116.61,38611058,117.21,118.84,115.58,116.61,38611058,117.21,118.84,115.58,116.61,38611058
2018-05-30,114.80,115.98,113.61,114.22,23452886,114.80,115.98,113.61,114.22,23452886,114.80,115.98,113.61,114.22,23452886
2018-05-31,112.06,112.86,111.27,112.01,30561904,112.06,112.86,111.27,112.01,30561904,112.06,112.86,111.27,112.01,30561904
2018-06-01,115.04,116.06,114.02,114.05,36887310,115.04,116.06,114.02,114.05,36887310,115.04,116.06,114.02,114.05,36887310
2018-06-04,116.85,118.07,115.64,116.17,21833935,116.85,118.07,115.64,116.17,21833935,116.85,118.07,115.64,116.17,21833935
2018-06-05,116.73,117.99,115.46,115.90,35218548,116.73,117.99,115.46,115.90,35218548,116.73,117.99,115.46,115.90,35218548
2018-06-06,116.90,118.60,115.20,117.28,33972265,116.90,118.60,115.20,117.28,33972265,116.90,118.60,115.20,117.28,33972265
2018-06-07,119.14,120.79,117.49,119.42,37828393,119.14,120.79,117.49,119.42,37828393,119.14,120.79,117.49,119.42,37828393
2018-06-08,119.36,120.10,118.61,119.52,29527725,119.36,120.10,118.61,119.52,29527725,119.36,120.10,118.61,119.52,29527725
2018-06-11,118.42,120.32,116.52,118.53,28423027,118.42,120.32,116.52,118.53,28423027,118.42,120.32,116.52,118.53,28423027
2018-06-12,118.41,119.55,117.27,118.88,23294868,118.41,119.55,117.27,118.88,23294868,118.41,119.55,117.27,118.88,23294868
2018-06-13,118.69,120.23,117.16,118.76,28275855,118.69,120.23,117.16,118.76,28275855,118.69,120.23,117.16,118.76,28275855
2018-06-14,117.38,119.08,115.68,117.92,23115810,117.38,119.08,115.68,117.92,23115810,117.38,119.08,115.68,117.92,23115810
2018-06-15,117.80,119.05,116.54,117.74,37828802,117.80,119.05,116.54,117.74,37828802,117.80,119.05,116.54,117.74,37828802
2018-06-18,117.95,118.45,117.44,118.01,25924164,117.95,118.45,117.44,118.01,25924164,117.95,118.45,117.44,118.01,25924164
2018-06-19,124.26,124.88,123.63,124.03,40921736,124.26,124.88,123.63,124.03,40921736,124.26,124.88,123.63,124.03,40921736
2018-06-20,126.03,127.30,124.76,125.80,28000725,126.03,127.30,124.76,125.80,28000725,126.03,127.30,124.76,125.80,28000725
2018-06-21,131.05,131.34,130.77,130.78,36387192,131.05,131.34,130.77,130.78,36387192,131.05,131.34,130.77,130.78,36387192
2018-06-22,127.64,129.49,125.79,127.38,26249139,127.64,129.49,125.79,127.38,26249139,127.64,129.49,125.79,127.38,26249139
2018-06-25,131.49,133.43,129.55,130.70,27589425,131.49,133.43,129.55,130.70,27589425,131.49,133.43,129.55,130.70,27589425
2018-06-26,125.57,126.69,124.45,125.41,23215787,125.57,126.69,124.45,125.41,23215787,125.57,126.69,124.45,125.41,23215787
2018-06-27,128.65,130.41,126.89,128.06,33303124,128.65,130.41,126.89,128.06,33303124,128.65,130.41,126.89,128.06,33303124
2018-06-28,130.72,132.31,129.13,130.72,40011758,130.72,132.31,129.13,130.72,40011758,130.72,132.31,129.13,130.72,40011758
2018-06-29,135.51,136.34,134.68,135.69,37824602,135.51,136.34,134.68,135.69,37824602,135.51,136.34,134.68,135.69,37824602
2018-07-02,135.08,136.29,133.87,135.52,31391398,135.08,136.29,133.87,135.52,31391398,135.08,136.29,133.87,135.52,31391398
2018-07-03,138.77,139.88,137.67,137.71,41448594,138.77,139.88,137.67,137.71,41448594,138.77,139.88,137.67,137.71,41448594
2018-07-04,137.04,138.82,135.27,137.83,26889728,137.04,138.82,135.27,137.83,26889728,137.04,138.82,135.27,137.83,26889728
2018-07-05,136.10,137.91,134.30,135.73,27089735,136.10,137.91,134.30,135.73,27089735,136.10,137.91,134.30,135.73,27089735
2018-07-06,132.47,133.73,131.20,132.73,34753763,132.47,133.73,131.20,132.73,34753763,132.47,133.73,131.20,132.73,34753763
2018-07-09,132.11,133.90,130.32,131.98,41388999,132.11,133.90,130.32,131.98,41388999,132.11,133.90,130.32,131.98,41388999
2018-07-10,136.28,137.92,134.64,135.29,22334250,136.28,137.92,134.64,135.29,22334250,136.28,137.92,134.64,135.29,22334250
2018-07-11,137.21,138.07,136.36,136.50,23525690,137.21,138.07,136.36,136.50,23525690,137.21,138.07,136.36,136.50,23525690
2018-07-12,137.45,139.76,135.14,137.44,28852713,137.45,139.76,135.14,137.44,28852713,137.45,139.76,135.14,137.44,28852713
2018-07-13,139.25,140.30,138.20,138.80,32218629,139.25,140.30,138.20,138.80,32218629,139.25,140.30,138.20,138.80,32218629
2018-07-16,137.51,138.92,136.10,136.88,29084133,137.51,138.92,136.10,136.88,29084133,137.51,138.92,136.10,136.88,29084133
2018-07-17,140.55,141.71,139.39,140.35,28902548,140.55,141.71,139.39,140.35,28902548,140.55,141.71,139.39,140.35,28902548
2018-07-18,133.90,135.15,132.64,133.88,35396311,133.90,135.15,132.64,133.88,35396311,133.90,135.15,132.64,133.88,35396311
2018-07-19,130.64,132.15,129.13,130.77,31214224,130.64,132.15,129.13,130.77,31214224,130.64,132.15,129.13,130.77,31214224
2018-07-20,133.05,134.36,131.74,132.14,27051195,133.05,134.36,131.74,132.14,27051195,133.05,134.36,131.74,132.14,27051195
2018-07-23,134.22,135.14,133.31,134.13,26060921,134.22,135.14,133.31,134.13,26060921,134.22,135.14,133.31,134.13,26060921
2018-07-24,133.05,134.77,131.33,133.15,28661180,133.05,134.77,131.33,133.15,28661180,133.05,134.77,131.33,133.15,28661180
2018-07-25,133.45,134.87,132.03,132.63,28933733,133.45,134.87,132.03,132.63,28933733,133.45,134.87,132.03,132.63,28933733
2018-07-26,132.18,133.61,130.75,131.29,27081237,132.18,133.61,130.75,131.29,27081237,132.18,133.61,130.75,131.29,27081237
2018-07-27,130.06,131.40,128.72,129.77,40675934,130.06,131.40,128.72,129.77,40675934,130.06,131.40,128.72,129.77,40675934
2018-07-30,127.90,129.41,126.38,126.93,26356832,127.90,129.41,126.38,126.93,26356832,127.90,129.41,126.38,126.93,26356832
2018-07-31,124.92,126.31,123.53,125.11,21332599,124.92,126.31,123.53,125.11,21332599,124.92,126.31,123.53,125.11,21332599
2018-08-01,122.92,123.95,121.89,123.74,31637550,122.92,123.95,121.89,123.74,31637550,122.92,123.95,121.89,123.74,31637550
2018-08-02,119.78,121.60,117.97,119.79,39296817,119.78,121.60,117.97,119.79,39296817,119.78,121.60,117.97,119.79,39296817
2018-08-03,117.76,119.19,116.32,117.95,32577665,117.76,119.19,116.32,117.95,32577665,117.76,119.19,116.32,117.95,32577665
2018-08-06,116.00,117.38,114.61,116.18,25262865,116.00,117.38,114.61,116.18,25262865,116.00,117.38,114.61,116.18,25262865
2018-08-07,122.14,123.84,120.45,121.52,33398948,122.14,123.84,120.45,121.52,33398948,122.14,123.84,120.45,121.52,33398948
2018-08-08,121.43,122.79,120.08,121.88,34211469,121.43,122.79,120.08,121.88,34211469,121.43,122.79,120.08,121.88,34211469
2018-08-09,123.97,125.23,122.70,123.46,35224179,123.97,125.23,122.70,123.46,35224179,123.97,125.23,122.70,123.46,35224179
2018-08-10,123.07,124.69,121.44,123.43,25538852,123.07,124.69,121.44,123.43,25538852,123.07,124.69,121.44,123.43,25538852
2018-08-13,121.17,122.80,119.55,120.87,37753850,121.17,122.80,119.55,120.87,37753850,121.17,122.80,119.55,120.87,37753850
2018-08-14,122.96,124.62,121.29,123.30,22797591,122.96,124.62,121.29,123.30,22797591,122.96,124.62,121.29,123.30,22797591
2018-08-15,125.03,126.36,123.70,124.52,21461717,125.03,126.36,123.70,124.52,21461717,125.03,126.36,123.70,124.52,21461717
2018-08-16,121.98,124.23,119.73,121.90,28191980,121.98,124.23,119.73,121.90,28191980,121.98,124.23,119.73,121.90,28191980
2018-08-17,123.47,125.81,121.14,123.95,36586221,123.47,125.81,121.14,123.95,36586221,123.47,125.81,121.14,123.95,36586221
2018-08-20,118.37,119.66,117.07,118.05,28046701,118.37,119.66,117.07,118.05,28046701,118.37,119.66,117.07,118.05,28046701
2018-08-21,118.90,119.95,117.85,118.00,38793232,118.90,119.95,117.85,118.00,38793232,118.90,119.95,117.85,118.00,38793232
2018-08-22,117.50,118.78,116.21,117.40,41358227,117.50,118.78,116.21,117.40,41358227,117.50,118.78,116.21,117.40,41358227
2018-08-23,115.75,116.95,114.55,115.82,24976578,115.75,116.95,114.55,115.82,24976578,115.75,116.95,114.55,115.82,24976578
2018-08-24,116.94,118.82,115.07,117.14,21595086,116.94,118.82,115.07,117.14,21595086,116.94,118.82,115.07,117.14,21595086
2018-08-27,120.01,121.63,118.38,119.91,26439738,120.01,121.63,118.38,119.91,26439738,120.01,121.63,118.38,119.91,26439738
2018-08-28,118.45,119.80,117.10,117.97,29787439,118.45,119.80,117.10,117.97,29787439,118.45,119.80,117.10,117.97,29787439
2018-08-29,115.24,116.41,114.06,115.92,26684167,115.24,116.41,114.06,115.92,26684167,115.24,116.41,114.06,115.92,26684167
2018-08-30,116.67,117.38,115.96,116.20,39205762,116.67,117.38,115.96,116.20,39205762,116.67,117.38,115.96,116.20,39205762
2018-08-31,114.78,116.34,113.22,114.61,31394639,114.78,116.34,113.22,114.61,31394639,114.78,116.34,113.22,114.61,31394639
2018-09-03,115.52,116.50,114.55,115.54,22365017,115.52,116.50,114.55,115.54,22365017,115.52,116.50,114.55,115.54,22365017
2018-09-04,112.78,114.01,111.54,112.74,39965048,112.78,114.01,111.54,112.74,39965048,112.78,114.01,111.54,112.74,39965048
2018-09-05,112.86,114.61,111.12,112.63,37864588,112.86,114.61,111.12,112.63,37864588,112.86,114.61,111.12,112.63,37864588
2018-09-06,116.21,117.79,114.62,115.59,30711593,116.21,117.79,114.62,115.59,30711593,116.21,117.79,114.62,115.59,30711593
2018-09-07,115.55,117.45,113.64,115.65,38253132,115.55,117.45,113.64,115.65,38253132,115.55,117.45,113.64,115.65,38253132
2018-09-10,115.04,116.00,114.09,115.37,30822923,115.04,116.00,114.09,115.37,30822923,115.04,116.00,114.09,115.37,30822923
2018-09-11,119.86,121.09,118.64,119.93,25143593,119.86,121.09,118.64,119.93,25143593,119.86,121.09,118.64,119.93,25143593
2018-09-12,122.61,123.31,121.91,122.55,32148040,122.61,123.31,121.91,122.55,32148040,122.61,123.31,121.91,122.55,32148040
2018-09-13,122.31,123.65,120.98,122.03,31859539,122.31,123.65,120.98,122.03,31859539,122.31,123.65,120.98,122.03,31859539
2018-09-14,118.33,120.00,116.66,118.76,37587157,118.33,120.00,116.66,118.76,37587157,118.33,120.00,116.66,118.76,37587157
2018-09-17,117.26,118.56,115.96,117.00,29334677,117.26,118.56,115.96,117.00,29334677,117.26,118.56,115.96,117.00,29334677
2018-09-18,114.45,116.31,112.60,114.64,29150795,114.45,116.31,112.60,114.64,29150795,114.45,116.31,112.60,114.64,29150795
2018-09-19,114.15,114.73,113.57,113.71,31813478,114.15,114.73,113.57,113.71,31813478,114.15,114.73,113.57,113.71,31813478
2018-09-20,117.94,119.08,116.79,117.38,38903314,117.94,119.08,116.79,117.38,38903314,117.94,119.08,116.79,117.38,38903314
2018-09-21,117.23,117.78,116.68,117.37,33726315,117.23,117.78,116.68,117.37,33726315,117.23,117.78,116.68,117.37,33726315
2018-09-24,118.07,119.84,116.30,117.89,35786192,118.07,119.84,116.30,117.89,35786192,118.07,119.84,116.30,117.89,35786192
2018-09-25,115.93,118.06,113.81,115.40,33249991,115.93,118.06,113.81,115.40,33249991,115.93,118.06,113.81,115.40,33249991
2018-09-26,114.44,115.61,113.27,115.51,25395043,114.44,115.61,113.27,115.51,25395043,114.44,115.61,113.27,115.51,25395043
2018-09-27,110.75,112.12,109.37,110.68,28355720,110.75,112.12,109.37,110.68,28355720,110.75,112.12,109.37,110.68,28355720
2018-09-28,110.56,111.44,109.69,110.71,22007112,110.56,111.44,109.69,110.71,22007112,110.56,111.44,109.69,110.71,22007112
2018-10-01,111.92,113.38,110.45,111.24,33008404,111.92,113.38,110.45,111.24,33008404,111.92,113.38,110.45,111.24,33008404
2018-10-02,111.98,112.78,111.19,111.89,21242046,111.98,112.78,111.19,111.89,21242046,111.98,112.78,111.19,111.89,21242046
2018-10-03,110.99,111.79,110.19,110.88,25180729,110.99,111.79,110.19,110.88,25180729,110.99,111.79,110.19,110.88,25180729
2018-10-04,109.76,110.82,108.70,109.87,39111117,109.76,110.82,108.70,109.87,39111117,109.76,110.82,108.70,109.87,39111117
2018-10-05,109.26,110.15,108.37,108.86,26671228,109.26,110.15,108.37,108.86,26671228,109.26,110.15,108.37,108.86,26671228
2018-10-08,112.76,113.85,111.68,112.17,29740558,112.76,113.85,111.68,112.17,29740558,112.76,113.85,111.68,112.17,29740558
2018-10-09,112.59,113.88,111.30,113.06,23466994,112.59,113.88,111.30,113.06,23466994,112.59,113.88,111.30,113.06,23466994
2018-10-10,113.23,114.97,111.49,113.24,23415230,113.23,114.97,111.49,113.24,23415230,113.23,114.97,111.49,113.24,23415230
2018-10-11,112.87,114.26,111.49,111.90,41093108,112.87,114.26,111.49,111.90,41093108,112.87,114.26,111.49,111.90,41093108
2018-10-12,114.97,116.28,113.67,114.77,39931203,114.97,116.28,113.67,114.77,39931203,114.97,116.28,113.67,114.77,39931203
2018-10-15,115.94,117.29,114.59,116.26,27193554,115.94,117.29,114.59,116.26,27193554,115.94,117.29,114.59,116.26,27193554
2018-10-16,110.82,111.44,110.21,110.36,24593152,110.82,111.44,110.21,110.36,24593152,110.82,111.44,110.21,110.36,24593152
2018-10-17,111.14,112.63,109.66,110.91,34726786,111.14,112.63,109.66,110.91,34726786,111.14,112.63,109.66,110.91,34726786
2018-10-18,109.53,110.74,108.31,109.35,40574812,109.53,110.74,108.31,109.35,40574812,109.53,110.74,108.31,109.35,40574812
2018-10-19,111.29,112.74,109.85,110.98,25863243,111.29,112.74,109.85,110.98,25863243,111.29,112.74,109.85,110.98,25863243
2018-10-22,109.33,110.53,108.14,108.96,23835801,109.33,110.53,108.14,108.96,23835801,109.33,110.53,108.14,108.96,23835801
2018-10-23,110.24,111.44,109.03,110.15,24572998,110.24,111.44,109.03,110.15,24572998,110.24,111.44,109.03,110.15,24572998
2018-10-24,110.61,111.13,110.09,110.21,27495809,110.61,111.13,110.09,110.21,27495809,110.61,111.13,110.09,110.21,27495809
2018-10-25,110.91,111.87,109.95,110.93,24896045,110.91,111.87,109.95,110.93,24896045,110.91,111.87,109.95,110.93,24896045
2018-10-26,111.85,113.71,110.00,111.63,35448641,111.85,113.71,110.00,111.63,35448641,111.85,113.71,110.00,111.63,35448641
2018-10-29,108.70,110.00,107.40,109.14,30498793,108.70,110.00,107.40,109.14,30498793,108.70,110.00,107.40,109.14,30498793
2018-10-30,108.49,109.31,107.68,108.63,29954527,108.49,109.31,107.68,108.63,29954527,108.49,109.31,107.68,108.63,29954527
2018-10-31,107.33,108.91,105.74,107.61,35280967,107.33,108.91,105.74,107.61,35280967,107.33,108.91,105.74,107.61,35280967
2018-11-01,107.06,108.50,105.63,106.83,21378672,107.06,108.50,105.63,106.83,21378672,107.06,108.50,105.63,106.83,21378672
2018-11-02,110.09,110.84,109.35,109.37,23861262,110.09,110.84,109.35,109.37,23861262,110.09,110.84,109.35,109.37,23861262
2018-11-05,109.87,111.34,108.41,110.06,39440419,109.87,111.34,108.41,110.06,39440419,109.87,111.34,108.41,110.06,39440419
2018-11-06,113.49,115.14,111.84,113.29,29359152,113.49,115.14,111.84,113.29,29359152,113.49,115.14,111.84,113.29,29359152
2018-11-07,115.78,117.48,114.09,115.28,28846656,115.78,117.48,114.09,115.28,28846656,115.78,117.48,114.09,115.28,28846656
2018-11-08,113.72,114.61,112.83,113.37,29518007,113.72,114.61,112.83,113.37,29518007,113.72,114.61,112.83,113.37,29518007
2018-11-09,116.71,117.91,115.50,116.79,33467821,116.71,117.91,115.50,116.79,33467821,116.71,117.91,115.50,116.79,33467821
2018-11-12,117.87,119.56,116.19,117.84,31190895,117.87,119.56,116.19,117.84,31190895,117.87,119.56,116.19,117.84,31190895
2018-11-13,118.65,120.22,117.08,118.31,39898100,118.65,120.22,117.08,118.31,39898100,118.65,120.22,117.08,118.31,39898100
2018-11-14,114.88,115.58,114.18,114.43,27024204,114.88,115.58,114.18,114.43,27024204,114.88,115.58,114.18,114.43,27024204
2018-11-15,111.54,112.83,110.25,111.13,22467100,111.54,112.83,110.25,111.13,22467100,111.54,112.83,110.25,111.13,22467100
2018-11-16,109.38,110.59,108.18,109.00,26669446,109.38,110.59,108.18,109.00,26669446,109.38,110.59,108.18,109.00,26669446
2018-11-19,108.57,109.95,107.18,108.42,25652070,108.57,109.95,107.18,108.42,25652070,108.57,109.95,107.18,108.42,25652070
2018-11-20,103.81,104.42,103.19,104.42,31774622,103.81,104.42,103.19,104.42,31774622,103.81,104.42,103.19,104.42,31774622
2018-11-21,105.36,106.87,103.85,105.13,21200318,105.36,106.87,103.85,105.13,21200318,105.36,106.87,103.85,105.13,21200318
2018-11-22,106.45,107.65,105.25,106.47,32122535,106.45,107.65,105.25,106.47,32122535,106.45,107.65,105.25,106.47,32122535
2018-11-23,110.15,110.93,109.37,109.45,34763047,110.15,110.93,109.37,109.45,34763047,110.15,110.93,109.37,109.45,34763047
2018-11-26,112.43,113.48,111.38,112.49,30482487,112.43,113.48,111.38,112.49,30482487,112.43,113.48,111.38,112.49,30482487
2018-11-27,113.14,114.62,111.67,112.33,26247217,113.14,114.62,111.67,112.33,26247217,113.14,114.62,111.67,112.33,26247217
2018-11-28,113.84,115.42,112.26,113.87,41856439,113.84,115.42,112.26,113.87,41856439,113.84,115.42,112.26,113.87,41856439
2018-11-29,113.45,114.52,112.38,113.30,40957975,113.45,114.52,112.38,113.30,40957975,113.45,114.52,112.38,113.30,40957975
2018-11-30,115.63,116.92,114.34,115.52,26817534,115.63,116.92,114.34,115.52,26817534,115.63,116.92,114.34,115.52,26817534
2018-12-03,114.53,115.87,113.19,114.74,35421870,114.53,115.87,113.19,114.74,35421870,114.53,115.87,113.19,114.74,35421870
2018-12-04,112.57,113.97,111.17,112.24,27073056,112.57,113.97,111.17,112.24,27073056,112.57,113.97,111.17,112.24,27073056
2018-12-05,111.20,112.73,109.68,111.10,30597503,111.20,112.73,109.68,111.10,30597503,111.20,112.73,109.68,111.10,30597503
2018-12-06,114.59,116.22,112.97,113.95,26784380,114.59,116.22,112.97,113.95,26784380,114.59,116.22,112.97,113.95,26784380
2018-12-07,116.94,117.80,116.08,116.25,30432112,116.94,117.80,116.08,116.25,30432112,116.94,117.80,116.08,116.25,30432112
2018-12-10,114.54,115.51,113.58,114.21,25136026,114.54,115.51,113.58,114.21,25136026,114.54,115.51,113.58,114.21,25136026
2018-12-11,115.24,115.97,114.52,115.41,33261024,115.24,115.97,114.52,115.41,33261024,115.24,115.97,114.52,115.41,33261024
2018-12-12,113.36,113.60,113.11,113.44,24270784,113.36,113.60,113.11,113.44,24270784,113.36,113.60,113.11,113.44,24270784
2018-12-13,113.35,114.84,111.87,113.57,29653966,113.35,114.84,111.87,113.57,29653966,113.35,114.84,111.87,113.57,29653966
2018-12-14,112.73,114.39,111.08,113.34,35847655,112.73,114.39,111.08,113.34,35847655,112.73,114.39,111.08,113.34,35847655
2018-12-17,117.02,117.93,116.11,116.85,38025340,117.02,117.93,116.11,116.85,38025340,117.02,117.93,116.11,116.85,38025340
2018-12-18,113.63,114.83,112.44,113.47,24017440,113.63,114.83,112.44,113.47,24017440,113.63,114.83,112.44,113.47,24017440
2018-12-19,112.04,113.87,110.21,112.35,24020524,112.04,113.87,110.21,112.35,24020524,112.04,113.87,110.21,112.35,24020524
2018-12-20,112.43,113.60,111.26,112.91,27628726,112.43,113.60,111.26,112.91,27628726,112.43,113.60,111.26,112.91,27628726
2018-12-21,109.20,110.35,108.06,109.08,24949230,109.20,110.35,108.06,109.08,24949230,109.20,110.35,108.06,109.08,24949230
2018-12-24,111.73,113.41,110.04,112.54,41220280,111.73,113.41,110.04,112.54,41220280,111.73,113.41,110.04,112.54,41220280
2018-12-25,112.39,114.11,110.67,113.20,33041434,112.39,114.11,110.67,113.20,33041434,112.39,114.11,110.67,113.20,33041434
2018-12-26,110.58,111.60,109.56,110.69,36625038,110.58,111.60,109.56,110.69,36625038,110.58,111.60,109.56,110.69,36625038
2018-12-27,106.93,107.90,105.95,107.03,36195195,106.93,107.90,105.95,107.03,36195195,106.93,107.90,105.95,107.03,36195195
2018-12-28,106.18,107.36,105.00,105.62,39671506,106.18,107.36,105.00,105.62,39671506,106.18,107.36,105.00,105.62,39671506
2018-12-31,108.72,110.28,107.17,108.92,35521616,108.72,110.28,107.17,108.92,35521616,108.72,110.28,107.17,108.92,35521616
2019-01-01,109.10,110.88,107.32,109.01,25621391,109.10,110.88,107.32,109.01,25621391,109.10,110.88,107.32,109.01,25621391
2019-01-02,107.99,109.36,106.62,107.53,36212869,107.99,109.36,106.62,107.53,36212869,107.99,109.36,106.62,107.53,36212869
2019-01-03,105.37,106.05,104.68,105.03,24697875,105.37,106.05,104.68,105.03,24697875,105.37,106.05,104.68,105.03,24697875
2019-01-04,103.09,104.23,101.96,103.43,30537517,103.09,104.23,101.96,103.43,30537517,103.09,104.23,101.96,103.43,30537517
2019-01-07,104.16,105.11,103.22,103.88,22886341,104.16,105.11,103.22,103.88,22886341,104.16,105.11,103.22,103.88,22886341
2019-01-08,103.77,105.75,101.80,103.63,29793939,103.77,105.75,101.80,103.63,29793939,103.77,105.75,101.80,103.63,29793939
2019-01-09,102.37,103.73,101.01,102.55,24140536,102.37,103.73,101.01,102.55,24140536,102.37,103.73,101.01,102.55,24140536
2019-01-10,109.57,110.61,108.54,109.17,25126136,109.57,110.61,108.54,109.17,25126136,109.57,110.61,108.54,109.17,25126136
2019-01-11,108.04,108.89,107.20,107.89,25407750,108.04,108.89,107.20,107.89,25407750,108.04,108.89,107.20,107.89,25407750
2019-01-14,105.81,106.87,104.75,105.81,35098728,105.81,106.87,104.75,105.81,35098728,105.81,106.87,104.75,105.81,35098728
2019-01-15,107.73,109.04,106.41,107.72,37631181,107.73,109.04,106.41,107.72,37631181,107.73,109.04,106.41,107.72,37631181
2019-01-16,107.22,108.06,106.37,106.92,24573205,107.22,108.06,106.37,106.92,24573205,107.22,108.06,106.37,106.92,24573205
2019-01-17,105.74,106.17,105.31,105.37,40902389,105.74,106.17,105.31,105.37,40902389,105.74,106.17,105.31,105.37,40902389
2019-01-18,108.52,109.71,107.33,108.02,28118368,108.52,109.71,107.33,108.02,28118368,108.52,109.71,107.33,108.02,28118368
2019-01-21,110.26,110.82,109.70,110.20,31412209,110.26,110.82,109.70,110.20,31412209,110.26,110.82,109.70,110.20,31412209
2019-01-22,115.32,116.54,114.10,115.39,35031794,115.32,116.54,114.10,115.39,35031794,115.32,116.54,114.10,115.39,35031794
2019-01-23,116.88,117.38,116.38,116.40,23876299,116.88,117.38,116.38,116.40,23876299,116.88,117.38,116.38,116.40,23876299
2019-01-24,113.55,114.50,112.60,113.75,31009030,113.55,114.50,112.60,113.75,31009030,113.55,114.50,112.60,113.75,31009030
2019-01-25,112.54,114.09,111.00,112.26,35419659,112.54,114.09,111.00,112.26,35419659,112.54,114.09,111.00,112.26,35419659
2019-01-28,112.06,113.54,110.58,112.35,37125079,112.06,113.54,110.58,112.35,37125079,112.06,113.54,110.58,112.35,37125079
2019-01-29,111.46,112.21,110.72,111.59,34747045,111.46,112.21,110.72,111.59,34747045,111.46,112.21,110.72,111.59,34747045
2019-01-30,113.48,115.39,111.57,113.64,28502081,113.48,115.39,111.57,113.64,28502081,113.48,115.39,111.57,113.64,28502081
2019-01-31,110.45,111.81,109.10,110.00,34656236,110.45,111.81,109.10,110.00,34656236,110.45,111.81,109.10,110.00,34656236
2019-02-01,111.77,112.27,111.28,111.50,26504372,111.77,112.27,111.28,111.50,26504372,111.77,112.27,111.28,111.50,26504372
2019-02-04,109.21,109.96,108.45,109.60,40814870,109.21,109.96,108.45,109.60,40814870,109.21,109.96,108.45,109.60,40814870
2019-02-05,113.56,114.64,112.48,113.27,33268721,113.56,114.64,112.48,113.27,33268721,113.56,114.64,112.48,113.27,33268721
2019-02-06,115.70,117.19,114.22,115.66,21399912,115.70,117.19,114.22,115.66,21399912,115.70,117.19,114.22,115.66,21399912
2019-02-07,115.21,116.58,113.84,115.07,34801151,115.21,116.58,113.84,115.07,34801151,115.21,116.58,113.84,115.07,34801151
2019-02-08,114.09,115.31,112.88,113.98,21608932,114.09,115.31,112.88,113.98,21608932,114.09,115.31,112.88,113.98,21608932
2019-02-11,115.29,117.07,113.50,115.79,23611252,115.29,117.07,113.50,115.79,23611252,115.29,117.07,113.50,115.79,23611252
2019-02-12,119.96,122.03,117.88,119.89,39081185,119.96,122.03,117.88,119.89,39081185,119.96,122.03,117.88,119.89,39081185
2019-02-13,119.45,121.07,117.84,120.06,32876707,119.45,121.07,117.84,120.06,32876707,119.45,121.07,117.84,120.06,32876707
2019-02-14,117.92,119.52,116.33,117.34,28844892,117.92,119.52,116.33,117.34,28844892,117.92,119.52,116.33,117.34,28844892
2019-02-15,116.67,117.67,115.68,116.04,30301196,116.67,117.67,115.68,116.04,30301196,116.67,117.67,115.68,116.04,30301196
2019-02-18,116.03,117.46,114.60,116.10,36222288,116.03,117.46,114.60,116.10,36222288,116.03,117.46,114.60,116.10,36222288
2019-02-19,117.70,119.02,116.38,118.23,23092942,117.70,119.02,116.38,118.23,23092942,117.70,119.02,116.38,118.23,23092942
2019-02-20,119.95,121.11,118.79,119.98,21203707,119.95,121.11,118.79,119.98,21203707,119.95,121.11,118.79,119.98,21203707
2019-02-21,121.21,122.17,120.26,120.97,33150292,121.21,122.17,120.26,120.97,33150292,121.21,122.17,120.26,120.97,33150292
2019-02-22,122.48,123.97,120.98,122.64,33741111,122.48,123.97,120.98,122.64,33741111,122.48,123.97,120.98,122.64,33741111
2019-02-25,124.64,126.88,122.40,124.48,34203149,124.64,126.88,122.40,124.48,34203149,124.64,126.88,122.40,124.48,34203149
2019-02-26,125.12,126.78,123.46,125.25,39321719,125.12,126.78,123.46,125.25,39321719,125.12,126.78,123.46,125.25,39321719
2019-02-27,128.27,129.98,126.57,127.03,38412817,128.27,129.98,126.57,127.03,38412817,128.27,129.98,126.57,127.03,38412817
2019-02-28,131.62,132.35,130.89,131.84,33919513,131.62,132.35,130.89,131.84,33919513,131.62,132.35,130.89,131.84,33919513
2019-03-01,131.97,133.41,130.52,132.05,33480966,131.97,133.41,130.52,132.05,33480966,131.97,133.41,130.52,132.05,33480966
2019-03-04,130.10,131.19,129.02,129.43,24597815,130.10,131.19,129.02,129.43,24597815,130.10,131.19,129.02,129.43,24597815
2019-03-05,128.27,130.53,126.01,128.32,34514595,128.27,130.53,126.01,128.32,34514595,128.27,130.53,126.01,128.32,34514595
2019-03-06,125.19,125.73,124.64,124.82,39135117,125.19,125.73,124.64,124.82,39135117,125.19,125.73,124.64,124.82,39135117
2019-03-07,123.11,124.54,121.68,123.18,39142652,123.11,124.54,121.68,123.18,39142652,123.11,124.54,121.68,123.18,39142652
2019-03-08,123.73,124.87,122.59,124.33,21111808,123.73,124.87,122.59,124.33,21111808,123.73,124.87,122.59,124.33,21111808
2019-03-11,122.50,123.51,121.50,123.21,27776358,122.50,123.51,121.50,123.21,27776358,122.50,123.51,121.50,123.21,27776358
2019-03-12,125.40,127.23,123.56,125.48,26556539,125.40,127.23,123.56,125.48,26556539,125.40,127.23,123.56,125.48,26556539
2019-03-13,125.48,126.58,124.38,126.33,21244543,125.48,126.58,124.38,126.33,21244543,125.48,126.58,124.38,126.33,21244543
2019-03-14,130.75,132.92,128.59,130.90,32998130,130.75,132.92,128.59,130.90,32998130,130.75,132.92,128.59,130.90,32998130
2019-03-15,131.84,133.00,130.67,132.44,22672548,131.84,133.00,130.67,132.44,22672548,131.84,133.00,130.67,132.44,22672548
2019-03-18,135.41,136.61,134.21,136.40,34519183,135.41,136.61,134.21,136.40,34519183,135.41,136.61,134.21,136.40,34519183
2019-03-19,135.02,136.63,133.41,134.23,34622596,135.02,136.63,133.41,134.23,34622596,135.02,136.63,133.41,134.23,34622596
2019-03-20,136.95,139.34,134.56,136.30,38177680,136.95,139.34,134.56,136.30,38177680,136.95,139.34,134.56,136.30,38177680
2019-03-21,135.49,136.66,134.33,136.05,25278065,135.49,136.66,134.33,136.05,25278065,135.49,136.66,134.33,136.05,25278065
2019-03-22,134.81,135.63,133.98,135.43,24472779,134.81,135.63,133.98,135.43,24472779,134.81,135.63,133.98,135.43,24472779
2019-03-25,131.61,133.70,129.53,130.97,30157014,131.61,133.70,129.53,130.97,30157014,131.61,133.70,129.53,130.97,30157014
2019-03-26,127.95,129.95,125.95,127.65,31460723,127.95,129.95,125.95,127.65,31460723,127.95,129.95,125.95,127.65,31460723
2019-03-27,123.25,124.29,122.21,123.84,28706114,123.25,124.29,122.21,123.84,28706114,123.25,124.29,122.21,123.84,28706114
2019-03-28,123.52,124.87,122.17,123.47,26723713,123.52,124.87,122.17,123.47,26723713,123.52,124.87,122.17,123.47,26723713
2019-03-29,122.70,124.38,121.03,122.93,27417106,122.70,124.38,121.03,122.93,27417106,122.70,124.38,121.03,122.93,27417106
2019-04-01,118.32,119.44,117.21,117.81,41936801,118.32,119.44,117.21,117.81,41936801,118.32,119.44,117.21,117.81,41936801
2019-04-02,118.11,118.59,117.64,118.28,35914407,118.11,118.59,117.64,118.28,35914407,118.11,118.59,117.64,118.28,35914407
2019-04-03,120.11,121.84,118.39,120.65,23256518,120.11,121.84,118.39,120.65,23256518,120.11,121.84,118.39,120.65,23256518
2019-04-04,120.03,121.70,118.36,119.98,25446052,120.03,121.70,118.36,119.98,25446052,120.03,121.70,118.36,119.98,25446052
2019-04-05,119.17,120.09,118.25,119.16,29341778,119.17,120.09,118.25,119.16,29341778,119.17,120.09,118.25,119.16,29341778
2019-04-08,119.44,120.96,117.93,119.18,31851457,119.44,120.96,117.93,119.18,31851457,119.44,120.96,117.93,119.18,31851457
2019-04-09,120.25,121.93,118.56,119.71,33086540,120.25,121.93,118.56,119.71,33086540,120.25,121.93,118.56,119.71,33086540
2019-04-10,119.55,120.44,118.65,119.43,25224632,119.55,120.44,118.65,119.43,25224632,119.55,120.44,118.65,119.43,25224632
2019-04-11,119.17,120.64,117.69,118.42,26321360,119.17,120.64,117.69,118.42,26321360,119.17,120.64,117.69,118.42,26321360
2019-04-12,119.35,120.51,118.18,119.38,23768018,119.35,120.51,118.18,119.38,23768018,119.35,120.51,118.18,119.38,23768018
2019-04-15,120.25,121.89,118.61,120.16,28769977,120.25,121.89,118.61,120.16,28769977,120.25,121.89,118.61,120.16,28769977
2019-04-16,114.70,116.39,113.00,114.55,37028989,114.70,116.39,113.00,114.55,37028989,114.70,116.39,113.00,114.55,37028989
2019-04-17,113.26,114.58,111.94,112.85,27946653,113.26,114.58,111.94,112.85,27946653,113.26,114.58,111.94,112.85,27946653
2019-04-18,108.34,109.64,107.04,108.76,23902874,108.34,109.64,107.04,108.76,23902874,108.34,109.64,107.04,108.76,23902874
2019-04-19,109.34,110.68,108.00,109.40,30092434,109.34,110.68,108.00,109.40,30092434,109.34,110.68,108.00,109.40,30092434
2019-04-22,107.18,108.14,106.22,106.87,35745451,107.18,108.14,106.22,106.87,35745451,107.18,108.14,106.22,106.87,35745451
2019-04-23,109.31,110.39,108.23,109.06,40667878,109.31,110.39,108.23,109.06,40667878,109.31,110.39,108.23,109.06,40667878
2019-04-24,109.63,110.63,108.63,108.69,37632066,109.63,110.63,108.63,108.69,37632066,109.63,110.63,108.63,108.69,37632066
2019-04-25,111.07,111.91,110.23,111.12,24038923,111.07,111.91,110.23,111.12,24038923,111.07,111.91,110.23,111.12,24038923
2019-04-26,109.56,110.78,108.33,109.78,36065475,109.56,110.78,108.33,109.78,36065475,109.56,110.78,108.33,109.78,36065475
2019-04-29,110.80,111.67,109.94,109.97,27843693,110.80,111.67,109.94,109.97,27843693,110.80,111.67,109.94,109.97,27843693
2019-04-30,115.25,117.04,113.47,114.28,41705823,115.25,117.04,113.47,114.28,41705823,115.25,117.04,113.47,114.28,41705823
2019-05-01,114.41,116.16,112.66,114.22,29251966,114.41,116.16,112.66,114.22,29251966,114.41,116.16,112.66,114.22,29251966
2019-05-02,114.90,116.28,113.52,114.95,33622736,114.90,116.28,113.52,114.95,33622736,114.90,116.28,113.52,114.95,33622736
2019-05-03,115.25,116.78,113.73,115.35,31937127,115.25,116.78,113.73,115.35,31937127,115.25,116.78,113.73,115.35,31937127
2019-05-06,114.29,115.58,113.00,113.72,32596668,114.29,115.58,113.00,113.72,32596668,114.29,115.58,113.00,113.72,32596668
2019-05-07,111.00,113.21,108.80,111.23,29503127,111.00,113.21,108.80,111.23,29503127,111.00,113.21,108.80,111.23,29503127
2019-05-08,111.15,112.87,109.43,110.58,29631991,111.15,112.87,109.43,110.58,29631991,111.15,112.87,109.43,110.58,29631991
2019-05-09,107.81,108.83,106.79,108.47,32412867,107.81,108.83,106.79,108.47,32412867,107.81,108.83,106.79,108.47,32412867
2019-05-10,103.95,104.81,103.10,104.14,31417585,103.95,104.81,103.10,104.14,31417585,103.95,104.81,103.10,104.14,31417585
2019-05-13,104.18,105.36,103.01,104.14,34849291,104.18,105.36,103.01,104.14,34849291,104.18,105.36,103.01,104.14,34849291
2019-05-14,105.85,107.17,104.53,105.48,34396540,105.85,107.17,104.53,105.48,34396540,105.85,107.17,104.53,105.48,34396540
2019-05-15,104.90,106.32,103.48,104.39,26690227,104.90,106.32,103.48,104.39,26690227,104.90,106.32,103.48,104.39,26690227
2019-05-16,105.11,105.75,104.46,105.02,38963571,105.11,105.75,104.46,105.02,38963571,105.11,105.75,104.46,105.02,38963571
2019-05-17,103.26,104.42,102.11,103.51,32825658,103.26,104.42,102.11,103.51,32825658,103.26,104.42,102.11,103.51,32825658
2019-05-20,102.56,103.66,101.45,102.44,29565583,102.56,103.66,101.45,102.44,29565583,102.56,103.66,101.45,102.44,29565583
2019-05-21,102.80,104.02,101.58,103.16,36297890,102.80,104.02,101.58,103.16,36297890,102.80,104.02,101.58,103.16,36297890
2019-05-22,105.17,106.55,103.80,105.06,22959035,105.17,106.55,103.80,105.06,22959035,105.17,106.55,103.80,105.06,22959035
2019-05-23,107.14,108.77,105.50,106.52,33585165,107.14,108.77,105.50,106.52,33585165,107.14,108.77,105.50,106.52,33585165
2019-05-24,108.19,109.57,106.82,107.87,22597779,108.19,109.57,106.82,107.87,22597779,108.19,109.57,106.82,107.87,22597779
2019-05-27,111.84,113.18,110.50,111.83,40087273,111.84,113.18,110.50,111.83,40087273,111.84,113.18,110.50,111.83,40087273
2019-05-28,114.72,115.87,113.57,114.68,27917750,114.72,115.87,113.57,114.68,27917750,114.72,115.87,113.57,114.68,27917750
2019-05-29,116.68,118.04,115.32,116.60,32174477,116.68,118.04,115.32,116.60,32174477,116.68,118.04,115.32,116.60,32174477
2019-05-30,115.29,116.62,113.97,114.96,40474695,115.29,116.62,113.97,114.96,40474695,115.29,116.62,113.97,114.96,40474695
2019-05-31,116.58,118.22,114.94,116.95,30994787,116.58,118.22,114.94,116.95,30994787,116.58,118.22,114.94,116.95,30994787
2019-06-03,116.28,117.94,114.62,115.58,28710650,116.28,117.94,114.62,115.58,28710650,116.28,117.94,114.62,115.58,28710650
2019-06-04,119.52,121.20,117.84,119.79,35671347,119.52,121.20,117.84,119.79,35671347,119.52,121.20,117.84,119.79,35671347
2019-06-05,117.17,119.00,115.34,117.63,40212609,117.17,119.00,115.34,117.63,40212609,117.17,119.00,115.34,117.63,40212609
2019-06-06,111.60,112.47,110.72,111.49,21889024,111.60,112.47,110.72,111.49,21889024,111.60,112.47,110.72,111.49,21889024
2019-06-07,109.19,110.23,108.16,109.64,27387260,109.19,110.23,108.16,109.64,27387260,109.19,110.23,108.16,109.64,27387260
2019-06-10,108.93,110.24,107.61,108.33,37272026,108.93,110.24,107.61,108.33,37272026,108.93,110.24,107.61,108.33,37272026
2019-06-11,107.80,108.65,106.94,107.44,31645532,107.80,108.65,106.94,107.44,31645532,107.80,108.65,106.94,107.44,31645532
2019-06-12,110.31,111.62,109.00,109.52,24066355,110.31,111.62,109.00,109.52,24066355,110.31,111.62,109.00,109.52,24066355
2019-06-13,107.85,108.46,107.24,107.71,31959574,107.85,108.46,107.24,107.71,31959574,107.85,108.46,107.24,107.71,31959574
2019-06-14,106.41,107.73,105.09,105.65,27095957,106.41,107.73,105.09,105.65,27095957,106.41,107.73,105.09,105.65,27095957
2019-06-17,108.10,109.19,107.02,108.12,22675572,108.10,109.19,107.02,108.12,22675572,108.10,109.19,107.02,108.12,22675572
2019-06-18,109.67,110.71,108.62,109.46,38772678,109.67,110.71,108.62,109.46,38772678,109.67,110.71,108.62,109.46,38772678
2019-06-19,109.95,111.76,108.15,110.06,38226152,109.95,111.76,108.15,110.06,38226152,109.95,111.76,108.15,110.06,38226152
2019-06-20,106.63,108.47,104.78,107.44,32304854,106.63,108.47,104.78,107.44,32304854,106.63,108.47,104.78,107.44,32304854
2019-06-21,109.20,110.59,107.81,108.95,39947158,109.20,110.59,107.81,108.95,39947158,109.20,110.59,107.81,108.95,39947158
2019-06-24,109.73,111.01,108.45,109.53,38777224,109.73,111.01,108.45,109.53,38777224,109.73,111.01,108.45,109.53,38777224
2019-06-25,106.75,108.38,105.13,106.21,23918158,106.75,108.38,105.13,106.21,23918158,106.75,108.38,105.13,106.21,23918158
2019-06-26,107.93,108.75,107.11,107.95,26562191,107.93,108.75,107.11,107.95,26562191,107.93,108.75,107.11,107.95,26562191
2019-06-27,106.79,108.05,105.52,106.07,28724791,106.79,108.05,105.52,106.07,28724791,106.79,108.05,105.52,106.07,28724791
2019-06-28,104.70,105.75,103.65,104.43,34619217,104.70,105.75,103.65,104.43,34619217,104.70,105.75,103.65,104.43,34619217
2019-07-01,106.44,107.57,105.32,106.75,39578175,106.44,107.57,105.32,106.75,39578175,106.44,107.57,105.32,106.75,39578175
2019-07-02,105.38,106.84,103.92,104.57,28091926,105.38,106.84,103.92,104.57,28091926,105.38,106.84,103.92,104.57,28091926
2019-07-03,105.93,107.51,104.36,105.92,37081470,105.93,107.51,104.36,105.92,37081470,105.93,107.51,104.36,105.92,37081470
2019-07-04,109.65,110.38,108.93,109.32,34286218,109.65,110.38,108.93,109.32,34286218,109.65,110.38,108.93,109.32,34286218
2019-07-05,109.20,110.81,107.59,108.43,32371632,109.20,110.81,107.59,108.43,32371632,109.20,110.81,107.59,108.43,32371632
2019-07-08,109.57,111.09,108.04,109.45,34675152,109.57,111.09,108.04,109.45,34675152,109.57,111.09,108.04,109.45,34675152
2019-07-09,110.78,112.13,109.42,110.34,25234759,110.78,112.13,109.42,110.34,25234759,110.78,112.13,109.42,110.34,25234759
2019-07-10,109.90,111.31,108.48,109.82,31921736,109.90,111.31,108.48,109.82,31921736,109.90,111.31,108.48,109.82,31921736
2019-07-11,111.27,112.75,109.79,111.58,25073873,111.27,112.75,109.79,111.58,25073873,111.27,112.75,109.79,111.58,25073873
2019-07-12,110.99,112.09,109.88,111.78,37618407,110.99,112.09,109.88,111.78,37618407,110.99,112.09,109.88,111.78,37618407
2019-07-15,112.56,114.31,110.82,112.17,25027243,112.56,114.31,110.82,112.17,25027243,112.56,114.31,110.82,112.17,25027243
2019-07-16,112.34,113.30,111.37,112.06,39402593,112.34,113.30,111.37,112.06,39402593,112.34,113.30,111.37,112.06,39402593
2019-07-17,116.34,117.31,115.37,115.53,28894706,116.34,117.31,115.37,115.53,28894706,116.34,117.31,115.37,115.53,28894706
2019-07-18,118.05,119.31,116.79,117.84,30704950,118.05,119.31,116.79,117.84,30704950,118.05,119.31,116.79,117.84,30704950
2019-07-19,119.09,120.60,117.57,118.80,41970964,119.09,120.60,117.57,118.80,41970964,119.09,120.60,117.57,118.80,41970964
2019-07-22,120.44,121.49,119.40,120.59,31255033,120.44,121.49,119.40,120.59,31255033,120.44,121.49,119.40,120.59,31255033
2019-07-23,120.98,121.92,120.03,120.17,27319301,120.98,121.92,120.03,120.17,27319301,120.98,121.92,120.03,120.17,27319301
2019-07-24,119.29,120.32,118.27,119.59,25175399,119.29,120.32,118.27,119.59,25175399,119.29,120.32,118.27,119.59,25175399
2019-07-25,116.10,117.03,115.17,116.35,35090469,116.10,117.03,115.17,116.35,35090469,116.10,117.03,115.17,116.35,35090469
2019-07-26,115.95,117.08,114.81,115.52,33561831,115.95,117.08,114.81,115.52,33561831,115.95,117.08,114.81,115.52,33561831
2019-07-29,116.19,117.02,115.35,115.52,31866681,116.19,117.02,115.35,115.52,31866681,116.19,117.02,115.35,115.52,31866681
2019-07-30,116.68,117.67,115.69,115.82,40930672,116.68,117.67,115.69,115.82,40930672,116.68,117.67,115.69,115.82,40930672
2019-07-31,118.69,120.06,117.32,119.07,38728401,118.69,120.06,117.32,119.07,38728401,118.69,120.06,117.32,119.07,38728401
2019-08-01,122.02,123.15,120.90,121.84,35723964,122.02,123.15,120.90,121.84,35723964,122.02,123.15,120.90,121.84,35723964
2019-08-02,123.14,123.85,122.42,123.00,27223310,123.14,123.85,122.42,123.00,27223310,123.14,123.85,122.42,123.00,27223310
2019-08-05,121.65,123.02,120.27,121.11,30994033,121.65,123.02,120.27,121.11,30994033,121.65,123.02,120.27,121.11,30994033
2019-08-06,117.78,119.14,116.41,118.29,27692642,117.78,119.14,116.41,118.29,27692642,117.78,119.14,116.41,118.29,27692642
2019-08-07,122.86,123.85,121.87,122.90,39048126,122.86,123.85,121.87,122.90,39048126,122.86,123.85,121.87,122.90,39048126
2019-08-08,122.55,123.26,121.85,122.21,39296709,122.55,123.26,121.85,122.21,39296709,122.55,123.26,121.85,122.21,39296709
2019-08-09,120.14,121.81,118.48,119.62,38076825,120.14,121.81,118.48,119.62,38076825,120.14,121.81,118.48,119.62,38076825
2019-08-12,123.32,124.96,121.67,123.46,28562984,123.32,124.96,121.67,123.46,28562984,123.32,124.96,121.67,123.46,28562984
2019-08-13,127.93,129.15,126.71,127.85,40282056,127.93,129.15,126.71,127.85,40282056,127.93,129.15,126.71,127.85,40282056
2019-08-14,128.47,129.96,126.97,128.65,23225074,128.47,129.96,126.97,128.65,23225074,128.47,129.96,126.97,128.65,23225074
2019-08-15,127.53,129.13,125.93,128.00,39884256,127.53,129.13,125.93,128.00,39884256,127.53,129.13,125.93,128.00,39884256
2019-08-16,129.88,130.75,129.01,129.19,21911341,129.88,130.75,129.01,129.19,21911341,129.88,130.75,129.01,129.19,21911341
2019-08-19,126.98,128.06,125.91,126.85,31401671,126.98,128.06,125.91,126.85,31401671,126.98,128.06,125.91,126.85,31401671
2019-08-20,132.17,133.78,130.57,131.83,25509438,132.17,133.78,130.57,131.83,25509438,132.17,133.78,130.57,131.83,25509438
2019-08-21,135.98,137.77,134.18,136.06,28937335,135.98,137.77,134.18,136.06,28937335,135.98,137.77,134.18,136.06,28937335
2019-08-22,136.30,137.48,135.12,136.43,33788981,136.30,137.48,135.12,136.43,33788981,136.30,137.48,135.12,136.43,33788981
2019-08-23,133.98,135.88,132.08,134.60,22593304,133.98,135.88,132.08,134.60,22593304,133.98,135.88,132.08,134.60,22593304
2019-08-26,140.51,142.90,138.12,140.56,24969363,140.51,142.90,138.12,140.56,24969363,140.51,142.90,138.12,140.56,24969363
2019-08-27,145.86,146.78,144.94,145.22,27769108,145.86,146.78,144.94,145.22,27769108,145.86,146.78,144.94,145.22,27769108
2019-08-28,147.43,149.33,145.53,147.11,35106642,147.43,149.33,145.53,147.11,35106642,147.43,149.33,145.53,147.11,35106642
2019-08-29,146.55,148.25,144.85,147.06,29786050,146.55,148.25,144.85,147.06,29786050,146.55,148.25,144.85,147.06,29786050
2019-08-30,147.35,149.38,145.33,146.14,37264026,147.35,149.38,145.33,146.14,37264026,147.35,149.38,145.33,146.14,37264026
2019-09-02,146.70,147.95,145.44,146.52,28307342,146.70,147.95,145.44,146.52,28307342,146.70,147.95,145.44,146.52,28307342
2019-09-03,143.37,144.08,142.66,143.83,23254583,143.37,144.08,142.66,143.83,23254583,143.37,144.08,142.66,143.83,23254583
2019-09-04,145.39,147.26,143.51,145.55,34550833,145.39,147.26,143.51,145.55,34550833,145.39,147.26,143.51,145.55,34550833
2019-09-05,150.08,152.46,147.70,149.23,33323229,150.08,152.46,147.70,149.23,33323229,150.08,152.46,147.70,149.23,33323229
2019-09-06,151.74,153.54,149.94,150.29,34037485,151.74,153.54,149.94,150.29,34037485,151.74,153.54,149.94,150.29,34037485
2019-09-09,147.10,149.08,145.12,147.32,38319186,147.10,149.08,145.12,147.32,38319186,147.10,149.08,145.12,147.32,38319186
2019-09-10,145.79,146.75,144.83,145.16,36076677,145.79,146.75,144.83,145.16,36076677,145.79,146.75,144.83,145.16,36076677
2019-09-11,142.56,143.55,141.57,142.36,32499852,142.56,143.55,141.57,142.36,32499852,142.56,143.55,141.57,142.36,32499852
2019-09-12,140.87,142.41,139.33,141.58,31714471,140.87,142.41,139.33,141.58,31714471,140.87,142.41,139.33,141.58,31714471
2019-09-13,140.71,142.18,139.25,140.24,29334648,140.71,142.18,139.25,140.24,29334648,140.71,142.18,139.25,140.24,29334648
2019-09-16,138.81,139.21,138.41,138.52,26080021,138.81,139.21,138.41,138.52,26080021,138.81,139.21,138.41,138.52,26080021
2019-09-17,138.65,140.06,137.23,138.58,37222455,138.65,140.06,137.23,138.58,37222455,138.65,140.06,137.23,138.58,37222455
2019-09-18,142.07,143.86,140.29,141.68,25312732,142.07,143.86,140.29,141.68,25312732,142.07,143.86,140.29,141.68,25312732
2019-09-19,145.39,147.69,143.08,145.30,26171685,145.39,147.69,143.08,145.30,26171685,145.39,147.69,143.08,145.30,26171685
2019-09-20,147.00,148.37,145.64,146.49,30285279,147.00,148.37,145.64,146.49,30285279,147.00,148.37,145.64,146.49,30285279
2019-09-23,148.57,149.88,147.25,148.23,36573663,148.57,149.88,147.25,148.23,36573663,148.57,149.88,147.25,148.23,36573663
2019-09-24,143.59,145.15,142.02,144.18,21999247,143.59,145.15,142.02,144.18,21999247,143.59,145.15,142.02,144.18,21999247
2019-09-25,144.87,145.94,143.80,144.99,35602439,144.87,145.94,143.80,144.99,35602439,144.87,145.94,143.80,144.99,35602439
2019-09-26,146.14,147.15,145.12,145.93,40663404,146.14,147.15,145.12,145.93,40663404,146.14,147.15,145.12,145.93,40663404
2019-09-27,144.65,146.10,143.20,144.40,21454167,144.65,146.10,143.20,144.40,21454167,144.65,146.10,143.20,144.40,21454167
2019-09-30,145.19,146.09,144.29,145.15,28904138,145.19,146.09,144.29,145.15,28904138,145.19,146.09,144.29,145.15,28904138
2019-10-01,144.57,146.80,142.35,144.28,32145763,144.57,146.80,142.35,144.28,32145763,144.57,146.80,142.35,144.28,32145763
2019-10-02,141.57,142.98,140.16,141.01,26235202,141.57,142.98,140.16,141.01,26235202,141.57,142.98,140.16,141.01,26235202
2019-10-03,140.58,141.62,139.55,139.87,32816464,140.58,141.62,139.55,139.87,32816464,140.58,141.62,139.55,139.87,32816464
2019-10-04,143.67,144.85,142.50,142.78,26513555,143.67,144.85,142.50,142.78,26513555,143.67,144.85,142.50,142.78,26513555
2019-10-07,144.69,146.18,143.20,143.94,37435683,144.69,146.18,143.20,143.94,37435683,144.69,146.18,143.20,143.94,37435683
2019-10-08,149.28,150.35,148.21,148.88,29361139,149.28,150.35,148.21,148.88,29361139,149.28,150.35,148.21,148.88,29361139
2019-10-09,148.39,150.28,146.50,148.06,22443770,148.39,150.28,146.50,148.06,22443770,148.39,150.28,146.50,148.06,22443770
2019-10-10,143.02,144.47,141.58,142.69,27573532,143.02,144.47,141.58,142.69,27573532,143.02,144.47,141.58,142.69,27573532
2019-10-11,142.61,144.72,140.50,142.85,30462232,142.61,144.72,140.50,142.85,30462232,142.61,144.72,140.50,142.85,30462232
2019-10-14,139.81,141.37,138.25,140.43,41311477,139.81,141.37,138.25,140.43,41311477,139.81,141.37,138.25,140.43,41311477
2019-10-15,139.43,139.84,139.03,139.60,38777566,139.43,139.84,139.03,139.60,38777566,139.43,139.84,139.03,139.60,38777566
2019-10-16,142.66,143.75,141.57,143.56,32171755,142.66,143.75,141.57,143.56,32171755,142.66,143.75,141.57,143.56,32171755
2019-10-17,141.65,143.63,139.67,141.53,25515100,141.65,143.63,139.67,141.53,25515100,141.65,143.63,139.67,141.53,25515100
2019-10-18,144.69,146.13,143.25,143.94,21055275,144.69,146.13,143.25,143.94,21055275,144.69,146.13,143.25,143.94,21055275
2019-10-21,142.49,143.08,141.89,142.83,32653107,142.49,143.08,141.89,142.83,32653107,142.49,143.08,141.89,142.83,32653107
2019-10-22,144.18,145.35,143.00,143.83,31094995,144.18,145.35,143.00,143.83,31094995,144.18,145.35,143.00,143.83,31094995
2019-10-23,141.67,142.69,140.64,142.05,26709075,141.67,142.69,140.64,142.05,26709075,141.67,142.69,140.64,142.05,26709075
2019-10-24,143.49,144.70,142.28,143.56,35995827,143.49,144.70,142.28,143.56,35995827,143.49,144.70,142.28,143.56,35995827
2019-10-25,147.44,148.98,145.90,147.69,41289739,147.44,148.98,145.90,147.69,41289739,147.44,148.98,145.90,147.69,41289739
2019-10-28,146.93,148.66,145.21,146.50,23905950,146.93,148.66,145.21,146.50,23905950,146.93,148.66,145.21,146.50,23905950
2019-10-29,145.60,147.74,143.46,146.13,37441618,145.60,147.74,143.46,146.13,37441618,145.60,147.74,143.46,146.13,37441618
2019-10-30,148.21,150.75,145.66,147.90,21196244,148.21,150.75,145.66,147.90,21196244,148.21,150.75,145.66,147.90,21196244
2019-10-31,143.72,145.21,142.22,144.30,35447220,143.72,145.21,142.22,144.30,35447220,143.72,145.21,142.22,144.30,35447220
2019-11-01,143.51,145.16,141.85,142.74,31328994,143.51,145.16,141.85,142.74,31328994,143.51,145.16,141.85,142.74,31328994
2019-11-04,141.74,143.29,140.19,142.11,26659291,141.74,143.29,140.19,142.11,26659291,141.74,143.29,140.19,142.11,26659291
2019-11-05,142.85,143.86,141.85,143.10,34315156,142.85,143.86,141.85,143.10,34315156,142.85,143.86,141.85,143.10,34315156
2019-11-06,144.68,146.22,143.13,144.10,28114825,144.68,146.22,143.13,144.10,28114825,144.68,146.22,143.13,144.10,28114825
2019-11-07,143.23,144.30,142.15,143.47,32287985,143.23,144.30,142.15,143.47,32287985,143.23,144.30,142.15,143.47,32287985
2019-11-08,146.41,147.95,144.87,147.32,29248499,146.41,147.95,144.87,147.32,29248499,146.41,147.95,144.87,147.32,29248499
2019-11-11,148.09,150.36,145.83,148.46,22873338,148.09,150.36,145.83,148.46,22873338,148.09,150.36,145.83,148.46,22873338
2019-11-12,149.96,151.05,148.87,149.25,21420246,149.96,151.05,148.87,149.25,21420246,149.96,151.05,148.87,149.25,21420246
2019-11-13,148.23,150.26,146.19,149.72,40440786,148.23,150.26,146.19,149.72,40440786,148.23,150.26,146.19,149.72,40440786
2019-11-14,150.34,152.29,148.39,151.27,40537375,150.34,152.29,148.39,151.27,40537375,150.34,152.29,148.39,151.27,40537375
2019-11-15,149.93,151.94,147.91,149.70,32757546,149.93,151.94,147.91,149.70,32757546,149.93,151.94,147.91,149.70,32757546
2019-11-18,147.76,149.94,145.58,147.67,34129442,147.76,149.94,145.58,147.67,34129442,147.76,149.94,145.58,147.67,34129442
2019-11-19,147.84,149.88,145.79,147.87,41099249,147.84,149.88,145.79,147.87,41099249,147.84,149.88,145.79,147.87,41099249
2019-11-20,145.93,148.42,143.43,146.09,30668110,145.93,148.42,143.43,146.09,30668110,145.93,148.42,143.43,146.09,30668110
2019-11-21,141.74,143.32,140.17,142.53,35248858,141.74,143.32,140.17,142.53,35248858,141.74,143.32,140.17,142.53,35248858
2019-11-22,145.15,146.22,144.09,144.50,37624442,145.15,146.22,144.09,144.50,37624442,145.15,146.22,144.09,144.50,37624442
2019-11-25,150.64,151.92,149.37,151.41,29596243,150.64,151.92,149.37,151.41,29596243,150.64,151.92,149.37,151.41,29596243
2019-11-26,155.56,157.23,153.89,154.74,38031323,155.56,157.23,153.89,154.74,38031323,155.56,157.23,153.89,154.74,38031323
2019-11-27,157.63,158.88,156.39,157.79,38807406,157.63,158.88,156.39,157.79,38807406,157.63,158.88,156.39,157.79,38807406
2019-11-28,156.58,158.07,155.08,155.27,31579242,156.58,158.07,155.08,155.27,31579242,156.58,158.07,155.08,155.27,31579242
2019-11-29,156.11,157.89,154.32,155.97,39123604,156.11,157.89,154.32,155.97,39123604,156.11,157.89,154.32,155.97,39123604
2019-12-02,154.18,155.55,152.82,154.33,32771326,154.18,155.55,152.82,154.33,32771326,154.18,155.55,152.82,154.33,32771326
2019-12-03,151.87,153.40,150.34,151.91,40598805,151.87,153.40,150.34,151.91,40598805,151.87,153.40,150.34,151.91,40598805
2019-12-04,155.35,157.66,153.03,155.33,21105536,155.35,157.66,153.03,155.33,21105536,155.35,157.66,153.03,155.33,21105536
2019-12-05,151.71,153.31,150.11,151.74,26530636,151.71,153.31,150.11,151.74,26530636,151.71,153.31,150.11,151.74,26530636
2019-12-06,147.68,148.97,146.38,146.88,22867520,147.68,148.97,146.38,146.88,22867520,147.68,148.97,146.38,146.88,22867520
2019-12-09,146.39,147.95,144.82,146.60,29880406,146.39,147.95,144.82,146.60,29880406,146.39,147.95,144.82,146.60,29880406
2019-12-10,150.33,151.61,149.05,151.29,40659073,150.33,151.61,149.05,151.29,40659073,150.33,151.61,149.05,151.29,40659073
2019-12-11,151.82,153.38,150.26,151.86,24864862,151.82,153.38,150.26,151.86,24864862,151.82,153.38,150.26,151.86,24864862
2019-12-12,153.36,155.06,151.66,152.43,22769682,153.36,155.06,151.66,152.43,22769682,153.36,155.06,151.66,152.43,22769682
2019-12-13,154.90,156.73,153.06,154.22,36072971,154.90,156.73,153.06,154.22,36072971,154.90,156.73,153.06,154.22,36072971
2019-12-16,155.48,157.75,153.22,155.16,21873515,155.48,157.75,153.22,155.16,21873515,155.48,157.75,153.22,155.16,21873515
2019-12-17,155.15,156.84,153.45,155.15,40264327,155.15,156.84,153.45,155.15,40264327,155.15,156.84,153.45,155.15,40264327
2019-12-18,152.79,154.75,150.84,152.10,21005058,152.79,154.75,150.84,152.10,21005058,152.79,154.75,150.84,152.10,21005058
2019-12-19,153.97,155.64,152.30,154.01,30481415,153.97,155.64,152.30,154.01,30481415,153.97,155.64,152.30,154.01,30481415
2019-12-20,151.58,152.42,150.73,151.87,39268025,151.58,152.42,150.73,151.87,39268025,151.58,152.42,150.73,151.87,39268025
2019-12-23,157.45,159.40,155.51,156.38,30345392,157.45,159.40,155.51,156.38,30345392,157.45,159.40,155.51,156.38,30345392
2019-12-24,156.92,158.44,155.41,156.73,21065555,156.92,158.44,155.41,156.73,21065555,156.92,158.44,155.41,156.73,21065555
2019-12-25,154.30,156.66,151.95,155.05,39364611,154.30,156.66,151.95,155.05,39364611,154.30,156.66,151.95,155.05,39364611
2019-12-26,153.64,155.22,152.05,154.34,26323521,153.64,155.22,152.05,154.34,26323521,153.64,155.22,152.05,154.34,26323521
2019-12-27,151.40,152.29,150.50,151.15,31761000,151.40,152.29,150.50,151.15,31761000,151.40,152.29,150.50,151.15,31761000
2019-12-30,151.94,153.82,150.05,152.78,26277461,151.94,153.82,150.05,152.78,26277461,151.94,153.82,150.05,152.78,26277461
2019-12-31,151.11,152.72,149.50,151.67,35005013,151.11,152.72,149.50,151.67,35005013,151.11,152.72,149.50,151.67,35005013
2020-01-01,154.92,156.25,153.60,154.03,32984483,154.92,156.25,153.60,154.03,32984483,154.92,156.25,153.60,154.03,32984483
2020-01-02,160.78,163.34,158.22,162.13,36025625,160.78,163.34,158.22,162.13,36025625,160.78,163.34,158.22,162.13,36025625
2020-01-03,161.72,163.43,160.02,161.25,23853609,161.72,163.43,160.02,161.25,23853609,161.72,163.43,160.02,161.25,23853609
2020-01-06,157.14,159.29,154.99,157.58,40962847,157.14,159.29,154.99,157.58,40962847,157.14,159.29,154.99,157.58,40962847
2020-01-07,156.66,158.35,154.98,157.58,33669837,156.66,158.35,154.98,157.58,33669837,156.66,158.35,154.98,157.58,33669837
2020-01-08,159.38,161.09,157.66,159.39,27820777,159.38,161.09,157.66,159.39,27820777,159.38,161.09,157.66,159.39,27820777
2020-01-09,162.13,164.37,159.89,162.59,27827791,162.13,164.37,159.89,162.59,27827791,162.13,164.37,159.89,162.59,27827791
2020-01-10,167.32,168.54,166.10,166.65,28846457,167.32,168.54,166.10,166.65,28846457,167.32,168.54,166.10,166.65,28846457
2020-01-13,165.32,166.51,164.13,165.35,33752600,165.32,166.51,164.13,165.35,33752600,165.32,166.51,164.13,165.35,33752600
2020-01-14,168.93,170.80,167.07,168.83,37021926,168.93,170.80,167.07,168.83,37021926,168.93,170.80,167.07,168.83,37021926
2020-01-15,168.38,170.54,166.22,168.15,36309709,168.38,170.54,166.22,168.15,36309709,168.38,170.54,166.22,168.15,36309709
2020-01-16,168.21,170.14,166.28,167.68,21146109,168.21,170.14,166.28,167.68,21146109,168.21,170.14,166.28,167.68,21146109
2020-01-17,167.96,169.55,166.37,167.85,26464439,167.96,169.55,166.37,167.85,26464439,167.96,169.55,166.37,167.85,26464439
2020-01-20,165.75,168.31,163.19,165.93,21112122,165.75,168.31,163.19,165.93,21112122,165.75,168.31,163.19,165.93,21112122
2020-01-21,169.58,171.88,167.27,169.60,28240526,169.58,171.88,167.27,169.60,28240526,169.58,171.88,167.27,169.60,28240526
2020-01-22,169.60,171.33,167.87,168.79,40361068,169.60,171.33,167.87,168.79,40361068,169.60,171.33,167.87,168.79,40361068
2020-01-23,169.61,171.10,168.12,169.39,32720817,169.61,171.10,168.12,169.39,32720817,169.61,171.10,168.12,169.39,32720817
2020-01-24,172.24,174.62,169.85,171.41,39979112,172.24,174.62,169.85,171.41,39979112,172.24,174.62,169.85,171.41,39979112
2020-01-27,176.92,178.50,175.35,175.78,31019725,176.92,178.50,175.35,175.78,31019725,176.92,178.50,175.35,175.78,31019725
2020-01-28,181.63,182.60,180.66,180.69,26421322,181.63,182.60,180.66,180.69,26421322,181.63,182.60,180.66,180.69,26421322
2020-01-29,182.25,184.07,180.43,181.80,25829190,182.25,184.07,180.43,181.80,25829190,182.25,184.07,180.43,181.80,25829190
2020-01-30,182.57,184.67,180.47,183.33,31575115,182.57,184.67,180.47,183.33,31575115,182.57,184.67,180.47,183.33,31575115
2020-01-31,186.06,188.88,183.23,186.17,27378140,186.06,188.88,183.23,186.17,27378140,186.06,188.88,183.23,186.17,27378140
2020-02-03,182.88,184.89,180.88,183.96,34771722,182.88,184.89,180.88,183.96,34771722,182.88,184.89,180.88,183.96,34771722
2020-02-04,189.57,191.41,187.73,189.62,33858537,189.57,191.41,187.73,189.62,33858537,189.57,191.41,187.73,189.62,33858537
2020-02-05,187.45,189.90,185.01,186.14,25646808,187.45,189.90,185.01,186.14,25646808,187.45,189.90,185.01,186.14,25646808
2020-02-06,187.80,189.17,186.42,187.30,38787253,187.80,189.17,186.42,187.30,38787253,187.80,189.17,186.42,187.30,38787253
2020-02-07,184.59,187.88,181.30,184.62,26065342,184.59,187.88,181.30,184.62,26065342,184.59,187.88,181.30,184.62,26065342
2020-02-10,185.72,187.87,183.58,185.47,28092876,185.72,187.87,183.58,185.47,28092876,185.72,187.87,183.58,185.47,28092876
2020-02-11,181.34,183.70,178.99,180.87,27711981,181.34,183.70,178.99,180.87,27711981,181.34,183.70,178.99,180.87,27711981
2020-02-12,174.29,175.65,172.92,174.02,21750716,174.29,175.65,172.92,174.02,21750716,174.29,175.65,172.92,174.02,21750716
2020-02-13,173.46,176.27,170.64,172.57,22978418,173.46,176.27,170.64,172.57,22978418,173.46,176.27,170.64,172.57,22978418
2020-02-14,169.24,171.16,167.31,168.75,36089158,169.24,171.16,167.31,168.75,36089158,169.24,171.16,167.31,168.75,36089158
2020-02-17,170.70,173.28,168.13,171.24,41863533,170.70,173.28,168.13,171.24,41863533,170.70,173.28,168.13,171.24,41863533
2020-02-18,173.85,175.44,172.25,172.84,30666749,173.85,175.44,172.25,172.84,30666749,173.85,175.44,172.25,172.84,30666749
2020-02-19,171.75,174.00,169.49,172.65,21668992,171.75,174.00,169.49,172.65,21668992,171.75,174.00,169.49,172.65,21668992
2020-02-20,178.45,180.74,176.17,177.89,29349429,178.45,180.74,176.17,177.89,29349429,178.45,180.74,176.17,177.89,29349429
2020-02-21,181.13,183.42,178.84,180.74,39016991,181.13,183.42,178.84,180.74,39016991,181.13,183.42,178.84,180.74,39016991
2020-02-24,185.06,187.38,182.73,184.35,26044770,185.06,187.38,182.73,184.35,26044770,185.06,187.38,182.73,184.35,26044770
2020-02-25,183.01,184.82,181.20,182.68,25811449,183.01,184.82,181.20,182.68,25811449,183.01,184.82,181.20,182.68,25811449
2020-02-26,186.25,188.34,184.15,185.82,38512249,186.25,188.34,184.15,185.82,38512249,186.25,188.34,184.15,185.82,38512249
2020-02-27,193.05,194.85,191.24,191.61,40225015,193.05,194.85,191.24,191.61,40225015,193.05,194.85,191.24,191.61,40225015
2020-02-28,188.88,190.37,187.39,188.32,28235800,188.88,190.37,187.39,188.32,28235800,188.88,190.37,187.39,188.32,28235800
2020-03-02,176.98,178.36,175.60,176.36,31775972,176.98,178.36,175.60,176.36,31775972,176.98,178.36,175.60,176.36,31775972
2020-03-03,175.43,176.80,174.06,175.32,22361519,175.43,176.80,174.06,175.32,22361519,175.43,176.80,174.06,175.32,22361519
2020-03-04,172.99,176.15,169.83,172.78,35265650,172.99,176.15,169.83,172.78,35265650,172.99,176.15,169.83,172.78,35265650
2020-03-05,173.43,174.06,172.80,174.01,28895158,173.43,174.06,172.80,174.01,28895158,173.43,174.06,172.80,174.01,28895158
2020-03-06,173.76,176.54,170.98,172.53,34238419,173.76,176.54,170.98,172.53,34238419,173.76,176.54,170.98,172.53,34238419
2020-03-09,170.65,172.58,168.72,170.75,40514894,170.65,172.58,168.72,170.75,40514894,170.65,172.58,168.72,170.75,40514894
2020-03-10,173.27,175.23,171.30,172.48,31946623,173.27,175.23,171.30,172.48,31946623,173.27,175.23,171.30,172.48,31946623
2020-03-11,169.40,170.66,168.15,169.08,27750712,169.40,170.66,168.15,169.08,27750712,169.40,170.66,168.15,169.08,27750712
2020-03-12,166.79,168.20,165.39,166.60,21597605,166.79,168.20,165.39,166.60,21597605,166.79,168.20,165.39,166.60,21597605
2020-03-13,167.07,169.03,165.12,166.84,27955490,167.07,169.03,165.12,166.84,27955490,167.07,169.03,165.12,166.84,27955490
2020-03-16,165.93,167.39,164.47,166.22,34072833,165.93,167.39,164.47,166.22,34072833,165.93,167.39,164.47,166.22,34072833
2020-03-17,166.64,167.85,165.44,165.50,22916142,166.64,167.85,165.44,165.50,22916142,166.64,167.85,165.44,165.50,22916142
2020-03-18,168.35,170.60,166.10,167.81,35842601,168.35,170.60,166.10,167.81,35842601,168.35,170.60,166.10,167.81,35842601
2020-03-19,165.22,167.03,163.42,165.54,26496810,165.22,167.03,163.42,165.54,26496810,165.22,167.03,163.42,165.54,26496810
2020-03-20,158.46,160.23,156.69,158.20,37791152,158.46,160.23,156.69,158.20,37791152,158.46,160.23,156.69,158.20,37791152
2020-03-23,160.90,163.41,158.39,160.33,27986133,160.90,163.41,158.39,160.33,27986133,160.90,163.41,158.39,160.33,27986133
2020-03-24,158.72,160.19,157.25,157.68,30986057,158.72,160.19,157.25,157.68,30986057,158.72,160.19,157.25,157.68,30986057
2020-03-25,157.30,158.23,156.37,157.24,41306685,157.30,158.23,156.37,157.24,41306685,157.30,158.23,156.37,157.24,41306685
2020-03-26,157.75,158.87,156.64,157.39,21850244,157.75,158.87,156.64,157.39,21850244,157.75,158.87,156.64,157.39,21850244
2020-03-27,159.16,161.11,157.21,158.68,21247067,159.16,161.11,157.21,158.68,21247067,159.16,161.11,157.21,158.68,21247067
2020-03-30,158.43,161.66,155.20,157.69,35050680,158.43,161.66,155.20,157.69,35050680,158.43,161.66,155.20,157.69,35050680
2020-03-31,160.26,161.77,158.75,159.88,29357014,160.26,161.77,158.75,159.88,29357014,160.26,161.77,158.75,159.88,29357014
2020-04-01,159.17,159.72,158.63,159.30,41564499,159.17,159.72,158.63,159.30,41564499,159.17,159.72,158.63,159.30,41564499
2020-04-02,155.61,158.06,153.16,154.42,38433842,155.61,158.06,153.16,154.42,38433842,155.61,158.06,153.16,154.42,38433842
2020-04-03,152.59,152.87,152.32,152.51,40436116,152.59,152.87,152.32,152.51,40436116,152.59,152.87,152.32,152.51,40436116
2020-04-06,150.22,151.45,148.99,149.79,23071805,150.22,151.45,148.99,149.79,23071805,150.22,151.45,148.99,149.79,23071805
2020-04-07,148.16,149.82,146.49,147.80,27648523,148.16,149.82,146.49,147.80,27648523,148.16,149.82,146.49,147.80,27648523
2020-04-08,147.89,150.21,145.58,148.57,41543659,147.89,150.21,145.58,148.57,41543659,147.89,150.21,145.58,148.57,41543659
2020-04-09,148.57,150.85,146.28,148.42,40068732,148.57,150.85,146.28,148.42,40068732,148.57,150.85,146.28,148.42,40068732
2020-04-10,146.94,148.59,145.29,146.63,27499113,146.94,148.59,145.29,146.63,27499113,146.94,148.59,145.29,146.63,27499113
2020-04-13,149.50,151.24,147.75,148.10,35817512,149.50,151.24,147.75,148.10,35817512,149.50,151.24,147.75,148.10,35817512
2020-04-14,149.25,150.47,148.03,148.51,26318153,149.25,150.47,148.03,148.51,26318153,149.25,150.47,148.03,148.51,26318153
2020-04-15,147.98,148.80,147.16,147.57,31318331,147.98,148.80,147.16,147.57,31318331,147.98,148.80,147.16,147.57,31318331
2020-04-16,147.11,149.12,145.10,147.07,33179202,147.11,149.12,145.10,147.07,33179202,147.11,149.12,145.10,147.07,33179202
2020-04-17,148.27,149.87,146.67,148.51,26251192,148.27,149.87,146.67,148.51,26251192,148.27,149.87,146.67,148.51,26251192
2020-04-20,147.64,148.23,147.06,147.79,39035092,147.64,148.23,147.06,147.79,39035092,147.64,148.23,147.06,147.79,39035092
2020-04-21,148.62,150.03,147.20,149.01,40006641,148.62,150.03,147.20,149.01,40006641,148.62,150.03,147.20,149.01,40006641
2020-04-22,148.12,149.11,147.13,147.71,40475880,148.12,149.11,147.13,147.71,40475880,148.12,149.11,147.13,147.71,40475880
2020-04-23,144.34,147.63,141.06,143.75,23244551,144.34,147.63,141.06,143.75,23244551,144.34,147.63,141.06,143.75,23244551
2020-04-24,145.92,147.91,143.94,146.34,22519319,145.92,147.91,143.94,146.34,22519319,145.92,147.91,143.94,146.34,22519319
2020-04-27,146.15,148.31,143.99,145.64,39482758,146.15,148.31,143.99,145.64,39482758,146.15,148.31,143.99,145.64,39482758
2020-04-28,145.03,146.88,143.18,144.31,28691313,145.03,146.88,143.18,144.31,28691313,145.03,146.88,143.18,144.31,28691313
2020-04-29,149.62,152.12,147.13,149.19,31567795,149.62,152.12,147.13,149.19,31567795,149.62,152.12,147.13,149.19,31567795
2020-04-30,149.44,151.12,147.76,149.25,31363508,149.44,151.12,147.76,149.25,31363508,149.44,151.12,147.76,149.25,31363508
2020-05-01,149.58,150.95,148.22,150.14,37560217,149.58,150.95,148.22,150.14,37560217,149.58,150.95,148.22,150.14,37560217
2020-05-04,152.04,153.66,150.42,152.60,39103766,152.04,153.66,150.42,152.60,39103766,152.04,153.66,150.42,152.60,39103766
2020-05-05,153.31,155.07,151.55,153.17,34574436,153.31,155.07,151.55,153.17,34574436,153.31,155.07,151.55,153.17,34574436
2020-05-06,156.57,158.06,155.07,156.68,36655565,156.57,158.06,155.07,156.68,36655565,156.57,158.06,155.07,156.68,36655565
2020-05-07,163.95,165.72,162.19,163.69,24607571,163.95,165.72,162.19,163.69,24607571,163.95,165.72,162.19,163.69,24607571
2020-05-08,168.21,169.53,166.88,168.15,25108992,168.21,169.53,166.88,168.15,25108992,168.21,169.53,166.88,168.15,25108992
2020-05-11,170.81,171.56,170.05,170.84,37668066,170.81,171.56,170.05,170.84,37668066,170.81,171.56,170.05,170.84,37668066
2020-05-12,172.31,174.23,170.38,172.75,27061992,172.31,174.23,170.38,172.75,27061992,172.31,174.23,170.38,172.75,27061992
2020-05-13,171.67,174.31,169.04,172.04,24935637,171.67,174.31,169.04,172.04,24935637,171.67,174.31,169.04,172.04,24935637
2020-05-14,168.09,170.36,165.82,166.56,27874910,168.09,170.36,165.82,166.56,27874910,168.09,170.36,165.82,166.56,27874910
2020-05-15,168.99,171.43,166.55,169.02,23175108,168.99,171.43,166.55,169.02,23175108,168.99,171.43,166.55,169.02,23175108
2020-05-18,168.36,170.21,166.51,168.41,22741470,168.36,170.21,166.51,168.41,22741470,168.36,170.21,166.51,168.41,22741470
2020-05-19,169.12,171.78,166.46,167.93,27030198,169.12,171.78,166.46,167.93,27030198,169.12,171.78,166.46,167.93,27030198
2020-05-20,170.42,171.61,169.24,170.99,28232989,170.42,171.61,169.24,170.99,28232989,170.42,171.61,169.24,170.99,28232989
2020-05-21,175.22,177.89,172.55,175.10,29279423,175.22,177.89,172.55,175.10,29279423,175.22,177.89,172.55,175.10,29279423
2020-05-22,172.05,174.70,169.40,172.86,41869235,172.05,174.70,169.40,172.86,41869235,172.05,174.70,169.40,172.86,41869235
2020-05-25,174.24,176.42,172.06,173.18,21424961,174.24,176.42,172.06,173.18,21424961,174.24,176.42,172.06,173.18,21424961
2020-05-26,168.87,172.49,165.26,169.84,32030260,168.87,172.49,165.26,169.84,32030260,168.87,172.49,165.26,169.84,32030260
2020-05-27,169.96,170.58,169.34,169.44,37768415,169.96,170.58,169.34,169.44,37768415,169.96,170.58,169.34,169.44,37768415
2020-05-28,168.05,171.34,164.76,167.16,38913285,168.05,171.34,164.76,167.16,38913285,168.05,171.34,164.76,167.16,38913285
2020-05-29,167.51,169.25,165.78,167.02,27187627,167.51,169.25,165.78,167.02,27187627,167.51,169.25,165.78,167.02,27187627
2020-06-01,173.46,175.08,171.85,173.02,28464170,173.46,175.08,171.85,173.02,28464170,173.46,175.08,171.85,173.02,28464170
2020-06-02,176.52,177.66,175.39,176.49,22038396,176.52,177.66,175.39,176.49,22038396,176.52,177.66,175.39,176.49,22038396
2020-06-03,179.88,182.20,177.56,179.89,27758779,179.88,182.20,177.56,179.89,27758779,179.88,182.20,177.56,179.89,27758779
2020-06-04,179.57,180.86,178.28,179.06,32101227,179.57,180.86,178.28,179.06,32101227,179.57,180.86,178.28,179.06,32101227
2020-06-05,180.27,181.85,178.70,181.17,21736364,180.27,181.85,178.70,181.17,21736364,180.27,181.85,178.70,181.17,21736364
2020-06-08,180.09,182.43,177.75,179.26,30512960,180.09,182.43,177.75,179.26,30512960,180.09,182.43,177.75,179.26,30512960
2020-06-09,185.57,188.51,182.64,184.59,26743560,185.57,188.51,182.64,184.59,26743560,185.57,188.51,182.64,184.59,26743560
2020-06-10,186.02,187.30,184.74,186.02,34585881,186.02,187.30,184.74,186.02,34585881,186.02,187.30,184.74,186.02,34585881
2020-06-11,181.87,184.88,178.86,180.56,32428200,181.87,184.88,178.86,180.56,32428200,181.87,184.88,178.86,180.56,32428200
2020-06-12,184.08,187.49,180.67,184.33,39344752,184.08,187.49,180.67,184.33,39344752,184.08,187.49,180.67,184.33,39344752
2020-06-15,186.49,186.93,186.04,186.50,37049158,186.49,186.93,186.04,186.50,37049158,186.49,186.93,186.04,186.50,37049158
2020-06-16,184.88,187.36,182.39,185.01,41015333,184.88,187.36,182.39,185.01,41015333,184.88,187.36,182.39,185.01,41015333
2020-06-17,189.12,190.98,187.26,188.59,29984652,189.12,190.98,187.26,188.59,29984652,189.12,190.98,187.26,188.59,29984652
2020-06-18,187.84,189.36,186.33,187.36,23195644,187.84,189.36,186.33,187.36,23195644,187.84,189.36,186.33,187.36,23195644
2020-06-19,197.97,201.19,194.74,197.39,37112844,197.97,201.19,194.74,197.39,37112844,197.97,201.19,194.74,197.39,37112844
2020-06-22,198.73,200.91,196.55,197.71,30143177,198.73,200.91,196.55,197.71,30143177,198.73,200.91,196.55,197.71,30143177
2020-06-23,198.77,200.73,196.82,196.94,33251111,198.77,200.73,196.82,196.94,33251111,198.77,200.73,196.82,196.94,33251111
2020-06-24,199.26,202.19,196.34,198.16,21978179,199.26,202.19,196.34,198.16,21978179,199.26,202.19,196.34,198.16,21978179
2020-06-25,198.64,201.44,195.84,198.28,30115493,198.64,201.44,195.84,198.28,30115493,198.64,201.44,195.84,198.28,30115493
2020-06-26,199.85,202.92,196.78,199.81,27232804,199.85,202.92,196.78,199.81,27232804,199.85,202.92,196.78,199.81,27232804
2020-06-29,202.90,205.36,200.44,202.20,39920233,202.90,205.36,200.44,202.20,39920233,202.90,205.36,200.44,202.20,39920233
2020-06-30,203.82,206.02,201.63,203.75,30917900,203.82,206.02,201.63,203.75,30917900,203.82,206.02,201.63,203.75,30917900
2020-07-01,204.34,208.60,200.07,204.71,27756478,204.34,208.60,200.07,204.71,27756478,204.34,208.60,200.07,204.71,27756478
2020-07-02,204.41,207.12,201.70,204.34,29592020,204.41,207.12,201.70,204.34,29592020,204.41,207.12,201.70,204.34,29592020
2020-07-03,210.84,213.25,208.43,210.09,35703953,210.84,213.25,208.43,210.09,35703953,210.84,213.25,208.43,210.09,35703953
2020-07-06,220.21,223.11,217.30,219.43,25067706,220.21,223.11,217.30,219.43,25067706,220.21,223.11,217.30,219.43,25067706
2020-07-07,218.17,220.28,216.05,217.01,40136379,218.17,220.28,216.05,217.01,40136379,218.17,220.28,216.05,217.01,40136379
2020-07-08,212.44,215.01,209.86,212.92,36714695,212.44,215.01,209.86,212.92,36714695,212.44,215.01,209.86,212.92,36714695
2020-07-09,215.02,218.03,212.01,215.33,36789401,215.02,218.03,212.01,215.33,36789401,215.02,218.03,212.01,215.33,36789401
2020-07-10,214.50,216.51,212.49,214.91,40510604,214.50,216.51,212.49,214.91,40510604,214.50,216.51,212.49,214.91,40510604
2020-07-13,207.06,208.54,205.58,206.54,27105621,207.06,208.54,205.58,206.54,27105621,207.06,208.54,205.58,206.54,27105621
2020-07-14,210.86,213.35,208.37,210.58,38601343,210.86,213.35,208.37,210.58,38601343,210.86,213.35,208.37,210.58,38601343
2020-07-15,212.17,213.80,210.54,212.80,32018457,212.17,213.80,210.54,212.80,32018457,212.17,213.80,210.54,212.80,32018457
2020-07-16,220.85,223.15,218.55,220.10,28644577,220.85,223.15,218.55,220.10,28644577,220.85,223.15,218.55,220.10,28644577
2020-07-17,216.12,218.76,213.48,216.24,36856973,216.12,218.76,213.48,216.24,36856973,216.12,218.76,213.48,216.24,36856973
2020-07-20,214.25,217.58,210.93,214.06,30979152,214.25,217.58,210.93,214.06,30979152,214.25,217.58,210.93,214.06,30979152
2020-07-21,216.13,218.84,213.42,215.77,38365930,216.13,218.84,213.42,215.77,38365930,216.13,218.84,213.42,215.77,38365930
2020-07-22,218.27,221.64,214.90,217.76,30074461,218.27,221.64,214.90,217.76,30074461,218.27,221.64,214.90,217.76,30074461
2020-07-23,216.24,218.29,214.19,218.18,32861185,216.24,218.29,214.19,218.18,32861185,216.24,218.29,214.19,218.18,32861185
2020-07-24,217.08,219.37,214.80,216.81,33367817,217.08,219.37,214.80,216.81,33367817,217.08,219.37,214.80,216.81,33367817
2020-07-27,223.06,225.39,220.73,221.82,23083085,223.06,225.39,220.73,221.82,23083085,223.06,225.39,220.73,221.82,23083085
2020-07-28,223.25,225.44,221.05,222.67,21293616,223.25,225.44,221.05,222.67,21293616,223.25,225.44,221.05,222.67,21293616
2020-07-29,222.03,224.89,219.16,221.74,33897417,222.03,224.89,219.16,221.74,33897417,222.03,224.89,219.16,221.74,33897417
2020-07-30,219.86,222.14,217.57,220.46,26194379,219.86,222.14,217.57,220.46,26194379,219.86,222.14,217.57,220.46,26194379
2020-07-31,220.49,223.60,217.37,221.43,27254794,220.49,223.60,217.37,221.43,27254794,220.49,223.60,217.37,221.43,27254794
2020-08-03,220.00,222.03,217.98,219.48,36233655,220.00,222.03,217.98,219.48,36233655,220.00,222.03,217.98,219.48,36233655
2020-08-04,223.94,226.42,221.46,223.50,37998937,223.94,226.42,221.46,223.50,37998937,223.94,226.42,221.46,223.50,37998937
2020-08-05,225.48,227.79,223.17,224.52,24871733,225.48,227.79,223.17,224.52,24871733,225.48,227.79,223.17,224.52,24871733
2020-08-06,230.94,232.65,229.22,231.30,41622937,230.94,232.65,229.22,231.30,41622937,230.94,232.65,229.22,231.30,41622937
2020-08-07,232.58,235.04,230.13,233.23,34905904,232.58,235.04,230.13,233.23,34905904,232.58,235.04,230.13,233.23,34905904
2020-08-10,244.61,246.77,242.45,243.67,27031464,244.61,246.77,242.45,243.67,27031464,244.61,246.77,242.45,243.67,27031464
2020-08-11,241.53,243.14,239.92,241.01,31689072,241.53,243.14,239.92,241.01,31689072,241.53,243.14,239.92,241.01,31689072
2020-08-12,245.42,248.74,242.10,245.39,29287210,245.42,248.74,242.10,245.39,29287210,245.42,248.74,242.10,245.39,29287210
2020-08-13,241.94,243.59,240.30,243.30,28647209,241.94,243.59,240.30,243.30,28647209,241.94,243.59,240.30,243.30,28647209
2020-08-14,239.81,243.07,236.56,239.67,33820776,239.81,243.07,236.56,239.67,33820776,239.81,243.07,236.56,239.67,33820776
2020-08-17,235.60,237.81,233.39,235.65,25719751,235.60,237.81,233.39,235.65,25719751,235.60,237.81,233.39,235.65,25719751
2020-08-18,243.57,245.70,241.44,243.35,37320385,243.57,245.70,241.44,243.35,37320385,243.57,245.70,241.44,243.35,37320385
2020-08-19,243.17,246.27,240.07,245.23,39420253,243.17,246.27,240.07,245.23,39420253,243.17,246.27,240.07,245.23,39420253
2020-08-20,240.01,243.22,236.80,240.51,21322691,240.01,243.22,236.80,240.51,21322691,240.01,243.22,236.80,240.51,21322691
2020-08-21,248.17,251.33,245.01,249.99,24235590,248.17,251.33,245.01,249.99,24235590,248.17,251.33,245.01,249.99,24235590
2020-08-24,253.89,256.32,251.46,254.65,36761004,253.89,256.32,251.46,254.65,36761004,253.89,256.32,251.46,254.65,36761004
2020-08-25,261.42,263.59,259.25,261.72,35805725,261.42,263.59,259.25,261.72,35805725,261.42,263.59,259.25,261.72,35805725
2020-08-26,261.53,264.43,258.63,260.41,34246374,261.53,264.43,258.63,260.41,34246374,261.53,264.43,258.63,260.41,34246374
2020-08-27,252.71,257.76,247.66,253.37,30921704,252.71,257.76,247.66,253.37,30921704,252.71,257.76,247.66,253.37,30921704
2020-08-28,251.34,254.86,247.81,252.58,25247737,251.34,254.86,247.81,252.58,25247737,251.34,254.86,247.81,252.58,25247737
2020-08-31,258.71,260.62,256.79,258.60,41139924,258.71,260.62,256.79,258.60,41139924,258.71,260.62,256.79,258.60,41139924
2020-09-01,263.47,266.93,260.02,262.66,35842071,263.47,266.93,260.02,262.66,35842071,263.47,266.93,260.02,262.66,35842071
2020-09-02,262.94,265.37,260.52,261.92,37519703,262.94,265.37,260.52,261.92,37519703,262.94,265.37,260.52,261.92,37519703
2020-09-03,270.62,273.93,267.31,269.31,23744663,270.62,273.93,267.31,269.31,23744663,270.62,273.93,267.31,269.31,23744663
2020-09-04,269.01,270.11,267.91,268.25,37036588,269.01,270.11,267.91,268.25,37036588,269.01,270.11,267.91,268.25,37036588
2020-09-07,265.06,267.31,262.82,264.49,38582040,265.06,267.31,262.82,264.49,38582040,265.06,267.31,262.82,264.49,38582040
2020-09-08,260.62,262.87,258.37,261.62,34531680,260.62,262.87,258.37,261.62,34531680,260.62,262.87,258.37,261.62,34531680
2020-09-09,269.17,272.03,266.31,269.43,38497399,269.17,272.03,266.31,269.43,38497399,269.17,272.03,266.31,269.43,38497399
2020-09-10,275.09,279.49,270.68,273.88,25235699,275.09,279.49,270.68,273.88,25235699,275.09,279.49,270.68,273.88,25235699
2020-09-11,279.39,281.44,277.33,278.43,22159570,279.39,281.44,277.33,278.43,22159570,279.39,281.44,277.33,278.43,22159570
2020-09-14,281.70,286.18,277.21,280.12,25807789,281.70,286.18,277.21,280.12,25807789,281.70,286.18,277.21,280.12,25807789
2020-09-15,288.16,290.46,285.85,287.47,26363994,288.16,290.46,285.85,287.47,26363994,288.16,290.46,285.85,287.47,26363994
2020-09-16,291.24,295.14,287.34,291.63,34668456,291.24,295.14,287.34,291.63,34668456,291.24,295.14,287.34,291.63,34668456
2020-09-17,295.25,299.28,291.21,294.04,30898730,295.25,299.28,291.21,294.04,30898730,295.25,299.28,291.21,294.04,30898730
2020-09-18,293.51,297.94,289.08,293.38,40694371,293.51,297.94,289.08,293.38,40694371,293.51,297.94,289.08,293.38,40694371
2020-09-21,296.74,299.50,293.98,295.95,28874256,296.74,299.50,293.98,295.95,28874256,296.74,299.50,293.98,295.95,28874256
2020-09-22,304.34,308.43,300.26,303.98,35883300,304.34,308.43,300.26,303.98,35883300,304.34,308.43,300.26,303.98,35883300
2020-09-23,296.77,299.99,293.54,296.07,33728302,296.77,299.99,293.54,296.07,33728302,296.77,299.99,293.54,296.07,33728302
2020-09-24,297.36,300.94,293.78,296.78,22802026,297.36,300.94,293.78,296.78,22802026,297.36,300.94,293.78,296.78,22802026
2020-09-25,292.20,296.74,287.66,292.99,28741034,292.20,296.74,287.66,292.99,28741034,292.20,296.74,287.66,292.99,28741034
2020-09-28,296.40,298.00,294.80,295.37,40114656,296.40,298.00,294.80,295.37,40114656,296.40,298.00,294.80,295.37,40114656
2020-09-29,301.52,303.08,299.95,300.19,32419012,301.52,303.08,299.95,300.19,32419012,301.52,303.08,299.95,300.19,32419012
2020-09-30,296.97,301.17,292.76,297.91,31786706,296.97,301.17,292.76,297.91,31786706,296.97,301.17,292.76,297.91,31786706
2020-10-01,290.58,293.65,287.51,290.62,26975353,290.58,293.65,287.51,290.62,26975353,290.58,293.65,287.51,290.62,26975353
2020-10-02,291.61,294.78,288.44,289.79,22389543,291.61,294.78,288.44,289.79,22389543,291.61,294.78,288.44,289.79,22389543
2020-10-05,293.26,295.96,290.56,293.04,27560524,293.26,295.96,290.56,293.04,27560524,293.26,295.96,290.56,293.04,27560524
2020-10-06,308.30,312.48,304.11,308.14,33783925,308.30,312.48,304.11,308.14,33783925,308.30,312.48,304.11,308.14,33783925
2020-10-07,316.91,318.61,315.21,315.99,29704937,316.91,318.61,315.21,315.99,29704937,316.91,318.61,315.21,315.99,29704937
2020-10-08,315.56,319.65,311.46,314.95,39039973,315.56,319.65,311.46,314.95,39039973,315.56,319.65,311.46,314.95,39039973
2020-10-09,317.93,323.26,312.60,315.58,26773075,317.93,323.26,312.60,315.58,26773075,317.93,323.26,312.60,315.58,26773075
2020-10-12,323.32,327.49,319.15,321.10,38523949,323.32,327.49,319.15,321.10,38523949,323.32,327.49,319.15,321.10,38523949
2020-10-13,329.87,333.41,326.32,326.70,39331923,329.87,333.41,326.32,326.70,39331923,329.87,333.41,326.32,326.70,39331923
2020-10-14,326.92,331.82,322.02,326.34,30094684,326.92,331.82,322.02,326.34,30094684,326.92,331.82,322.02,326.34,30094684
2020-10-15,324.47,327.91,321.02,323.95,34895176,324.47,327.91,321.02,323.95,34895176,324.47,327.91,321.02,323.95,34895176
2020-10-16,317.45,321.04,313.85,319.08,22220810,317.45,321.04,313.85,319.08,22220810,317.45,321.04,313.85,319.08,22220810
2020-10-19,313.34,316.79,309.90,314.15,22697783,313.34,316.79,309.90,314.15,22697783,313.34,316.79,309.90,314.15,22697783
2020-10-20,323.63,327.51,319.76,324.86,27616175,323.63,327.51,319.76,324.86,27616175,323.63,327.51,319.76,324.86,27616175
2020-10-21,324.06,328.57,319.55,327.56,28432022,324.06,328.57,319.55,327.56,28432022,324.06,328.57,319.55,327.56,28432022
2020-10-22,330.96,332.76,329.15,330.66,29205066,330.96,332.76,329.15,330.66,29205066,330.96,332.76,329.15,330.66,29205066
2020-10-23,336.28,341.68,330.88,335.65,30410703,336.28,341.68,330.88,335.65,30410703,336.28,341.68,330.88,335.65,30410703
2020-10-26,336.23,342.00,330.46,337.74,35544882,336.23,342.00,330.46,337.74,35544882,336.23,342.00,330.46,337.74,35544882
2020-10-27,331.85,336.49,327.22,330.91,28494662,331.85,336.49,327.22,330.91,28494662,331.85,336.49,327.22,330.91,28494662
2020-10-28,326.17,329.52,322.82,326.72,34871181,326.17,329.52,322.82,326.72,34871181,326.17,329.52,322.82,326.72,34871181
2020-10-29,333.97,338.80,329.14,333.04,31085605,333.97,338.80,329.14,333.04,31085605,333.97,338.80,329.14,333.04,31085605
2020-10-30,333.57,338.15,328.98,332.66,26400720,333.57,338.15,328.98,332.66,26400720,333.57,338.15,328.98,332.66,26400720
2020-11-02,336.31,343.18,329.45,336.98,23895875,336.31,343.18,329.45,336.98,23895875,336.31,343.18,329.45,336.98,23895875
2020-11-03,328.73,333.74,323.72,328.43,35197176,328.73,333.74,323.72,328.43,35197176,328.73,333.74,323.72,328.43,35197176
2020-11-04,333.97,336.32,331.63,332.01,35190682,333.97,336.32,331.63,332.01,35190682,333.97,336.32,331.63,332.01,35190682
2020-11-05,336.77,341.09,332.45,336.71,35758440,336.77,341.09,332.45,336.71,35758440,336.77,341.09,332.45,336.71,35758440
2020-11-06,337.39,338.55,336.23,337.67,32895799,337.39,338.55,336.23,337.67,32895799,337.39,338.55,336.23,337.67,32895799
2020-11-09,336.72,340.79,332.64,338.73,37774208,336.72,340.79,332.64,338.73,37774208,336.72,340.79,332.64,338.73,37774208
2020-11-10,336.80,341.11,332.50,336.83,26347164,336.80,341.11,332.50,336.83,26347164,336.80,341.11,332.50,336.83,26347164
2020-11-11,349.84,354.44,345.24,349.09,28735865,349.84,354.44,345.24,349.09,28735865,349.84,354.44,345.24,349.09,28735865
2020-11-12,354.02,355.16,352.88,353.40,24503603,354.02,355.16,352.88,353.40,24503603,354.02,355.16,352.88,353.40,24503603
2020-11-13,362.51,367.59,357.43,362.21,24507877,362.51,367.59,357.43,362.21,24507877,362.51,367.59,357.43,362.21,24507877
2020-11-16,365.47,371.11,359.83,364.98,22868486,365.47,371.11,359.83,364.98,22868486,365.47,371.11,359.83,364.98,22868486
2020-11-17,369.41,373.64,365.19,368.62,31695069,369.41,373.64,365.19,368.62,31695069,369.41,373.64,365.19,368.62,31695069
2020-11-18,366.52,369.20,363.84,367.96,40143535,366.52,369.20,363.84,367.96,40143535,366.52,369.20,363.84,367.96,40143535
2020-11-19,366.79,370.97,362.60,366.81,29572658,366.79,370.97,362.60,366.81,29572658,366.79,370.97,362.60,366.81,29572658
2020-11-20,356.36,359.34,353.37,356.22,38202455,356.36,359.34,353.37,356.22,38202455,356.36,359.34,353.37,356.22,38202455
2020-11-23,367.17,369.16,365.18,367.48,40003520,367.17,369.16,365.18,367.48,40003520,367.17,369.16,365.18,367.48,40003520
2020-11-24,376.11,380.62,371.59,379.37,34580128,376.11,380.62,371.59,379.37,34580128,376.11,380.62,371.59,379.37,34580128
2020-11-25,382.56,384.63,380.50,380.58,35703939,382.56,384.63,380.50,380.58,35703939,382.56,384.63,380.50,380.58,35703939
2020-11-26,380.52,385.96,375.09,380.36,41775999,380.52,385.96,375.09,380.36,41775999,380.52,385.96,375.09,380.36,41775999
2020-11-27,387.15,390.41,383.90,386.49,36416615,387.15,390.41,383.90,386.49,36416615,387.15,390.41,383.90,386.49,36416615
2020-11-30,398.04,402.35,393.73,397.25,32178943,398.04,402.35,393.73,397.25,32178943,398.04,402.35,393.73,397.25,32178943
2020-12-01,406.48,408.43,404.53,406.18,21638346,406.48,408.43,404.53,406.18,21638346,406.48,408.43,404.53,406.18,21638346
2020-12-02,416.60,421.22,411.98,412.44,39408711,416.60,421.22,411.98,412.44,39408711,416.60,421.22,411.98,412.44,39408711
2020-12-03,416.50,421.49,411.52,414.89,36667725,416.50,421.49,411.52,414.89,36667725,416.50,421.49,411.52,414.89,36667725
2020-12-04,429.84,432.68,426.99,428.68,34318788,429.84,432.68,426.99,428.68,34318788,429.84,432.68,426.99,428.68,34318788
2020-12-07,428.58,435.75,421.41,428.17,37288747,428.58,435.75,421.41,428.17,37288747,428.58,435.75,421.41,428.17,37288747
2020-12-08,429.63,432.01,427.24,428.98,35256443,429.63,432.01,427.24,428.98,35256443,429.63,432.01,427.24,428.98,35256443
2020-12-09,421.82,427.37,416.28,421.83,35451663,421.82,427.37,416.28,421.83,35451663,421.82,427.37,416.28,421.83,35451663
2020-12-10,419.57,425.96,413.18,421.66,28281962,419.57,425.96,413.18,421.66,28281962,419.57,425.96,413.18,421.66,28281962
2020-12-11,425.61,428.75,422.46,424.25,38472856,425.61,428.75,422.46,424.25,38472856,425.61,428.75,422.46,424.25,38472856
2020-12-14,413.43,418.17,408.69,412.50,24772310,413.43,418.17,408.69,412.50,24772310,413.43,418.17,408.69,412.50,24772310
2020-12-15,426.43,431.49,421.38,423.89,38530768,426.43,431.49,421.38,423.89,38530768,426.43,431.49,421.38,423.89,38530768
2020-12-16,415.64,420.64,410.63,417.20,32213087,415.64,420.64,410.63,417.20,32213087,415.64,420.64,410.63,417.20,32213087
2020-12-17,412.65,417.67,407.64,412.77,40816307,412.65,417.67,407.64,412.77,40816307,412.65,417.67,407.64,412.77,40816307
2020-12-18,421.17,426.34,416.00,420.53,32644764,421.17,426.34,416.00,420.53,32644764,421.17,426.34,416.00,420.53,32644764
2020-12-21,425.78,430.24,421.32,425.00,36199858,425.78,430.24,421.32,425.00,36199858,425.78,430.24,421.32,425.00,36199858
2020-12-22,429.14,436.65,421.62,427.75,41794028,429.14,436.65,421.62,427.75,41794028,429.14,436.65,421.62,427.75,41794028
2020-12-23,430.70,435.70,425.70,431.92,33760095,430.70,435.70,425.70,431.92,33760095,430.70,435.70,425.70,431.92,33760095
2020-12-24,423.96,427.69,420.23,423.46,34054221,423.96,427.69,420.23,423.46,34054221,423.96,427.69,420.23,423.46,34054221
2020-12-25,422.95,426.44,419.46,422.65,31249263,422.95,426.44,419.46,422.65,31249263,422.95,426.44,419.46,422.65,31249263
2020-12-28,435.69,440.39,431.00,431.94,36862118,435.69,440.39,431.00,431.94,36862118,435.69,440.39,431.00,431.94,36862118
2020-12-29,429.88,435.29,424.47,428.60,23972526,429.88,435.29,424.47,428.60,23972526,429.88,435.29,424.47,428.60,23972526
2020-12-30,428.64,435.75,421.53,428.53,21923404,428.64,435.75,421.53,428.53,21923404,428.64,435.75,421.53,428.53,21923404
2020-12-31,425.96,433.37,418.56,426.82,30017795,425.96,433.37,418.56,426.82,30017795,425.96,433.37,418.56,426.82,30017795
2021-01-01,421.21,424.99,417.43,421.44,29430315,421.21,424.99,417.43,421.44,29430315,421.21,424.99,417.43,421.44,29430315
2021-01-04,425.70,428.80,422.60,423.44,35755169,425.70,428.80,422.60,423.44,35755169,425.70,428.80,422.60,423.44,35755169
2021-01-05,412.15,417.80,406.50,410.03,33803565,412.15,417.80,406.50,410.03,33803565,412.15,417.80,406.50,410.03,33803565
2021-01-06,411.98,415.69,408.27,412.48,32111169,411.98,415.69,408.27,412.48,32111169,411.98,415.69,408.27,412.48,32111169
2021-01-07,401.99,407.37,396.60,402.75,26868291,401.99,407.37,396.60,402.75,26868291,401.99,407.37,396.60,402.75,26868291
2021-01-08,406.86,410.71,403.00,406.51,24930635,406.86,410.71,403.00,406.51,24930635,406.86,410.71,403.00,406.51,24930635
2021-01-11,396.67,402.44,390.91,397.95,28374018,396.67,402.44,390.91,397.95,28374018,396.67,402.44,390.91,397.95,28374018
2021-01-12,403.63,409.46,397.80,405.38,39837809,403.63,409.46,397.80,405.38,39837809,403.63,409.46,397.80,405.38,39837809
2021-01-13,408.33,413.22,403.44,408.91,41001477,408.33,413.22,403.44,408.91,41001477,408.33,413.22,403.44,408.91,41001477
2021-01-14,409.26,413.18,405.34,408.81,26734710,409.26,413.18,405.34,408.81,26734710,409.26,413.18,405.34,408.81,26734710
2021-01-15,416.04,419.90,412.18,413.12,30204988,416.04,419.90,412.18,413.12,30204988,416.04,419.90,412.18,413.12,30204988
2021-01-18,419.32,423.12,415.51,417.48,40586320,419.32,423.12,415.51,417.48,40586320,419.32,423.12,415.51,417.48,40586320
2021-01-19,422.76,426.20,419.32,422.58,22889313,422.76,426.20,419.32,422.58,22889313,422.76,426.20,419.32,422.58,22889313
2021-01-20,416.59,420.89,412.29,415.57,26914713,416.59,420.89,412.29,415.57,26914713,416.59,420.89,412.29,415.57,26914713
2021-01-21,411.49,417.65,405.33,410.25,36988343,411.49,417.65,405.33,410.25,36988343,411.49,417.65,405.33,410.25,36988343
2021-01-22,403.96,407.35,400.57,404.16,40892971,403.96,407.35,400.57,404.16,40892971,403.96,407.35,400.57,404.16,40892971
2021-01-25,408.25,409.99,406.51,406.62,35849533,408.25,409.99,406.51,406.62,35849533,408.25,409.99,406.51,406.62,35849533
2021-01-26,394.01,400.83,387.20,394.47,21889034,394.01,400.83,387.20,394.47,21889034,394.01,400.83,387.20,394.47,21889034
2021-01-27,398.29,402.37,394.21,397.65,23768569,398.29,402.37,394.21,397.65,23768569,398.29,402.37,394.21,397.65,23768569
2021-01-28,392.37,395.97,388.77,390.03,32518155,392.37,395.97,388.77,390.03,32518155,392.37,395.97,388.77,390.03,32518155
2021-01-29,389.86,393.82,385.89,388.31,22426450,389.86,393.82,385.89,388.31,22426450,389.86,393.82,385.89,388.31,22426450
2021-02-01,387.68,391.60,383.75,388.85,40841545,387.68,391.60,383.75,388.85,40841545,387.68,391.60,383.75,388.85,40841545
2021-02-02,388.45,394.53,382.38,388.90,30554167,388.45,394.53,382.38,388.90,30554167,388.45,394.53,382.38,388.90,30554167
2021-02-03,391.47,397.03,385.92,392.62,25869924,391.47,397.03,385.92,392.62,25869924,391.47,397.03,385.92,392.62,25869924
2021-02-04,407.73,409.74,405.73,406.03,23407439,407.73,409.74,405.73,406.03,23407439,407.73,409.74,405.73,406.03,23407439
2021-02-05,405.23,410.21,400.25,404.97,24458076,405.23,410.21,400.25,404.97,24458076,405.23,410.21,400.25,404.97,24458076
2021-02-08,407.36,410.66,404.06,409.46,24742895,407.36,410.66,404.06,409.46,24742895,407.36,410.66,404.06,409.46,24742895
2021-02-09,410.45,414.82,406.08,407.78,29044379,410.45,414.82,406.08,407.78,29044379,410.45,414.82,406.08,407.78,29044379
2021-02-10,404.71,409.75,399.67,405.56,40983675,404.71,409.75,399.67,405.56,40983675,404.71,409.75,399.67,405.56,40983675
2021-02-11,407.34,412.27,402.40,407.84,37784585,407.34,412.27,402.40,407.84,37784585,407.34,412.27,402.40,407.84,37784585
2021-02-12,397.21,401.94,392.48,396.90,33385372,397.21,401.94,392.48,396.90,33385372,397.21,401.94,392.48,396.90,33385372
2021-02-15,397.01,402.16,391.86,394.50,26125986,397.01,402.16,391.86,394.50,26125986,397.01,402.16,391.86,394.50,26125986
2021-02-16,402.54,408.04,397.04,404.33,41608919,402.54,408.04,397.04,404.33,41608919,402.54,408.04,397.04,404.33,41608919
2021-02-17,409.78,413.74,405.82,409.28,40268019,409.78,413.74,405.82,409.28,40268019,409.78,413.74,405.82,409.28,40268019
2021-02-18,422.26,428.24,416.28,419.78,30806316,422.26,428.24,416.28,419.78,30806316,422.26,428.24,416.28,419.78,30806316
2021-02-19,413.26,418.77,407.75,415.07,33706501,413.26,418.77,407.75,415.07,33706501,413.26,418.77,407.75,415.07,33706501
2021-02-22,410.41,414.79,406.03,412.15,31110142,410.41,414.79,406.03,412.15,31110142,410.41,414.79,406.03,412.15,31110142
2021-02-23,411.73,417.58,405.89,412.42,37545159,411.73,417.58,405.89,412.42,37545159,411.73,417.58,405.89,412.42,37545159
2021-02-24,426.76,431.49,422.03,424.62,35447664,426.76,431.49,422.03,424.62,35447664,426.76,431.49,422.03,424.62,35447664
2021-02-25,427.37,429.83,424.90,428.85,39505144,427.37,429.83,424.90,428.85,39505144,427.37,429.83,424.90,428.85,39505144
2021-02-26,422.29,427.86,416.72,420.36,33395321,422.29,427.86,416.72,420.36,33395321,422.29,427.86,416.72,420.36,33395321
2021-03-01,423.98,425.69,422.26,423.36,23512239,423.98,425.69,422.26,423.36,23512239,423.98,425.69,422.26,423.36,23512239
2021-03-02,424.71,428.46,420.97,424.91,23074150,424.71,428.46,420.97,424.91,23074150,424.71,428.46,420.97,424.91,23074150
2021-03-03,412.18,415.76,408.61,412.33,36915021,412.18,415.76,408.61,412.33,36915021,412.18,415.76,408.61,412.33,36915021
2021-03-04,419.75,426.58,412.93,417.68,26462436,419.75,426.58,412.93,417.68,26462436,419.75,426.58,412.93,417.68,26462436
2021-03-05,420.05,424.92,415.18,418.45,23104438,420.05,424.92,415.18,418.45,23104438,420.05,424.92,415.18,418.45,23104438
2021-03-08,426.00,429.10,422.91,426.94,34174886,426.00,429.10,422.91,426.94,34174886,426.00,429.10,422.91,426.94,34174886
2021-03-09,427.95,433.11,422.79,427.14,31412641,427.95,433.11,422.79,427.14,31412641,427.95,433.11,422.79,427.14,31412641
2021-03-10,436.54,441.66,431.41,437.91,32445177,436.54,441.66,431.41,437.91,32445177,436.54,441.66,431.41,437.91,32445177
2021-03-11,433.40,437.97,428.83,435.97,39816596,433.40,437.97,428.83,435.97,39816596,433.40,437.97,428.83,435.97,39816596
2021-03-12,436.11,440.54,431.68,435.93,39097251,436.11,440.54,431.68,435.93,39097251,436.11,440.54,431.68,435.93,39097251
2021-03-15,438.95,442.47,435.43,439.67,41705166,438.95,442.47,435.43,439.67,41705166,438.95,442.47,435.43,439.67,41705166
2021-03-16,438.69,442.33,435.04,437.46,27450149,438.69,442.33,435.04,437.46,27450149,438.69,442.33,435.04,437.46,27450149
2021-03-17,438.37,441.43,435.32,436.45,35113772,438.37,441.43,435.32,436.45,35113772,438.37,441.43,435.32,436.45,35113772
2021-03-18,444.48,448.98,439.98,445.93,39009341,444.48,448.98,439.98,445.93,39009341,444.48,448.98,439.98,445.93,39009341
2021-03-19,438.60,445.70,431.51,439.17,27604009,438.60,445.70,431.51,439.17,27604009,438.60,445.70,431.51,439.17,27604009
2021-03-22,444.90,451.50,438.29,445.34,29171583,444.90,451.50,438.29,445.34,29171583,444.90,451.50,438.29,445.34,29171583
2021-03-23,464.88,471.36,458.40,462.25,28212042,464.88,471.36,458.40,462.25,28212042,464.88,471.36,458.40,462.25,28212042
2021-03-24,455.78,461.77,449.80,453.10,31133307,455.78,461.77,449.80,453.10,31133307,455.78,461.77,449.80,453.10,31133307
2021-03-25,451.63,458.51,444.76,452.39,32466516,451.63,458.51,444.76,452.39,32466516,451.63,458.51,444.76,452.39,32466516
2021-03-26,449.19,453.48,444.90,449.55,29370593,449.19,453.48,444.90,449.55,29370593,449.19,453.48,444.90,449.55,29370593
2021-03-29,457.02,460.32,453.72,455.64,32414222,457.02,460.32,453.72,455.64,32414222,457.02,460.32,453.72,455.64,32414222
2021-03-30,467.66,471.13,464.19,466.60,28039687,467.66,471.13,464.19,466.60,28039687,467.66,471.13,464.19,466.60,28039687
2021-03-31,468.25,472.41,464.08,467.96,36540755,468.25,472.41,464.08,467.96,36540755,468.25,472.41,464.08,467.96,36540755
2021-04-01,474.09,479.38,468.80,477.04,23962256,474.09,479.38,468.80,477.04,23962256,474.09,479.38,468.80,477.04,23962256
2021-04-02,483.20,490.92,475.48,484.03,23322163,483.20,490.92,475.48,484.03,23322163,483.20,490.92,475.48,484.03,23322163
2021-04-05,487.42,494.52,480.33,488.17,35489349,487.42,494.52,480.33,488.17,35489349,487.42,494.52,480.33,488.17,35489349
2021-04-06,498.07,503.16,492.97,497.99,33476197,498.07,503.16,492.97,497.99,33476197,498.07,503.16,492.97,497.99,33476197
2021-04-07,507.55,514.84,500.26,506.65,23551735,507.55,514.84,500.26,506.65,23551735,507.55,514.84,500.26,506.65,23551735
2021-04-08,510.93,515.96,505.91,506.39,31693443,510.93,515.96,505.91,506.39,31693443,510.93,515.96,505.91,506.39,31693443
2021-04-09,493.70,500.04,487.36,493.93,41016728,493.70,500.04,487.36,493.93,41016728,493.70,500.04,487.36,493.93,41016728
2021-04-12,498.27,503.46,493.08,499.50,33745368,498.27,503.46,493.08,499.50,33745368,498.27,503.46,493.08,499.50,33745368
2021-04-13,510.59,517.83,503.34,508.93,38254579,510.59,517.83,503.34,508.93,38254579,510.59,517.83,503.34,508.93,38254579
2021-04-14,495.56,500.11,491.01,495.49,37975658,495.56,500.11,491.01,495.49,37975658,495.56,500.11,491.01,495.49,37975658
2021-04-15,504.67,509.02,500.32,505.34,36841895,504.67,509.02,500.32,505.34,36841895,504.67,509.02,500.32,505.34,36841895
2021-04-16,500.62,503.69,497.55,501.94,37411295,500.62,503.69,497.55,501.94,37411295,500.62,503.69,497.55,501.94,37411295
2021-04-19,500.33,505.11,495.55,498.10,40265943,500.33,505.11,495.55,498.10,40265943,500.33,505.11,495.55,498.10,40265943
2021-04-20,509.14,515.07,503.20,507.52,39785316,509.14,515.07,503.20,507.52,39785316,509.14,515.07,503.20,507.52,39785316
2021-04-21,503.70,512.09,495.31,503.80,34939101,503.70,512.09,495.31,503.80,34939101,503.70,512.09,495.31,503.80,34939101
2021-04-22,498.92,505.13,492.72,499.39,30928894,498.92,505.13,492.72,499.39,30928894,498.92,505.13,492.72,499.39,30928894
2021-04-23,508.72,514.86,502.59,509.48,27180757,508.72,514.86,502.59,509.48,27180757,508.72,514.86,502.59,509.48,27180757
2021-04-26,514.85,519.52,510.18,512.49,25516501,514.85,519.52,510.18,512.49,25516501,514.85,519.52,510.18,512.49,25516501
2021-04-27,510.43,516.61,504.25,513.41,38565937,510.43,516.61,504.25,513.41,38565937,510.43,516.61,504.25,513.41,38565937
2021-04-28,526.71,530.45,522.98,525.54,21701257,526.71,530.45,522.98,525.54,21701257,526.71,530.45,522.98,525.54,21701257
2021-04-29,523.60,530.09,517.11,521.73,26018718,523.60,530.09,517.11,521.73,26018718,523.60,530.09,517.11,521.73,26018718
2021-04-30,523.30,526.71,519.88,520.64,22369049,523.30,526.71,519.88,520.64,22369049,523.30,526.71,519.88,520.64,22369049
2021-05-03,522.80,525.51,520.09,524.83,29785747,522.80,525.51,520.09,524.83,29785747,522.80,525.51,520.09,524.83,29785747
2021-05-04,533.52,538.48,528.55,531.18,33887956,533.52,538.48,528.55,531.18,33887956,533.52,538.48,528.55,531.18,33887956
2021-05-05,514.15,522.40,505.89,517.09,29413815,514.15,522.40,505.89,517.09,29413815,514.15,522.40,505.89,517.09,29413815
2021-05-06,533.64,538.22,529.06,533.09,28401052,533.64,538.22,529.06,533.09,28401052,533.64,538.22,529.06,533.09,28401052
2021-05-07,531.19,536.66,525.72,530.90,38110632,531.19,536.66,525.72,530.90,38110632,531.19,536.66,525.72,530.90,38110632
2021-05-10,539.20,543.00,535.40,541.49,40955965,539.20,543.00,535.40,541.49,40955965,539.20,543.00,535.40,541.49,40955965
2021-05-11,552.88,559.40,546.35,550.67,41970840,552.88,559.40,546.35,550.67,41970840,552.88,559.40,546.35,550.67,41970840
2021-05-12,565.42,571.50,559.34,563.24,33059678,565.42,571.50,559.34,563.24,33059678,565.42,571.50,559.34,563.24,33059678
2021-05-13,576.00,584.36,567.63,575.99,21444440,576.00,584.36,567.63,575.99,21444440,576.00,584.36,567.63,575.99,21444440
2021-05-14,566.80,572.86,560.74,567.22,21774759,566.80,572.86,560.74,567.22,21774759,566.80,572.86,560.74,567.22,21774759
2021-05-17,566.90,570.67,563.12,565.86,33954566,566.90,570.67,563.12,565.86,33954566,566.90,570.67,563.12,565.86,33954566
2021-05-18,552.68,558.32,547.05,551.20,31553122,552.68,558.32,547.05,551.20,31553122,552.68,558.32,547.05,551.20,31553122
2021-05-19,545.20,550.18,540.23,545.53,36314595,545.20,550.18,540.23,545.53,36314595,545.20,550.18,540.23,545.53,36314595
2021-05-20,555.61,560.66,550.56,557.63,37215203,555.61,560.66,550.56,557.63,37215203,555.61,560.66,550.56,557.63,37215203
2021-05-21,541.43,547.53,535.33,541.41,28031996,541.43,547.53,535.33,541.41,28031996,541.43,547.53,535.33,541.41,28031996
2021-05-24,550.04,555.98,544.11,549.56,23239005,550.04,555.98,544.11,549.56,23239005,550.04,555.98,544.11,549.56,23239005
2021-05-25,538.99,543.10,534.88,539.16,34356847,538.99,543.10,534.88,539.16,34356847,538.99,543.10,534.88,539.16,34356847
2021-05-26,551.95,554.60,549.30,552.60,25329069,551.95,554.60,549.30,552.60,25329069,551.95,554.60,549.30,552.60,25329069
2021-05-27,569.60,574.60,564.61,569.83,35603550,569.60,574.60,564.61,569.83,35603550,569.60,574.60,564.61,569.83,35603550
2021-05-28,556.96,565.49,548.43,561.82,32958086,556.96,565.49,548.43,561.82,32958086,556.96,565.49,548.43,561.82,32958086
2021-05-31,559.13,562.97,555.28,559.84,36647788,559.13,562.97,555.28,559.84,36647788,559.13,562.97,555.28,559.84,36647788
2021-06-01,552.81,559.46,546.16,550.99,30436378,552.81,559.46,546.16,550.99,30436378,552.81,559.46,546.16,550.99,30436378
2021-06-02,532.17,541.13,523.21,532.44,34532319,532.17,541.13,523.21,532.44,34532319,532.17,541.13,523.21,532.44,34532319
2021-06-03,526.10,532.35,519.84,523.37,27456706,526.10,532.35,519.84,523.37,27456706,526.10,532.35,519.84,523.37,27456706
2021-06-04,508.20,512.60,503.79,506.30,39017900,508.20,512.60,503.79,506.30,39017900,508.20,512.60,503.79,506.30,39017900
2021-06-07,500.25,506.86,493.64,499.12,38014323,500.25,506.86,493.64,499.12,38014323,500.25,506.86,493.64,499.12,38014323
2021-06-08,479.64,487.31,471.97,476.96,23347808,479.64,487.31,471.97,476.96,23347808,479.64,487.31,471.97,476.96,23347808
2021-06-09,462.65,470.49,454.81,463.98,26396705,462.65,470.49,454.81,463.98,26396705,462.65,470.49,454.81,463.98,26396705
2021-06-10,456.75,460.96,452.54,456.13,25645652,456.75,460.96,452.54,456.13,25645652,456.75,460.96,452.54,456.13,25645652
2021-06-11,456.41,460.71,452.11,457.65,27217724,456.41,460.71,452.11,457.65,27217724,456.41,460.71,452.11,457.65,27217724
2021-06-14,466.98,474.68,459.28,465.08,36290194,466.98,474.68,459.28,465.08,36290194,466.98,474.68,459.28,465.08,36290194
2021-06-15,473.15,479.05,467.25,472.49,30026984,473.15,479.05,467.25,472.49,30026984,473.15,479.05,467.25,472.49,30026984
2021-06-16,482.96,490.17,475.75,481.74,21118694,482.96,490.17,475.75,481.74,21118694,482.96,490.17,475.75,481.74,21118694
2021-06-17,492.12,497.26,486.97,491.57,23784226,492.12,497.26,486.97,491.57,23784226,492.12,497.26,486.97,491.57,23784226
2021-06-18,477.99,481.37,474.60,478.46,28636183,477.99,481.37,474.60,478.46,28636183,477.99,481.37,474.60,478.46,28636183
2021-06-21,474.95,479.81,470.09,475.07,32963797,474.95,479.81,470.09,475.07,32963797,474.95,479.81,470.09,475.07,32963797
2021-06-22,463.92,468.93,458.91,461.73,27500617,463.92,468.93,458.91,461.73,27500617,463.92,468.93,458.91,461.73,27500617
2021-06-23,463.60,471.04,456.15,464.06,38176207,463.60,471.04,456.15,464.06,38176207,463.60,471.04,456.15,464.06,38176207
2021-06-24,462.74,465.24,460.25,461.94,40655058,462.74,465.24,460.25,461.94,40655058,462.74,465.24,460.25,461.94,40655058
2021-06-25,474.15,479.15,469.15,473.97,32197214,474.15,479.15,469.15,473.97,32197214,474.15,479.15,469.15,473.97,32197214
2021-06-28,476.36,480.77,471.94,474.62,37346308,476.36,480.77,471.94,474.62,37346308,476.36,480.77,471.94,474.62,37346308
2021-06-29,475.24,480.67,469.81,475.35,41622842,475.24,480.67,469.81,475.35,41622842,475.24,480.67,469.81,475.35,41622842
2021-06-30,480.87,486.65,475.09,482.24,41444058,480.87,486.65,475.09,482.24,41444058,480.87,486.65,475.09,482.24,41444058
2021-07-01,487.69,493.05,482.33,488.01,32832880,487.69,493.05,482.33,488.01,32832880,487.69,493.05,482.33,488.01,32832880
2021-07-02,494.58,498.83,490.34,492.71,28492721,494.58,498.83,490.34,492.71,28492721,494.58,498.83,490.34,492.71,28492721
2021-07-05,500.98,506.91,495.05,499.05,22706861,500.98,506.91,495.05,499.05,22706861,500.98,506.91,495.05,499.05,22706861
2021-07-06,503.10,508.47,497.73,502.32,34223126,503.10,508.47,497.73,502.32,34223126,503.10,508.47,497.73,502.32,34223126
2021-07-07,501.84,508.94,494.74,502.56,38337782,501.84,508.94,494.74,502.56,38337782,501.84,508.94,494.74,502.56,38337782
2021-07-08,493.58,500.03,487.13,489.48,38982286,493.58,500.03,487.13,489.48,38982286,493.58,500.03,487.13,489.48,38982286
2021-07-09,477.82,482.30,473.34,476.70,26120621,477.82,482.30,473.34,476.70,26120621,477.82,482.30,473.34,476.70,26120621
2021-07-12,483.27,487.05,479.48,480.01,29357103,483.27,487.05,479.48,480.01,29357103,483.27,487.05,479.48,480.01,29357103
2021-07-13,477.70,483.13,472.27,477.03,28076261,477.70,483.13,472.27,477.03,28076261,477.70,483.13,472.27,477.03,28076261
2021-07-14,468.58,473.08,464.07,468.34,39810103,468.58,473.08,464.07,468.34,39810103,468.58,473.08,464.07,468.34,39810103
2021-07-15,464.52,469.11,459.92,462.71,35736352,464.52,469.11,459.92,462.71,35736352,464.52,469.11,459.92,462.71,35736352
2021-07-16,478.27,485.30,471.24,477.71,31035423,478.27,485.30,471.24,477.71,31035423,478.27,485.30,471.24,477.71,31035423
2021-07-19,476.55,481.96,471.15,476.31,25266233,476.55,481.96,471.15,476.31,25266233,476.55,481.96,471.15,476.31,25266233
2021-07-20,483.26,489.41,477.11,482.80,25849748,483.26,489.41,477.11,482.80,25849748,483.26,489.41,477.11,482.80,25849748
2021-07-21,491.45,494.41,488.49,489.50,35486667,491.45,494.41,488.49,489.50,35486667,491.45,494.41,488.49,489.50,35486667
2021-07-22,487.54,492.11,482.98,488.16,24415194,487.54,492.11,482.98,488.16,24415194,487.54,492.11,482.98,488.16,24415194
2021-07-23,478.55,482.83,474.27,478.12,22962069,478.55,482.83,474.27,478.12,22962069,478.55,482.83,474.27,478.12,22962069
2021-07-26,489.70,493.95,485.44,490.26,23707683,489.70,493.95,485.44,490.26,23707683,489.70,493.95,485.44,490.26,23707683
2021-07-27,497.19,500.62,493.75,495.67,32532270,497.19,500.62,493.75,495.67,32532270,497.19,500.62,493.75,495.67,32532270
2021-07-28,489.14,496.21,482.06,488.20,38773324,489.14,496.21,482.06,488.20,38773324,489.14,496.21,482.06,488.20,38773324
2021-07-29,490.82,497.43,484.21,491.25,41324055,490.82,497.43,484.21,491.25,41324055,490.82,497.43,484.21,491.25,41324055
2021-07-30,490.82,496.71,484.94,491.94,25120529,490.82,496.71,484.94,491.94,25120529,490.82,496.71,484.94,491.94,25120529
2021-08-02,476.77,485.42,468.11,474.91,22994720,476.77,485.42,468.11,474.91,22994720,476.77,485.42,468.11,474.91,22994720
2021-08-03,469.43,471.59,467.27,468.28,34074470,469.43,471.59,467.27,468.28,34074470,469.43,471.59,467.27,468.28,34074470
2021-08-04,469.08,475.09,463.07,469.71,30825268,469.08,475.09,463.07,469.71,30825268,469.08,475.09,463.07,469.71,30825268
2021-08-05,469.47,473.31,465.63,469.30,21078647,469.47,473.31,465.63,469.30,21078647,469.47,473.31,465.63,469.30,21078647
2021-08-06,460.45,467.28,453.63,461.55,26789404,460.45,467.28,453.63,461.55,26789404,460.45,467.28,453.63,461.55,26789404
2021-08-09,449.28,454.09,444.46,447.56,40882615,449.28,454.09,444.46,447.56,40882615,449.28,454.09,444.46,447.56,40882615
2021-08-10,446.39,451.92,440.87,444.93,34740433,446.39,451.92,440.87,444.93,34740433,446.39,451.92,440.87,444.93,34740433
2021-08-11,449.24,453.80,444.68,448.70,37247266,449.24,453.80,444.68,448.70,37247266,449.24,453.80,444.68,448.70,37247266
2021-08-12,454.78,461.04,448.52,455.46,30428064,454.78,461.04,448.52,455.46,30428064,454.78,461.04,448.52,455.46,30428064
2021-08-13,455.95,461.42,450.47,454.26,38799839,455.95,461.42,450.47,454.26,38799839,455.95,461.42,450.47,454.26,38799839
2021-08-16,456.48,461.74,451.22,459.10,38953256,456.48,461.74,451.22,459.10,38953256,456.48,461.74,451.22,459.10,38953256
2021-08-17,444.10,449.40,438.81,444.19,22269385,444.10,449.40,438.81,444.19,22269385,444.10,449.40,438.81,444.19,22269385
2021-08-18,452.22,456.83,447.61,447.92,31550369,452.22,456.83,447.61,447.92,31550369,452.22,456.83,447.61,447.92,31550369
2021-08-19,446.88,452.26,441.50,444.27,32421768,446.88,452.26,441.50,444.27,32421768,446.88,452.26,441.50,444.27,32421768
2021-08-20,446.64,453.35,439.92,445.68,32701600,446.64,453.35,439.92,445.68,32701600,446.64,453.35,439.92,445.68,32701600
2021-08-23,445.02,449.10,440.95,442.63,28512052,445.02,449.10,440.95,442.63,28512052,445.02,449.10,440.95,442.63,28512052
2021-08-24,444.07,449.72,438.42,441.78,29316511,444.07,449.72,438.42,441.78,29316511,444.07,449.72,438.42,441.78,29316511
2021-08-25,445.09,448.58,441.61,444.35,27926132,445.09,448.58,441.61,444.35,27926132,445.09,448.58,441.61,444.35,27926132
2021-08-26,455.94,461.85,450.04,454.74,38027231,455.94,461.85,450.04,454.74,38027231,455.94,461.85,450.04,454.74,38027231
2021-08-27,468.28,472.03,464.53,468.82,32853279,468.28,472.03,464.53,468.82,32853279,468.28,472.03,464.53,468.82,32853279
2021-08-30,486.71,493.10,480.32,484.88,27959277,486.71,493.10,480.32,484.88,27959277,486.71,493.10,480.32,484.88,27959277
2021-08-31,494.13,496.61,491.65,491.70,29716641,494.13,496.61,491.65,491.70,29716641,494.13,496.61,491.65,491.70,29716641
2021-09-01,500.79,506.24,495.33,500.86,21503189,500.79,506.24,495.33,500.86,21503189,500.79,506.24,495.33,500.86,21503189
2021-09-02,488.45,496.19,480.72,489.21,34137381,488.45,496.19,480.72,489.21,34137381,488.45,496.19,480.72,489.21,34137381
2021-09-03,486.67,492.80,480.54,487.93,33855146,486.67,492.80,480.54,487.93,33855146,486.67,492.80,480.54,487.93,33855146
2021-09-06,503.70,507.57,499.83,505.83,26134657,503.70,507.57,499.83,505.83,26134657,503.70,507.57,499.83,505.83,26134657
2021-09-07,496.33,502.54,490.11,495.50,36597348,496.33,502.54,490.11,495.50,36597348,496.33,502.54,490.11,495.50,36597348
2021-09-08,491.76,498.09,485.43,494.64,26501487,491.76,498.09,485.43,494.64,26501487,491.76,498.09,485.43,494.64,26501487
2021-09-09,503.35,507.29,499.41,502.43,29957610,503.35,507.29,499.41,502.43,29957610,503.35,507.29,499.41,502.43,29957610
2021-09-10,512.65,518.23,507.07,512.14,36178003,512.65,518.23,507.07,512.14,36178003,512.65,518.23,507.07,512.14,36178003
2021-09-13,517.82,524.63,511.01,519.87,37567969,517.82,524.63,511.01,519.87,37567969,517.82,524.63,511.01,519.87,37567969
2021-09-14,517.20,523.58,510.82,519.21,30530918,517.20,523.58,510.82,519.21,30530918,517.20,523.58,510.82,519.21,30530918
2021-09-15,522.99,529.56,516.41,523.10,26656495,522.99,529.56,516.41,523.10,26656495,522.99,529.56,516.41,523.10,26656495
2021-09-16,525.93,533.69,518.18,521.48,26723155,525.93,533.69,518.18,521.48,26723155,525.93,533.69,518.18,521.48,26723155
2021-09-17,517.10,521.94,512.26,516.61,37019965,517.10,521.94,512.26,516.61,37019965,517.10,521.94,512.26,516.61,37019965
2021-09-20,508.78,513.60,503.96,509.65,38896967,508.78,513.60,503.96,509.65,38896967,508.78,513.60,503.96,509.65,38896967
2021-09-21,516.38,520.90,511.86,514.46,30949451,516.38,520.90,511.86,514.46,30949451,516.38,520.90,511.86,514.46,30949451
2021-09-22,519.94,525.48,514.40,519.76,21313116,519.94,525.48,514.40,519.76,21313116,519.94,525.48,514.40,519.76,21313116
2021-09-23,517.18,521.51,512.86,516.76,23898580,517.18,521.51,512.86,516.76,23898580,517.18,521.51,512.86,516.76,23898580
2021-09-24,491.31,499.93,482.68,491.74,27183746,491.31,499.93,482.68,491.74,27183746,491.31,499.93,482.68,491.74,27183746
2021-09-27,480.95,487.62,474.28,482.65,32491986,480.95,487.62,474.28,482.65,32491986,480.95,487.62,474.28,482.65,32491986
2021-09-28,471.94,474.90,468.98,470.88,33894655,471.94,474.90,468.98,470.88,33894655,471.94,474.90,468.98,470.88,33894655
2021-09-29,478.27,481.88,474.66,474.81,28666077,478.27,481.88,474.66,474.81,28666077,478.27,481.88,474.66,474.81,28666077
2021-09-30,482.31,487.50,477.13,482.10,33716115,482.31,487.50,477.13,482.10,33716115,482.31,487.50,477.13,482.10,33716115
2021-10-01,473.89,479.74,468.05,474.14,32549757,473.89,479.74,468.05,474.14,32549757,473.89,479.74,468.05,474.14,32549757
2021-10-04,471.63,475.79,467.47,471.84,35996552,471.63,475.79,467.47,471.84,35996552,471.63,475.79,467.47,471.84,35996552
2021-10-05,483.33,489.00,477.67,479.59,33458693,483.33,489.00,477.67,479.59,33458693,483.33,489.00,477.67,479.59,33458693
2021-10-06,481.29,485.53,477.05,483.81,30443277,481.29,485.53,477.05,483.81,30443277,481.29,485.53,477.05,483.81,30443277
2021-10-07,480.12,487.11,473.13,480.37,27625273,480.12,487.11,473.13,480.37,27625273,480.12,487.11,473.13,480.37,27625273
2021-10-08,470.38,475.47,465.30,470.72,37016410,470.38,475.47,465.30,470.72,37016410,470.38,475.47,465.30,470.72,37016410
2021-10-11,475.70,480.51,470.90,472.73,33954601,475.70,480.51,470.90,472.73,33954601,475.70,480.51,470.90,472.73,33954601
2021-10-12,468.17,473.62,462.72,467.41,41647536,468.17,473.62,462.72,467.41,41647536,468.17,473.62,462.72,467.41,41647536
2021-10-13,461.11,470.84,451.39,460.61,23133065,461.11,470.84,451.39,460.61,23133065,461.11,470.84,451.39,460.61,23133065
2021-10-14,460.35,464.52,456.17,460.26,22540576,460.35,464.52,456.17,460.26,22540576,460.35,464.52,456.17,460.26,22540576
2021-10-15,459.08,462.44,455.73,460.15,28045009,459.08,462.44,455.73,460.15,28045009,459.08,462.44,455.73,460.15,28045009
2021-10-18,474.57,478.92,470.23,473.01,26696640,474.57,478.92,470.23,473.01,26696640,474.57,478.92,470.23,473.01,26696640
2021-10-19,476.54,481.59,471.49,475.73,30934985,476.54,481.59,471.49,475.73,30934985,476.54,481.59,471.49,475.73,30934985
2021-10-20,472.98,478.68,467.28,473.69,41832808,472.98,478.68,467.28,473.69,41832808,472.98,478.68,467.28,473.69,41832808
2021-10-21,484.81,491.18,478.44,483.74,37747269,484.81,491.18,478.44,483.74,37747269,484.81,491.18,478.44,483.74,37747269
2021-10-22,494.81,499.28,490.34,497.44,32783312,494.81,499.28,490.34,497.44,32783312,494.81,499.28,490.34,497.44,32783312
2021-10-25,510.37,516.08,504.66,509.62,37031204,510.37,516.08,504.66,509.62,37031204,510.37,516.08,504.66,509.62,37031204
2021-10-26,513.81,519.34,508.27,512.71,28799755,513.81,519.34,508.27,512.71,28799755,513.81,519.34,508.27,512.71,28799755
2021-10-27,513.37,517.33,509.41,512.17,40404724,513.37,517.33,509.41,512.17,40404724,513.37,517.33,509.41,512.17,40404724
2021-10-28,512.81,518.75,506.86,515.15,29205757,512.81,518.75,506.86,515.15,29205757,512.81,518.75,506.86,515.15,29205757
2021-10-29,525.26,531.59,518.93,521.47,31244083,525.26,531.59,518.93,521.47,31244083,525.26,531.59,518.93,521.47,31244083
2021-11-01,536.08,538.87,533.30,536.90,37067342,536.08,538.87,533.30,536.90,37067342,536.08,538.87,533.30,536.90,37067342
2021-11-02,534.24,538.89,529.59,529.90,41756187,534.24,538.89,529.59,529.90,41756187,534.24,538.89,529.59,529.90,41756187
2021-11-03,514.52,517.76,511.27,515.89,39715818,514.52,517.76,511.27,515.89,39715818,514.52,517.76,511.27,515.89,39715818
2021-11-04,540.44,545.76,535.12,539.90,40828697,540.44,545.76,535.12,539.90,40828697,540.44,545.76,535.12,539.90,40828697
2021-11-05,529.54,534.41,524.67,532.69,34139011,529.54,534.41,524.67,532.69,34139011,529.54,534.41,524.67,532.69,34139011
2021-11-08,531.21,538.42,523.99,530.86,24620319,531.21,538.42,523.99,530.86,24620319,531.21,538.42,523.99,530.86,24620319
2021-11-09,531.04,539.89,522.19,531.45,35273178,531.04,539.89,522.19,531.45,35273178,531.04,539.89,522.19,531.45,35273178
2021-11-10,519.59,522.55,516.64,519.11,29812750,519.59,522.55,516.64,519.11,29812750,519.59,522.55,516.64,519.11,29812750
2021-11-11,525.81,532.10,519.52,525.96,41356342,525.81,532.10,519.52,525.96,41356342,525.81,532.10,519.52,525.96,41356342
2021-11-12,527.27,532.46,522.07,528.93,37457763,527.27,532.46,522.07,528.93,37457763,527.27,532.46,522.07,528.93,37457763
2021-11-15,526.35,531.09,521.60,523.62,41698306,526.35,531.09,521.60,523.62,41698306,526.35,531.09,521.60,523.62,41698306
2021-11-16,517.19,522.50,511.89,517.07,37657823,517.19,522.50,511.89,517.07,37657823,517.19,522.50,511.89,517.07,37657823
2021-11-17,507.00,511.91,502.08,504.78,27795130,507.00,511.91,502.08,504.78,27795130,507.00,511.91,502.08,504.78,27795130
2021-11-18,513.97,519.80,508.14,516.82,24274289,513.97,519.80,508.14,516.82,24274289,513.97,519.80,508.14,516.82,24274289
2021-11-19,518.64,523.62,513.65,515.99,38953439,518.64,523.62,513.65,515.99,38953439,518.64,523.62,513.65,515.99,38953439
2021-11-22,509.83,512.09,507.57,508.94,38034281,509.83,512.09,507.57,508.94,38034281,509.83,512.09,507.57,508.94,38034281
2021-11-23,510.49,515.96,505.02,511.17,30740424,510.49,515.96,505.02,511.17,30740424,510.49,515.96,505.02,511.17,30740424
2021-11-24,507.98,514.38,501.57,505.40,33782464,507.98,514.38,501.57,505.40,33782464,507.98,514.38,501.57,505.40,33782464
2021-11-25,508.45,514.01,502.89,507.21,28464439,508.45,514.01,502.89,507.21,28464439,508.45,514.01,502.89,507.21,28464439
2021-11-26,514.81,519.67,509.95,514.77,28770074,514.81,519.67,509.95,514.77,28770074,514.81,519.67,509.95,514.77,28770074
2021-11-29,511.62,517.52,505.72,510.18,36769496,511.62,517.52,505.72,510.18,36769496,511.62,517.52,505.72,510.18,36769496
2021-11-30,510.98,517.42,504.54,512.05,27571858,510.98,517.42,504.54,512.05,27571858,510.98,517.42,504.54,512.05,27571858
2021-12-01,510.15,519.37,500.92,513.14,31280779,510.15,519.37,500.92,513.14,31280779,510.15,519.37,500.92,513.14,31280779
2021-12-02,501.10,505.96,496.24,500.49,41128842,501.10,505.96,496.24,500.49,41128842,501.10,505.96,496.24,500.49,41128842
2021-12-03,518.38,523.70,513.05,515.29,40755059,518.38,523.70,513.05,515.29,40755059,518.38,523.70,513.05,515.29,40755059
2021-12-06,525.17,530.81,519.52,523.56,33602603,525.17,530.81,519.52,523.56,33602603,525.17,530.81,519.52,523.56,33602603
2021-12-07,536.50,540.92,532.07,534.18,25838861,536.50,540.92,532.07,534.18,25838861,536.50,540.92,532.07,534.18,25838861
2021-12-08,541.45,547.50,535.40,536.56,41972668,541.45,547.50,535.40,536.56,41972668,541.45,547.50,535.40,536.56,41972668
2021-12-09,530.99,536.96,525.03,531.29,41412884,530.99,536.96,525.03,531.29,41412884,530.99,536.96,525.03,531.29,41412884
2021-12-10,533.59,537.40,529.79,533.54,41535816,533.59,537.40,529.79,533.54,41535816,533.59,537.40,529.79,533.54,41535816
2021-12-13,545.31,549.45,541.16,546.03,30785302,545.31,549.45,541.16,546.03,30785302,545.31,549.45,541.16,546.03,30785302
2021-12-14,553.80,563.82,543.79,555.75,26614239,553.80,563.82,543.79,555.75,26614239,553.80,563.82,543.79,555.75,26614239
2021-12-15,543.97,548.36,539.59,546.14,41052684,543.97,548.36,539.59,546.14,41052684,543.97,548.36,539.59,546.14,41052684
2021-12-16,527.31,532.09,522.53,526.31,38489830,527.31,532.09,522.53,526.31,38489830,527.31,532.09,522.53,526.31,38489830
2021-12-17,521.42,528.39,514.44,520.19,25871337,521.42,528.39,514.44,520.19,25871337,521.42,528.39,514.44,520.19,25871337
2021-12-20,523.72,528.04,519.40,521.77,39414030,523.72,528.04,519.40,521.77,39414030,523.72,528.04,519.40,521.77,39414030
2021-12-21,531.26,537.57,524.95,532.70,24143143,531.26,537.57,524.95,532.70,24143143,531.26,537.57,524.95,532.70,24143143
2021-12-22,532.28,533.84,530.71,531.54,24616585,532.28,533.84,530.71,531.54,24616585,532.28,533.84,530.71,531.54,24616585
2021-12-23,524.60,530.74,518.47,526.32,26140988,524.60,530.74,518.47,526.32,26140988,524.60,530.74,518.47,526.32,26140988
2021-12-24,519.76,527.87,511.65,522.53,35815556,519.76,527.87,511.65,522.53,35815556,519.76,527.87,511.65,522.53,35815556
2021-12-27,530.59,536.25,524.94,532.97,27936531,530.59,536.25,524.94,532.97,27936531,530.59,536.25,524.94,532.97,27936531
2021-12-28,525.86,532.64,519.08,522.88,26713767,525.86,532.64,519.08,522.88,26713767,525.86,532.64,519.08,522.88,26713767
2021-12-29,510.97,516.73,505.21,511.62,22360216,510.97,516.73,505.21,511.62,22360216,510.97,516.73,505.21,511.62,22360216
2021-12-30,506.67,512.28,501.07,504.50,25751661,506.67,512.28,501.07,504.50,25751661,506.67,512.28,501.07,504.50,25751661
2021-12-31,504.11,511.11,497.11,503.58,25348781,504.11,511.11,497.11,503.58,25348781,504.11,511.11,497.11,503.58,25348781
2022-01-03,494.12,499.78,488.47,494.79,37075469,494.12,499.78,488.47,494.79,37075469,494.12,499.78,488.47,494.79,37075469
2022-01-04,512.55,519.26,505.85,512.09,21347328,512.55,519.26,505.85,512.09,21347328,512.55,519.26,505.85,512.09,21347328
2022-01-05,514.94,519.38,510.50,515.96,34973501,514.94,519.38,510.50,515.96,34973501,514.94,519.38,510.50,515.96,34973501
2022-01-06,513.58,519.78,507.38,514.65,41780861,513.58,519.78,507.38,514.65,41780861,513.58,519.78,507.38,514.65,41780861
2022-01-07,513.50,517.17,509.84,514.16,30829765,513.50,517.17,509.84,514.16,30829765,513.50,517.17,509.84,514.16,30829765
2022-01-10,526.14,532.21,520.08,526.00,33685514,526.14,532.21,520.08,526.00,33685514,526.14,532.21,520.08,526.00,33685514
2022-01-11,517.09,525.01,509.17,514.44,21265814,517.09,525.01,509.17,514.44,21265814,517.09,525.01,509.17,514.44,21265814
2022-01-12,511.67,515.98,507.37,511.16,34718703,511.67,515.98,507.37,511.16,34718703,511.67,515.98,507.37,511.16,34718703
2022-01-13,508.60,514.09,503.10,508.84,34897068,508.60,514.09,503.10,508.84,34897068,508.60,514.09,503.10,508.84,34897068
2022-01-14,495.80,501.16,490.44,497.57,22874245,495.80,501.16,490.44,497.57,22874245,495.80,501.16,490.44,497.57,22874245
2022-01-17,495.43,499.36,491.49,495.34,33716976,495.43,499.36,491.49,495.34,33716976,495.43,499.36,491.49,495.34,33716976
2022-01-18,492.08,500.54,483.62,491.94,39083735,492.08,500.54,483.62,491.94,39083735,492.08,500.54,483.62,491.94,39083735
2022-01-19,480.32,486.73,473.91,481.06,33875561,480.32,486.73,473.91,481.06,33875561,480.32,486.73,473.91,481.06,33875561
2022-01-20,471.58,479.43,463.73,469.20,34385208,471.58,479.43,463.73,469.20,34385208,471.58,479.43,463.73,469.20,34385208
2022-01-21,472.55,478.02,467.09,470.10,35241834,472.55,478.02,467.09,470.10,35241834,472.55,478.02,467.09,470.10,35241834
2022-01-24,475.12,481.05,469.20,475.89,37361188,475.12,481.05,469.20,475.89,37361188,475.12,481.05,469.20,475.89,37361188
2022-01-25,475.14,479.24,471.04,473.33,41313703,475.14,479.24,471.04,473.33,41313703,475.14,479.24,471.04,473.33,41313703
2022-01-26,474.66,479.87,469.46,474.32,23556792,474.66,479.87,469.46,474.32,23556792,474.66,479.87,469.46,474.32,23556792
2022-01-27,460.29,466.59,453.99,458.69,29144747,460.29,466.59,453.99,458.69,29144747,460.29,466.59,453.99,458.69,29144747
2022-01-28,453.80,459.28,448.33,453.47,38270869,453.80,459.28,448.33,453.47,38270869,453.80,459.28,448.33,453.47,38270869
2022-01-31,445.56,450.27,440.86,446.80,40906259,445.56,450.27,440.86,446.80,40906259,445.56,450.27,440.86,446.80,40906259
2022-02-01,440.83,446.75,434.90,440.09,34412681,440.83,446.75,434.90,440.09,34412681,440.83,446.75,434.90,440.09,34412681
2022-02-02,428.19,430.25,426.13,429.20,32596516,428.19,430.25,426.13,429.20,32596516,428.19,430.25,426.13,429.20,32596516
2022-02-03,440.32,443.79,436.86,442.26,30993743,440.32,443.79,436.86,442.26,30993743,440.32,443.79,436.86,442.26,30993743
2022-02-04,422.70,426.49,418.91,422.72,33676535,422.70,426.49,418.91,422.72,33676535,422.70,426.49,418.91,422.72,33676535
2022-02-07,431.27,436.26,426.28,431.76,21734632,431.27,436.26,426.28,431.76,21734632,431.27,436.26,426.28,431.76,21734632
2022-02-08,423.12,427.03,419.20,423.98,22715783,423.12,427.03,419.20,423.98,22715783,423.12,427.03,419.20,423.98,22715783
2022-02-09,429.54,436.54,422.53,428.45,39052522,429.54,436.54,422.53,428.45,39052522,429.54,436.54,422.53,428.45,39052522
2022-02-10,418.21,422.72,413.70,419.33,33077364,418.21,422.72,413.70,419.33,33077364,418.21,422.72,413.70,419.33,33077364
2022-02-11,415.27,421.57,408.97,416.72,21606016,415.27,421.57,408.97,416.72,21606016,415.27,421.57,408.97,416.72,21606016
2022-02-14,416.97,419.84,414.10,416.36,36160101,416.97,419.84,414.10,416.36,36160101,416.97,419.84,414.10,416.36,36160101
2022-02-15,419.48,425.07,413.90,420.78,36674804,419.48,425.07,413.90,420.78,36674804,419.48,425.07,413.90,420.78,36674804
2022-02-16,433.17,435.86,430.48,432.62,24478021,433.17,435.86,430.48,432.62,24478021,433.17,435.86,430.48,432.62,24478021
2022-02-17,420.16,424.41,415.92,418.04,40257957,420.16,424.41,415.92,418.04,40257957,420.16,424.41,415.92,418.04,40257957
2022-02-18,408.61,412.32,404.90,408.23,27103657,408.61,412.32,404.90,408.23,27103657,408.61,412.32,404.90,408.23,27103657
2022-02-21,396.37,400.61,392.13,394.36,21164743,396.37,400.61,392.13,394.36,21164743,396.37,400.61,392.13,394.36,21164743
2022-02-22,403.67,408.97,398.37,403.74,35046902,403.67,408.97,398.37,403.74,35046902,403.67,408.97,398.37,403.74,35046902
2022-02-23,389.80,395.38,384.21,392.04,28278138,389.80,395.38,384.21,392.04,28278138,389.80,395.38,384.21,392.04,28278138
2022-02-24,396.45,400.76,392.14,394.75,22507958,396.45,400.76,392.14,394.75,22507958,396.45,400.76,392.14,394.75,22507958
2022-02-25,393.18,396.83,389.54,391.79,22084906,393.18,396.83,389.54,391.79,22084906,393.18,396.83,389.54,391.79,22084906
2022-02-28,398.07,402.70,393.45,399.44,36654808,398.07,402.70,393.45,399.44,36654808,398.07,402.70,393.45,399.44,36654808
2022-03-01,395.12,399.36,390.89,393.02,36703309,395.12,399.36,390.89,393.02,36703309,395.12,399.36,390.89,393.02,36703309
2022-03-02,382.07,386.63,377.52,382.92,34431951,382.07,386.63,377.52,382.92,34431951,382.07,386.63,377.52,382.92,34431951
2022-03-03,384.22,388.03,380.41,382.44,29971264,384.22,388.03,380.41,382.44,29971264,384.22,388.03,380.41,382.44,29971264
2022-03-04,391.96,398.20,385.71,392.31,36165267,391.96,398.20,385.71,392.31,36165267,391.96,398.20,385.71,392.31,36165267
2022-03-07,391.00,394.62,387.38,391.98,38554931,391.00,394.62,387.38,391.98,38554931,391.00,394.62,387.38,391.98,38554931
2022-03-08,378.68,383.56,373.81,379.16,23958588,378.68,383.56,373.81,379.16,23958588,378.68,383.56,373.81,379.16,23958588
2022-03-09,384.94,389.20,380.68,384.86,37742440,384.94,389.20,380.68,384.86,37742440,384.94,389.20,380.68,384.86,37742440
2022-03-10,370.58,373.92,367.25,370.39,34899702,370.58,373.92,367.25,370.39,34899702,370.58,373.92,367.25,370.39,34899702
2022-03-11,366.85,370.07,363.63,367.56,23366655,366.85,370.07,363.63,367.56,23366655,366.85,370.07,363.63,367.56,23366655
2022-03-14,368.04,371.65,364.44,367.64,32765672,368.04,371.65,364.44,367.64,32765672,368.04,371.65,364.44,367.64,32765672
2022-03-15,367.82,372.64,363.00,367.72,40449967,367.82,372.64,363.00,367.72,40449967,367.82,372.64,363.00,367.72,40449967
2022-03-16,372.42,375.26,369.59,370.01,25573781,372.42,375.26,369.59,370.01,25573781,372.42,375.26,369.59,370.01,25573781
2022-03-17,376.28,380.04,372.53,373.51,24625787,376.28,380.04,372.53,373.51,24625787,376.28,380.04,372.53,373.51,24625787
2022-03-18,369.63,372.60,366.67,371.27,40386697,369.63,372.60,366.67,371.27,40386697,369.63,372.60,366.67,371.27,40386697
2022-03-21,360.91,366.67,355.14,360.90,33237151,360.91,366.67,355.14,360.90,33237151,360.91,366.67,355.14,360.90,33237151
2022-03-22,351.86,355.43,348.28,351.31,22917486,351.86,355.43,348.28,351.31,22917486,351.86,355.43,348.28,351.31,22917486
2022-03-23,352.59,356.34,348.85,353.35,28809816,352.59,356.34,348.85,353.35,28809816,352.59,356.34,348.85,353.35,28809816
2022-03-24,358.87,364.05,353.68,358.92,25480278,358.87,364.05,353.68,358.92,25480278,358.87,364.05,353.68,358.92,25480278
2022-03-25,356.15,358.88,353.42,356.19,34031743,356.15,358.88,353.42,356.19,34031743,356.15,358.88,353.42,356.19,34031743
2022-03-28,366.25,369.34,363.16,367.33,34180237,366.25,369.34,363.16,367.33,34180237,366.25,369.34,363.16,367.33,34180237
2022-03-29,376.82,381.15,372.48,376.95,28542443,376.82,381.15,372.48,376.95,28542443,376.82,381.15,372.48,376.95,28542443
2022-03-30,383.66,388.87,378.45,381.42,30824598,383.66,388.87,378.45,381.42,30824598,383.66,388.87,378.45,381.42,30824598
2022-03-31,372.34,374.99,369.69,372.84,40413032,372.34,374.99,369.69,372.84,40413032,372.34,374.99,369.69,372.84,40413032
2022-04-01,372.56,378.75,366.36,371.32,23859657,372.56,378.75,366.36,371.32,23859657,372.56,378.75,366.36,371.32,23859657
2022-04-04,374.76,377.61,371.92,372.62,37779218,374.76,377.61,371.92,372.62,37779218,374.76,377.61,371.92,372.62,37779218
2022-04-05,358.29,360.86,355.73,357.77,37623052,358.29,360.86,355.73,357.77,37623052,358.29,360.86,355.73,357.77,37623052
2022-04-06,353.32,357.59,349.04,353.53,41000835,353.32,357.59,349.04,353.53,41000835,353.32,357.59,349.04,353.53,41000835
2022-04-07,354.46,358.87,350.04,352.33,32733192,354.46,358.87,350.04,352.33,32733192,354.46,358.87,350.04,352.33,32733192
2022-04-08,364.25,368.08,360.42,363.45,22109318,364.25,368.08,360.42,363.45,22109318,364.25,368.08,360.42,363.45,22109318
2022-04-11,367.08,370.81,363.35,365.63,31107518,367.08,370.81,363.35,365.63,31107518,367.08,370.81,363.35,365.63,31107518
2022-04-12,355.79,358.95,352.64,357.50,33442214,355.79,358.95,352.64,357.50,33442214,355.79,358.95,352.64,357.50,33442214
2022-04-13,354.81,359.02,350.60,354.98,24083812,354.81,359.02,350.60,354.98,24083812,354.81,359.02,350.60,354.98,24083812
2022-04-14,336.12,339.00,333.23,336.88,33835501,336.12,339.00,333.23,336.88,33835501,336.12,339.00,333.23,336.88,33835501
2022-04-15,331.99,334.53,329.44,331.01,28839405,331.99,334.53,329.44,331.01,28839405,331.99,334.53,329.44,331.01,28839405
2022-04-18,327.03,328.67,325.39,327.51,34789061,327.03,328.67,325.39,327.51,34789061,327.03,328.67,325.39,327.51,34789061
2022-04-19,327.24,330.94,323.55,325.80,38934017,327.24,330.94,323.55,325.80,38934017,327.24,330.94,323.55,325.80,38934017
2022-04-20,317.69,321.88,313.49,320.31,24142371,317.69,321.88,313.49,320.31,24142371,317.69,321.88,313.49,320.31,24142371
2022-04-21,309.66,312.79,306.53,309.68,25726225,309.66,312.79,306.53,309.68,25726225,309.66,312.79,306.53,309.68,25726225
2022-04-22,305.52,309.44,301.60,304.29,32077805,305.52,309.44,301.60,304.29,32077805,305.52,309.44,301.60,304.29,32077805
2022-04-25,297.13,300.32,293.95,297.67,30829375,297.13,300.32,293.95,297.67,30829375,297.13,300.32,293.95,297.67,30829375
2022-04-26,304.22,306.21,302.24,303.57,41156712,304.22,306.21,302.24,303.57,41156712,304.22,306.21,302.24,303.57,41156712
2022-04-27,288.98,293.62,284.33,289.43,28142288,288.98,293.62,284.33,289.43,28142288,288.98,293.62,284.33,289.43,28142288
2022-04-28,290.87,293.40,288.35,289.45,34969286,290.87,293.40,288.35,289.45,34969286,290.87,293.40,288.35,289.45,34969286
2022-04-29,293.24,296.23,290.25,292.21,41125320,293.24,296.23,290.25,292.21,41125320,293.24,296.23,290.25,292.21,41125320
2022-05-02,293.07,296.96,289.19,290.56,34992412,293.07,296.96,289.19,290.56,34992412,293.07,296.96,289.19,290.56,34992412
2022-05-03,282.48,286.26,278.69,282.56,32612487,282.48,286.26,278.69,282.56,32612487,282.48,286.26,278.69,282.56,32612487
2022-05-04,284.72,287.11,282.33,285.14,22762985,284.72,287.11,282.33,285.14,22762985,284.72,287.11,282.33,285.14,22762985
2022-05-05,277.37,279.84,274.91,278.01,24514718,277.37,279.84,274.91,278.01,24514718,277.37,279.84,274.91,278.01,24514718
2022-05-06,288.15,291.42,284.87,288.04,23245438,288.15,291.42,284.87,288.04,23245438,288.15,291.42,284.87,288.04,23245438
2022-05-09,293.58,296.54,290.61,293.05,21818420,293.58,296.54,290.61,293.05,21818420,293.58,296.54,290.61,293.05,21818420
2022-05-10,295.43,301.14,289.71,295.45,38075526,295.43,301.14,289.71,295.45,38075526,295.43,301.14,289.71,295.45,38075526
2022-05-11,296.50,300.28,292.72,296.41,41919083,296.50,300.28,292.72,296.41,41919083,296.50,300.28,292.72,296.41,41919083
2022-05-12,294.66,296.17,293.15,296.10,33874519,294.66,296.17,293.15,296.10,33874519,294.66,296.17,293.15,296.10,33874519
2022-05-13,295.58,298.09,293.07,295.56,29954188,295.58,298.09,293.07,295.56,29954188,295.58,298.09,293.07,295.56,29954188
2022-05-16,296.83,300.51,293.14,297.11,28525720,296.83,300.51,293.14,297.11,28525720,296.83,300.51,293.14,297.11,28525720
2022-05-17,299.16,301.82,296.51,301.31,30494146,299.16,301.82,296.51,301.31,30494146,299.16,301.82,296.51,301.31,30494146
2022-05-18,302.93,307.39,298.47,303.53,28108091,302.93,307.39,298.47,303.53,28108091,302.93,307.39,298.47,303.53,28108091
2022-05-19,311.43,315.04,307.81,309.89,24567540,311.43,315.04,307.81,309.89,24567540,311.43,315.04,307.81,309.89,24567540
2022-05-20,310.05,311.92,308.18,309.75,35141837,310.05,311.92,308.18,309.75,35141837,310.05,311.92,308.18,309.75,35141837
2022-05-23,304.74,306.11,303.37,304.14,39573898,304.74,306.11,303.37,304.14,39573898,304.74,306.11,303.37,304.14,39573898
2022-05-24,305.19,307.81,302.56,304.33,38837868,305.19,307.81,302.56,304.33,38837868,305.19,307.81,302.56,304.33,38837868
2022-05-25,295.14,300.26,290.03,295.47,41438476,295.14,300.26,290.03,295.47,41438476,295.14,300.26,290.03,295.47,41438476
2022-05-26,290.96,294.50,287.43,291.44,41962155,290.96,294.50,287.43,291.44,41962155,290.96,294.50,287.43,291.44,41962155
2022-05-27,287.84,292.55,283.13,288.35,34111046,287.84,292.55,283.13,288.35,34111046,287.84,292.55,283.13,288.35,34111046
2022-05-30,286.51,288.52,284.51,285.07,40450496,286.51,288.52,284.51,285.07,40450496,286.51,288.52,284.51,285.07,40450496
2022-05-31,282.24,286.41,278.07,281.63,24858517,282.24,286.41,278.07,281.63,24858517,282.24,286.41,278.07,281.63,24858517
2022-06-01,276.80,279.24,274.37,277.17,40338609,276.80,279.24,274.37,277.17,40338609,276.80,279.24,274.37,277.17,40338609
2022-06-02,280.44,283.03,277.85,280.04,40082548,280.44,283.03,277.85,280.04,40082548,280.44,283.03,277.85,280.04,40082548
2022-06-03,279.00,281.54,276.47,279.31,23315811,279.00,281.54,276.47,279.31,23315811,279.00,281.54,276.47,279.31,23315811
2022-06-06,281.36,284.88,277.83,281.72,28695590,281.36,284.88,277.83,281.72,28695590,281.36,284.88,277.83,281.72,28695590
2022-06-07,284.57,286.96,282.17,283.19,34383401,284.57,286.96,282.17,283.19,34383401,284.57,286.96,282.17,283.19,34383401
2022-06-08,279.34,282.88,275.79,278.74,38787985,279.34,282.88,275.79,278.74,38787985,279.34,282.88,275.79,278.74,38787985
2022-06-09,278.02,280.23,275.82,280.15,41520841,278.02,280.23,275.82,280.15,41520841,278.02,280.23,275.82,280.15,41520841
2022-06-10,285.20,288.59,281.82,284.84,32527712,285.20,288.59,281.82,284.84,32527712,285.20,288.59,281.82,284.84,32527712
2022-06-13,286.15,288.53,283.76,285.88,26349935,286.15,288.53,283.76,285.88,26349935,286.15,288.53,283.76,285.88,26349935
2022-06-14,280.09,281.58,278.60,280.17,21889601,280.09,281.58,278.60,280.17,21889601,280.09,281.58,278.60,280.17,21889601
2022-06-15,277.91,282.66,273.17,278.72,30327028,277.91,282.66,273.17,278.72,30327028,277.91,282.66,273.17,278.72,30327028
2022-06-16,282.86,287.65,278.07,283.62,41025017,282.86,287.65,278.07,283.62,41025017,282.86,287.65,278.07,283.62,41025017
2022-06-17,277.34,281.04,273.64,278.06,34539054,277.34,281.04,273.64,278.06,34539054,277.34,281.04,273.64,278.06,34539054
2022-06-20,278.07,280.26,275.89,278.69,40480404,278.07,280.26,275.89,278.69,40480404,278.07,280.26,275.89,278.69,40480404
2022-06-21,279.91,282.68,277.14,280.07,33321851,279.91,282.68,277.14,280.07,33321851,279.91,282.68,277.14,280.07,33321851
2022-06-22,277.94,281.09,274.79,276.65,25080853,277.94,281.09,274.79,276.65,25080853,277.94,281.09,274.79,276.65,25080853
2022-06-23,280.74,283.93,277.54,280.65,33628900,280.74,283.93,277.54,280.65,33628900,280.74,283.93,277.54,280.65,33628900
2022-06-24,287.39,292.19,282.60,285.81,29478393,287.39,292.19,282.60,285.81,29478393,287.39,292.19,282.60,285.81,29478393
2022-06-27,288.23,291.42,285.03,288.32,32428972,288.23,291.42,285.03,288.32,32428972,288.23,291.42,285.03,288.32,32428972
2022-06-28,288.74,292.64,284.83,288.46,38626788,288.74,292.64,284.83,288.46,38626788,288.74,292.64,284.83,288.46,38626788
2022-06-29,293.63,296.88,290.37,293.41,24562883,293.63,296.88,290.37,293.41,24562883,293.63,296.88,290.37,293.41,24562883
2022-06-30,302.87,306.24,299.51,302.84,35594317,302.87,306.24,299.51,302.84,35594317,302.87,306.24,299.51,302.84,35594317
2022-07-01,301.52,303.59,299.45,301.86,28477883,301.52,303.59,299.45,301.86,28477883,301.52,303.59,299.45,301.86,28477883
2022-07-04,298.10,299.40,296.79,298.81,25218285,298.10,299.40,296.79,298.81,25218285,298.10,299.40,296.79,298.81,25218285
2022-07-05,293.14,297.60,288.67,293.00,34333982,293.14,297.60,288.67,293.00,34333982,293.14,297.60,288.67,293.00,34333982
2022-07-06,296.56,299.77,293.36,296.53,22916262,296.56,299.77,293.36,296.53,22916262,296.56,299.77,293.36,296.53,22916262
2022-07-07,290.62,294.10,287.14,287.80,31963545,290.62,294.10,287.14,287.80,31963545,290.62,294.10,287.14,287.80,31963545
2022-07-08,288.92,290.40,287.43,289.81,22394744,288.92,290.40,287.43,289.81,22394744,288.92,290.40,287.43,289.81,22394744
2022-07-11,289.38,291.97,286.79,289.87,21469283,289.38,291.97,286.79,289.87,21469283,289.38,291.97,286.79,289.87,21469283
2022-07-12,290.64,292.25,289.03,290.56,35033448,290.64,292.25,289.03,290.56,35033448,290.64,292.25,289.03,290.56,35033448
2022-07-13,294.83,297.50,292.16,293.36,29651153,294.83,297.50,292.16,293.36,29651153,294.83,297.50,292.16,293.36,29651153
2022-07-14,288.57,291.82,285.32,288.68,40830977,288.57,291.82,285.32,288.68,40830977,288.57,291.82,285.32,288.68,40830977
2022-07-15,285.97,290.74,281.20,285.16,37001365,285.97,290.74,281.20,285.16,37001365,285.97,290.74,281.20,285.16,37001365
2022-07-18,282.22,286.91,277.54,283.71,32413279,282.22,286.91,277.54,283.71,32413279,282.22,286.91,277.54,283.71,32413279
2022-07-19,288.53,291.02,286.05,287.99,22076677,288.53,291.02,286.05,287.99,22076677,288.53,291.02,286.05,287.99,22076677
2022-07-20,279.76,283.83,275.68,281.04,32174517,279.76,283.83,275.68,281.04,32174517,279.76,283.83,275.68,281.04,32174517
2022-07-21,283.10,283.97,282.23,283.40,38675527,283.10,283.97,282.23,283.40,38675527,283.10,283.97,282.23,283.40,38675527
2022-07-22,286.50,288.70,284.30,286.49,27243313,286.50,288.70,284.30,286.49,27243313,286.50,288.70,284.30,286.49,27243313
2022-07-25,293.33,295.85,290.80,293.65,21964531,293.33,295.85,290.80,293.65,21964531,293.33,295.85,290.80,293.65,21964531
2022-07-26,292.08,296.12,288.04,292.72,25948489,292.08,296.12,288.04,292.72,25948489,292.08,296.12,288.04,292.72,25948489
2022-07-27,292.19,294.80,289.58,292.21,32945193,292.19,294.80,289.58,292.21,32945193,292.19,294.80,289.58,292.21,32945193
2022-07-28,298.14,301.56,294.72,297.70,28249285,298.14,301.56,294.72,297.70,28249285,298.14,301.56,294.72,297.70,28249285
2022-07-29,300.17,305.98,294.36,298.05,38323708,300.17,305.98,294.36,298.05,38323708,300.17,305.98,294.36,298.05,38323708
2022-08-01,301.55,305.68,297.43,302.04,24114336,301.55,305.68,297.43,302.04,24114336,301.55,305.68,297.43,302.04,24114336
2022-08-02,303.57,307.89,299.25,303.60,24574894,303.57,307.89,299.25,303.60,24574894,303.57,307.89,299.25,303.60,24574894
2022-08-03,301.85,305.64,298.06,302.77,38632217,301.85,305.64,298.06,302.77,38632217,301.85,305.64,298.06,302.77,38632217
2022-08-04,296.31,297.42,295.20,295.35,41620273,296.31,297.42,295.20,295.35,41620273,296.31,297.42,295.20,295.35,41620273
2022-08-05,297.64,299.91,295.37,296.09,29649133,297.64,299.91,295.37,296.09,29649133,297.64,299.91,295.37,296.09,29649133
2022-08-08,293.25,296.29,290.22,293.63,26679851,293.25,296.29,290.22,293.63,26679851,293.25,296.29,290.22,293.63,26679851
2022-08-09,292.09,295.24,288.94,292.58,25975485,292.09,295.24,288.94,292.58,25975485,292.09,295.24,288.94,292.58,25975485
2022-08-10,293.41,298.09,288.72,293.03,35158968,293.41,298.09,288.72,293.03,35158968,293.41,298.09,288.72,293.03,35158968
2022-08-11,287.55,289.97,285.12,287.23,36305517,287.55,289.97,285.12,287.23,36305517,287.55,289.97,285.12,287.23,36305517
2022-08-12,299.63,300.95,298.32,300.26,27163050,299.63,300.95,298.32,300.26,27163050,299.63,300.95,298.32,300.26,27163050
2022-08-15,295.82,298.25,293.38,295.95,21767966,295.82,298.25,293.38,295.95,21767966,295.82,298.25,293.38,295.95,21767966
2022-08-16,292.84,295.93,289.75,291.58,27834849,292.84,295.93,289.75,291.58,27834849,292.84,295.93,289.75,291.58,27834849
2022-08-17,298.03,302.40,293.66,297.42,21450237,298.03,302.40,293.66,297.42,21450237,298.03,302.40,293.66,297.42,21450237
2022-08-18,297.34,300.62,294.05,297.31,27863226,297.34,300.62,294.05,297.31,27863226,297.34,300.62,294.05,297.31,27863226
2022-08-19,298.82,300.49,297.16,298.66,32329638,298.82,300.49,297.16,298.66,32329638,298.82,300.49,297.16,298.66,32329638
2022-08-22,302.69,306.82,298.57,304.26,38934326,302.69,306.82,298.57,304.26,38934326,302.69,306.82,298.57,304.26,38934326
2022-08-23,296.65,300.78,292.51,296.32,39460302,296.65,300.78,292.51,296.32,39460302,296.65,300.78,292.51,296.32,39460302
2022-08-24,295.76,297.29,294.24,296.11,25922521,295.76,297.29,294.24,296.11,25922521,295.76,297.29,294.24,296.11,25922521
2022-08-25,291.28,293.75,288.82,290.14,41395595,291.28,293.75,288.82,290.14,41395595,291.28,293.75,288.82,290.14,41395595
2022-08-26,284.73,288.19,281.27,285.98,22949747,284.73,288.19,281.27,285.98,22949747,284.73,288.19,281.27,285.98,22949747
2022-08-29,277.23,281.21,273.24,277.75,33931644,277.23,281.21,273.24,277.75,33931644,277.23,281.21,273.24,277.75,33931644
2022-08-30,277.11,282.13,272.10,277.87,40472578,277.11,282.13,272.10,277.87,40472578,277.11,282.13,272.10,277.87,40472578
2022-08-31,278.51,281.82,275.20,277.43,24917716,278.51,281.82,275.20,277.43,24917716,278.51,281.82,275.20,277.43,24917716
2022-09-01,266.21,270.68,261.75,267.47,23169310,266.21,270.68,261.75,267.47,23169310,266.21,270.68,261.75,267.47,23169310
2022-09-02,265.69,267.79,263.59,266.48,35312235,265.69,267.79,263.59,266.48,35312235,265.69,267.79,263.59,266.48,35312235
2022-09-05,272.67,274.94,270.40,270.57,30394976,272.67,274.94,270.40,270.57,30394976,272.67,274.94,270.40,270.57,30394976
2022-09-06,269.66,271.44,267.88,268.03,27849886,269.66,271.44,267.88,268.03,27849886,269.66,271.44,267.88,268.03,27849886
2022-09-07,268.84,270.53,267.15,267.19,39123566,268.84,270.53,267.15,267.19,39123566,268.84,270.53,267.15,267.19,39123566
2022-09-08,274.28,276.63,271.92,274.06,29247754,274.28,276.63,271.92,274.06,29247754,274.28,276.63,271.92,274.06,29247754
2022-09-09,278.85,282.31,275.38,277.54,21931284,278.85,282.31,275.38,277.54,21931284,278.85,282.31,275.38,277.54,21931284
2022-09-12,283.20,284.20,282.21,282.46,32338913,283.20,284.20,282.21,282.46,32338913,283.20,284.20,282.21,282.46,32338913
2022-09-13,292.44,294.44,290.44,291.40,31535763,292.44,294.44,290.44,291.40,31535763,292.44,294.44,290.44,291.40,31535763
2022-09-14,289.77,293.53,286.00,289.41,21427157,289.77,293.53,286.00,289.41,21427157,289.77,293.53,286.00,289.41,21427157
2022-09-15,293.70,295.53,291.87,293.53,29010263,293.70,295.53,291.87,293.53,29010263,293.70,295.53,291.87,293.53,29010263
2022-09-16,284.61,287.43,281.78,286.09,24449537,284.61,287.43,281.78,286.09,24449537,284.61,287.43,281.78,286.09,24449537
2022-09-19,277.97,281.54,274.39,277.71,31006147,277.97,281.54,274.39,277.71,31006147,277.97,281.54,274.39,277.71,31006147
2022-09-20,275.63,279.11,272.16,274.96,30616098,275.63,279.11,272.16,274.96,30616098,275.63,279.11,272.16,274.96,30616098
2022-09-21,274.45,278.18,270.72,273.66,41368437,274.45,278.18,270.72,273.66,41368437,274.45,278.18,270.72,273.66,41368437
2022-09-22,280.53,283.73,277.34,279.46,30365271,280.53,283.73,277.34,279.46,30365271,280.53,283.73,277.34,279.46,30365271
2022-09-23,289.16,291.82,286.50,287.10,24888466,289.16,291.82,286.50,287.10,24888466,289.16,291.82,286.50,287.10,24888466
2022-09-26,281.48,284.74,278.22,280.77,25853947,281.48,284.74,278.22,280.77,25853947,281.48,284.74,278.22,280.77,25853947
2022-09-27,279.09,281.38,276.79,277.78,31102411,279.09,281.38,276.79,277.78,31102411,279.09,281.38,276.79,277.78,31102411
2022-09-28,274.12,275.04,273.20,274.79,34629934,274.12,275.04,273.20,274.79,34629934,274.12,275.04,273.20,274.79,34629934
2022-09-29,268.07,271.04,265.11,267.97,38647592,268.07,271.04,265.11,267.97,38647592,268.07,271.04,265.11,267.97,38647592
2022-09-30,266.16,268.78,263.53,266.08,22630983,266.16,268.78,263.53,266.08,22630983,266.16,268.78,263.53,266.08,22630983
2022-10-03,270.51,273.54,267.48,269.55,35489815,270.51,273.54,267.48,269.55,35489815,270.51,273.54,267.48,269.55,35489815
2022-10-04,270.11,274.14,266.09,270.41,26511582,270.11,274.14,266.09,270.41,26511582,270.11,274.14,266.09,270.41,26511582
2022-10-05,266.62,268.86,264.38,266.63,40636609,266.62,268.86,264.38,266.63,40636609,266.62,268.86,264.38,266.63,40636609
2022-10-06,265.69,267.70,263.68,266.97,28036033,265.69,267.70,263.68,266.97,28036033,265.69,267.70,263.68,266.97,28036033
2022-10-07,266.25,269.77,262.72,265.91,30147736,266.25,269.77,262.72,265.91,30147736,266.25,269.77,262.72,265.91,30147736
2022-10-10,271.68,274.33,269.03,271.99,25769654,271.68,274.33,269.03,271.99,25769654,271.68,274.33,269.03,271.99,25769654
2022-10-11,272.38,275.81,268.95,272.89,33100818,272.38,275.81,268.95,272.89,33100818,272.38,275.81,268.95,272.89,33100818
2022-10-12,270.54,274.12,266.95,270.27,39760174,270.54,274.12,266.95,270.27,39760174,270.54,274.12,266.95,270.27,39760174
2022-10-13,277.22,279.22,275.23,276.31,38489705,277.22,279.22,275.23,276.31,38489705,277.22,279.22,275.23,276.31,38489705
2022-10-14,281.34,284.60,278.08,282.22,32127883,281.34,284.60,278.08,282.22,32127883,281.34,284.60,278.08,282.22,32127883
2022-10-17,290.37,293.67,287.08,290.85,30291889,290.37,293.67,287.08,290.85,30291889,290.37,293.67,287.08,290.85,30291889
2022-10-18,291.95,293.77,290.13,291.89,30896265,291.95,293.77,290.13,291.89,30896265,291.95,293.77,290.13,291.89,30896265
2022-10-19,283.57,287.49,279.64,285.05,39160595,283.57,287.49,279.64,285.05,39160595,283.57,287.49,279.64,285.05,39160595
2022-10-20,279.50,284.12,274.88,280.44,25983597,279.50,284.12,274.88,280.44,25983597,279.50,284.12,274.88,280.44,25983597
2022-10-21,282.77,286.52,279.03,281.57,24515882,282.77,286.52,279.03,281.57,24515882,282.77,286.52,279.03,281.57,24515882
2022-10-24,278.75,280.06,277.43,279.04,40482378,278.75,280.06,277.43,279.04,40482378,278.75,280.06,277.43,279.04,40482378
2022-10-25,286.44,288.86,284.02,285.78,35888037,286.44,288.86,284.02,285.78,35888037,286.44,288.86,284.02,285.78,35888037
2022-10-26,287.09,290.43,283.75,288.67,27985745,287.09,290.43,283.75,288.67,27985745,287.09,290.43,283.75,288.67,27985745
2022-10-27,287.67,292.63,282.72,289.36,40860497,287.67,292.63,282.72,289.36,40860497,287.67,292.63,282.72,289.36,40860497
2022-10-28,294.13,298.08,290.19,293.22,30806821,294.13,298.08,290.19,293.22,30806821,294.13,298.08,290.19,293.22,30806821
2022-10-31,289.50,292.75,286.24,289.46,26666503,289.50,292.75,286.24,289.46,26666503,289.50,292.75,286.24,289.46,26666503
2022-11-01,280.33,283.84,276.82,281.18,38453830,280.33,283.84,276.82,281.18,38453830,280.33,283.84,276.82,281.18,38453830
2022-11-02,283.30,285.44,281.17,281.52,22747572,283.30,285.44,281.17,281.52,22747572,283.30,285.44,281.17,281.52,22747572
2022-11-03,281.97,284.49,279.45,280.04,30673939,281.97,284.49,279.45,280.04,30673939,281.97,284.49,279.45,280.04,30673939
2022-11-04,275.94,277.55,274.32,275.19,37798888,275.94,277.55,274.32,275.19,37798888,275.94,277.55,274.32,275.19,37798888
2022-11-07,272.25,276.56,267.94,272.11,22106140,272.25,276.56,267.94,272.11,22106140,272.25,276.56,267.94,272.11,22106140
2022-11-08,271.02,274.06,267.97,271.13,35249324,271.02,274.06,267.97,271.13,35249324,271.02,274.06,267.97,271.13,35249324
2022-11-09,278.72,283.62,273.82,277.31,38037066,278.72,283.62,273.82,277.31,38037066,278.72,283.62,273.82,277.31,38037066
2022-11-10,267.43,270.39,264.47,266.35,29392408,267.43,270.39,264.47,266.35,29392408,267.43,270.39,264.47,266.35,29392408
2022-11-11,268.41,270.91,265.91,268.64,22341391,268.41,270.91,265.91,268.64,22341391,268.41,270.91,265.91,268.64,22341391
2022-11-14,265.92,268.49,263.34,263.77,32678426,265.92,268.49,263.34,263.77,32678426,265.92,268.49,263.34,263.77,32678426
2022-11-15,255.63,257.06,254.20,256.45,41018352,255.63,257.06,254.20,256.45,41018352,255.63,257.06,254.20,256.45,41018352
2022-11-16,249.08,251.82,246.35,248.92,21625397,249.08,251.82,246.35,248.92,21625397,249.08,251.82,246.35,248.92,21625397
2022-11-17,248.42,252.55,244.29,248.63,27608468,248.42,252.55,244.29,248.63,27608468,248.42,252.55,244.29,248.63,27608468
2022-11-18,249.61,252.65,246.57,249.03,35115122,249.61,252.65,246.57,249.03,35115122,249.61,252.65,246.57,249.03,35115122
2022-11-21,251.48,253.52,249.43,251.40,40328186,251.48,253.52,249.43,251.40,40328186,251.48,253.52,249.43,251.40,40328186
2022-11-22,243.75,246.99,240.50,244.21,29628898,243.75,246.99,240.50,244.21,29628898,243.75,246.99,240.50,244.21,29628898
2022-11-23,237.56,240.05,235.06,236.81,30921667,237.56,240.05,235.06,236.81,30921667,237.56,240.05,235.06,236.81,30921667
2022-11-24,234.05,236.40,231.71,234.04,24107050,234.05,236.40,231.71,234.04,24107050,234.05,236.40,231.71,234.04,24107050
2022-11-25,239.81,241.61,238.02,239.93,32704246,239.81,241.61,238.02,239.93,32704246,239.81,241.61,238.02,239.93,32704246
2022-11-28,232.78,235.58,229.98,233.16,23804724,232.78,235.58,229.98,233.16,23804724,232.78,235.58,229.98,233.16,23804724
2022-11-29,240.04,242.53,237.56,239.74,21373488,240.04,242.53,237.56,239.74,21373488,240.04,242.53,237.56,239.74,21373488
2022-11-30,235.73,237.99,233.46,235.19,27262143,235.73,237.99,233.46,235.19,27262143,235.73,237.99,233.46,235.19,27262143
2022-12-01,238.02,240.23,235.81,236.10,31442155,238.02,240.23,235.81,236.10,31442155,238.02,240.23,235.81,236.10,31442155
2022-12-02,231.08,235.06,227.09,230.84,38806407,231.08,235.06,227.09,230.84,38806407,231.08,235.06,227.09,230.84,38806407
2022-12-05,229.31,233.63,224.98,229.05,31767466,229.31,233.63,224.98,229.05,31767466,229.31,233.63,224.98,229.05,31767466
2022-12-06,234.15,237.76,230.54,232.44,32706966,234.15,237.76,230.54,232.44,32706966,234.15,237.76,230.54,232.44,32706966
2022-12-07,237.80,241.87,233.73,237.15,31914592,237.80,241.87,233.73,237.15,31914592,237.80,241.87,233.73,237.15,31914592
2022-12-08,241.20,244.70,237.70,242.43,26075096,241.20,244.70,237.70,242.43,26075096,241.20,244.70,237.70,242.43,26075096
2022-12-09,244.69,246.66,242.73,243.64,25237791,244.69,246.66,242.73,243.64,25237791,244.69,246.66,242.73,243.64,25237791
2022-12-12,237.45,239.57,235.32,236.00,35443234,237.45,239.57,235.32,236.00,35443234,237.45,239.57,235.32,236.00,35443234
2022-12-13,241.26,242.80,239.71,240.02,39816326,241.26,242.80,239.71,240.02,39816326,241.26,242.80,239.71,240.02,39816326
2022-12-14,237.62,240.24,235.00,237.57,21545181,237.62,240.24,235.00,237.57,21545181,237.62,240.24,235.00,237.57,21545181
2022-12-15,235.90,238.23,233.56,235.99,28838496,235.90,238.23,233.56,235.99,28838496,235.90,238.23,233.56,235.99,28838496
2022-12-16,236.97,240.10,233.85,237.39,27620011,236.97,240.10,233.85,237.39,27620011,236.97,240.10,233.85,237.39,27620011
2022-12-19,238.40,241.39,235.40,237.10,33037682,238.40,241.39,235.40,237.10,33037682,238.40,241.39,235.40,237.10,33037682
2022-12-20,238.15,241.62,234.69,238.81,21835919,238.15,241.62,234.69,238.81,21835919,238.15,241.62,234.69,238.81,21835919
2022-12-21,236.53,239.00,234.06,235.58,40884215,236.53,239.00,234.06,235.58,40884215,236.53,239.00,234.06,235.58,40884215
2022-12-22,236.16,237.75,234.58,236.07,23711864,236.16,237.75,234.58,236.07,23711864,236.16,237.75,234.58,236.07,23711864
2022-12-23,236.36,239.07,233.64,236.00,30969283,236.36,239.07,233.64,236.00,30969283,236.36,239.07,233.64,236.00,30969283
2022-12-26,243.69,245.86,241.51,242.77,26185246,243.69,245.86,241.51,242.77,26185246,243.69,245.86,241.51,242.77,26185246
2022-12-27,237.70,239.93,235.48,237.41,24976009,237.70,239.93,235.48,237.41,24976009,237.70,239.93,235.48,237.41,24976009
2022-12-28,239.39,241.33,237.45,238.13,37528190,239.39,241.33,237.45,238.13,37528190,239.39,241.33,237.45,238.13,37528190
2022-12-29,234.37,237.78,230.96,235.25,25654941,234.37,237.78,230.96,235.25,25654941,234.37,237.78,230.96,235.25,25654941
2022-12-30,233.41,235.98,230.85,233.78,25451612,233.41,235.98,230.85,233.78,25451612,233.41,235.98,230.85,233.78,25451612
2023-01-02,229.86,231.26,228.45,229.80,40100037,229.86,231.26,228.45,229.80,40100037,229.86,231.26,228.45,229.80,40100037
2023-01-03,233.44,236.01,230.88,233.62,39294577,233.44,236.01,230.88,233.62,39294577,233.44,236.01,230.88,233.62,39294577
2023-01-04,232.79,235.98,229.60,233.42,22993572,232.79,235.98,229.60,233.42,22993572,232.79,235.98,229.60,233.42,22993572
2023-01-05,240.65,244.54,236.77,240.26,25471263,240.65,244.54,236.77,240.26,25471263,240.65,244.54,236.77,240.26,25471263
2023-01-06,241.31,243.24,239.38,240.81,25047841,241.31,243.24,239.38,240.81,25047841,241.31,243.24,239.38,240.81,25047841
2023-01-09,237.60,239.62,235.59,238.92,38227245,237.60,239.62,235.59,238.92,38227245,237.60,239.62,235.59,238.92,38227245
2023-01-10,239.15,240.98,237.32,239.71,22172603,239.15,240.98,237.32,239.71,22172603,239.15,240.98,237.32,239.71,22172603
2023-01-11,239.46,241.56,237.35,239.73,33441354,239.46,241.56,237.35,239.73,33441354,239.46,241.56,237.35,239.73,33441354
2023-01-12,237.91,241.66,234.17,238.09,37133203,237.91,241.66,234.17,238.09,37133203,237.91,241.66,234.17,238.09,37133203
2023-01-13,241.00,243.94,238.06,240.73,40691324,241.00,243.94,238.06,240.73,40691324,241.00,243.94,238.06,240.73,40691324
2023-01-16,246.94,248.88,245.01,248.32,41905925,246.94,248.88,245.01,248.32,41905925,246.94,248.88,245.01,248.32,41905925
2023-01-17,254.41,256.02,252.80,254.20,25673125,254.41,256.02,252.80,254.20,25673125,254.41,256.02,252.80,254.20,25673125
2023-01-18,253.38,256.87,249.89,253.52,26266887,253.38,256.87,249.89,253.52,26266887,253.38,256.87,249.89,253.52,26266887
2023-01-19,261.58,264.02,259.14,259.98,37005593,261.58,264.02,259.14,259.98,37005593,261.58,264.02,259.14,259.98,37005593
2023-01-20,262.51,265.69,259.34,261.92,37761843,262.51,265.69,259.34,261.92,37761843,262.51,265.69,259.34,261.92,37761843
2023-01-23,266.70,268.80,264.60,265.97,26700674,266.70,268.80,264.60,265.97,26700674,266.70,268.80,264.60,265.97,26700674
2023-01-24,264.95,267.00,262.90,264.32,33369818,264.95,267.00,262.90,264.32,33369818,264.95,267.00,262.90,264.32,33369818
2023-01-25,263.64,265.40,261.88,263.36,31255101,263.64,265.40,261.88,263.36,31255101,263.64,265.40,261.88,263.36,31255101
2023-01-26,261.82,264.56,259.08,260.98,41448712,261.82,264.56,259.08,260.98,41448712,261.82,264.56,259.08,260.98,41448712
2023-01-27,261.59,264.40,258.77,259.27,26072399,261.59,264.40,258.77,259.27,26072399,261.59,264.40,258.77,259.27,26072399
2023-01-30,257.36,260.15,254.57,257.09,29371845,257.36,260.15,254.57,257.09,29371845,257.36,260.15,254.57,257.09,29371845
2023-01-31,257.23,259.80,254.65,256.19,41850973,257.23,259.80,254.65,256.19,41850973,257.23,259.80,254.65,256.19,41850973
2023-02-01,263.46,266.60,260.33,265.22,23690836,263.46,266.60,260.33,265.22,23690836,263.46,266.60,260.33,265.22,23690836
2023-02-02,264.58,266.37,262.79,265.57,24384437,264.58,266.37,262.79,265.57,24384437,264.58,266.37,262.79,265.57,24384437
2023-02-03,262.56,265.04,260.08,262.17,32154037,262.56,265.04,260.08,262.17,32154037,262.56,265.04,260.08,262.17,32154037
2023-02-06,272.88,276.08,269.69,272.47,23021262,272.88,276.08,269.69,272.47,23021262,272.88,276.08,269.69,272.47,23021262
2023-02-07,278.52,280.25,276.79,277.47,27503292,278.52,280.25,276.79,277.47,27503292,278.52,280.25,276.79,277.47,27503292
2023-02-08,282.75,284.34,281.16,282.43,39580865,282.75,284.34,281.16,282.43,39580865,282.75,284.34,281.16,282.43,39580865
2023-02-09,290.42,294.00,286.83,288.79,33978899,290.42,294.00,286.83,288.79,33978899,290.42,294.00,286.83,288.79,33978899
2023-02-10,296.18,300.36,292.00,294.64,27494378,296.18,300.36,292.00,294.64,27494378,296.18,300.36,292.00,294.64,27494378
2023-02-13,301.93,304.97,298.88,300.88,31837067,301.93,304.97,298.88,300.88,31837067,301.93,304.97,298.88,300.88,31837067
2023-02-14,304.04,307.47,300.62,301.87,40971691,304.04,307.47,300.62,301.87,40971691,304.04,307.47,300.62,301.87,40971691
2023-02-15,287.43,289.15,285.72,287.52,26323630,287.43,289.15,285.72,287.52,26323630,287.43,289.15,285.72,287.52,26323630
2023-02-16,290.79,294.59,286.99,290.75,21282325,290.79,294.59,286.99,290.75,21282325,290.79,294.59,286.99,290.75,21282325
2023-02-17,294.90,297.85,291.96,295.82,27135713,294.90,297.85,291.96,295.82,27135713,294.90,297.85,291.96,295.82,27135713
2023-02-20,299.93,303.86,296.00,300.12,35627319,299.93,303.86,296.00,300.12,35627319,299.93,303.86,296.00,300.12,35627319
2023-02-21,296.61,300.61,292.60,296.69,33990536,296.61,300.61,292.60,296.69,33990536,296.61,300.61,292.60,296.69,33990536
2023-02-22,294.74,298.95,290.53,295.32,28916858,294.74,298.95,290.53,295.32,28916858,294.74,298.95,290.53,295.32,28916858
2023-02-23,294.93,299.27,290.59,294.93,30944333,294.93,299.27,290.59,294.93,30944333,294.93,299.27,290.59,294.93,30944333
2023-02-24,298.14,302.45,293.84,297.74,36466378,298.14,302.45,293.84,297.74,36466378,298.14,302.45,293.84,297.74,36466378
2023-02-27,300.33,303.75,296.90,299.00,32716924,300.33,303.75,296.90,299.00,32716924,300.33,303.75,296.90,299.00,32716924
2023-02-28,296.67,299.48,293.85,298.52,39778789,296.67,299.48,293.85,298.52,39778789,296.67,299.48,293.85,298.52,39778789
2023-03-01,293.77,298.14,289.40,293.98,30016198,293.77,298.14,289.40,293.98,30016198,293.77,298.14,289.40,293.98,30016198
2023-03-02,299.87,302.60,297.13,299.73,25428435,299.87,302.60,297.13,299.73,25428435,299.87,302.60,297.13,299.73,25428435
2023-03-03,302.95,306.08,299.82,302.64,32180372,302.95,306.08,299.82,302.64,32180372,302.95,306.08,299.82,302.64,32180372
2023-03-06,300.01,303.14,296.89,300.23,29440324,300.01,303.14,296.89,300.23,29440324,300.01,303.14,296.89,300.23,29440324
2023-03-07,295.68,300.29,291.06,294.83,40603539,295.68,300.29,291.06,294.83,40603539,295.68,300.29,291.06,294.83,40603539
2023-03-08,287.15,289.35,284.95,287.98,32449950,287.15,289.35,284.95,287.98,32449950,287.15,289.35,284.95,287.98,32449950
2023-03-09,292.50,295.45,289.56,291.59,33593413,292.50,295.45,289.56,291.59,33593413,292.50,295.45,289.56,291.59,33593413
2023-03-10,296.61,299.56,293.65,296.35,38697102,296.61,299.56,293.65,296.35,38697102,296.61,299.56,293.65,296.35,38697102
2023-03-13,293.10,295.52,290.68,293.44,21201298,293.10,295.52,290.68,293.44,21201298,293.10,295.52,290.68,293.44,21201298
2023-03-14,297.58,300.12,295.05,297.49,23158980,297.58,300.12,295.05,297.49,23158980,297.58,300.12,295.05,297.49,23158980
2023-03-15,300.27,302.64,297.91,300.15,39102372,300.27,302.64,297.91,300.15,39102372,300.27,302.64,297.91,300.15,39102372
2023-03-16,296.83,300.57,293.09,295.83,31456699,296.83,300.57,293.09,295.83,31456699,296.83,300.57,293.09,295.83,31456699
2023-03-17,305.35,308.12,302.58,305.35,37598720,305.35,308.12,302.58,305.35,37598720,305.35,308.12,302.58,305.35,37598720
2023-03-20,318.68,322.62,314.73,319.11,33524611,318.68,322.62,314.73,319.11,33524611,318.68,322.62,314.73,319.11,33524611
2023-03-21,322.90,327.13,318.68,323.25,26574938,322.90,327.13,318.68,323.25,26574938,322.90,327.13,318.68,323.25,26574938
2023-03-22,321.69,325.20,318.19,320.85,26794374,321.69,325.20,318.19,320.85,26794374,321.69,325.20,318.19,320.85,26794374
2023-03-23,317.19,318.76,315.62,315.95,34805254,317.19,318.76,315.62,315.95,34805254,317.19,318.76,315.62,315.95,34805254
2023-03-24,324.46,327.17,321.76,323.57,38110720,324.46,327.17,321.76,323.57,38110720,324.46,327.17,321.76,323.57,38110720
2023-03-27,323.27,328.39,318.15,323.78,27065418,323.27,328.39,318.15,323.78,27065418,323.27,328.39,318.15,323.78,27065418
2023-03-28,330.20,333.11,327.28,328.10,23832372,330.20,333.11,327.28,328.10,23832372,330.20,333.11,327.28,328.10,23832372
2023-03-29,327.13,330.42,323.83,326.19,22635271,327.13,330.42,323.83,326.19,22635271,327.13,330.42,323.83,326.19,22635271
2023-03-30,324.35,328.30,320.39,321.93,33362526,324.35,328.30,320.39,321.93,33362526,324.35,328.30,320.39,321.93,33362526
2023-03-31,325.89,330.21,321.56,326.99,29526263,325.89,330.21,321.56,326.99,29526263,325.89,330.21,321.56,326.99,29526263
2023-04-03,328.66,332.73,324.60,328.76,30947514,328.66,332.73,324.60,328.76,30947514,328.66,332.73,324.60,328.76,30947514
2023-04-04,334.29,338.19,330.40,333.63,37772796,334.29,338.19,330.40,333.63,37772796,334.29,338.19,330.40,333.63,37772796
2023-04-05,338.36,341.04,335.68,336.61,24776811,338.36,341.04,335.68,336.61,24776811,338.36,341.04,335.68,336.61,24776811
2023-04-06,341.89,345.80,337.98,342.03,33452040,341.89,345.80,337.98,342.03,33452040,341.89,345.80,337.98,342.03,33452040
2023-04-07,338.67,341.44,335.91,337.98,32822612,338.67,341.44,335.91,337.98,32822612,338.67,341.44,335.91,337.98,32822612
2023-04-10,343.22,346.37,340.08,343.18,36703071,343.22,346.37,340.08,343.18,36703071,343.22,346.37,340.08,343.18,36703071
2023-04-11,337.75,341.99,333.50,336.96,29216814,337.75,341.99,333.50,336.96,29216814,337.75,341.99,333.50,336.96,29216814
2023-04-12,341.00,345.62,336.37,341.65,32816742,341.00,345.62,336.37,341.65,32816742,341.00,345.62,336.37,341.65,32816742
2023-04-13,349.75,354.41,345.08,349.67,36437432,349.75,354.41,345.08,349.67,36437432,349.75,354.41,345.08,349.67,36437432
2023-04-14,345.37,347.62,343.11,345.35,32818171,345.37,347.62,343.11,345.35,32818171,345.37,347.62,343.11,345.35,32818171
2023-04-17,354.99,359.01,350.97,353.49,23320528,354.99,359.01,350.97,353.49,23320528,354.99,359.01,350.97,353.49,23320528
2023-04-18,359.15,364.29,354.01,357.92,26932476,359.15,364.29,354.01,357.92,26932476,359.15,364.29,354.01,357.92,26932476
2023-04-19,351.95,353.63,350.26,351.41,22329704,351.95,353.63,350.26,351.41,22329704,351.95,353.63,350.26,351.41,22329704
2023-04-20,348.91,352.84,344.97,346.14,35148764,348.91,352.84,344.97,346.14,35148764,348.91,352.84,344.97,346.14,35148764
2023-04-21,356.79,362.52,351.06,356.60,23393202,356.79,362.52,351.06,356.60,23393202,356.79,362.52,351.06,356.60,23393202
2023-04-24,351.75,356.34,347.16,350.54,30104405,351.75,356.34,347.16,350.54,30104405,351.75,356.34,347.16,350.54,30104405
2023-04-25,352.29,357.50,347.08,350.06,27485720,352.29,357.50,347.08,350.06,27485720,352.29,357.50,347.08,350.06,27485720
2023-04-26,349.25,353.52,344.97,349.62,28337927,349.25,353.52,344.97,349.62,28337927,349.25,353.52,344.97,349.62,28337927
2023-04-27,362.07,368.04,356.10,363.08,30854144,362.07,368.04,356.10,363.08,30854144,362.07,368.04,356.10,363.08,30854144
2023-04-28,381.85,385.00,378.69,380.08,23955611,381.85,385.00,378.69,380.08,23955611,381.85,385.00,378.69,380.08,23955611
2023-05-01,390.72,394.41,387.03,388.95,39330339,390.72,394.41,387.03,388.95,39330339,390.72,394.41,387.03,388.95,39330339
2023-05-02,382.41,386.95,377.88,382.98,39492231,382.41,386.95,377.88,382.98,39492231,382.41,386.95,377.88,382.98,39492231
2023-05-03,389.88,395.44,384.31,388.79,21323714,389.88,395.44,384.31,388.79,21323714,389.88,395.44,384.31,388.79,21323714
2023-05-04,389.75,393.60,385.91,388.59,27524774,389.75,393.60,385.91,388.59,27524774,389.75,393.60,385.91,388.59,27524774
2023-05-05,387.91,392.19,383.63,387.77,28401718,387.91,392.19,383.63,387.77,28401718,387.91,392.19,383.63,387.77,28401718
2023-05-08,397.22,402.95,391.49,397.10,22623163,397.22,402.95,391.49,397.10,22623163,397.22,402.95,391.49,397.10,22623163
2023-05-09,387.36,390.99,383.74,387.14,27618933,387.36,390.99,383.74,387.14,27618933,387.36,390.99,383.74,387.14,27618933
2023-05-10,390.11,393.33,386.88,387.04,30637247,390.11,393.33,386.88,387.04,30637247,390.11,393.33,386.88,387.04,30637247
2023-05-11,399.11,404.23,394.00,401.75,22284070,399.11,404.23,394.00,401.75,22284070,399.11,404.23,394.00,401.75,22284070
2023-05-12,413.93,418.90,408.96,414.03,36203903,413.93,418.90,408.96,414.03,36203903,413.93,418.90,408.96,414.03,36203903
2023-05-15,408.70,414.55,402.85,412.12,39654842,408.70,414.55,402.85,412.12,39654842,408.70,414.55,402.85,412.12,39654842
2023-05-16,420.09,425.84,414.34,419.60,30618307,420.09,425.84,414.34,419.60,30618307,420.09,425.84,414.34,419.60,30618307
2023-05-17,429.60,435.06,424.14,430.51,23501101,429.60,435.06,424.14,430.51,23501101,429.60,435.06,424.14,430.51,23501101
2023-05-18,430.20,434.09,426.31,432.50,31958130,430.20,434.09,426.31,432.50,31958130,430.20,434.09,426.31,432.50,31958130
2023-05-19,412.34,421.16,403.51,413.54,21184270,412.34,421.16,403.51,413.54,21184270,412.34,421.16,403.51,413.54,21184270
2023-05-22,417.88,422.07,413.69,418.28,40500733,417.88,422.07,413.69,418.28,40500733,417.88,422.07,413.69,418.28,40500733
2023-05-23,422.06,424.90,419.22,419.70,24684554,422.06,424.90,419.22,419.70,24684554,422.06,424.90,419.22,419.70,24684554
2023-05-24,424.24,428.80,419.67,423.45,36932152,424.24,428.80,419.67,423.45,36932152,424.24,428.80,419.67,423.45,36932152
2023-05-25,432.94,438.89,426.98,434.66,41906535,432.94,438.89,426.98,434.66,41906535,432.94,438.89,426.98,434.66,41906535
2023-05-26,447.53,452.61,442.46,447.41,24185006,447.53,452.61,442.46,447.41,24185006,447.53,452.61,442.46,447.41,24185006
2023-05-29,450.52,454.42,446.63,449.32,38394782,450.52,454.42,446.63,449.32,38394782,450.52,454.42,446.63,449.32,38394782
2023-05-30,463.73,467.70,459.75,462.39,40926514,463.73,467.70,459.75,462.39,40926514,463.73,467.70,459.75,462.39,40926514
2023-05-31,473.57,476.47,470.67,470.82,29869389,473.57,476.47,470.67,470.82,29869389,473.57,476.47,470.67,470.82,29869389
2023-06-01,469.61,472.88,466.34,469.74,24928194,469.61,472.88,466.34,469.74,24928194,469.61,472.88,466.34,469.74,24928194
2023-06-02,469.92,476.68,463.15,467.71,32948371,469.92,476.68,463.15,467.71,32948371,469.92,476.68,463.15,467.71,32948371
2023-06-05,473.01,480.46,465.56,472.87,30438643,473.01,480.46,465.56,472.87,30438643,473.01,480.46,465.56,472.87,30438643
2023-06-06,485.92,490.96,480.88,486.23,39056881,485.92,490.96,480.88,486.23,39056881,485.92,490.96,480.88,486.23,39056881
2023-06-07,483.43,490.54,476.32,482.86,38086356,483.43,490.54,476.32,482.86,38086356,483.43,490.54,476.32,482.86,38086356
2023-06-08,493.22,498.40,488.03,492.49,35801560,493.22,498.40,488.03,492.49,35801560,493.22,498.40,488.03,492.49,35801560
2023-06-09,495.83,502.76,488.90,499.22,24063252,495.83,502.76,488.90,499.22,24063252,495.83,502.76,488.90,499.22,24063252
2023-06-12,499.73,503.87,495.59,499.19,26012717,499.73,503.87,495.59,499.19,26012717,499.73,503.87,495.59,499.19,26012717
2023-06-13,497.25,500.05,494.45,497.47,37295452,497.25,500.05,494.45,497.47,37295452,497.25,500.05,494.45,497.47,37295452
2023-06-14,517.08,522.43,511.73,517.91,22025674,517.08,522.43,511.73,517.91,22025674,517.08,522.43,511.73,517.91,22025674
2023-06-15,537.31,543.25,531.38,531.98,27233893,537.31,543.25,531.38,531.98,27233893,537.31,543.25,531.38,531.98,27233893
2023-06-16,524.27,527.61,520.93,523.40,41193158,524.27,527.61,520.93,523.40,41193158,524.27,527.61,520.93,523.40,41193158
2023-06-19,530.13,535.03,525.22,528.60,27816152,530.13,535.03,525.22,528.60,27816152,530.13,535.03,525.22,528.60,27816152
2023-06-20,511.53,516.38,506.68,511.06,40846663,511.53,516.38,506.68,511.06,40846663,511.53,516.38,506.68,511.06,40846663
2023-06-21,511.55,515.11,507.99,511.85,23711023,511.55,515.11,507.99,511.85,23711023,511.55,515.11,507.99,511.85,23711023
2023-06-22,503.25,506.22,500.28,504.50,28390006,503.25,506.22,500.28,504.50,28390006,503.25,506.22,500.28,504.50,28390006
2023-06-23,504.39,510.01,498.77,506.13,22588538,504.39,510.01,498.77,506.13,22588538,504.39,510.01,498.77,506.13,22588538
2023-06-26,513.75,519.72,507.79,512.86,37161603,513.75,519.72,507.79,512.86,37161603,513.75,519.72,507.79,512.86,37161603
2023-06-27,520.68,527.47,513.88,519.45,40408992,520.68,527.47,513.88,519.45,40408992,520.68,527.47,513.88,519.45,40408992
2023-06-28,538.12,544.92,531.31,537.55,35133191,538.12,544.92,531.31,537.55,35133191,538.12,544.92,531.31,537.55,35133191
2023-06-29,544.60,550.40,538.81,542.07,38419986,544.60,550.40,538.81,542.07,38419986,544.60,550.40,538.81,542.07,38419986
2023-06-30,541.35,548.39,534.30,540.84,34546737,541.35,548.39,534.30,540.84,34546737,541.35,548.39,534.30,540.84,34546737
2023-07-03,529.15,533.99,524.30,530.21,31585574,529.15,533.99,524.30,530.21,31585574,529.15,533.99,524.30,530.21,31585574
2023-07-04,527.98,534.87,521.08,526.47,21663915,527.98,534.87,521.08,526.47,21663915,527.98,534.87,521.08,526.47,21663915
2023-07-05,529.37,533.87,524.87,528.89,21850514,529.37,533.87,524.87,528.89,21850514,529.37,533.87,524.87,528.89,21850514
2023-07-06,533.91,542.00,525.82,532.34,30193790,533.91,542.00,525.82,532.34,30193790,533.91,542.00,525.82,532.34,30193790
2023-07-07,551.53,556.08,546.99,548.80,33874093,551.53,556.08,546.99,548.80,33874093,551.53,556.08,546.99,548.80,33874093
2023-07-10,558.84,567.97,549.71,557.41,34038358,558.84,567.97,549.71,557.41,34038358,558.84,567.97,549.71,557.41,34038358
2023-07-11,563.68,569.78,557.58,561.28,28992095,563.68,569.78,557.58,561.28,28992095,563.68,569.78,557.58,561.28,28992095
2023-07-12,567.84,576.56,559.12,567.60,21842927,567.84,576.56,559.12,567.60,21842927,567.84,576.56,559.12,567.60,21842927
2023-07-13,563.22,569.22,557.21,562.20,36109535,563.22,569.22,557.21,562.20,36109535,563.22,569.22,557.21,562.20,36109535
2023-07-14,576.58,584.64,568.52,572.14,28146665,576.58,584.64,568.52,572.14,28146665,576.58,584.64,568.52,572.14,28146665
2023-07-17,565.37,569.40,561.34,567.69,28322656,565.37,569.40,561.34,567.69,28322656,565.37,569.40,561.34,567.69,28322656
2023-07-18,570.63,577.82,563.44,568.49,31429100,570.63,577.82,563.44,568.49,31429100,570.63,577.82,563.44,568.49,31429100
2023-07-19,577.85,584.98,570.72,577.88,28819692,577.85,584.98,570.72,577.88,28819692,577.85,584.98,570.72,577.88,28819692
2023-07-20,580.65,584.59,576.70,581.06,23400785,580.65,584.59,576.70,581.06,23400785,580.65,584.59,576.70,581.06,23400785
2023-07-21,594.26,602.81,585.71,593.44,33287098,594.26,602.81,585.71,593.44,33287098,594.26,602.81,585.71,593.44,33287098
2023-07-24,595.38,602.04,588.73,594.00,41860578,595.38,602.04,588.73,594.00,41860578,595.38,602.04,588.73,594.00,41860578
2023-07-25,601.44,603.21,599.66,603.18,22690848,601.44,603.21,599.66,603.18,22690848,601.44,603.21,599.66,603.18,22690848
2023-07-26,599.42,605.65,593.19,599.29,29649864,599.42,605.65,593.19,599.29,29649864,599.42,605.65,593.19,599.29,29649864
2023-07-27,601.65,606.23,597.07,601.16,39271008,601.65,606.23,597.07,601.16,39271008,601.65,606.23,597.07,601.16,39271008
2023-07-28,591.41,597.79,585.04,593.08,22509888,591.41,597.79,585.04,593.08,22509888,591.41,597.79,585.04,593.08,22509888
2023-07-31,591.69,599.94,583.45,588.40,28266051,591.69,599.94,583.45,588.40,28266051,591.69,599.94,583.45,588.40,28266051
2023-08-01,611.69,620.36,603.02,608.14,39946626,611.69,620.36,603.02,608.14,39946626,611.69,620.36,603.02,608.14,39946626
2023-08-02,611.84,617.54,606.14,612.16,39590939,611.84,617.54,606.14,612.16,39590939,611.84,617.54,606.14,612.16,39590939
2023-08-03,611.99,619.32,604.67,610.19,34242778,611.99,619.32,604.67,610.19,34242778,611.99,619.32,604.67,610.19,34242778
2023-08-04,613.15,617.59,608.71,611.30,31393144,613.15,617.59,608.71,611.30,31393144,613.15,617.59,608.71,611.30,31393144
2023-08-07,612.47,620.05,604.90,610.89,30108286,612.47,620.05,604.90,610.89,30108286,612.47,620.05,604.90,610.89,30108286
2023-08-08,615.52,620.00,611.05,611.60,29397033,615.52,620.00,611.05,611.60,29397033,615.52,620.00,611.05,611.60,29397033
2023-08-09,617.61,625.32,609.90,614.64,30494920,617.61,625.32,609.90,614.64,30494920,617.61,625.32,609.90,614.64,30494920
2023-08-10,623.11,629.95,616.26,622.43,37255296,623.11,629.95,616.26,622.43,37255296,623.11,629.95,616.26,622.43,37255296
2023-08-11,620.95,626.63,615.27,618.16,26028760,620.95,626.63,615.27,618.16,26028760,620.95,626.63,615.27,618.16,26028760
2023-08-14,617.95,627.50,608.40,617.54,24854821,617.95,627.50,608.40,617.54,24854821,617.95,627.50,608.40,617.54,24854821
2023-08-15,604.76,607.96,601.56,602.65,28426395,604.76,607.96,601.56,602.65,28426395,604.76,607.96,601.56,602.65,28426395
2023-08-16,631.30,642.26,620.35,632.74,27462740,631.30,642.26,620.35,632.74,27462740,631.30,642.26,620.35,632.74,27462740
2023-08-17,647.99,654.85,641.13,645.97,38866388,647.99,654.85,641.13,645.97,38866388,647.99,654.85,641.13,645.97,38866388
2023-08-18,636.06,645.99,626.13,643.13,34849294,636.06,645.99,626.13,643.13,34849294,636.06,645.99,626.13,643.13,34849294
2023-08-21,647.07,652.93,641.21,645.35,38381094,647.07,652.93,641.21,645.35,38381094,647.07,652.93,641.21,645.35,38381094
2023-08-22,636.83,642.83,630.83,635.71,24860760,636.83,642.83,630.83,635.71,24860760,636.83,642.83,630.83,635.71,24860760
2023-08-23,655.41,663.85,646.97,655.81,38899465,655.41,663.85,646.97,655.81,38899465,655.41,663.85,646.97,655.81,38899465
2023-08-24,643.29,648.43,638.15,644.65,23954604,643.29,648.43,638.15,644.65,23954604,643.29,648.43,638.15,644.65,23954604
2023-08-25,655.38,659.92,650.83,652.41,21891889,655.38,659.92,650.83,652.41,21891889,655.38,659.92,650.83,652.41,21891889
2023-08-28,628.22,632.42,624.03,628.34,41633524,628.22,632.42,624.03,628.34,41633524,628.22,632.42,624.03,628.34,41633524
2023-08-29,648.96,654.65,643.28,645.76,22883685,648.96,654.65,643.28,645.76,22883685,648.96,654.65,643.28,645.76,22883685
2023-08-30,652.98,664.33,641.63,652.27,40655456,652.98,664.33,641.63,652.27,40655456,652.98,664.33,641.63,652.27,40655456
2023-08-31,655.92,662.21,649.64,655.50,26706509,655.92,662.21,649.64,655.50,26706509,655.92,662.21,649.64,655.50,26706509
2023-09-01,666.34,675.35,657.33,665.96,31793297,666.34,675.35,657.33,665.96,31793297,666.34,675.35,657.33,665.96,31793297
2023-09-04,681.72,690.51,672.93,685.04,38667475,681.72,690.51,672.93,685.04,38667475,681.72,690.51,672.93,685.04,38667475
2023-09-05,704.56,715.94,693.18,703.76,26292309,704.56,715.94,693.18,703.76,26292309,704.56,715.94,693.18,703.76,26292309
2023-09-06,713.18,722.31,704.06,709.17,31347727,713.18,722.31,704.06,709.17,31347727,713.18,722.31,704.06,709.17,31347727
2023-09-07,710.07,720.76,699.38,709.46,30751777,710.07,720.76,699.38,709.46,30751777,710.07,720.76,699.38,709.46,30751777
2023-09-08,706.76,711.23,702.28,710.09,26810069,706.76,711.23,702.28,710.09,26810069,706.76,711.23,702.28,710.09,26810069
2023-09-11,704.66,713.50,695.81,703.87,25005714,704.66,713.50,695.81,703.87,25005714,704.66,713.50,695.81,703.87,25005714
2023-09-12,712.45,724.66,700.23,713.08,24875236,712.45,724.66,700.23,713.08,24875236,712.45,724.66,700.23,713.08,24875236
2023-09-13,705.47,712.21,698.73,709.26,32176932,705.47,712.21,698.73,709.26,32176932,705.47,712.21,698.73,709.26,32176932
2023-09-14,732.00,742.85,721.15,731.32,33975042,732.00,742.85,721.15,731.32,33975042,732.00,742.85,721.15,731.32,33975042
2023-09-15,729.51,740.03,718.99,727.26,38269634,729.51,740.03,718.99,727.26,38269634,729.51,740.03,718.99,727.26,38269634
2023-09-18,741.13,747.01,735.24,743.58,32390613,741.13,747.01,735.24,743.58,32390613,741.13,747.01,735.24,743.58,32390613
2023-09-19,764.02,773.04,754.99,767.47,35239523,764.02,773.04,754.99,767.47,35239523,764.02,773.04,754.99,767.47,35239523
2023-09-20,768.25,776.03,760.48,770.82,41669245,768.25,776.03,760.48,770.82,41669245,768.25,776.03,760.48,770.82,41669245
2023-09-21,782.36,792.77,771.94,781.41,23879167,782.36,792.77,771.94,781.41,23879167,782.36,792.77,771.94,781.41,23879167
2023-09-22,756.09,762.47,749.71,757.77,32613795,756.09,762.47,749.71,757.77,32613795,756.09,762.47,749.71,757.77,32613795
2023-09-25,747.89,761.09,734.69,746.15,23279826,747.89,761.09,734.69,746.15,23279826,747.89,761.09,734.69,746.15,23279826
2023-09-26,749.42,757.56,741.27,750.56,21770868,749.42,757.56,741.27,750.56,21770868,749.42,757.56,741.27,750.56,21770868
2023-09-27,760.34,769.33,751.34,762.76,32018858,760.34,769.33,751.34,762.76,32018858,760.34,769.33,751.34,762.76,32018858
2023-09-28,765.53,773.80,757.27,763.85,24530154,765.53,773.80,757.27,763.85,24530154,765.53,773.80,757.27,763.85,24530154
2023-09-29,784.78,791.75,777.81,785.15,38417405,784.78,791.75,777.81,785.15,38417405,784.78,791.75,777.81,785.15,38417405
2023-10-02,799.26,808.01,790.50,796.37,34807375,799.26,808.01,790.50,796.37,34807375,799.26,808.01,790.50,796.37,34807375
2023-10-03,791.99,798.23,785.75,792.46,25276621,791.99,798.23,785.75,792.46,25276621,791.99,798.23,785.75,792.46,25276621
2023-10-04,784.80,792.90,776.69,783.40,33046999,784.80,792.90,776.69,783.40,33046999,784.80,792.90,776.69,783.40,33046999
2023-10-05,794.00,801.15,786.84,788.27,26646990,794.00,801.15,786.84,788.27,26646990,794.00,801.15,786.84,788.27,26646990
2023-10-06,830.64,838.22,823.06,828.80,22104421,830.64,838.22,823.06,828.80,22104421,830.64,838.22,823.06,828.80,22104421
2023-10-09,810.10,817.71,802.48,806.08,40585229,810.10,817.71,802.48,806.08,40585229,810.10,817.71,802.48,806.08,40585229
2023-10-10,818.73,826.78,810.67,812.39,23009410,818.73,826.78,810.67,812.39,23009410,818.73,826.78,810.67,812.39,23009410
2023-10-11,796.49,805.11,787.88,798.51,40545242,796.49,805.11,787.88,798.51,40545242,796.49,805.11,787.88,798.51,40545242
2023-10-12,838.39,852.72,824.06,840.70,21387784,838.39,852.72,824.06,840.70,21387784,838.39,852.72,824.06,840.70,21387784
2023-10-13,842.74,854.34,831.14,840.45,37924019,842.74,854.34,831.14,840.45,37924019,842.74,854.34,831.14,840.45,37924019
2023-10-16,858.40,865.40,851.41,859.22,30108268,858.40,865.40,851.41,859.22,30108268,858.40,865.40,851.41,859.22,30108268
2023-10-17,896.51,900.63,892.38,898.05,32062861,896.51,900.63,892.38,898.05,32062861,896.51,900.63,892.38,898.05,32062861
2023-10-18,885.59,893.39,877.79,893.29,37209735,885.59,893.39,877.79,893.29,37209735,885.59,893.39,877.79,893.29,37209735
2023-10-19,937.17,950.64,923.70,937.66,21365164,937.17,950.64,923.70,937.66,21365164,937.17,950.64,923.70,937.66,21365164
2023-10-20,949.33,961.06,937.60,946.31,28416242,949.33,961.06,937.60,946.31,28416242,949.33,961.06,937.60,946.31,28416242
2023-10-23,955.50,969.58,941.42,958.23,38551934,955.50,969.58,941.42,958.23,38551934,955.50,969.58,941.42,958.23,38551934
2023-10-24,909.63,919.70,899.56,912.80,21354760,909.63,919.70,899.56,912.80,21354760,909.63,919.70,899.56,912.80,21354760
2023-10-25,937.42,948.06,926.77,937.12,30336718,937.42,948.06,926.77,937.12,30336718,937.42,948.06,926.77,937.12,30336718
2023-10-26,960.07,974.42,945.71,959.37,32301012,960.07,974.42,945.71,959.37,32301012,960.07,974.42,945.71,959.37,32301012
2023-10-27,924.36,936.37,912.35,928.44,25424446,924.36,936.37,912.35,928.44,25424446,924.36,936.37,912.35,928.44,25424446
2023-10-30,950.06,961.26,938.85,952.26,24920362,950.06,961.26,938.85,952.26,24920362,950.06,961.26,938.85,952.26,24920362
2023-10-31,983.68,993.22,974.15,984.50,27096247,983.68,993.22,974.15,984.50,27096247,983.68,993.22,974.15,984.50,27096247
2023-11-01,976.89,991.25,962.53,977.04,41385291,976.89,991.25,962.53,977.04,41385291,976.89,991.25,962.53,977.04,41385291
2023-11-02,981.99,984.69,979.28,981.18,33391961,981.99,984.69,979.28,981.18,33391961,981.99,984.69,979.28,981.18,33391961
2023-11-03,988.48,989.82,987.13,987.19,28617470,988.48,989.82,987.13,987.19,28617470,988.48,989.82,987.13,987.19,28617470
2023-11-06,996.23,1003.51,988.95,993.40,29262411,996.23,1003.51,988.95,993.40,29262411,996.23,1003.51,988.95,993.40,29262411
2023-11-07,985.98,994.13,977.84,982.23,35541247,985.98,994.13,977.84,982.23,35541247,985.98,994.13,977.84,982.23,35541247
2023-11-08,1008.51,1023.69,993.32,1009.03,38018441,1008.51,1023.69,993.32,1009.03,38018441,1008.51,1023.69,993.32,1009.03,38018441
2023-11-09,970.86,984.15,957.57,964.22,30126650,970.86,984.15,957.57,964.22,30126650,970.86,984.15,957.57,964.22,30126650
2023-11-10,996.83,1005.36,988.30,995.75,25707618,996.83,1005.36,988.30,995.75,25707618,996.83,1005.36,988.30,995.75,25707618
2023-11-13,983.07,989.21,976.93,983.55,33167518,983.07,989.21,976.93,983.55,33167518,983.07,989.21,976.93,983.55,33167518
2023-11-14,1006.86,1015.27,998.44,1000.13,38546325,1006.86,1015.27,998.44,1000.13,38546325,1006.86,1015.27,998.44,1000.13,38546325
2023-11-15,1035.24,1051.17,1019.32,1034.03,25118926,1035.24,1051.17,1019.32,1034.03,25118926,1035.24,1051.17,1019.32,1034.03,25118926
2023-11-16,1056.67,1073.40,1039.95,1061.19,33346608,1056.67,1073.40,1039.95,1061.19,33346608,1056.67,1073.40,1039.95,1061.19,33346608
2023-11-17,1066.06,1078.59,1053.54,1068.39,33084981,1066.06,1078.59,1053.54,1068.39,33084981,1066.06,1078.59,1053.54,1068.39,33084981
2023-11-20,1083.31,1090.93,1075.68,1081.92,23606034,1083.31,1090.93,1075.68,1081.92,23606034,1083.31,1090.93,1075.68,1081.92,23606034
2023-11-21,1120.78,1128.49,1113.08,1122.37,29726750,1120.78,1128.49,1113.08,1122.37,29726750,1120.78,1128.49,1113.08,1122.37,29726750
2023-11-22,1155.68,1167.94,1143.42,1158.07,21476424,1155.68,1167.94,1143.42,1158.07,21476424,1155.68,1167.94,1143.42,1158.07,21476424
2023-11-23,1193.69,1208.78,1178.59,1193.27,21718104,1193.69,1208.78,1178.59,1193.27,21718104,1193.69,1208.78,1178.59,1193.27,21718104
2023-11-24,1195.52,1207.12,1183.91,1189.68,29816614,1195.52,1207.12,1183.91,1189.68,29816614,1195.52,1207.12,1183.91,1189.68,29816614
2023-11-27,1246.95,1263.21,1230.70,1249.18,22582226,1246.95,1263.21,1230.70,1249.18,22582226,1246.95,1263.21,1230.70,1249.18,22582226
2023-11-28,1260.20,1276.21,1244.19,1249.03,21162336,1260.20,1276.21,1244.19,1249.03,21162336,1260.20,1276.21,1244.19,1249.03,21162336
2023-11-29,1258.15,1267.92,1248.37,1259.54,24370824,1258.15,1267.92,1248.37,1259.54,24370824,1258.15,1267.92,1248.37,1259.54,24370824
2023-11-30,1288.78,1306.24,1271.32,1286.88,21685756,1288.78,1306.24,1271.32,1286.88,21685756,1288.78,1306.24,1271.32,1286.88,21685756
2023-12-01,1225.79,1238.36,1213.22,1224.31,32421867,1225.79,1238.36,1213.22,1224.31,32421867,1225.79,1238.36,1213.22,1224.31,32421867
2023-12-04,1254.62,1270.03,1239.20,1245.89,37396238,1254.62,1270.03,1239.20,1245.89,37396238,1254.62,1270.03,1239.20,1245.89,37396238
2023-12-05,1255.37,1270.87,1239.87,1247.49,31772556,1255.37,1270.87,1239.87,1247.49,31772556,1255.37,1270.87,1239.87,1247.49,31772556
2023-12-06,1266.07,1280.96,1251.18,1264.25,31741676,1266.07,1280.96,1251.18,1264.25,31741676,1266.07,1280.96,1251.18,1264.25,31741676
2023-12-07,1292.63,1307.09,1278.16,1290.44,30616303,1292.63,1307.09,1278.16,1290.44,30616303,1292.63,1307.09,1278.16,1290.44,30616303
2023-12-08,1291.73,1302.62,1280.83,1293.82,32786786,1291.73,1302.62,1280.83,1293.82,32786786,1291.73,1302.62,1280.83,1293.82,32786786
2023-12-11,1276.53,1288.13,1264.93,1276.35,40813574,1276.53,1288.13,1264.93,1276.35,40813574,1276.53,1288.13,1264.93,1276.35,40813574
2023-12-12,1295.89,1315.90,1275.88,1297.30,31192831,1295.89,1315.90,1275.88,1297.30,31192831,1295.89,1315.90,1275.88,1297.30,31192831
2023-12-13,1290.63,1302.98,1278.27,1289.55,28246068,1290.63,1302.98,1278.27,1289.55,28246068,1290.63,1302.98,1278.27,1289.55,28246068
2023-12-14,1300.68,1307.00,1294.36,1295.42,32998383,1300.68,1307.00,1294.36,1295.42,32998383,1300.68,1307.00,1294.36,1295.42,32998383
2023-12-15,1297.12,1311.03,1283.20,1292.90,27981402,1297.12,1311.03,1283.20,1292.90,27981402,1297.12,1311.03,1283.20,1292.90,27981402
2023-12-18,1346.77,1358.57,1334.96,1337.97,31567298,1346.77,1358.57,1334.96,1337.97,31567298,1346.77,1358.57,1334.96,1337.97,31567298
2023-12-19,1384.06,1401.93,1366.20,1382.23,23179420,1384.06,1401.93,1366.20,1382.23,23179420,1384.06,1401.93,1366.20,1382.23,23179420
2023-12-20,1429.53,1436.59,1422.48,1423.43,29637777,1429.53,1436.59,1422.48,1423.43,29637777,1429.53,1436.59,1422.48,1423.43,29637777
2023-12-21,1408.83,1419.06,1398.61,1412.48,24419778,1408.83,1419.06,1398.61,1412.48,24419778,1408.83,1419.06,1398.61,1412.48,24419778
2023-12-22,1427.26,1435.86,1418.67,1422.78,35601918,1427.26,1435.86,1418.67,1422.78,35601918,1427.26,1435.86,1418.67,1422.78,35601918
2023-12-25,1431.96,1447.77,1416.15,1436.81,28226095,1431.96,1447.77,1416.15,1436.81,28226095,1431.96,1447.77,1416.15,1436.81,28226095
2023-12-26,1442.83,1466.60,1419.05,1438.07,35022877,1442.83,1466.60,1419.05,1438.07,35022877,1442.83,1466.60,1419.05,1438.07,35022877
2023-12-27,1459.30,1471.64,1446.96,1464.91,29371208,1459.30,1471.64,1446.96,1464.91,29371208,1459.30,1471.64,1446.96,1464.91,29371208
2023-12-28,1503.04,1519.91,1486.17,1492.76,31493075,1503.04,1519.91,1486.17,1492.76,31493075,1503.04,1519.91,1486.17,1492.76,31493075
2023-12-29,1520.78,1545.15,1496.41,1523.79,22749354,1520.78,1545.15,1496.41,1523.79,22749354,1520.78,1545.15,1496.41,1523.79,22749354
