Date,Open,High,Low,Close,Volume,UnadjustedOpen,UnadjustedHigh,UnadjustedLow,UnadjustedClose,UnadjustedVolume,AdjustedOpen,AdjustedHigh,AdjustedLow,AdjustedClose,AdjustedVolume
2018-01-02,81.66,82.58,80.73,81.58,21432813,81.66,82.58,80.73,81.58,21432813,81.66,82.58,80.73,81.58,21432813
2018-01-03,80.82,82.07,79.56,80.48,25162934,80.82,82.07,79.56,80.48,25162934,80.82,82.07,79.56,80.48,25162934
2018-01-04,82.87,83.68,82.06,82.54,16662799,82.87,83.68,82.06,82.54,16662799,82.87,83.68,82.06,82.54,16662799
2018-01-05,84.63,85.68,83.57,85.19,17539169,84.63,85.68,83.57,85.19,17539169,84.63,85.68,83.57,85.19,17539169
2018-01-08,84.55,85.85,83.24,84.46,20434326,84.55,85.85,83.24,84.46,20434326,84.55,85.85,83.24,84.46,20434326
2018-01-09,84.97,85.79,84.16,85.00,21187814,84.97,85.79,84.16,85.00,21187814,84.97,85.79,84.16,85.00,21187814
2018-01-10,84.65,86.20,83.11,84.25,14834004,84.65,86.20,83.11,84.25,14834004,84.65,86.20,83.11,84.25,14834004
2018-01-11,82.56,83.58,81.55,82.71,17637435,82.56,83.58,81.55,82.71,17637435,82.56,83.58,81.55,82.71,17637435
2018-01-12,82.61,82.96,82.25,82.59,21443154,82.61,82.96,82.25,82.59,21443154,82.61,82.96,82.25,82.59,21443154
2018-01-15,83.68,84.59,82.77,84.21,16541333,83.68,84.59,82.77,84.21,16541333,83.68,84.59,82.77,84.21,16541333
2018-01-16,83.69,84.96,82.42,83.28,13656644,83.69,84.96,82.42,83.28,13656644,83.69,84.96,82.42,83.28,13656644
2018-01-17,86.32,86.95,85.68,86.04,24502255,86.32,86.95,85.68,86.04,24502255,86.32,86.95,85.68,86.04,24502255
2018-01-18,87.09,87.25,86.93,86.95,21373789,87.09,87.25,86.93,86.95,21373789,87.09,87.25,86.93,86.95,21373789
2018-01-19,88.06,89.63,86.49,87.39,15247958,88.06,89.63,86.49,87.39,15247958,88.06,89.63,86.49,87.39,15247958
2018-01-22,88.43,89.72,87.14,88.51,21638818,88.43,89.72,87.14,88.51,21638818,88.43,89.72,87.14,88.51,21638818
2018-01-23,87.27,88.41,86.13,87.53,25121364,87.27,88.41,86.13,87.53,25121364,87.27,88.41,86.13,87.53,25121364
2018-01-24,89.63,90.24,89.03,89.39,16842030,89.63,90.24,89.03,89.39,16842030,89.63,90.24,89.03,89.39,16842030
2018-01-25,88.49,89.34,87.64,88.41,17185945,88.49,89.34,87.64,88.41,17185945,88.49,89.34,87.64,88.41,17185945
2018-01-26,88.30,88.99,87.60,88.45,24670870,88.30,88.99,87.60,88.45,24670870,88.30,88.99,87.60,88.45,24670870
2018-01-29,87.65,88.33,86.97,87.69,16445479,87.65,88.33,86.97,87.69,16445479,87.65,88.33,86.97,87.69,16445479
2018-01-30,86.72,88.17,85.27,86.69,15883062,86.72,88.17,85.27,86.69,15883062,86.72,88.17,85.27,86.69,15883062
2018-01-31,85.85,86.63,85.07,85.91,14793289,85.85,86.63,85.07,85.91,14793289,85.85,86.63,85.07,85.91,14793289
2018-02-01,85.54,86.06,85.01,85.66,17394146,85.54,86.06,85.01,85.66,17394146,85.54,86.06,85.01,85.66,17394146
2018-02-02,87.46,87.93,86.98,87.34,17684155,87.46,87.93,86.98,87.34,17684155,87.46,87.93,86.98,87.34,17684155
2018-02-05,88.48,89.92,87.04,88.73,19980004,88.48,89.92,87.04,88.73,19980004,88.48,89.92,87.04,88.73,19980004
2018-02-06,87.15,87.83,86.47,87.17,15367177,87.15,87.83,86.47,87.17,15367177,87.15,87.83,86.47,87.17,15367177
2018-02-07,89.44,90.66,88.21,89.51,16495975,89.44,90.66,88.21,89.51,16495975,89.44,90.66,88.21,89.51,16495975
2018-02-08,88.88,89.64,88.12,88.54,24510724,88.88,89.64,88.12,88.54,24510724,88.88,89.64,88.12,88.54,24510724
2018-02-09,89.33,89.40,89.26,89.31,15300877,89.33,89.40,89.26,89.31,15300877,89.33,89.40,89.26,89.31,15300877
2018-02-12,86.21,86.86,85.57,85.88,21985217,86.21,86.86,85.57,85.88,21985217,86.21,86.86,85.57,85.88,21985217
2018-02-13,86.33,86.81,85.86,86.24,19519471,86.33,86.81,85.86,86.24,19519471,86.33,86.81,85.86,86.24,19519471
2018-02-14,88.30,89.61,86.98,88.68,16800222,88.30,89.61,86.98,88.68,16800222,88.30,89.61,86.98,88.68,16800222
2018-02-15,89.66,90.17,89.15,89.20,23853856,89.66,90.17,89.15,89.20,23853856,89.66,90.17,89.15,89.20,23853856
2018-02-16,92.14,93.20,91.08,92.20,17115491,92.14,93.20,91.08,92.20,17115491,92.14,93.20,91.08,92.20,17115491
2018-02-19,92.43,93.83,91.02,92.18,17991747,92.43,93.83,91.02,92.18,17991747,92.43,93.83,91.02,92.18,17991747
2018-02-20,89.93,90.68,89.18,90.03,15839943,89.93,90.68,89.18,90.03,15839943,89.93,90.68,89.18,90.03,15839943
2018-02-21,90.60,91.67,89.54,90.89,21410712,90.60,91.67,89.54,90.89,21410712,90.60,91.67,89.54,90.89,21410712
2018-02-22,92.21,92.85,91.57,91.99,21506654,92.21,92.85,91.57,91.99,21506654,92.21,92.85,91.57,91.99,21506654
2018-02-23,91.78,92.66,90.91,91.66,20986361,91.78,92.66,90.91,91.66,20986361,91.78,92.66,90.91,91.66,20986361
2018-02-26,93.09,93.97,92.21,93.02,21933286,93.09,93.97,92.21,93.02,21933286,93.09,93.97,92.21,93.02,21933286
2018-02-27,92.81,94.12,91.50,93.60,20787390,92.81,94.12,91.50,93.60,20787390,92.81,94.12,91.50,93.60,20787390
2018-02-28,95.72,96.83,94.61,95.90,19596066,95.72,96.83,94.61,95.90,19596066,95.72,96.83,94.61,95.90,19596066
2018-03-01,93.58,94.36,92.80,93.76,24853570,93.58,94.36,92.80,93.76,24853570,93.58,94.36,92.80,93.76,24853570
2018-03-02,93.04,94.07,92.01,93.32,21623173,93.04,94.07,92.01,93.32,21623173,93.04,94.07,92.01,93.32,21623173
2018-03-05,95.07,95.82,94.32,95.07,12627554,95.07,95.82,94.32,95.07,12627554,95.07,95.82,94.32,95.07,12627554
2018-03-06,96.65,97.32,95.98,96.63,20394544,96.65,97.32,95.98,96.63,20394544,96.65,97.32,95.98,96.63,20394544
2018-03-07,99.09,99.74,98.44,98.51,14849305,99.09,99.74,98.44,98.51,14849305,99.09,99.74,98.44,98.51,14849305
2018-03-08,97.02,97.45,96.59,97.05,25136029,97.02,97.45,96.59,97.05,25136029,97.02,97.45,96.59,97.05,25136029
2018-03-09,99.32,100.43,98.21,99.43,12899429,99.32,100.43,98.21,99.43,12899429,99.32,100.43,98.21,99.43,12899429
2018-03-12,100.33,101.36,99.31,99.83,19973820,100.33,101.36,99.31,99.83,19973820,100.33,101.36,99.31,99.83,19973820
2018-03-13,101.44,103.17,99.71,101.08,24208282,101.44,103.17,99.71,101.08,24208282,101.44,103.17,99.71,101.08,24208282
2018-03-14,101.55,102.52,100.58,101.35,19033190,101.55,102.52,100.58,101.35,19033190,101.55,102.52,100.58,101.35,19033190
2018-03-15,100.50,101.68,99.32,100.55,13509862,100.50,101.68,99.32,100.55,13509862,100.50,101.68,99.32,100.55,13509862
2018-03-16,100.38,101.49,99.27,100.53,19867616,100.38,101.49,99.27,100.53,19867616,100.38,101.49,99.27,100.53,19867616
2018-03-19,97.13,98.30,95.96,97.70,19610813,97.13,98.30,95.96,97.70,19610813,97.13,98.30,95.96,97.70,19610813
2018-03-20,95.15,96.40,93.90,95.51,16475434,95.15,96.40,93.90,95.51,16475434,95.15,96.40,93.90,95.51,16475434
2018-03-21,96.28,97.65,94.92,96.70,13209615,96.28,97.65,94.92,96.70,13209615,96.28,97.65,94.92,96.70,13209615
2018-03-22,93.85,94.66,93.04,93.77,18868507,93.85,94.66,93.04,93.77,18868507,93.85,94.66,93.04,93.77,18868507
2018-03-23,93.16,94.30,92.02,92.82,24968854,93.16,94.30,92.02,92.82,24968854,93.16,94.30,92.02,92.82,24968854
2018-03-26,91.23,92.16,90.29,91.07,21034038,91.23,92.16,90.29,91.07,21034038,91.23,92.16,90.29,91.07,21034038
2018-03-27,92.38,93.56,91.21,92.10,13592245,92.38,93.56,91.21,92.10,13592245,92.38,93.56,91.21,92.10,13592245
2018-03-28,90.71,91.60,89.82,90.82,13210027,90.71,91.60,89.82,90.82,13210027,90.71,91.60,89.82,90.82,13210027
2018-03-29,91.27,92.48,90.07,91.46,22173211,91.27,92.48,90.07,91.46,22173211,91.27,92.48,90.07,91.46,22173211
2018-03-30,89.99,91.11,88.87,89.61,21768626,89.99,91.11,88.87,89.61,21768626,89.99,91.11,88.87,89.61,21768626
2018-04-02,90.85,91.72,89.97,90.61,23952637,90.85,91.72,89.97,90.61,23952637,90.85,91.72,89.97,90.61,23952637
2018-04-03,90.12,91.30,88.95,89.65,21255452,90.12,91.30,88.95,89.65,21255452,90.12,91.30,88.95,89.65,21255452
2018-04-04,91.05,92.46,89.65,91.46,22124994,91.05,92.46,89.65,91.46,22124994,91.05,92.46,89.65,91.46,22124994
2018-04-05,91.38,92.37,90.38,91.32,16907881,91.38,92.37,90.38,91.32,16907881,91.38,92.37,90.38,91.32,16907881
2018-04-06,91.91,93.04,90.78,91.58,20621493,91.91,93.04,90.78,91.58,20621493,91.91,93.04,90.78,91.58,20621493
2018-04-09,92.58,93.38,91.78,92.55,25082761,92.58,93.38,91.78,92.55,25082761,92.58,93.38,91.78,92.55,25082761
2018-04-10,91.72,92.71,90.72,91.83,24920656,91.72,92.71,90.72,91.83,24920656,91.72,92.71,90.72,91.83,24920656
2018-04-11,93.48,94.72,92.24,92.60,13079168,93.48,94.72,92.24,92.60,13079168,93.48,94.72,92.24,92.60,13079168
2018-04-12,93.50,94.19,92.81,93.45,24338994,93.50,94.19,92.81,93.45,24338994,93.50,94.19,92.81,93.45,24338994
2018-04-13,94.21,95.28,93.13,93.92,24229651,94.21,95.28,93.13,93.92,24229651,94.21,95.28,93.13,93.92,24229651
2018-04-16,89.36,90.47,88.25,89.53,15077016,89.36,90.47,88.25,89.53,15077016,89.36,90.47,88.25,89.53,15077016
2018-04-17,88.46,90.11,86.80,88.57,15736077,88.46,90.11,86.80,88.57,15736077,88.46,90.11,86.80,88.57,15736077
2018-04-18,88.34,89.42,87.25,88.51,15932643,88.34,89.42,87.25,88.51,15932643,88.34,89.42,87.25,88.51,15932643
2018-04-19,88.56,89.43,87.68,88.04,14629317,88.56,89.43,87.68,88.04,14629317,88.56,89.43,87.68,88.04,14629317
2018-04-20,88.14,89.12,87.16,87.57,25041579,88.14,89.12,87.16,87.57,25041579,88.14,89.12,87.16,87.57,25041579
2018-04-23,89.21,90.08,88.34,89.06,24801693,89.21,90.08,88.34,89.06,24801693,89.21,90.08,88.34,89.06,24801693
2018-04-24,86.58,87.34,85.82,87.01,16310979,86.58,87.34,85.82,87.01,16310979,86.58,87.34,85.82,87.01,16310979
2018-04-25,87.47,88.44,86.49,87.42,22873970,87.47,88.44,86.49,87.42,22873970,87.47,88.44,86.49,87.42,22873970
2018-04-26,87.01,87.89,86.14,86.92,17523437,87.01,87.89,86.14,86.92,17523437,87.01,87.89,86.14,86.92,17523437
2018-04-27,89.84,90.98,88.69,89.04,15909938,89.84,90.98,88.69,89.04,15909938,89.84,90.98,88.69,89.04,15909938
2018-04-30,88.62,89.26,87.97,88.90,22967835,88.62,89.26,87.97,88.90,22967835,88.62,89.26,87.97,88.90,22967835
2018-05-01,88.06,89.37,86.76,88.41,19723918,88.06,89.37,86.76,88.41,19723918,88.06,89.37,86.76,88.41,19723918
2018-05-02,85.48,86.76,84.20,85.48,19962544,85.48,86.76,84.20,85.48,19962544,85.48,86.76,84.20,85.48,19962544
2018-05-03,83.81,84.39,83.23,83.54,21119885,83.81,84.39,83.23,83.54,21119885,83.81,84.39,83.23,83.54,21119885
2018-05-04,83.43,83.91,82.95,83.70,17491897,83.43,83.91,82.95,83.70,17491897,83.43,83.91,82.95,83.70,17491897
2018-05-07,83.31,84.20,82.43,83.56,22106743,83.31,84.20,82.43,83.56,22106743,83.31,84.20,82.43,83.56,22106743
2018-05-08,83.86,85.59,82.13,83.72,16099918,83.86,85.59,82.13,83.72,16099918,83.86,85.59,82.13,83.72,16099918
2018-05-09,86.58,87.49,85.67,86.70,21465939,86.58,87.49,85.67,86.70,21465939,86.58,87.49,85.67,86.70,21465939
2018-05-10,85.28,86.32,84.24,85.55,18963338,85.28,86.32,84.24,85.55,18963338,85.28,86.32,84.24,85.55,18963338
2018-05-11,87.02,87.65,86.38,87.40,14547305,87.02,87.65,86.38,87.40,14547305,87.02,87.65,86.38,87.40,14547305
2018-05-14,87.43,88.88,85.98,87.18,15239186,87.43,88.88,85.98,87.18,15239186,87.43,88.88,85.98,87.18,15239186
2018-05-15,84.89,85.52,84.26,85.09,22171859,84.89,85.52,84.26,85.09,22171859,84.89,85.52,84.26,85.09,22171859
2018-05-16,83.71,84.40,83.02,84.18,17636261,83.71,84.40,83.02,84.18,17636261,83.71,84.40,83.02,84.18,17636261
2018-05-17,86.03,87.01,85.04,86.04,13550574,86.03,87.01,85.04,86.04,13550574,86.03,87.01,85.04,86.04,13550574
2018-05-18,84.36,85.35,83.37,84.80,21739161,84.36,85.35,83.37,84.80,21739161,84.36,85.35,83.37,84.80,21739161
2018-05-21,80.67,81.73,79.61,80.79,22003738,80.67,81.73,79.61,80.79,22003738,80.67,81.73,79.61,80.79,22003738
2018-05-22,80.13,80.92,79.34,80.28,24036332,80.13,80.92,79.34,80.28,24036332,80.13,80.92,79.34,80.28,24036332
2018-05-23,79.15,80.10,78.20,79.28,15551165,79.15,80.10,78.20,79.28,15551165,79.15,80.10,78.20,79.28,15551165
2018-05-24,77.82,78.50,77.14,77.96,20403479,77.82,78.50,77.14,77.96,20403479,77.82,78.50,77.14,77.96,20403479
2018-05-25,77.65,78.59,76.70,77.71,18198579,77.65,78.59,76.70,77.71,18198579,77.65,78.59,76.70,77.71,18198579
2018-05-28,76.34,77.46,75.21,76.26,22015506,76.34,77.46,75.21,76.26,22015506,76.34,77.46,75.21,76.26,22015506
2018-05-29,77.73,79.00,76.46,77.63,19489674,77.73,79.00,76.46,77.63,19489674,77.73,79.00,76.46,77.63,19489674
2018-05-30,78.66,79.78,77.53,78.07,17706814,78.66,79.78,77.53,78.07,17706814,78.66,79.78,77.53,78.07,17706814
2018-05-31,77.56,78.59,76.52,77.18,17606645,77.56,78.59,76.52,77.18,17606645,77.56,78.59,76.52,77.18,17606645
2018-06-01,77.10,77.92,76.28,77.64,22676895,77.10,77.92,76.28,77.64,22676895,77.10,77.92,76.28,77.64,22676895
2018-06-04,78.36,78.86,77.87,78.27,21826238,78.36,78.86,77.87,78.27,21826238,78.36,78.86,77.87,78.27,21826238
2018-06-05,77.46,78.63,76.29,76.79,18091209,77.46,78.63,76.29,76.79,18091209,77.46,78.63,76.29,76.79,18091209
2018-06-06,77.44,78.38,76.50,77.34,23607184,77.44,78.38,76.50,77.34,23607184,77.44,78.38,76.50,77.34,23607184
2018-06-07,77.07,78.14,76.01,76.86,23769745,77.07,78.14,76.01,76.86,23769745,77.07,78.14,76.01,76.86,23769745
2018-06-08,77.94,78.98,76.90,77.57,17747512,77.94,78.98,76.90,77.57,17747512,77.94,78.98,76.90,77.57,17747512
2018-06-11,77.53,78.27,76.78,77.18,23250247,77.53,78.27,76.78,77.18,23250247,77.53,78.27,76.78,77.18,23250247
2018-06-12,79.82,80.79,78.85,80.04,23158471,79.82,80.79,78.85,80.04,23158471,79.82,80.79,78.85,80.04,23158471
2018-06-13,81.68,82.15,81.22,81.78,18243264,81.68,82.15,81.22,81.78,18243264,81.68,82.15,81.22,81.78,18243264
2018-06-14,80.63,81.29,79.98,80.63,18677268,80.63,81.29,79.98,80.63,18677268,80.63,81.29,79.98,80.63,18677268
2018-06-15,78.97,79.83,78.11,78.86,14447819,78.97,79.83,78.11,78.86,14447819,78.97,79.83,78.11,78.86,14447819
2018-06-18,78.69,79.40,77.99,78.51,15025071,78.69,79.40,77.99,78.51,15025071,78.69,79.40,77.99,78.51,15025071
2018-06-19,77.80,78.56,77.04,77.60,17064359,77.80,78.56,77.04,77.60,17064359,77.80,78.56,77.04,77.60,17064359
2018-06-20,77.95,78.92,76.97,77.57,21864591,77.95,78.92,76.97,77.57,21864591,77.95,78.92,76.97,77.57,21864591
2018-06-21,77.21,77.98,76.45,77.04,13473264,77.21,77.98,76.45,77.04,13473264,77.21,77.98,76.45,77.04,13473264
2018-06-22,78.63,79.06,78.19,78.59,22251615,78.63,79.06,78.19,78.59,22251615,78.63,79.06,78.19,78.59,22251615
2018-06-25,78.58,79.37,77.79,78.84,24392404,78.58,79.37,77.79,78.84,24392404,78.58,79.37,77.79,78.84,24392404
2018-06-26,80.05,80.84,79.26,80.02,22897559,80.05,80.84,79.26,80.02,22897559,80.05,80.84,79.26,80.02,22897559
2018-06-27,80.75,82.20,79.30,80.46,15932262,80.75,82.20,79.30,80.46,15932262,80.75,82.20,79.30,80.46,15932262
2018-06-28,80.36,81.28,79.43,80.18,13414275,80.36,81.28,79.43,80.18,13414275,80.36,81.28,79.43,80.18,13414275
2018-06-29,81.63,82.59,80.68,81.24,13244820,81.63,82.59,80.68,81.24,13244820,81.63,82.59,80.68,81.24,13244820
2018-07-02,80.78,81.47,80.09,80.90,19227895,80.78,81.47,80.09,80.90,19227895,80.78,81.47,80.09,80.90,19227895
2018-07-03,78.89,79.83,77.95,79.24,18185061,78.89,79.83,77.95,79.24,18185061,78.89,79.83,77.95,79.24,18185061
2018-07-04,80.54,81.83,79.24,80.00,14170439,80.54,81.83,79.24,80.00,14170439,80.54,81.83,79.24,80.00,14170439
2018-07-05,80.95,81.64,80.27,80.53,18909621,80.95,81.64,80.27,80.53,18909621,80.95,81.64,80.27,80.53,18909621
2018-07-06,81.03,81.89,80.16,80.81,16520539,81.03,81.89,80.16,80.81,16520539,81.03,81.89,80.16,80.81,16520539
2018-07-09,81.10,82.25,79.96,81.33,20628250,81.10,82.25,79.96,81.33,20628250,81.10,82.25,79.96,81.33,20628250
2018-07-10,80.81,81.48,80.15,80.81,22651553,80.81,81.48,80.15,80.81,22651553,80.81,81.48,80.15,80.81,22651553
2018-07-11,79.92,81.06,78.78,79.90,24993749,79.92,81.06,78.78,79.90,24993749,79.92,81.06,78.78,79.90,24993749
2018-07-12,78.82,79.96,77.69,78.82,24134367,78.82,79.96,77.69,78.82,24134367,78.82,79.96,77.69,78.82,24134367
2018-07-13,77.86,78.61,77.11,77.67,24090508,77.86,78.61,77.11,77.67,24090508,77.86,78.61,77.11,77.67,24090508
2018-07-16,79.34,79.78,78.90,79.43,19119859,79.34,79.78,78.90,79.43,19119859,79.34,79.78,78.90,79.43,19119859
2018-07-17,76.13,77.19,75.08,76.35,13571941,76.13,77.19,75.08,76.35,13571941,76.13,77.19,75.08,76.35,13571941
2018-07-18,78.31,79.63,77.00,78.06,13556195,78.31,79.63,77.00,78.06,13556195,78.31,79.63,77.00,78.06,13556195
2018-07-19,79.62,80.80,78.44,79.62,17599967,79.62,80.80,78.44,79.62,17599967,79.62,80.80,78.44,79.62,17599967
2018-07-20,80.24,80.85,79.63,80.56,16509039,80.24,80.85,79.63,80.56,16509039,80.24,80.85,79.63,80.56,16509039
2018-07-23,79.22,79.80,78.63,78.85,15601945,79.22,79.80,78.63,78.85,15601945,79.22,79.80,78.63,78.85,15601945
2018-07-24,77.87,78.95,76.78,77.54,15652502,77.87,78.95,76.78,77.54,15652502,77.87,78.95,76.78,77.54,15652502
2018-07-25,76.23,77.06,75.40,75.85,20571314,76.23,77.06,75.40,75.85,20571314,76.23,77.06,75.40,75.85,20571314
2018-07-26,76.58,77.44,75.72,76.25,15109860,76.58,77.44,75.72,76.25,15109860,76.58,77.44,75.72,76.25,15109860
2018-07-27,77.63,78.41,76.84,77.43,19562659,77.63,78.41,76.84,77.43,19562659,77.63,78.41,76.84,77.43,19562659
2018-07-30,77.46,78.27,76.66,77.13,20044347,77.46,78.27,76.66,77.13,20044347,77.46,78.27,76.66,77.13,20044347
2018-07-31,78.82,79.53,78.10,78.97,16970789,78.82,79.53,78.10,78.97,16970789,78.82,79.53,78.10,78.97,16970789
2018-08-01,78.56,79.44,77.68,78.81,21606799,78.56,79.44,77.68,78.81,21606799,78.56,79.44,77.68,78.81,21606799
2018-08-02,78.97,79.28,78.67,78.68,24962714,78.97,79.28,78.67,78.68,24962714,78.97,79.28,78.67,78.68,24962714
2018-08-03,77.78,78.65,76.91,77.43,18237834,77.78,78.65,76.91,77.43,18237834,77.78,78.65,76.91,77.43,18237834
2018-08-06,76.17,76.62,75.72,75.94,22842776,76.17,76.62,75.72,75.94,22842776,76.17,76.62,75.72,75.94,22842776
2018-08-07,77.69,78.32,77.06,77.54,18485608,77.69,78.32,77.06,77.54,18485608,77.69,78.32,77.06,77.54,18485608
2018-08-08,75.30,76.06,74.53,75.52,21943596,75.30,76.06,74.53,75.52,21943596,75.30,76.06,74.53,75.52,21943596
2018-08-09,72.01,72.97,71.05,72.14,16243652,72.01,72.97,71.05,72.14,16243652,72.01,72.97,71.05,72.14,16243652
2018-08-10,73.66,74.17,73.14,73.68,15154953,73.66,74.17,73.14,73.68,15154953,73.66,74.17,73.14,73.68,15154953
2018-08-13,77.42,78.41,76.43,77.36,14372046,77.42,78.41,76.43,77.36,14372046,77.42,78.41,76.43,77.36,14372046
2018-08-14,78.34,78.44,78.25,78.34,21657282,78.34,78.44,78.25,78.34,21657282,78.34,78.44,78.25,78.34,21657282
2018-08-15,77.16,77.87,76.45,76.96,15903489,77.16,77.87,76.45,76.96,15903489,77.16,77.87,76.45,76.96,15903489
2018-08-16,76.90,77.48,76.32,76.88,18988310,76.90,77.48,76.32,76.88,18988310,76.90,77.48,76.32,76.88,18988310
2018-08-17,76.11,76.52,75.70,75.90,17717278,76.11,76.52,75.70,75.90,17717278,76.11,76.52,75.70,75.90,17717278
2018-08-20,75.61,76.40,74.81,75.59,21094745,75.61,76.40,74.81,75.59,21094745,75.61,76.40,74.81,75.59,21094745
2018-08-21,74.13,75.02,73.24,74.01,14186020,74.13,75.02,73.24,74.01,14186020,74.13,75.02,73.24,74.01,14186020
2018-08-22,74.48,75.01,73.96,74.00,15294007,74.48,75.01,73.96,74.00,15294007,74.48,75.01,73.96,74.00,15294007
2018-08-23,73.44,73.91,72.98,73.45,14910389,73.44,73.91,72.98,73.45,14910389,73.44,73.91,72.98,73.45,14910389
2018-08-24,71.72,72.23,71.20,71.55,23126000,71.72,72.23,71.20,71.55,23126000,71.72,72.23,71.20,71.55,23126000
2018-08-27,72.42,73.27,71.57,72.58,22094606,72.42,73.27,71.57,72.58,22094606,72.42,73.27,71.57,72.58,22094606
2018-08-28,73.39,74.23,72.56,72.96,22506484,73.39,74.23,72.56,72.96,22506484,73.39,74.23,72.56,72.96,22506484
2018-08-29,70.43,70.81,70.05,70.32,14625883,70.43,70.81,70.05,70.32,14625883,70.43,70.81,70.05,70.32,14625883
2018-08-30,69.57,70.12,69.02,69.35,15819037,69.57,70.12,69.02,69.35,15819037,69.57,70.12,69.02,69.35,15819037
2018-08-31,67.76,68.35,67.17,67.52,23500023,67.76,68.35,67.17,67.52,23500023,67.76,68.35,67.17,67.52,23500023
2018-09-03,65.95,66.67,65.22,66.12,19250376,65.95,66.67,65.22,66.12,19250376,65.95,66.67,65.22,66.12,19250376
2018-09-04,65.89,66.56,65.21,65.64,14545049,65.89,66.56,65.21,65.64,14545049,65.89,66.56,65.21,65.64,14545049
2018-09-05,65.67,66.50,64.84,66.09,19045795,65.67,66.50,64.84,66.09,19045795,65.67,66.50,64.84,66.09,19045795
2018-09-06,66.41,67.02,65.79,65.96,18074525,66.41,67.02,65.79,65.96,18074525,66.41,67.02,65.79,65.96,18074525
2018-09-07,66.11,66.80,65.42,66.05,17939036,66.11,66.80,65.42,66.05,17939036,66.11,66.80,65.42,66.05,17939036
2018-09-10,66.80,67.45,66.14,66.67,18907858,66.80,67.45,66.14,66.67,18907858,66.80,67.45,66.14,66.67,18907858
2018-09-11,67.42,68.34,66.50,67.30,18598494,67.42,68.34,66.50,67.30,18598494,67.42,68.34,66.50,67.30,18598494
2018-09-12,67.68,68.34,67.02,67.68,24132970,67.68,68.34,67.02,67.68,24132970,67.68,68.34,67.02,67.68,24132970
2018-09-13,65.50,66.17,64.82,65.27,14175831,65.50,66.17,64.82,65.27,14175831,65.50,66.17,64.82,65.27,14175831
2018-09-14,63.24,63.78,62.70,62.93,12836324,63.24,63.78,62.70,62.93,12836324,63.24,63.78,62.70,62.93,12836324
2018-09-17,61.23,62.09,60.37,61.08,21521949,61.23,62.09,60.37,61.08,21521949,61.23,62.09,60.37,61.08,21521949
2018-09-18,62.47,63.02,61.92,62.38,25158037,62.47,63.02,61.92,62.38,25158037,62.47,63.02,61.92,62.38,25158037
2018-09-19,60.34,60.65,60.04,60.20,17238725,60.34,60.65,60.04,60.20,17238725,60.34,60.65,60.04,60.20,17238725
2018-09-20,60.74,61.55,59.93,60.41,24594626,60.74,61.55,59.93,60.41,24594626,60.74,61.55,59.93,60.41,24594626
2018-09-21,59.19,60.07,58.31,58.91,17232016,59.19,60.07,58.31,58.91,17232016,59.19,60.07,58.31,58.91,17232016
2018-09-24,60.81,61.47,60.15,60.59,18905365,60.81,61.47,60.15,60.59,18905365,60.81,61.47,60.15,60.59,18905365
2018-09-25,62.42,62.90,61.94,62.31,19110181,62.42,62.90,61.94,62.31,19110181,62.42,62.90,61.94,62.31,19110181
2018-09-26,61.81,62.39,61.24,62.23,12727268,61.81,62.39,61.24,62.23,12727268,61.81,62.39,61.24,62.23,12727268
2018-09-27,63.43,64.38,62.48,63.31,19981819,63.43,64.38,62.48,63.31,19981819,63.43,64.38,62.48,63.31,19981819
2018-09-28,64.88,64.96,64.80,64.87,23572691,64.88,64.96,64.80,64.87,23572691,64.88,64.96,64.80,64.87,23572691
2018-10-01,65.92,66.67,65.18,65.99,13074294,65.92,66.67,65.18,65.99,13074294,65.92,66.67,65.18,65.99,13074294
2018-10-02,66.65,67.17,66.14,66.52,23278920,66.65,67.17,66.14,66.52,23278920,66.65,67.17,66.14,66.52,23278920
2018-10-03,67.27,68.06,66.48,67.40,18003213,67.27,68.06,66.48,67.40,18003213,67.27,68.06,66.48,67.40,18003213
2018-10-04,67.32,67.63,67.00,67.20,23742187,67.32,67.63,67.00,67.20,23742187,67.32,67.63,67.00,67.20,23742187
2018-10-05,68.23,68.89,67.56,68.48,14607980,68.23,68.89,67.56,68.48,14607980,68.23,68.89,67.56,68.48,14607980
2018-10-08,68.17,68.71,67.63,68.24,19884556,68.17,68.71,67.63,68.24,19884556,68.17,68.71,67.63,68.24,19884556
2018-10-09,67.38,68.04,66.73,67.28,18819747,67.38,68.04,66.73,67.28,18819747,67.38,68.04,66.73,67.28,18819747
2018-10-10,68.60,69.05,68.15,68.34,12805697,68.60,69.05,68.15,68.34,12805697,68.60,69.05,68.15,68.34,12805697
2018-10-11,67.77,68.64,66.90,67.49,19200198,67.77,68.64,66.90,67.49,19200198,67.77,68.64,66.90,67.49,19200198
2018-10-12,67.37,68.21,66.52,67.47,15085464,67.37,68.21,66.52,67.47,15085464,67.37,68.21,66.52,67.47,15085464
2018-10-15,67.05,67.39,66.70,67.14,19301177,67.05,67.39,66.70,67.14,19301177,67.05,67.39,66.70,67.14,19301177
2018-10-16,67.00,68.07,65.93,66.87,19184656,67.00,68.07,65.93,66.87,19184656,67.00,68.07,65.93,66.87,19184656
2018-10-17,67.66,68.46,66.87,67.40,14396531,67.66,68.46,66.87,67.40,14396531,67.66,68.46,66.87,67.40,14396531
2018-10-18,65.94,66.61,65.26,65.69,19283785,65.94,66.61,65.26,65.69,19283785,65.94,66.61,65.26,65.69,19283785
2018-10-19,67.59,68.33,66.86,67.30,20245719,67.59,68.33,66.86,67.30,20245719,67.59,68.33,66.86,67.30,20245719
2018-10-22,65.72,66.44,65.00,65.24,25144118,65.72,66.44,65.00,65.24,25144118,65.72,66.44,65.00,65.24,25144118
2018-10-23,63.48,64.04,62.93,63.32,14776345,63.48,64.04,62.93,63.32,14776345,63.48,64.04,62.93,63.32,14776345
2018-10-24,64.00,64.73,63.28,64.28,20165909,64.00,64.73,63.28,64.28,20165909,64.00,64.73,63.28,64.28,20165909
2018-10-25,62.27,62.51,62.03,62.04,23569118,62.27,62.51,62.03,62.04,23569118,62.27,62.51,62.03,62.04,23569118
2018-10-26,61.68,62.12,61.23,61.75,21970953,61.68,62.12,61.23,61.75,21970953,61.68,62.12,61.23,61.75,21970953
2018-10-29,60.26,60.62,59.90,60.14,16375621,60.26,60.62,59.90,60.14,16375621,60.26,60.62,59.90,60.14,16375621
2018-10-30,59.50,60.35,58.66,59.31,17272954,59.50,60.35,58.66,59.31,17272954,59.50,60.35,58.66,59.31,17272954
2018-10-31,59.92,60.82,59.03,60.30,14566375,59.92,60.82,59.03,60.30,14566375,59.92,60.82,59.03,60.30,14566375
2018-11-01,59.59,60.24,58.95,59.00,19029156,59.59,60.24,58.95,59.00,19029156,59.59,60.24,58.95,59.00,19029156
2018-11-02,61.08,61.78,60.37,60.80,13300009,61.08,61.78,60.37,60.80,13300009,61.08,61.78,60.37,60.80,13300009
2018-11-05,60.44,61.30,59.59,60.45,22228727,60.44,61.30,59.59,60.45,22228727,60.44,61.30,59.59,60.45,22228727
2018-11-06,60.30,61.14,59.45,60.38,15858025,60.30,61.14,59.45,60.38,15858025,60.30,61.14,59.45,60.38,15858025
2018-11-07,61.61,62.39,60.84,61.63,15398131,61.61,62.39,60.84,61.63,15398131,61.61,62.39,60.84,61.63,15398131
2018-11-08,61.89,62.69,61.09,62.11,17821939,61.89,62.69,61.09,62.11,17821939,61.89,62.69,61.09,62.11,17821939
2018-11-09,61.69,62.51,60.86,61.62,23407110,61.69,62.51,60.86,61.62,23407110,61.69,62.51,60.86,61.62,23407110
2018-11-12,63.55,64.29,62.81,63.30,19313035,63.55,64.29,62.81,63.30,19313035,63.55,64.29,62.81,63.30,19313035
2018-11-13,62.92,63.56,62.27,62.82,13886380,62.92,63.56,62.27,62.82,13886380,62.92,63.56,62.27,62.82,13886380
2018-11-14,64.72,65.39,64.06,64.20,16419157,64.72,65.39,64.06,64.20,16419157,64.72,65.39,64.06,64.20,16419157
2018-11-15,62.63,63.39,61.87,62.03,14951022,62.63,63.39,61.87,62.03,14951022,62.63,63.39,61.87,62.03,14951022
2018-11-16,61.44,62.03,60.84,61.82,22953257,61.44,62.03,60.84,61.82,22953257,61.44,62.03,60.84,61.82,22953257
2018-11-19,61.46,61.74,61.18,61.19,24905002,61.46,61.74,61.18,61.19,24905002,61.46,61.74,61.18,61.19,24905002
2018-11-20,60.69,61.38,60.00,60.48,21140572,60.69,61.38,60.00,60.48,21140572,60.69,61.38,60.00,60.48,21140572
2018-11-21,60.48,60.91,60.05,60.07,22278593,60.48,60.91,60.05,60.07,22278593,60.48,60.91,60.05,60.07,22278593
2018-11-22,59.49,60.37,58.61,59.38,17404012,59.49,60.37,58.61,59.38,17404012,59.49,60.37,58.61,59.38,17404012
2018-11-23,58.71,59.36,58.07,58.75,24090059,58.71,59.36,58.07,58.75,24090059,58.71,59.36,58.07,58.75,24090059
2018-11-26,57.12,57.90,56.35,57.23,17505496,57.12,57.90,56.35,57.23,17505496,57.12,57.90,56.35,57.23,17505496
2018-11-27,57.46,57.95,56.97,57.18,23114286,57.46,57.95,56.97,57.18,23114286,57.46,57.95,56.97,57.18,23114286
2018-11-28,56.89,57.66,56.13,57.01,20622565,56.89,57.66,56.13,57.01,20622565,56.89,57.66,56.13,57.01,20622565
2018-11-29,58.24,58.89,57.58,57.90,19863743,58.24,58.89,57.58,57.90,19863743,58.24,58.89,57.58,57.90,19863743
2018-11-30,57.82,58.69,56.96,57.67,14499881,57.82,58.69,56.96,57.67,14499881,57.82,58.69,56.96,57.67,14499881
2018-12-03,56.37,57.26,55.48,56.36,13829251,56.37,57.26,55.48,56.36,13829251,56.37,57.26,55.48,56.36,13829251
2018-12-04,58.23,58.91,57.55,58.35,22930557,58.23,58.91,57.55,58.35,22930557,58.23,58.91,57.55,58.35,22930557
2018-12-05,57.07,57.48,56.65,57.04,23727816,57.07,57.48,56.65,57.04,23727816,57.07,57.48,56.65,57.04,23727816
2018-12-06,58.58,59.07,58.09,58.64,21363669,58.58,59.07,58.09,58.64,21363669,58.58,59.07,58.09,58.64,21363669
2018-12-07,59.22,59.66,58.77,59.00,23578046,59.22,59.66,58.77,59.00,23578046,59.22,59.66,58.77,59.00,23578046
2018-12-10,58.32,58.72,57.91,58.11,15492199,58.32,58.72,57.91,58.11,15492199,58.32,58.72,57.91,58.11,15492199
2018-12-11,58.98,59.78,58.18,59.01,16974388,58.98,59.78,58.18,59.01,16974388,58.98,59.78,58.18,59.01,16974388
2018-12-12,58.53,59.25,57.80,58.38,20940469,58.53,59.25,57.80,58.38,20940469,58.53,59.25,57.80,58.38,20940469
2018-12-13,56.90,57.48,56.32,56.53,23810658,56.90,57.48,56.32,56.53,23810658,56.90,57.48,56.32,56.53,23810658
2018-12-14,55.03,56.06,54.00,55.16,14305276,55.03,56.06,54.00,55.16,14305276,55.03,56.06,54.00,55.16,14305276
2018-12-17,54.61,55.35,53.88,55.13,16841765,54.61,55.35,53.88,55.13,16841765,54.61,55.35,53.88,55.13,16841765
2018-12-18,56.71,57.51,55.90,56.45,19293966,56.71,57.51,55.90,56.45,19293966,56.71,57.51,55.90,56.45,19293966
2018-12-19,56.99,57.46,56.51,56.74,13054683,56.99,57.46,56.51,56.74,13054683,56.99,57.46,56.51,56.74,13054683
2018-12-20,56.18,56.90,55.46,56.30,22655266,56.18,56.90,55.46,56.30,22655266,56.18,56.90,55.46,56.30,22655266
2018-12-21,58.15,58.32,57.98,58.14,14635606,58.15,58.32,57.98,58.14,14635606,58.15,58.32,57.98,58.14,14635606
2018-12-24,56.54,57.22,55.86,56.63,21505286,56.54,57.22,55.86,56.63,21505286,56.54,57.22,55.86,56.63,21505286
2018-12-25,57.87,58.43,57.30,57.62,21305261,57.87,58.43,57.30,57.62,21305261,57.87,58.43,57.30,57.62,21305261
2018-12-26,57.80,58.25,57.35,57.73,13586946,57.80,58.25,57.35,57.73,13586946,57.80,58.25,57.35,57.73,13586946
2018-12-27,56.69,57.23,56.14,56.70,23254462,56.69,57.23,56.14,56.70,23254462,56.69,57.23,56.14,56.70,23254462
2018-12-28,57.31,57.99,56.62,57.24,12935459,57.31,57.99,56.62,57.24,12935459,57.31,57.99,56.62,57.24,12935459
2018-12-31,54.74,55.24,54.25,55.19,20013979,54.74,55.24,54.25,55.19,20013979,54.74,55.24,54.25,55.19,20013979
2019-01-01,55.25,55.77,54.72,55.01,18082622,55.25,55.77,54.72,55.01,18082622,55.25,55.77,54.72,55.01,18082622
2019-01-02,57.03,57.74,56.32,56.93,23474197,57.03,57.74,56.32,56.93,23474197,57.03,57.74,56.32,56.93,23474197
2019-01-03,56.51,57.62,55.39,56.34,15349581,56.51,57.62,55.39,56.34,15349581,56.51,57.62,55.39,56.34,15349581
2019-01-04,55.69,56.70,54.69,55.99,20781855,55.69,56.70,54.69,55.99,20781855,55.69,56.70,54.69,55.99,20781855
2019-01-07,56.68,57.01,56.35,56.59,18265233,56.68,57.01,56.35,56.59,18265233,56.68,57.01,56.35,56.59,18265233
2019-01-08,57.18,57.94,56.42,57.07,14138455,57.18,57.94,56.42,57.07,14138455,57.18,57.94,56.42,57.07,14138455
2019-01-09,55.95,56.84,55.06,56.08,23888140,55.95,56.84,55.06,56.08,23888140,55.95,56.84,55.06,56.08,23888140
2019-01-10,55.61,56.04,55.18,55.46,23630008,55.61,56.04,55.18,55.46,23630008,55.61,56.04,55.18,55.46,23630008
2019-01-11,56.70,57.40,56.00,56.57,15557814,56.70,57.40,56.00,56.57,15557814,56.70,57.40,56.00,56.57,15557814
2019-01-14,57.39,58.37,56.41,57.51,22335380,57.39,58.37,56.41,57.51,22335380,57.39,58.37,56.41,57.51,22335380
2019-01-15,58.98,59.67,58.29,58.95,21970055,58.98,59.67,58.29,58.95,21970055,58.98,59.67,58.29,58.95,21970055
2019-01-16,58.96,59.86,58.06,59.39,24854604,58.96,59.86,58.06,59.39,24854604,58.96,59.86,58.06,59.39,24854604
2019-01-17,60.17,61.34,58.99,60.49,20952402,60.17,61.34,58.99,60.49,20952402,60.17,61.34,58.99,60.49,20952402
2019-01-18,60.57,61.44,59.70,60.83,17089568,60.57,61.44,59.70,60.83,17089568,60.57,61.44,59.70,60.83,17089568
2019-01-21,60.26,60.64,59.88,60.36,23620709,60.26,60.64,59.88,60.36,23620709,60.26,60.64,59.88,60.36,23620709
2019-01-22,58.91,59.62,58.20,58.89,14439668,58.91,59.62,58.20,58.89,14439668,58.91,59.62,58.20,58.89,14439668
2019-01-23,60.98,61.26,60.71,60.95,15457986,60.98,61.26,60.71,60.95,15457986,60.98,61.26,60.71,60.95,15457986
2019-01-24,60.24,60.65,59.82,60.38,15743986,60.24,60.65,59.82,60.38,15743986,60.24,60.65,59.82,60.38,15743986
2019-01-25,60.90,61.60,60.19,60.75,19302358,60.90,61.60,60.19,60.75,19302358,60.90,61.60,60.19,60.75,19302358
2019-01-28,60.50,61.13,59.87,60.35,17444009,60.50,61.13,59.87,60.35,17444009,60.50,61.13,59.87,60.35,17444009
2019-01-29,58.58,59.26,57.90,58.74,22536397,58.58,59.26,57.90,58.74,22536397,58.58,59.26,57.90,58.74,22536397
2019-01-30,58.37,59.09,57.65,58.34,19881184,58.37,59.09,57.65,58.34,19881184,58.37,59.09,57.65,58.34,19881184
2019-01-31,59.29,59.59,58.98,59.24,22813768,59.29,59.59,58.98,59.24,22813768,59.29,59.59,58.98,59.24,22813768
2019-02-01,59.21,60.04,58.38,59.05,13395062,59.21,60.04,58.38,59.05,13395062,59.21,60.04,58.38,59.05,13395062
2019-02-04,58.26,58.80,57.73,58.24,18650745,58.26,58.80,57.73,58.24,18650745,58.26,58.80,57.73,58.24,18650745
2019-02-05,58.04,58.74,57.34,57.97,19742655,58.04,58.74,57.34,57.97,19742655,58.04,58.74,57.34,57.97,19742655
2019-02-06,59.52,60.36,58.68,59.65,13206756,59.52,60.36,58.68,59.65,13206756,59.52,60.36,58.68,59.65,13206756
2019-02-07,62.17,62.76,61.57,61.63,20138474,62.17,62.76,61.57,61.63,20138474,62.17,62.76,61.57,61.63,20138474
2019-02-08,61.99,62.61,61.37,61.67,19975687,61.99,62.61,61.37,61.67,19975687,61.99,62.61,61.37,61.67,19975687
2019-02-11,62.92,63.24,62.59,62.92,17783615,62.92,63.24,62.59,62.92,17783615,62.92,63.24,62.59,62.92,17783615
2019-02-12,60.55,61.25,59.85,60.67,17397229,60.55,61.25,59.85,60.67,17397229,60.55,61.25,59.85,60.67,17397229
2019-02-13,59.43,60.07,58.80,59.17,21719144,59.43,60.07,58.80,59.17,21719144,59.43,60.07,58.80,59.17,21719144
2019-02-14,59.44,60.34,58.54,59.34,16131794,59.44,60.34,58.54,59.34,16131794,59.44,60.34,58.54,59.34,16131794
2019-02-15,58.73,59.30,58.16,58.91,20527601,58.73,59.30,58.16,58.91,20527601,58.73,59.30,58.16,58.91,20527601
2019-02-18,59.29,60.15,58.43,59.08,12882896,59.29,60.15,58.43,59.08,12882896,59.29,60.15,58.43,59.08,12882896
2019-02-19,59.27,59.97,58.57,59.09,20697298,59.27,59.97,58.57,59.09,20697298,59.27,59.97,58.57,59.09,20697298
2019-02-20,61.62,62.31,60.92,61.38,16066863,61.62,62.31,60.92,61.38,16066863,61.62,62.31,60.92,61.38,16066863
2019-02-21,61.48,61.82,61.14,61.17,17563096,61.48,61.82,61.14,61.17,17563096,61.48,61.82,61.14,61.17,17563096
2019-02-22,59.79,60.38,59.20,59.64,18568811,59.79,60.38,59.20,59.64,18568811,59.79,60.38,59.20,59.64,18568811
2019-02-25,58.95,59.46,58.45,58.49,16506077,58.95,59.46,58.45,58.49,16506077,58.95,59.46,58.45,58.49,16506077
2019-02-26,58.59,59.42,57.77,58.78,23602354,58.59,59.42,57.77,58.78,23602354,58.59,59.42,57.77,58.78,23602354
2019-02-27,58.74,59.35,58.13,58.81,12637647,58.74,59.35,58.13,58.81,12637647,58.74,59.35,58.13,58.81,12637647
2019-02-28,58.26,58.83,57.69,58.28,19153064,58.26,58.83,57.69,58.28,19153064,58.26,58.83,57.69,58.28,19153064
2019-03-01,56.73,57.32,56.13,56.89,13767515,56.73,57.32,56.13,56.89,13767515,56.73,57.32,56.13,56.89,13767515
2019-03-04,57.21,57.97,56.44,56.70,22060024,57.21,57.97,56.44,56.70,22060024,57.21,57.97,56.44,56.70,22060024
2019-03-05,58.31,59.30,57.31,58.29,12947373,58.31,59.30,57.31,58.29,12947373,58.31,59.30,57.31,58.29,12947373
2019-03-06,58.09,58.93,57.25,57.94,18729584,58.09,58.93,57.25,57.94,18729584,58.09,58.93,57.25,57.94,18729584
2019-03-07,57.72,58.51,56.92,57.38,22120447,57.72,58.51,56.92,57.38,22120447,57.72,58.51,56.92,57.38,22120447
2019-03-08,57.48,58.09,56.86,57.64,13715692,57.48,58.09,56.86,57.64,13715692,57.48,58.09,56.86,57.64,13715692
2019-03-11,55.67,56.54,54.80,55.48,25033854,55.67,56.54,54.80,55.48,25033854,55.67,56.54,54.80,55.48,25033854
2019-03-12,54.61,55.14,54.09,54.61,17750544,54.61,55.14,54.09,54.61,17750544,54.61,55.14,54.09,54.61,17750544
2019-03-13,55.13,55.98,54.28,54.60,14866830,55.13,55.98,54.28,54.60,14866830,55.13,55.98,54.28,54.60,14866830
2019-03-14,55.13,55.83,54.43,55.24,14325594,55.13,55.83,54.43,55.24,14325594,55.13,55.83,54.43,55.24,14325594
2019-03-15,53.62,54.18,53.07,53.86,15513911,53.62,54.18,53.07,53.86,15513911,53.62,54.18,53.07,53.86,15513911
2019-03-18,53.86,54.56,53.16,53.80,21521109,53.86,54.56,53.16,53.80,21521109,53.86,54.56,53.16,53.80,21521109
2019-03-19,53.72,54.52,52.91,53.53,13994374,53.72,54.52,52.91,53.53,13994374,53.72,54.52,52.91,53.53,13994374
2019-03-20,52.80,53.49,52.10,52.96,24333702,52.80,53.49,52.10,52.96,24333702,52.80,53.49,52.10,52.96,24333702
2019-03-21,54.24,54.51,53.97,54.18,23263296,54.24,54.51,53.97,54.18,23263296,54.24,54.51,53.97,54.18,23263296
2019-03-22,52.95,53.74,52.16,52.92,22207822,52.95,53.74,52.16,52.92,22207822,52.95,53.74,52.16,52.92,22207822
2019-03-25,53.58,53.98,53.18,53.65,19968034,53.58,53.98,53.18,53.65,19968034,53.58,53.98,53.18,53.65,19968034
2019-03-26,52.11,52.68,51.55,52.13,19344747,52.11,52.68,51.55,52.13,19344747,52.11,52.68,51.55,52.13,19344747
2019-03-27,51.75,52.26,51.23,51.87,12682893,51.75,52.26,51.23,51.87,12682893,51.75,52.26,51.23,51.87,12682893
2019-03-28,50.71,51.02,50.41,50.98,18617482,50.71,51.02,50.41,50.98,18617482,50.71,51.02,50.41,50.98,18617482
2019-03-29,51.89,52.43,51.34,51.91,15063854,51.89,52.43,51.34,51.91,15063854,51.89,52.43,51.34,51.91,15063854
2019-04-01,53.45,53.81,53.09,53.53,15887250,53.45,53.81,53.09,53.53,15887250,53.45,53.81,53.09,53.53,15887250
2019-04-02,52.68,53.37,51.99,52.57,14691337,52.68,53.37,51.99,52.57,14691337,52.68,53.37,51.99,52.57,14691337
2019-04-03,52.62,53.27,51.97,52.97,16227355,52.62,53.27,51.97,52.97,16227355,52.62,53.27,51.97,52.97,16227355
2019-04-04,52.27,52.68,51.87,52.63,16143928,52.27,52.68,51.87,52.63,16143928,52.27,52.68,51.87,52.63,16143928
2019-04-05,53.45,54.27,52.63,53.45,14850252,53.45,54.27,52.63,53.45,14850252,53.45,54.27,52.63,53.45,14850252
2019-04-08,51.86,52.46,51.26,52.01,14754030,51.86,52.46,51.26,52.01,14754030,51.86,52.46,51.26,52.01,14754030
2019-04-09,51.91,52.72,51.11,51.92,21245393,51.91,52.72,51.11,51.92,21245393,51.91,52.72,51.11,51.92,21245393
2019-04-10,52.08,52.53,51.64,52.43,24173390,52.08,52.53,51.64,52.43,24173390,52.08,52.53,51.64,52.43,24173390
2019-04-11,53.38,54.08,52.69,52.99,18183823,53.38,54.08,52.69,52.99,18183823,53.38,54.08,52.69,52.99,18183823
2019-04-12,52.63,53.41,51.86,52.60,20732572,52.63,53.41,51.86,52.60,20732572,52.63,53.41,51.86,52.60,20732572
2019-04-15,51.27,51.94,50.60,51.42,18377895,51.27,51.94,50.60,51.42,18377895,51.27,51.94,50.60,51.42,18377895
2019-04-16,51.64,52.25,51.02,51.32,20791731,51.64,52.25,51.02,51.32,20791731,51.64,52.25,51.02,51.32,20791731
2019-04-17,51.55,52.13,50.97,51.39,22801914,51.55,52.13,50.97,51.39,22801914,51.55,52.13,50.97,51.39,22801914
2019-04-18,52.23,52.92,51.54,52.24,21779719,52.23,52.92,51.54,52.24,21779719,52.23,52.92,51.54,52.24,21779719
2019-04-19,52.13,52.88,51.37,52.14,21077480,52.13,52.88,51.37,52.14,21077480,52.13,52.88,51.37,52.14,21077480
2019-04-22,52.15,52.89,51.42,52.19,21920624,52.15,52.89,51.42,52.19,21920624,52.15,52.89,51.42,52.19,21920624
2019-04-23,51.91,52.72,51.10,51.73,19562111,51.91,52.72,51.10,51.73,19562111,51.91,52.72,51.10,51.73,19562111
2019-04-24,51.83,52.21,51.46,51.62,19135258,51.83,52.21,51.46,51.62,19135258,51.83,52.21,51.46,51.62,19135258
2019-04-25,49.25,49.92,48.59,49.14,17086694,49.25,49.92,48.59,49.14,17086694,49.25,49.92,48.59,49.14,17086694
2019-04-26,49.61,49.91,49.32,49.75,24701401,49.61,49.91,49.32,49.75,24701401,49.61,49.91,49.32,49.75,24701401
2019-04-29,49.31,49.99,48.64,49.02,18619552,49.31,49.99,48.64,49.02,18619552,49.31,49.99,48.64,49.02,18619552
2019-04-30,48.52,48.66,48.39,48.64,23332756,48.52,48.66,48.39,48.64,23332756,48.52,48.66,48.39,48.64,23332756
2019-05-01,49.67,49.93,49.40,49.53,14879835,49.67,49.93,49.40,49.53,14879835,49.67,49.93,49.40,49.53,14879835
2019-05-02,49.27,49.88,48.65,49.31,13643874,49.27,49.88,48.65,49.31,13643874,49.27,49.88,48.65,49.31,13643874
2019-05-03,48.60,49.25,47.96,48.89,16478925,48.60,49.25,47.96,48.89,16478925,48.60,49.25,47.96,48.89,16478925
2019-05-06,49.17,49.77,48.58,49.31,17400111,49.17,49.77,48.58,49.31,17400111,49.17,49.77,48.58,49.31,17400111
2019-05-07,47.62,48.30,46.94,47.31,23844222,47.62,48.30,46.94,47.31,23844222,47.62,48.30,46.94,47.31,23844222
2019-05-08,47.84,48.35,47.34,47.82,16961507,47.84,48.35,47.34,47.82,16961507,47.84,48.35,47.34,47.82,16961507
2019-05-09,47.80,48.04,47.55,47.78,17571398,47.80,48.04,47.55,47.78,17571398,47.80,48.04,47.55,47.78,17571398
2019-05-10,47.65,47.89,47.42,47.50,14771117,47.65,47.89,47.42,47.50,14771117,47.65,47.89,47.42,47.50,14771117
2019-05-13,47.05,47.68,46.42,47.09,17887845,47.05,47.68,46.42,47.09,17887845,47.05,47.68,46.42,47.09,17887845
2019-05-14,46.87,47.29,46.45,46.90,20227590,46.87,47.29,46.45,46.90,20227590,46.87,47.29,46.45,46.90,20227590
2019-05-15,46.70,47.42,45.97,46.78,13774461,46.70,47.42,45.97,46.78,13774461,46.70,47.42,45.97,46.78,13774461
2019-05-16,45.29,45.86,44.73,45.32,14050213,45.29,45.86,44.73,45.32,14050213,45.29,45.86,44.73,45.32,14050213
2019-05-17,44.14,44.61,43.67,44.41,16953561,44.14,44.61,43.67,44.41,16953561,44.14,44.61,43.67,44.41,16953561
2019-05-20,43.63,43.85,43.40,43.58,22400891,43.63,43.85,43.40,43.58,22400891,43.63,43.85,43.40,43.58,22400891
2019-05-21,42.47,42.84,42.10,42.51,15555649,42.47,42.84,42.10,42.51,15555649,42.47,42.84,42.10,42.51,15555649
2019-05-22,43.19,43.88,42.51,43.21,18424074,43.19,43.88,42.51,43.21,18424074,43.19,43.88,42.51,43.21,18424074
2019-05-23,44.20,44.47,43.93,43.99,17063553,44.20,44.47,43.93,43.99,17063553,44.20,44.47,43.93,43.99,17063553
2019-05-24,43.79,44.03,43.55,43.65,14110967,43.79,44.03,43.55,43.65,14110967,43.79,44.03,43.55,43.65,14110967
2019-05-27,43.82,44.08,43.56,43.71,13945670,43.82,44.08,43.56,43.71,13945670,43.82,44.08,43.56,43.71,13945670
2019-05-28,43.67,44.02,43.33,43.59,18288707,43.67,44.02,43.33,43.59,18288707,43.67,44.02,43.33,43.59,18288707
2019-05-29,44.07,44.45,43.70,44.08,25131391,44.07,44.45,43.70,44.08,25131391,44.07,44.45,43.70,44.08,25131391
2019-05-30,43.85,44.17,43.52,43.92,23871418,43.85,44.17,43.52,43.92,23871418,43.85,44.17,43.52,43.92,23871418
2019-05-31,43.01,43.48,42.54,42.90,21833449,43.01,43.48,42.54,42.90,21833449,43.01,43.48,42.54,42.90,21833449
2019-06-03,43.84,44.57,43.12,43.75,16930808,43.84,44.57,43.12,43.75,16930808,43.84,44.57,43.12,43.75,16930808
2019-06-04,43.88,44.52,43.25,43.84,21360523,43.88,44.52,43.25,43.84,21360523,43.88,44.52,43.25,43.84,21360523
2019-06-05,44.24,44.54,43.94,44.22,19724501,44.24,44.54,43.94,44.22,19724501,44.24,44.54,43.94,44.22,19724501
2019-06-06,43.91,44.10,43.72,43.84,17330530,43.91,44.10,43.72,43.84,17330530,43.91,44.10,43.72,43.84,17330530
2019-06-07,44.72,44.93,44.50,44.53,21096934,44.72,44.93,44.50,44.53,21096934,44.72,44.93,44.50,44.53,21096934
2019-06-10,45.16,45.87,44.45,45.07,24744791,45.16,45.87,44.45,45.07,24744791,45.16,45.87,44.45,45.07,24744791
2019-06-11,45.36,45.94,44.77,45.21,17203859,45.36,45.94,44.77,45.21,17203859,45.36,45.94,44.77,45.21,17203859
2019-06-12,44.83,45.52,44.14,45.01,24908129,44.83,45.52,44.14,45.01,24908129,44.83,45.52,44.14,45.01,24908129
2019-06-13,44.86,45.56,44.16,44.64,23891454,44.86,45.56,44.16,44.64,23891454,44.86,45.56,44.16,44.64,23891454
2019-06-14,43.68,44.21,43.16,43.65,22157242,43.68,44.21,43.16,43.65,22157242,43.68,44.21,43.16,43.65,22157242
2019-06-17,44.53,44.98,44.07,44.56,14730849,44.53,44.98,44.07,44.56,14730849,44.53,44.98,44.07,44.56,14730849
2019-06-18,43.66,44.07,43.26,43.77,13650529,43.66,44.07,43.26,43.77,13650529,43.66,44.07,43.26,43.77,13650529
2019-06-19,45.05,45.44,44.65,44.67,15768936,45.05,45.44,44.65,44.67,15768936,45.05,45.44,44.65,44.67,15768936
2019-06-20,44.49,45.03,43.95,44.60,24045414,44.49,45.03,43.95,44.60,24045414,44.49,45.03,43.95,44.60,24045414
2019-06-21,44.42,44.76,44.08,44.54,20670326,44.42,44.76,44.08,44.54,20670326,44.42,44.76,44.08,44.54,20670326
2019-06-24,43.73,44.16,43.31,43.85,15279481,43.73,44.16,43.31,43.85,15279481,43.73,44.16,43.31,43.85,15279481
2019-06-25,43.18,43.58,42.78,43.00,20812050,43.18,43.58,42.78,43.00,20812050,43.18,43.58,42.78,43.00,20812050
2019-06-26,42.16,42.66,41.66,41.83,16749593,42.16,42.66,41.66,41.83,16749593,42.16,42.66,41.66,41.83,16749593
2019-06-27,42.13,42.55,41.72,41.96,17659802,42.13,42.55,41.72,41.96,17659802,42.13,42.55,41.72,41.96,17659802
2019-06-28,42.05,42.42,41.68,41.87,23165289,42.05,42.42,41.68,41.87,23165289,42.05,42.42,41.68,41.87,23165289
2019-07-01,41.14,41.59,40.69,40.82,25167208,41.14,41.59,40.69,40.82,25167208,41.14,41.59,40.69,40.82,25167208
2019-07-02,41.18,41.74,40.62,41.22,21683767,41.18,41.74,40.62,41.22,21683767,41.18,41.74,40.62,41.22,21683767
2019-07-03,41.62,42.27,40.98,41.65,21752749,41.62,42.27,40.98,41.65,21752749,41.62,42.27,40.98,41.65,21752749
2019-07-04,42.87,43.37,42.36,42.97,19199281,42.87,43.37,42.36,42.97,19199281,42.87,43.37,42.36,42.97,19199281
2019-07-05,41.92,42.48,41.35,41.92,20117419,41.92,42.48,41.35,41.92,20117419,41.92,42.48,41.35,41.92,20117419
2019-07-08,42.65,42.96,42.34,42.54,23977743,42.65,42.96,42.34,42.54,23977743,42.65,42.96,42.34,42.54,23977743
2019-07-09,42.95,43.27,42.64,42.96,16621240,42.95,43.27,42.64,42.96,16621240,42.95,43.27,42.64,42.96,16621240
2019-07-10,42.87,43.41,42.33,42.79,18685810,42.87,43.41,42.33,42.79,18685810,42.87,43.41,42.33,42.79,18685810
2019-07-11,42.07,42.75,41.38,42.17,17595481,42.07,42.75,41.38,42.17,17595481,42.07,42.75,41.38,42.17,17595481
2019-07-12,42.22,42.65,41.80,42.18,19697709,42.22,42.65,41.80,42.18,19697709,42.22,42.65,41.80,42.18,19697709
2019-07-15,42.12,42.66,41.57,42.05,23864833,42.12,42.66,41.57,42.05,23864833,42.12,42.66,41.57,42.05,23864833
2019-07-16,42.09,42.71,41.47,42.26,20210044,42.09,42.71,41.47,42.26,20210044,42.09,42.71,41.47,42.26,20210044
2019-07-17,42.90,43.50,42.29,42.92,23293164,42.90,43.50,42.29,42.92,23293164,42.90,43.50,42.29,42.92,23293164
2019-07-18,42.50,43.23,41.77,42.64,20919304,42.50,43.23,41.77,42.64,20919304,42.50,43.23,41.77,42.64,20919304
2019-07-19,42.60,43.07,42.14,42.81,24868886,42.60,43.07,42.14,42.81,24868886,42.60,43.07,42.14,42.81,24868886
2019-07-22,43.68,44.14,43.22,43.26,17956249,43.68,44.14,43.22,43.26,17956249,43.68,44.14,43.22,43.26,17956249
2019-07-23,41.90,42.57,41.23,41.84,19086006,41.90,42.57,41.23,41.84,19086006,41.90,42.57,41.23,41.84,19086006
2019-07-24,42.27,42.87,41.67,42.01,22509061,42.27,42.87,41.67,42.01,22509061,42.27,42.87,41.67,42.01,22509061
2019-07-25,42.41,42.77,42.06,42.49,17614784,42.41,42.77,42.06,42.49,17614784,42.41,42.77,42.06,42.49,17614784
2019-07-26,42.21,42.56,41.86,42.14,21091797,42.21,42.56,41.86,42.14,21091797,42.21,42.56,41.86,42.14,21091797
2019-07-29,41.55,41.94,41.15,41.63,21727682,41.55,41.94,41.15,41.63,21727682,41.55,41.94,41.15,41.63,21727682
2019-07-30,41.00,41.28,40.72,41.21,17340399,41.00,41.28,40.72,41.21,17340399,41.00,41.28,40.72,41.21,17340399
2019-07-31,40.45,40.99,39.92,40.72,13215747,40.45,40.99,39.92,40.72,13215747,40.45,40.99,39.92,40.72,13215747
2019-08-01,41.44,41.93,40.94,41.07,20466725,41.44,41.93,40.94,41.07,20466725,41.44,41.93,40.94,41.07,20466725
2019-08-02,41.02,41.24,40.79,40.86,13311713,41.02,41.24,40.79,40.86,13311713,41.02,41.24,40.79,40.86,13311713
2019-08-05,40.81,41.26,40.37,40.75,13559570,40.81,41.26,40.37,40.75,13559570,40.81,41.26,40.37,40.75,13559570
2019-08-06,40.00,40.85,39.15,40.05,24219447,40.00,40.85,39.15,40.05,24219447,40.00,40.85,39.15,40.05,24219447
2019-08-07,39.42,40.25,38.59,39.31,24117968,39.42,40.25,38.59,39.31,24117968,39.42,40.25,38.59,39.31,24117968
2019-08-08,41.30,41.80,40.80,41.05,21218238,41.30,41.80,40.80,41.05,21218238,41.30,41.80,40.80,41.05,21218238
2019-08-09,41.13,41.27,41.00,41.21,15707877,41.13,41.27,41.00,41.21,15707877,41.13,41.27,41.00,41.21,15707877
2019-08-12,41.69,41.90,41.48,41.54,18864849,41.69,41.90,41.48,41.54,18864849,41.69,41.90,41.48,41.54,18864849
2019-08-13,41.06,41.50,40.62,41.10,12871187,41.06,41.50,40.62,41.10,12871187,41.06,41.50,40.62,41.10,12871187
2019-08-14,41.69,42.20,41.18,41.52,20828685,41.69,42.20,41.18,41.52,20828685,41.69,42.20,41.18,41.52,20828685
2019-08-15,41.29,41.60,40.98,41.40,23952958,41.29,41.60,40.98,41.40,23952958,41.29,41.60,40.98,41.40,23952958
2019-08-16,40.86,41.28,40.45,40.76,15537094,40.86,41.28,40.45,40.76,15537094,40.86,41.28,40.45,40.76,15537094
2019-08-19,39.98,40.35,39.60,39.74,22672991,39.98,40.35,39.60,39.74,22672991,39.98,40.35,39.60,39.74,22672991
2019-08-20,39.53,39.80,39.25,39.55,21746353,39.53,39.80,39.25,39.55,21746353,39.53,39.80,39.25,39.55,21746353
2019-08-21,39.47,40.18,38.76,39.45,20807597,39.47,40.18,38.76,39.45,20807597,39.47,40.18,38.76,39.45,20807597
2019-08-22,38.32,38.71,37.93,38.49,24460411,38.32,38.71,37.93,38.49,24460411,38.32,38.71,37.93,38.49,24460411
2019-08-23,38.00,38.34,37.67,38.12,23037464,38.00,38.34,37.67,38.12,23037464,38.00,38.34,37.67,38.12,23037464
2019-08-26,37.88,38.27,37.49,38.01,24793578,37.88,38.27,37.49,38.01,24793578,37.88,38.27,37.49,38.01,24793578
2019-08-27,39.85,40.46,39.24,39.75,22046689,39.85,40.46,39.24,39.75,22046689,39.85,40.46,39.24,39.75,22046689
2019-08-28,38.38,39.07,37.68,38.23,18553098,38.38,39.07,37.68,38.23,18553098,38.38,39.07,37.68,38.23,18553098
2019-08-29,38.78,39.14,38.42,38.62,16148392,38.78,39.14,38.42,38.62,16148392,38.78,39.14,38.42,38.62,16148392
2019-08-30,39.87,40.21,39.53,39.68,16978908,39.87,40.21,39.53,39.68,16978908,39.87,40.21,39.53,39.68,16978908
2019-09-02,40.07,40.59,39.56,40.11,14164894,40.07,40.59,39.56,40.11,14164894,40.07,40.59,39.56,40.11,14164894
2019-09-03,40.59,40.93,40.24,40.59,24803364,40.59,40.93,40.24,40.59,24803364,40.59,40.93,40.24,40.59,24803364
2019-09-04,39.50,39.78,39.21,39.35,13316379,39.50,39.78,39.21,39.35,13316379,39.50,39.78,39.21,39.35,13316379
2019-09-05,39.50,39.71,39.28,39.47,21633741,39.50,39.71,39.28,39.47,21633741,39.50,39.71,39.28,39.47,21633741
2019-09-06,38.26,38.59,37.93,38.17,20945643,38.26,38.59,37.93,38.17,20945643,38.26,38.59,37.93,38.17,20945643
2019-09-09,38.33,38.64,38.03,38.27,16154748,38.33,38.64,38.03,38.27,16154748,38.33,38.64,38.03,38.27,16154748
2019-09-10,38.85,39.16,38.55,38.71,14726905,38.85,39.16,38.55,38.71,14726905,38.85,39.16,38.55,38.71,14726905
2019-09-11,38.02,38.28,37.75,38.05,14335894,38.02,38.28,37.75,38.05,14335894,38.02,38.28,37.75,38.05,14335894
2019-09-12,37.63,38.01,37.26,37.44,13599590,37.63,38.01,37.26,37.44,13599590,37.63,38.01,37.26,37.44,13599590
2019-09-13,38.27,38.54,38.00,38.29,24349545,38.27,38.54,38.00,38.29,24349545,38.27,38.54,38.00,38.29,24349545
2019-09-16,38.64,39.14,38.14,38.67,14995555,38.64,39.14,38.14,38.67,14995555,38.64,39.14,38.14,38.67,14995555
2019-09-17,37.10,37.58,36.63,37.29,19888039,37.10,37.58,36.63,37.29,19888039,37.10,37.58,36.63,37.29,19888039
2019-09-18,38.48,38.98,37.98,38.39,17979267,38.48,38.98,37.98,38.39,17979267,38.48,38.98,37.98,38.39,17979267
2019-09-19,37.61,37.85,37.38,37.41,24595390,37.61,37.85,37.38,37.41,24595390,37.61,37.85,37.38,37.41,24595390
2019-09-20,37.71,37.99,37.43,37.81,17259095,37.71,37.99,37.43,37.81,17259095,37.71,37.99,37.43,37.81,17259095
2019-09-23,38.46,38.83,38.09,38.57,14637815,38.46,38.83,38.09,38.57,14637815,38.46,38.83,38.09,38.57,14637815
2019-09-24,38.00,38.78,37.22,38.15,22265073,38.00,38.78,37.22,38.15,22265073,38.00,38.78,37.22,38.15,22265073
2019-09-25,37.43,37.88,36.98,37.39,19811532,37.43,37.88,36.98,37.39,19811532,37.43,37.88,36.98,37.39,19811532
2019-09-26,37.63,37.71,37.55,37.66,13798851,37.63,37.71,37.55,37.66,13798851,37.63,37.71,37.55,37.66,13798851
2019-09-27,37.03,37.37,36.69,36.95,13542477,37.03,37.37,36.69,36.95,13542477,37.03,37.37,36.69,36.95,13542477
2019-09-30,36.83,36.92,36.74,36.81,24136740,36.83,36.92,36.74,36.81,24136740,36.83,36.92,36.74,36.81,24136740
2019-10-01,35.57,35.90,35.24,35.42,16628252,35.57,35.90,35.24,35.42,16628252,35.57,35.90,35.24,35.42,16628252
2019-10-02,35.38,35.52,35.25,35.26,22248233,35.38,35.52,35.25,35.26,22248233,35.38,35.52,35.25,35.26,22248233
2019-10-03,34.63,35.01,34.25,34.63,14715604,34.63,35.01,34.25,34.63,14715604,34.63,35.01,34.25,34.63,14715604
2019-10-04,33.46,33.81,33.11,33.54,20251310,33.46,33.81,33.11,33.54,20251310,33.46,33.81,33.11,33.54,20251310
2019-10-07,33.00,33.32,32.67,33.14,13824672,33.00,33.32,32.67,33.14,13824672,33.00,33.32,32.67,33.14,13824672
2019-10-08,34.58,35.04,34.12,34.48,18190422,34.58,35.04,34.12,34.48,18190422,34.58,35.04,34.12,34.48,18190422
2019-10-09,34.76,35.08,34.45,34.60,15954758,34.76,35.08,34.45,34.60,15954758,34.76,35.08,34.45,34.60,15954758
2019-10-10,34.74,35.08,34.41,34.53,17182929,34.74,35.08,34.41,34.53,17182929,34.74,35.08,34.41,34.53,17182929
2019-10-11,35.30,35.62,34.98,35.43,14432396,35.30,35.62,34.98,35.43,14432396,35.30,35.62,34.98,35.43,14432396
2019-10-14,34.48,34.89,34.08,34.52,19971422,34.48,34.89,34.08,34.52,19971422,34.48,34.89,34.08,34.52,19971422
2019-10-15,34.25,34.46,34.04,34.24,15282067,34.25,34.46,34.04,34.24,15282067,34.25,34.46,34.04,34.24,15282067
2019-10-16,35.43,35.78,35.08,35.29,21676607,35.43,35.78,35.08,35.29,21676607,35.43,35.78,35.08,35.29,21676607
2019-10-17,34.45,34.81,34.08,34.54,17415749,34.45,34.81,34.08,34.54,17415749,34.45,34.81,34.08,34.54,17415749
2019-10-18,34.91,35.31,34.51,34.79,24863502,34.91,35.31,34.51,34.79,24863502,34.91,35.31,34.51,34.79,24863502
2019-10-21,34.28,34.83,33.74,34.11,13759641,34.28,34.83,33.74,34.11,13759641,34.28,34.83,33.74,34.11,13759641
2019-10-22,34.51,34.95,34.07,34.35,13646148,34.51,34.95,34.07,34.35,13646148,34.51,34.95,34.07,34.35,13646148
2019-10-23,33.68,34.18,33.18,33.65,18776911,33.68,34.18,33.18,33.65,18776911,33.68,34.18,33.18,33.65,18776911
2019-10-24,32.45,32.61,32.29,32.60,14219150,32.45,32.61,32.29,32.60,14219150,32.45,32.61,32.29,32.60,14219150
2019-10-25,32.54,32.75,32.34,32.38,23786185,32.54,32.75,32.34,32.38,23786185,32.54,32.75,32.34,32.38,23786185
2019-10-28,32.76,32.88,32.63,32.87,18977038,32.76,32.88,32.63,32.87,18977038,32.76,32.88,32.63,32.87,18977038
2019-10-29,32.41,32.73,32.09,32.40,17650446,32.41,32.73,32.09,32.40,17650446,32.41,32.73,32.09,32.40,17650446
2019-10-30,32.29,32.74,31.85,32.34,13213955,32.29,32.74,31.85,32.34,13213955,32.29,32.74,31.85,32.34,13213955
2019-10-31,32.71,33.16,32.25,32.72,19128455,32.71,33.16,32.25,32.72,19128455,32.71,33.16,32.25,32.72,19128455
2019-11-01,32.14,32.48,31.80,32.31,15252863,32.14,32.48,31.80,32.31,15252863,32.14,32.48,31.80,32.31,15252863
2019-11-04,33.58,34.01,33.15,33.41,15269621,33.58,34.01,33.15,33.41,15269621,33.58,34.01,33.15,33.41,15269621
2019-11-05,33.63,34.10,33.15,33.81,19828252,33.63,34.10,33.15,33.81,19828252,33.63,34.10,33.15,33.81,19828252
2019-11-06,35.09,35.37,34.81,35.01,19820804,35.09,35.37,34.81,35.01,19820804,35.09,35.37,34.81,35.01,19820804
2019-11-07,34.87,35.17,34.57,35.04,15696775,34.87,35.17,34.57,35.04,15696775,34.87,35.17,34.57,35.04,15696775
2019-11-08,35.17,35.58,34.76,35.10,14953552,35.17,35.58,34.76,35.10,14953552,35.17,35.58,34.76,35.10,14953552
2019-11-11,34.82,35.24,34.40,34.74,24849235,34.82,35.24,34.40,34.74,24849235,34.82,35.24,34.40,34.74,24849235
2019-11-12,35.65,36.01,35.30,35.49,21360519,35.65,36.01,35.30,35.49,21360519,35.65,36.01,35.30,35.49,21360519
2019-11-13,35.31,35.63,34.98,35.16,16686024,35.31,35.63,34.98,35.16,16686024,35.31,35.63,34.98,35.16,16686024
2019-11-14,34.36,34.72,34.00,34.37,21798991,34.36,34.72,34.00,34.37,21798991,34.36,34.72,34.00,34.37,21798991
2019-11-15,33.65,34.00,33.29,33.58,18384142,33.65,34.00,33.29,33.58,18384142,33.65,34.00,33.29,33.58,18384142
2019-11-18,33.49,34.14,32.85,33.48,24725835,33.49,34.14,32.85,33.48,24725835,33.49,34.14,32.85,33.48,24725835
2019-11-19,34.09,34.38,33.80,34.10,24318064,34.09,34.38,33.80,34.10,24318064,34.09,34.38,33.80,34.10,24318064
2019-11-20,34.15,34.57,33.73,34.18,17862741,34.15,34.57,33.73,34.18,17862741,34.15,34.57,33.73,34.18,17862741
2019-11-21,34.36,34.82,33.90,34.18,18322895,34.36,34.82,33.90,34.18,18322895,34.36,34.82,33.90,34.18,18322895
2019-11-22,34.02,34.51,33.53,34.06,19156203,34.02,34.51,33.53,34.06,19156203,34.02,34.51,33.53,34.06,19156203
2019-11-25,33.70,34.09,33.31,33.72,24330165,33.70,34.09,33.31,33.72,24330165,33.70,34.09,33.31,33.72,24330165
2019-11-26,34.61,34.71,34.52,34.63,24876772,34.61,34.71,34.52,34.63,24876772,34.61,34.71,34.52,34.63,24876772
2019-11-27,34.10,34.69,33.51,34.38,19513829,34.10,34.69,33.51,34.38,19513829,34.10,34.69,33.51,34.38,19513829
2019-11-28,33.31,33.67,32.96,33.44,16306832,33.31,33.67,32.96,33.44,16306832,33.31,33.67,32.96,33.44,16306832
2019-11-29,33.47,33.83,33.11,33.28,15771833,33.47,33.83,33.11,33.28,15771833,33.47,33.83,33.11,33.28,15771833
2019-12-02,33.64,34.08,33.20,33.38,16130780,33.64,34.08,33.20,33.38,16130780,33.64,34.08,33.20,33.38,16130780
2019-12-03,33.17,33.63,32.70,33.03,14545010,33.17,33.63,32.70,33.03,14545010,33.17,33.63,32.70,33.03,14545010
2019-12-04,32.28,32.75,31.82,32.22,17507296,32.28,32.75,31.82,32.22,17507296,32.28,32.75,31.82,32.22,17507296
2019-12-05,31.57,31.79,31.34,31.49,14560236,31.57,31.79,31.34,31.49,14560236,31.57,31.79,31.34,31.49,14560236
2019-12-06,30.92,31.28,30.56,30.82,16699861,30.92,31.28,30.56,30.82,16699861,30.92,31.28,30.56,30.82,16699861
2019-12-09,30.28,30.56,30.01,30.41,22254559,30.28,30.56,30.01,30.41,22254559,30.28,30.56,30.01,30.41,22254559
2019-12-10,30.10,30.35,29.84,30.01,21457719,30.10,30.35,29.84,30.01,21457719,30.10,30.35,29.84,30.01,21457719
2019-12-11,29.89,29.96,29.82,29.95,17250687,29.89,29.96,29.82,29.95,17250687,29.89,29.96,29.82,29.95,17250687
2019-12-12,28.60,28.99,28.22,28.73,23707197,28.60,28.99,28.22,28.73,23707197,28.60,28.99,28.22,28.73,23707197
2019-12-13,28.91,29.21,28.61,28.78,17727858,28.91,29.21,28.61,28.78,17727858,28.91,29.21,28.61,28.78,17727858
2019-12-16,28.34,28.66,28.02,28.30,24647283,28.34,28.66,28.02,28.30,24647283,28.34,28.66,28.02,28.30,24647283
2019-12-17,28.70,28.96,28.44,28.57,22030363,28.70,28.96,28.44,28.57,22030363,28.70,28.96,28.44,28.57,22030363
2019-12-18,28.33,28.55,28.12,28.23,24983253,28.33,28.55,28.12,28.23,24983253,28.33,28.55,28.12,28.23,24983253
2019-12-19,28.37,28.77,27.97,28.34,18981840,28.37,28.77,27.97,28.34,18981840,28.37,28.77,27.97,28.34,18981840
2019-12-20,29.14,29.53,28.76,29.13,23433684,29.14,29.53,28.76,29.13,23433684,29.14,29.53,28.76,29.13,23433684
2019-12-23,29.18,29.45,28.91,29.22,20323365,29.18,29.45,28.91,29.22,20323365,29.18,29.45,28.91,29.22,20323365
2019-12-24,28.15,28.59,27.71,28.15,19716544,28.15,28.59,27.71,28.15,19716544,28.15,28.59,27.71,28.15,19716544
2019-12-25,28.45,28.96,27.95,28.35,22469300,28.45,28.96,27.95,28.35,22469300,28.45,28.96,27.95,28.35,22469300
2019-12-26,27.99,28.26,27.72,27.94,14315615,27.99,28.26,27.72,27.94,14315615,27.99,28.26,27.72,27.94,14315615
2019-12-27,27.79,28.08,27.50,27.74,22710697,27.79,28.08,27.50,27.74,22710697,27.79,28.08,27.50,27.74,22710697
2019-12-30,27.80,28.05,27.55,27.88,22082735,27.80,28.05,27.55,27.88,22082735,27.80,28.05,27.55,27.88,22082735
2019-12-31,28.96,29.20,28.72,28.95,17211239,28.96,29.20,28.72,28.95,17211239,28.96,29.20,28.72,28.95,17211239
2020-01-01,29.29,29.62,28.96,29.27,19637134,29.29,29.62,28.96,29.27,19637134,29.29,29.62,28.96,29.27,19637134
2020-01-02,28.97,29.05,28.90,28.94,15600633,28.97,29.05,28.90,28.94,15600633,28.97,29.05,28.90,28.94,15600633
2020-01-03,28.87,29.13,28.61,28.96,19573567,28.87,29.13,28.61,28.96,19573567,28.87,29.13,28.61,28.96,19573567
2020-01-06,28.61,28.91,28.30,28.48,25105557,28.61,28.91,28.30,28.48,25105557,28.61,28.91,28.30,28.48,25105557
2020-01-07,29.24,29.59,28.90,29.16,25184615,29.24,29.59,28.90,29.16,25184615,29.24,29.59,28.90,29.16,25184615
2020-01-08,30.15,30.61,29.68,30.36,16536152,30.15,30.61,29.68,30.36,16536152,30.15,30.61,29.68,30.36,16536152
2020-01-09,30.44,30.77,30.11,30.38,17876376,30.44,30.77,30.11,30.38,17876376,30.44,30.77,30.11,30.38,17876376
2020-01-10,31.34,31.69,31.00,31.11,20362625,31.34,31.69,31.00,31.11,20362625,31.34,31.69,31.00,31.11,20362625
2020-01-13,31.38,31.75,31.00,31.23,15034280,31.38,31.75,31.00,31.23,15034280,31.38,31.75,31.00,31.23,15034280
2020-01-14,30.78,31.05,30.51,30.95,16847585,30.78,31.05,30.51,30.95,16847585,30.78,31.05,30.51,30.95,16847585
2020-01-15,31.40,31.63,31.17,31.50,22306602,31.40,31.63,31.17,31.50,22306602,31.40,31.63,31.17,31.50,22306602
2020-01-16,31.83,32.11,31.55,31.80,17848072,31.83,32.11,31.55,31.80,17848072,31.83,32.11,31.55,31.80,17848072
2020-01-17,32.18,32.51,31.85,32.10,19318158,32.18,32.51,31.85,32.10,19318158,32.18,32.51,31.85,32.10,19318158
2020-01-20,32.26,32.58,31.93,32.06,23051159,32.26,32.58,31.93,32.06,23051159,32.26,32.58,31.93,32.06,23051159
2020-01-21,33.01,33.43,32.60,33.05,13642037,33.01,33.43,32.60,33.05,13642037,33.01,33.43,32.60,33.05,13642037
2020-01-22,33.25,33.64,32.85,33.37,22046971,33.25,33.64,32.85,33.37,22046971,33.25,33.64,32.85,33.37,22046971
2020-01-23,33.04,33.53,32.55,32.98,22132604,33.04,33.53,32.55,32.98,22132604,33.04,33.53,32.55,32.98,22132604
2020-01-24,34.55,34.98,34.13,34.49,19850969,34.55,34.98,34.13,34.49,19850969,34.55,34.98,34.13,34.49,19850969
2020-01-27,34.66,34.97,34.35,34.71,17988010,34.66,34.97,34.35,34.71,17988010,34.66,34.97,34.35,34.71,17988010
2020-01-28,35.34,35.63,35.05,35.45,16313092,35.34,35.63,35.05,35.45,16313092,35.34,35.63,35.05,35.45,16313092
2020-01-29,35.73,36.06,35.39,35.66,16566219,35.73,36.06,35.39,35.66,16566219,35.73,36.06,35.39,35.66,16566219
2020-01-30,36.13,36.33,35.92,36.27,19638780,36.13,36.33,35.92,36.27,19638780,36.13,36.33,35.92,36.27,19638780
2020-01-31,36.35,36.85,35.85,36.08,14945261,36.35,36.85,35.85,36.08,14945261,36.35,36.85,35.85,36.08,14945261
2020-02-03,35.48,35.77,35.18,35.49,13694996,35.48,35.77,35.18,35.49,13694996,35.48,35.77,35.18,35.49,13694996
2020-02-04,35.23,35.69,34.77,34.99,16210380,35.23,35.69,34.77,34.99,16210380,35.23,35.69,34.77,34.99,16210380
2020-02-05,34.84,35.14,34.54,34.73,16342199,34.84,35.14,34.54,34.73,16342199,34.84,35.14,34.54,34.73,16342199
2020-02-06,35.40,35.70,35.10,35.45,20713470,35.40,35.70,35.10,35.45,20713470,35.40,35.70,35.10,35.45,20713470
2020-02-07,35.80,36.37,35.23,35.76,24530295,35.80,36.37,35.23,35.76,24530295,35.80,36.37,35.23,35.76,24530295
2020-02-10,35.21,35.42,34.99,35.18,21471733,35.21,35.42,34.99,35.18,21471733,35.21,35.42,34.99,35.18,21471733
2020-02-11,35.22,35.72,34.72,34.97,13263465,35.22,35.72,34.72,34.97,13263465,35.22,35.72,34.72,34.97,13263465
2020-02-12,34.78,35.10,34.46,34.69,20020953,34.78,35.10,34.46,34.69,20020953,34.78,35.10,34.46,34.69,20020953
2020-02-13,33.35,33.85,32.85,33.46,20752971,33.35,33.85,32.85,33.46,20752971,33.35,33.85,32.85,33.46,20752971
2020-02-14,34.04,34.49,33.58,33.84,14697660,34.04,34.49,33.58,33.84,14697660,34.04,34.49,33.58,33.84,14697660
2020-02-17,34.54,34.78,34.29,34.74,17631211,34.54,34.78,34.29,34.74,17631211,34.54,34.78,34.29,34.74,17631211
2020-02-18,35.31,35.61,35.02,35.30,16385250,35.31,35.61,35.02,35.30,16385250,35.31,35.61,35.02,35.30,16385250
2020-02-19,34.45,34.87,34.03,34.52,16589355,34.45,34.87,34.03,34.52,16589355,34.45,34.87,34.03,34.52,16589355
2020-02-20,35.10,35.69,34.51,35.18,19549842,35.10,35.69,34.51,35.18,19549842,35.10,35.69,34.51,35.18,19549842
2020-02-21,35.14,35.68,34.59,35.01,12818873,35.14,35.68,34.59,35.01,12818873,35.14,35.68,34.59,35.01,12818873
2020-02-24,34.72,35.12,34.32,34.61,18660783,34.72,35.12,34.32,34.61,18660783,34.72,35.12,34.32,34.61,18660783
2020-02-25,35.38,35.78,34.97,35.25,25182724,35.38,35.78,34.97,35.25,25182724,35.38,35.78,34.97,35.25,25182724
2020-02-26,34.86,35.13,34.60,34.67,16363712,34.86,35.13,34.60,34.67,16363712,34.86,35.13,34.60,34.67,16363712
2020-02-27,34.49,34.82,34.16,34.59,18149641,34.49,34.82,34.16,34.59,18149641,34.49,34.82,34.16,34.59,18149641
2020-02-28,34.71,34.93,34.49,34.61,22064524,34.71,34.93,34.49,34.61,22064524,34.71,34.93,34.49,34.61,22064524
2020-03-02,34.40,34.79,34.01,34.35,21629068,34.40,34.79,34.01,34.35,21629068,34.40,34.79,34.01,34.35,21629068
2020-03-03,34.59,35.06,34.12,34.51,15952741,34.59,35.06,34.12,34.51,15952741,34.59,35.06,34.12,34.51,15952741
2020-03-04,34.86,35.17,34.55,34.77,15050501,34.86,35.17,34.55,34.77,15050501,34.86,35.17,34.55,34.77,15050501
2020-03-05,34.70,35.09,34.31,34.59,13584005,34.70,35.09,34.31,34.59,13584005,34.70,35.09,34.31,34.59,13584005
2020-03-06,34.47,34.85,34.09,34.47,13263805,34.47,34.85,34.09,34.47,13263805,34.47,34.85,34.09,34.47,13263805
2020-03-09,33.22,33.61,32.82,33.24,18765028,33.22,33.61,32.82,33.24,18765028,33.22,33.61,32.82,33.24,18765028
2020-03-10,32.28,32.73,31.84,32.36,12999056,32.28,32.73,31.84,32.36,12999056,32.28,32.73,31.84,32.36,12999056
2020-03-11,32.52,33.00,32.03,32.42,18136793,32.52,33.00,32.03,32.42,18136793,32.52,33.00,32.03,32.42,18136793
2020-03-12,31.42,31.79,31.04,31.53,24317540,31.42,31.79,31.04,31.53,24317540,31.42,31.79,31.04,31.53,24317540
2020-03-13,31.07,31.48,30.67,31.09,20957608,31.07,31.48,30.67,31.09,20957608,31.07,31.48,30.67,31.09,20957608
2020-03-16,31.32,31.62,31.01,31.50,16470847,31.32,31.62,31.01,31.50,16470847,31.32,31.62,31.01,31.50,16470847
2020-03-17,30.66,31.26,30.06,30.77,15922840,30.66,31.26,30.06,30.77,15922840,30.66,31.26,30.06,30.77,15922840
2020-03-18,30.46,30.60,30.33,30.37,16365130,30.46,30.60,30.33,30.37,16365130,30.46,30.60,30.33,30.37,16365130
2020-03-19,28.77,29.05,28.49,28.68,23522850,28.77,29.05,28.49,28.68,23522850,28.77,29.05,28.49,28.68,23522850
2020-03-20,28.45,28.87,28.04,28.23,22174429,28.45,28.87,28.04,28.23,22174429,28.45,28.87,28.04,28.23,22174429
2020-03-23,27.16,27.46,26.87,27.30,23006236,27.16,27.46,26.87,27.30,23006236,27.16,27.46,26.87,27.30,23006236
2020-03-24,26.92,27.21,26.63,27.01,15958078,26.92,27.21,26.63,27.01,15958078,26.92,27.21,26.63,27.01,15958078
2020-03-25,27.03,27.46,26.61,26.87,21302493,27.03,27.46,26.61,26.87,21302493,27.03,27.46,26.61,26.87,21302493
2020-03-26,26.77,26.99,26.55,26.68,19795687,26.77,26.99,26.55,26.68,19795687,26.77,26.99,26.55,26.68,19795687
2020-03-27,27.22,27.53,26.91,27.31,24444422,27.22,27.53,26.91,27.31,24444422,27.22,27.53,26.91,27.31,24444422
2020-03-30,27.54,28.00,27.08,27.50,23748498,27.54,28.00,27.08,27.50,23748498,27.54,28.00,27.08,27.50,23748498
2020-03-31,26.92,27.22,26.62,26.86,20310465,26.92,27.22,26.62,26.86,20310465,26.92,27.22,26.62,26.86,20310465
2020-04-01,27.43,27.65,27.21,27.29,20578720,27.43,27.65,27.21,27.29,20578720,27.43,27.65,27.21,27.29,20578720
2020-04-02,27.96,28.22,27.69,27.98,14874200,27.96,28.22,27.69,27.98,14874200,27.96,28.22,27.69,27.98,14874200
2020-04-03,27.78,27.94,27.61,27.87,22467448,27.78,27.94,27.61,27.87,22467448,27.78,27.94,27.61,27.87,22467448
2020-04-06,28.20,28.43,27.96,28.21,13845431,28.20,28.43,27.96,28.21,13845431,28.20,28.43,27.96,28.21,13845431
2020-04-07,28.04,28.32,27.76,28.00,21451943,28.04,28.32,27.76,28.00,21451943,28.04,28.32,27.76,28.00,21451943
2020-04-08,29.67,29.93,29.41,29.52,14798983,29.67,29.93,29.41,29.52,14798983,29.67,29.93,29.41,29.52,14798983
2020-04-09,29.18,29.65,28.72,29.14,18751750,29.18,29.65,28.72,29.14,18751750,29.18,29.65,28.72,29.14,18751750
2020-04-10,29.46,29.79,29.14,29.41,17118102,29.46,29.79,29.14,29.41,17118102,29.46,29.79,29.14,29.41,17118102
2020-04-13,29.10,29.57,28.63,29.06,14569524,29.10,29.57,28.63,29.06,14569524,29.10,29.57,28.63,29.06,14569524
2020-04-14,28.40,28.76,28.04,28.46,12842896,28.40,28.76,28.04,28.46,12842896,28.40,28.76,28.04,28.46,12842896
2020-04-15,29.07,29.35,28.78,29.10,16305777,29.07,29.35,28.78,29.10,16305777,29.07,29.35,28.78,29.10,16305777
2020-04-16,29.92,30.35,29.49,29.80,16582077,29.92,30.35,29.49,29.80,16582077,29.92,30.35,29.49,29.80,16582077
2020-04-17,30.20,30.37,30.02,30.35,15215951,30.20,30.37,30.02,30.35,15215951,30.20,30.37,30.02,30.35,15215951
2020-04-20,30.91,31.37,30.44,31.00,21073999,30.91,31.37,30.44,31.00,21073999,30.91,31.37,30.44,31.00,21073999
2020-04-21,31.31,31.53,31.09,31.30,15878861,31.31,31.53,31.09,31.30,15878861,31.31,31.53,31.09,31.30,15878861
2020-04-22,31.14,31.52,30.76,31.25,21290016,31.14,31.52,30.76,31.25,21290016,31.14,31.52,30.76,31.25,21290016
2020-04-23,31.80,32.21,31.39,31.75,16136062,31.80,32.21,31.39,31.75,16136062,31.80,32.21,31.39,31.75,16136062
2020-04-24,32.58,32.84,32.31,32.45,13904821,32.58,32.84,32.31,32.45,13904821,32.58,32.84,32.31,32.45,13904821
2020-04-27,32.59,33.04,32.13,32.52,23400941,32.59,33.04,32.13,32.52,23400941,32.59,33.04,32.13,32.52,23400941
2020-04-28,32.96,33.31,32.61,33.06,25065141,32.96,33.31,32.61,33.06,25065141,32.96,33.31,32.61,33.06,25065141
2020-04-29,33.00,33.55,32.45,33.08,24145503,33.00,33.55,32.45,33.08,24145503,33.00,33.55,32.45,33.08,24145503
2020-04-30,32.41,32.83,31.98,32.43,16590729,32.41,32.83,31.98,32.43,16590729,32.41,32.83,31.98,32.43,16590729
2020-05-01,31.95,32.23,31.66,32.07,19250306,31.95,32.23,31.66,32.07,19250306,31.95,32.23,31.66,32.07,19250306
2020-05-04,31.63,31.97,31.29,31.63,17638813,31.63,31.97,31.29,31.63,17638813,31.63,31.97,31.29,31.63,17638813
2020-05-05,31.92,32.02,31.81,31.89,16577236,31.92,32.02,31.81,31.89,16577236,31.92,32.02,31.81,31.89,16577236
2020-05-06,31.02,31.49,30.55,31.13,15148272,31.02,31.49,30.55,31.13,15148272,31.02,31.49,30.55,31.13,15148272
2020-05-07,32.70,33.08,32.32,32.52,15609458,32.70,33.08,32.32,32.52,15609458,32.70,33.08,32.32,32.52,15609458
2020-05-08,32.21,32.41,32.00,32.18,23739267,32.21,32.41,32.00,32.18,23739267,32.21,32.41,32.00,32.18,23739267
2020-05-11,31.41,31.84,30.99,31.67,21867140,31.41,31.84,30.99,31.67,21867140,31.41,31.84,30.99,31.67,21867140
2020-05-12,32.28,32.64,31.91,32.23,14519310,32.28,32.64,31.91,32.23,14519310,32.28,32.64,31.91,32.23,14519310
2020-05-13,31.74,32.06,31.42,31.70,19579135,31.74,32.06,31.42,31.70,19579135,31.74,32.06,31.42,31.70,19579135
2020-05-14,32.04,32.31,31.77,31.94,16131881,32.04,32.31,31.77,31.94,16131881,32.04,32.31,31.77,31.94,16131881
2020-05-15,33.02,33.41,32.63,32.85,19373470,33.02,33.41,32.63,32.85,19373470,33.02,33.41,32.63,32.85,19373470
2020-05-18,32.29,32.69,31.88,32.09,12707668,32.29,32.69,31.88,32.09,12707668,32.29,32.69,31.88,32.09,12707668
2020-05-19,32.31,32.84,31.79,32.38,15133182,32.31,32.84,31.79,32.38,15133182,32.31,32.84,31.79,32.38,15133182
2020-05-20,32.44,32.69,32.20,32.61,24881986,32.44,32.69,32.20,32.61,24881986,32.44,32.69,32.20,32.61,24881986
2020-05-21,33.80,34.08,33.51,33.71,19440890,33.80,34.08,33.51,33.71,19440890,33.80,34.08,33.51,33.71,19440890
2020-05-22,34.14,34.69,33.58,33.98,16656041,34.14,34.69,33.58,33.98,16656041,34.14,34.69,33.58,33.98,16656041
2020-05-25,34.43,34.91,33.94,34.33,17387966,34.43,34.91,33.94,34.33,17387966,34.43,34.91,33.94,34.33,17387966
2020-05-26,34.76,35.07,34.45,34.86,20175819,34.76,35.07,34.45,34.86,20175819,34.76,35.07,34.45,34.86,20175819
2020-05-27,34.84,35.14,34.55,34.72,17522214,34.84,35.14,34.55,34.72,17522214,34.84,35.14,34.55,34.72,17522214
2020-05-28,34.64,35.03,34.25,34.51,21390812,34.64,35.03,34.25,34.51,21390812,34.64,35.03,34.25,34.51,21390812
2020-05-29,34.28,34.81,33.74,34.18,19386085,34.28,34.81,33.74,34.18,19386085,34.28,34.81,33.74,34.18,19386085
2020-06-01,35.23,35.56,34.89,35.21,22489318,35.23,35.56,34.89,35.21,22489318,35.23,35.56,34.89,35.21,22489318
2020-06-02,35.41,35.87,34.96,35.75,22971126,35.41,35.87,34.96,35.75,22971126,35.41,35.87,34.96,35.75,22971126
2020-06-03,35.56,36.09,35.03,35.49,19183109,35.56,36.09,35.03,35.49,19183109,35.56,36.09,35.03,35.49,19183109
2020-06-04,36.84,37.16,36.53,36.92,20230473,36.84,37.16,36.53,36.92,20230473,36.84,37.16,36.53,36.92,20230473
2020-06-05,37.98,38.33,37.63,37.69,20509828,37.98,38.33,37.63,37.69,20509828,37.98,38.33,37.63,37.69,20509828
2020-06-08,38.30,38.90,37.70,38.15,16353180,38.30,38.90,37.70,38.15,16353180,38.30,38.90,37.70,38.15,16353180
2020-06-09,37.52,37.89,37.14,37.41,25055032,37.52,37.89,37.14,37.41,25055032,37.52,37.89,37.14,37.41,25055032
2020-06-10,37.58,37.96,37.21,37.52,23092335,37.58,37.96,37.21,37.52,23092335,37.58,37.96,37.21,37.52,23092335
2020-06-11,37.78,38.31,37.25,37.83,22402153,37.78,38.31,37.25,37.83,22402153,37.78,38.31,37.25,37.83,22402153
2020-06-12,38.24,38.46,38.02,38.42,20981585,38.24,38.46,38.02,38.42,20981585,38.24,38.46,38.02,38.42,20981585
2020-06-15,39.42,39.96,38.88,39.34,22387110,39.42,39.96,38.88,39.34,22387110,39.42,39.96,38.88,39.34,22387110
2020-06-16,39.22,39.67,38.78,39.04,21032506,39.22,39.67,38.78,39.04,21032506,39.22,39.67,38.78,39.04,21032506
2020-06-17,39.57,39.99,39.15,39.68,13505363,39.57,39.99,39.15,39.68,13505363,39.57,39.99,39.15,39.68,13505363
2020-06-18,41.00,41.56,40.44,41.00,21365396,41.00,41.56,40.44,41.00,21365396,41.00,41.56,40.44,41.00,21365396
2020-06-19,41.39,41.82,40.95,41.24,14471650,41.39,41.82,40.95,41.24,14471650,41.39,41.82,40.95,41.24,14471650
2020-06-22,38.99,39.38,38.60,38.99,14483776,38.99,39.38,38.60,38.99,14483776,38.99,39.38,38.60,38.99,14483776
2020-06-23,38.37,38.89,37.85,38.49,12629880,38.37,38.89,37.85,38.49,12629880,38.37,38.89,37.85,38.49,12629880
2020-06-24,38.54,39.01,38.08,38.65,20154097,38.54,39.01,38.08,38.65,20154097,38.54,39.01,38.08,38.65,20154097
2020-06-25,39.19,39.67,38.72,39.20,20160363,39.19,39.67,38.72,39.20,20160363,39.19,39.67,38.72,39.20,20160363
2020-06-26,38.71,39.11,38.31,38.87,17257576,38.71,39.11,38.31,38.87,17257576,38.71,39.11,38.31,38.87,17257576
2020-06-29,40.27,40.60,39.94,40.18,13156360,40.27,40.60,39.94,40.18,13156360,40.27,40.60,39.94,40.18,13156360
2020-06-30,39.08,39.71,38.46,39.08,19924226,39.08,39.71,38.46,39.08,19924226,39.08,39.71,38.46,39.08,19924226
2020-07-01,37.67,38.32,37.03,37.91,18750343,37.67,38.32,37.03,37.91,18750343,37.67,38.32,37.03,37.91,18750343
2020-07-02,38.12,38.69,37.55,37.98,14881231,38.12,38.69,37.55,37.98,14881231,38.12,38.69,37.55,37.98,14881231
2020-07-03,38.01,38.58,37.44,38.16,23064825,38.01,38.58,37.44,38.16,23064825,38.01,38.58,37.44,38.16,23064825
2020-07-06,37.13,37.50,36.76,37.20,21650939,37.13,37.50,36.76,37.20,21650939,37.13,37.50,36.76,37.20,21650939
2020-07-07,37.26,37.65,36.87,37.17,13041197,37.26,37.65,36.87,37.17,13041197,37.26,37.65,36.87,37.17,13041197
2020-07-08,37.38,37.79,36.96,37.57,20259419,37.38,37.79,36.96,37.57,20259419,37.38,37.79,36.96,37.57,20259419
2020-07-09,37.82,38.28,37.36,37.64,23561185,37.82,38.28,37.36,37.64,23561185,37.82,38.28,37.36,37.64,23561185
2020-07-10,36.24,36.70,35.79,36.12,20110138,36.24,36.70,35.79,36.12,20110138,36.24,36.70,35.79,36.12,20110138
2020-07-13,36.62,37.30,35.93,36.77,20084509,36.62,37.30,35.93,36.77,20084509,36.62,37.30,35.93,36.77,20084509
2020-07-14,37.17,37.47,36.86,37.06,17516095,37.17,37.47,36.86,37.06,17516095,37.17,37.47,36.86,37.06,17516095
2020-07-15,35.79,36.18,35.40,35.92,13461756,35.79,36.18,35.40,35.92,13461756,35.79,36.18,35.40,35.92,13461756
2020-07-16,36.95,37.31,36.59,37.00,17251104,36.95,37.31,36.59,37.00,17251104,36.95,37.31,36.59,37.00,17251104
2020-07-17,37.81,38.24,37.38,37.50,13729569,37.81,38.24,37.38,37.50,13729569,37.81,38.24,37.38,37.50,13729569
2020-07-20,37.71,38.18,37.24,37.75,15445117,37.71,38.18,37.24,37.75,15445117,37.71,38.18,37.24,37.75,15445117
2020-07-21,37.31,37.81,36.80,37.33,18421626,37.31,37.81,36.80,37.33,18421626,37.31,37.81,36.80,37.33,18421626
2020-07-22,36.11,36.69,35.53,36.04,22919143,36.11,36.69,35.53,36.04,22919143,36.11,36.69,35.53,36.04,22919143
2020-07-23,36.87,37.42,36.33,36.72,14562054,36.87,37.42,36.33,36.72,14562054,36.87,37.42,36.33,36.72,14562054
2020-07-24,36.93,37.32,36.53,36.92,21686174,36.93,37.32,36.53,36.92,21686174,36.93,37.32,36.53,36.92,21686174
2020-07-27,36.45,36.79,36.11,36.45,23777856,36.45,36.79,36.11,36.45,23777856,36.45,36.79,36.11,36.45,23777856
2020-07-28,38.51,39.06,37.95,38.50,23160821,38.51,39.06,37.95,38.50,23160821,38.51,39.06,37.95,38.50,23160821
2020-07-29,38.84,39.44,38.24,38.84,20391635,38.84,39.44,38.24,38.84,20391635,38.84,39.44,38.24,38.84,20391635
2020-07-30,38.69,39.39,37.98,38.39,14825135,38.69,39.39,37.98,38.39,14825135,38.69,39.39,37.98,38.39,14825135
2020-07-31,38.79,39.21,38.37,38.65,22498969,38.79,39.21,38.37,38.65,22498969,38.79,39.21,38.37,38.65,22498969
2020-08-03,39.33,39.59,39.07,39.21,25019739,39.33,39.59,39.07,39.21,25019739,39.33,39.59,39.07,39.21,25019739
2020-08-04,38.04,38.36,37.72,38.11,16129963,38.04,38.36,37.72,38.11,16129963,38.04,38.36,37.72,38.11,16129963
2020-08-05,38.56,38.92,38.19,38.48,22045408,38.56,38.92,38.19,38.48,22045408,38.56,38.92,38.19,38.48,22045408
2020-08-06,37.75,38.16,37.35,37.53,15214722,37.75,38.16,37.35,37.53,15214722,37.75,38.16,37.35,37.53,15214722
2020-08-07,38.63,38.94,38.33,38.63,17100336,38.63,38.94,38.33,38.63,17100336,38.63,38.94,38.33,38.63,17100336
2020-08-10,39.44,40.06,38.82,39.48,17158074,39.44,40.06,38.82,39.48,17158074,39.44,40.06,38.82,39.48,17158074
2020-08-11,40.05,40.63,39.48,40.07,24132178,40.05,40.63,39.48,40.07,24132178,40.05,40.63,39.48,40.07,24132178
2020-08-12,39.34,39.79,38.90,39.38,23700602,39.34,39.79,38.90,39.38,23700602,39.34,39.79,38.90,39.38,23700602
2020-08-13,40.00,40.62,39.39,39.98,23457792,40.00,40.62,39.39,39.98,23457792,40.00,40.62,39.39,39.98,23457792
2020-08-14,40.60,41.04,40.15,40.58,21699150,40.60,41.04,40.15,40.58,21699150,40.60,41.04,40.15,40.58,21699150
2020-08-17,40.50,41.06,39.95,40.49,16933508,40.50,41.06,39.95,40.49,16933508,40.50,41.06,39.95,40.49,16933508
2020-08-18,40.20,40.34,40.06,40.19,15281690,40.20,40.34,40.06,40.19,15281690,40.20,40.34,40.06,40.19,15281690
2020-08-19,40.17,40.46,39.88,40.04,12689361,40.17,40.46,39.88,40.04,12689361,40.17,40.46,39.88,40.04,12689361
2020-08-20,38.94,39.44,38.44,38.91,21837387,38.94,39.44,38.44,38.91,21837387,38.94,39.44,38.44,38.91,21837387
2020-08-21,39.31,39.84,38.78,39.35,22539196,39.31,39.84,38.78,39.35,22539196,39.31,39.84,38.78,39.35,22539196
2020-08-24,40.52,41.00,40.04,40.53,23400275,40.52,41.00,40.04,40.53,23400275,40.52,41.00,40.04,40.53,23400275
2020-08-25,40.10,40.40,39.80,40.01,20546417,40.10,40.40,39.80,40.01,20546417,40.10,40.40,39.80,40.01,20546417
2020-08-26,39.33,39.76,38.90,39.41,13711399,39.33,39.76,38.90,39.41,13711399,39.33,39.76,38.90,39.41,13711399
2020-08-27,39.10,39.34,38.86,39.07,18471603,39.10,39.34,38.86,39.07,18471603,39.10,39.34,38.86,39.07,18471603
2020-08-28,38.66,39.19,38.12,38.73,20921897,38.66,39.19,38.12,38.73,20921897,38.66,39.19,38.12,38.73,20921897
2020-08-31,38.78,39.14,38.43,38.50,17740123,38.78,39.14,38.43,38.50,17740123,38.78,39.14,38.43,38.50,17740123
2020-09-01,38.92,39.42,38.42,38.79,18163927,38.92,39.42,38.42,38.79,18163927,38.92,39.42,38.42,38.79,18163927
2020-09-02,39.29,39.60,38.99,39.11,24859402,39.29,39.60,38.99,39.11,24859402,39.29,39.60,38.99,39.11,24859402
2020-09-03,39.45,39.95,38.94,39.17,15745093,39.45,39.95,38.94,39.17,15745093,39.45,39.95,38.94,39.17,15745093
2020-09-04,38.94,39.39,38.49,38.98,16029509,38.94,39.39,38.49,38.98,16029509,38.94,39.39,38.49,38.98,16029509
2020-09-07,38.09,38.51,37.68,38.31,24152127,38.09,38.51,37.68,38.31,24152127,38.09,38.51,37.68,38.31,24152127
2020-09-08,38.30,38.50,38.10,38.37,18819816,38.30,38.50,38.10,38.37,18819816,38.30,38.50,38.10,38.37,18819816
2020-09-09,38.56,39.00,38.12,38.39,16909371,38.56,39.00,38.12,38.39,16909371,38.56,39.00,38.12,38.39,16909371
2020-09-10,38.60,39.03,38.17,38.74,13353956,38.60,39.03,38.17,38.74,13353956,38.60,39.03,38.17,38.74,13353956
2020-09-11,39.25,39.76,38.75,39.33,23909976,39.25,39.76,38.75,39.33,23909976,39.25,39.76,38.75,39.33,23909976
2020-09-14,40.14,40.78,39.49,39.92,20131955,40.14,40.78,39.49,39.92,20131955,40.14,40.78,39.49,39.92,20131955
2020-09-15,39.84,40.47,39.21,39.81,18191052,39.84,40.47,39.21,39.81,18191052,39.84,40.47,39.21,39.81,18191052
2020-09-16,39.10,39.69,38.50,39.12,16065407,39.10,39.69,38.50,39.12,16065407,39.10,39.69,38.50,39.12,16065407
2020-09-17,40.17,40.65,39.69,40.04,20600471,40.17,40.65,39.69,40.04,20600471,40.17,40.65,39.69,40.04,20600471
2020-09-18,39.65,39.97,39.33,39.44,17308351,39.65,39.97,39.33,39.44,17308351,39.65,39.97,39.33,39.44,17308351
2020-09-21,40.41,40.97,39.85,40.36,20810958,40.41,40.97,39.85,40.36,20810958,40.41,40.97,39.85,40.36,20810958
2020-09-22,41.19,41.62,40.77,40.83,13272557,41.19,41.62,40.77,40.83,13272557,41.19,41.62,40.77,40.83,13272557
2020-09-23,41.23,41.66,40.79,40.96,24278120,41.23,41.66,40.79,40.96,24278120,41.23,41.66,40.79,40.96,24278120
2020-09-24,41.43,42.00,40.85,41.75,12620435,41.43,42.00,40.85,41.75,12620435,41.43,42.00,40.85,41.75,12620435
2020-09-25,41.69,42.07,41.30,41.63,23857485,41.69,42.07,41.30,41.63,23857485,41.69,42.07,41.30,41.63,23857485
2020-09-28,41.84,42.27,41.41,41.87,18703492,41.84,42.27,41.41,41.87,18703492,41.84,42.27,41.41,41.87,18703492
2020-09-29,42.85,43.33,42.37,42.49,18652853,42.85,43.33,42.37,42.49,18652853,42.85,43.33,42.37,42.49,18652853
2020-09-30,43.48,44.18,42.78,43.33,23129718,43.48,44.18,42.78,43.33,23129718,43.48,44.18,42.78,43.33,23129718
2020-10-01,43.47,44.29,42.65,43.59,21721691,43.47,44.29,42.65,43.59,21721691,43.47,44.29,42.65,43.59,21721691
2020-10-02,43.52,44.00,43.04,43.29,18023687,43.52,44.00,43.04,43.29,18023687,43.52,44.00,43.04,43.29,18023687
2020-10-05,43.75,44.26,43.24,43.78,14543361,43.75,44.26,43.24,43.78,14543361,43.75,44.26,43.24,43.78,14543361
2020-10-06,43.69,44.01,43.36,43.72,21657960,43.69,44.01,43.36,43.72,21657960,43.69,44.01,43.36,43.72,21657960
2020-10-07,42.74,43.20,42.28,42.76,17380872,42.74,43.20,42.28,42.76,17380872,42.74,43.20,42.28,42.76,17380872
2020-10-08,43.22,43.56,42.88,43.34,19679863,43.22,43.56,42.88,43.34,19679863,43.22,43.56,42.88,43.34,19679863
2020-10-09,42.95,43.39,42.51,43.03,18898131,42.95,43.39,42.51,43.03,18898131,42.95,43.39,42.51,43.03,18898131
2020-10-12,42.06,42.77,41.36,42.16,25084592,42.06,42.77,41.36,42.16,25084592,42.06,42.77,41.36,42.16,25084592
2020-10-13,42.77,43.38,42.16,42.65,23104277,42.77,43.38,42.16,42.65,23104277,42.77,43.38,42.16,42.65,23104277
2020-10-14,43.05,43.47,42.63,42.91,22487031,43.05,43.47,42.63,42.91,22487031,43.05,43.47,42.63,42.91,22487031
2020-10-15,42.20,42.50,41.89,42.35,20874046,42.20,42.50,41.89,42.35,20874046,42.20,42.50,41.89,42.35,20874046
2020-10-16,42.29,43.00,41.59,42.34,14199881,42.29,43.00,41.59,42.34,14199881,42.29,43.00,41.59,42.34,14199881
2020-10-19,43.84,44.07,43.61,43.88,24471371,43.84,44.07,43.61,43.88,24471371,43.84,44.07,43.61,43.88,24471371
2020-10-20,44.04,44.67,43.42,44.12,22055295,44.04,44.67,43.42,44.12,22055295,44.04,44.67,43.42,44.12,22055295
2020-10-21,43.29,44.12,42.46,43.20,22134266,43.29,44.12,42.46,43.20,22134266,43.29,44.12,42.46,43.20,22134266
2020-10-22,42.78,43.47,42.08,42.79,15894239,42.78,43.47,42.08,42.79,15894239,42.78,43.47,42.08,42.79,15894239
2020-10-23,42.53,43.03,42.03,42.58,13924474,42.53,43.03,42.03,42.58,13924474,42.53,43.03,42.03,42.58,13924474
2020-10-26,42.93,43.18,42.67,42.86,15402308,42.93,43.18,42.67,42.86,15402308,42.93,43.18,42.67,42.86,15402308
2020-10-27,42.35,43.22,41.48,42.36,17921140,42.35,43.22,41.48,42.36,17921140,42.35,43.22,41.48,42.36,17921140
2020-10-28,41.70,42.23,41.16,41.77,24833789,41.70,42.23,41.16,41.77,24833789,41.70,42.23,41.16,41.77,24833789
2020-10-29,41.07,41.54,40.60,40.87,24083468,41.07,41.54,40.60,40.87,24083468,41.07,41.54,40.60,40.87,24083468
2020-10-30,39.87,40.34,39.40,39.99,12738372,39.87,40.34,39.40,39.99,12738372,39.87,40.34,39.40,39.99,12738372
2020-11-02,40.36,40.96,39.76,40.15,20174243,40.36,40.96,39.76,40.15,20174243,40.36,40.96,39.76,40.15,20174243
2020-11-03,42.34,42.96,41.73,42.48,17087938,42.34,42.96,41.73,42.48,17087938,42.34,42.96,41.73,42.48,17087938
2020-11-04,43.26,43.56,42.96,43.42,24998275,43.26,43.56,42.96,43.42,24998275,43.26,43.56,42.96,43.42,24998275
2020-11-05,43.28,43.76,42.81,43.32,20901586,43.28,43.76,42.81,43.32,20901586,43.28,43.76,42.81,43.32,20901586
2020-11-06,43.49,44.04,42.93,43.35,23941855,43.49,44.04,42.93,43.35,23941855,43.49,44.04,42.93,43.35,23941855
2020-11-09,44.41,44.64,44.17,44.56,17734969,44.41,44.64,44.17,44.56,17734969,44.41,44.64,44.17,44.56,17734969
2020-11-10,45.27,45.95,44.58,45.26,13212995,45.27,45.95,44.58,45.26,13212995,45.27,45.95,44.58,45.26,13212995
2020-11-11,46.09,46.19,45.99,45.99,12996105,46.09,46.19,45.99,45.99,12996105,46.09,46.19,45.99,45.99,12996105
2020-11-12,47.47,47.90,47.04,47.23,18224297,47.47,47.90,47.04,47.23,18224297,47.47,47.90,47.04,47.23,18224297
2020-11-13,46.68,47.21,46.14,46.70,13578928,46.68,47.21,46.14,46.70,13578928,46.68,47.21,46.14,46.70,13578928
2020-11-16,45.24,45.64,44.83,45.11,19671777,45.24,45.64,44.83,45.11,19671777,45.24,45.64,44.83,45.11,19671777
2020-11-17,44.50,44.90,44.09,44.62,16697881,44.50,44.90,44.09,44.62,16697881,44.50,44.90,44.09,44.62,16697881
2020-11-18,45.26,45.82,44.70,45.05,24870315,45.26,45.82,44.70,45.05,24870315,45.26,45.82,44.70,45.05,24870315
2020-11-19,46.27,46.50,46.03,46.10,21190493,46.27,46.50,46.03,46.10,21190493,46.27,46.50,46.03,46.10,21190493
2020-11-20,46.05,46.33,45.78,46.17,13951094,46.05,46.33,45.78,46.17,13951094,46.05,46.33,45.78,46.17,13951094
2020-11-23,46.48,46.98,45.99,46.56,24035977,46.48,46.98,45.99,46.56,24035977,46.48,46.98,45.99,46.56,24035977
2020-11-24,46.00,46.27,45.74,45.90,22618637,46.00,46.27,45.74,45.90,22618637,46.00,46.27,45.74,45.90,22618637
2020-11-25,45.89,46.51,45.28,45.61,19018944,45.89,46.51,45.28,45.61,19018944,45.89,46.51,45.28,45.61,19018944
2020-11-26,45.63,46.12,45.14,45.76,13852822,45.63,46.12,45.14,45.76,13852822,45.63,46.12,45.14,45.76,13852822
2020-11-27,45.55,45.99,45.10,45.35,25099983,45.55,45.99,45.10,45.35,25099983,45.55,45.99,45.10,45.35,25099983
2020-11-30,46.15,46.60,45.71,46.18,22335754,46.15,46.60,45.71,46.18,22335754,46.15,46.60,45.71,46.18,22335754
2020-12-01,47.69,48.04,47.33,47.81,22735142,47.69,48.04,47.33,47.81,22735142,47.69,48.04,47.33,47.81,22735142
2020-12-02,48.87,49.42,48.33,48.57,13851470,48.87,49.42,48.33,48.57,13851470,48.87,49.42,48.33,48.57,13851470
2020-12-03,48.73,49.30,48.17,48.67,14555691,48.73,49.30,48.17,48.67,14555691,48.73,49.30,48.17,48.67,14555691
2020-12-04,49.15,49.56,48.74,48.85,24956744,49.15,49.56,48.74,48.85,24956744,49.15,49.56,48.74,48.85,24956744
2020-12-07,48.60,49.12,48.08,48.46,25103345,48.60,49.12,48.08,48.46,25103345,48.60,49.12,48.08,48.46,25103345
2020-12-08,49.86,50.76,48.96,50.02,19621541,49.86,50.76,48.96,50.02,19621541,49.86,50.76,48.96,50.02,19621541
2020-12-09,51.62,52.27,50.98,51.44,16519449,51.62,52.27,50.98,51.44,16519449,51.62,52.27,50.98,51.44,16519449
2020-12-10,49.91,50.57,49.25,49.90,13009936,49.91,50.57,49.25,49.90,13009936,49.91,50.57,49.25,49.90,13009936
2020-12-11,51.37,51.88,50.86,51.20,16175107,51.37,51.88,50.86,51.20,16175107,51.37,51.88,50.86,51.20,16175107
2020-12-14,49.83,50.33,49.33,49.72,20392131,49.83,50.33,49.33,49.72,20392131,49.83,50.33,49.33,49.72,20392131
2020-12-15,50.75,51.22,50.28,50.75,21583643,50.75,51.22,50.28,50.75,21583643,50.75,51.22,50.28,50.75,21583643
2020-12-16,50.25,50.86,49.64,50.66,14520371,50.25,50.86,49.64,50.66,14520371,50.25,50.86,49.64,50.66,14520371
2020-12-17,51.11,51.79,50.44,51.20,13335196,51.11,51.79,50.44,51.20,13335196,51.11,51.79,50.44,51.20,13335196
2020-12-18,49.95,50.39,49.50,49.83,20211816,49.95,50.39,49.50,49.83,20211816,49.95,50.39,49.50,49.83,20211816
2020-12-21,49.10,49.50,48.70,49.03,21017011,49.10,49.50,48.70,49.03,21017011,49.10,49.50,48.70,49.03,21017011
2020-12-22,49.58,50.20,48.97,49.61,15125464,49.58,50.20,48.97,49.61,15125464,49.58,50.20,48.97,49.61,15125464
2020-12-23,50.02,50.75,49.30,49.84,18025681,50.02,50.75,49.30,49.84,18025681,50.02,50.75,49.30,49.84,18025681
2020-12-24,50.26,50.72,49.80,50.40,17479103,50.26,50.72,49.80,50.40,17479103,50.26,50.72,49.80,50.40,17479103
2020-12-25,52.15,53.14,51.16,52.08,13931233,52.15,53.14,51.16,52.08,13931233,52.15,53.14,51.16,52.08,13931233
2020-12-28,52.88,53.26,52.51,52.82,20755370,52.88,53.26,52.51,52.82,20755370,52.88,53.26,52.51,52.82,20755370
2020-12-29,51.58,52.34,50.82,51.82,22504254,51.58,52.34,50.82,51.82,22504254,51.58,52.34,50.82,51.82,22504254
2020-12-30,51.75,52.28,51.22,51.57,12656985,51.75,52.28,51.22,51.57,12656985,51.75,52.28,51.22,51.57,12656985
2020-12-31,52.99,53.59,52.39,52.62,22233317,52.99,53.59,52.39,52.62,22233317,52.99,53.59,52.39,52.62,22233317
2021-01-01,52.59,53.38,51.80,52.55,22105367,52.59,53.38,51.80,52.55,22105367,52.59,53.38,51.80,52.55,22105367
2021-01-04,52.67,53.52,51.81,52.59,23055295,52.67,53.52,51.81,52.59,23055295,52.67,53.52,51.81,52.59,23055295
2021-01-05,53.59,53.90,53.28,53.45,22676035,53.59,53.90,53.28,53.45,22676035,53.59,53.90,53.28,53.45,22676035
2021-01-06,53.80,54.65,52.95,53.59,17829270,53.80,54.65,52.95,53.59,17829270,53.80,54.65,52.95,53.59,17829270
2021-01-07,53.32,54.04,52.60,53.52,16503936,53.32,54.04,52.60,53.52,16503936,53.32,54.04,52.60,53.52,16503936
2021-01-08,54.75,55.43,54.07,54.64,13957555,54.75,55.43,54.07,54.64,13957555,54.75,55.43,54.07,54.64,13957555
2021-01-11,55.52,56.19,54.84,55.70,23539948,55.52,56.19,54.84,55.70,23539948,55.52,56.19,54.84,55.70,23539948
2021-01-12,56.30,56.66,55.94,56.21,13233278,56.30,56.66,55.94,56.21,13233278,56.30,56.66,55.94,56.21,13233278
2021-01-13,55.13,55.36,54.91,55.35,13377298,55.13,55.36,54.91,55.35,13377298,55.13,55.36,54.91,55.35,13377298
2021-01-14,55.34,55.53,55.15,55.29,24629906,55.34,55.53,55.15,55.29,24629906,55.34,55.53,55.15,55.29,24629906
2021-01-15,55.93,56.74,55.12,55.71,22960463,55.93,56.74,55.12,55.71,22960463,55.93,56.74,55.12,55.71,22960463
2021-01-18,55.57,56.63,54.52,55.42,15444112,55.57,56.63,54.52,55.42,15444112,55.57,56.63,54.52,55.42,15444112
2021-01-19,55.59,56.18,55.01,55.04,23080477,55.59,56.18,55.01,55.04,23080477,55.59,56.18,55.01,55.04,23080477
2021-01-20,55.52,55.95,55.10,55.88,22497820,55.52,55.95,55.10,55.88,22497820,55.52,55.95,55.10,55.88,22497820
2021-01-21,55.29,55.73,54.84,55.38,21089382,55.29,55.73,54.84,55.38,21089382,55.29,55.73,54.84,55.38,21089382
2021-01-22,56.40,56.92,55.87,56.45,14158181,56.40,56.92,55.87,56.45,14158181,56.40,56.92,55.87,56.45,14158181
2021-01-25,55.90,56.96,54.83,55.71,18423008,55.90,56.96,54.83,55.71,18423008,55.90,56.96,54.83,55.71,18423008
2021-01-26,56.61,57.35,55.86,56.57,24311711,56.61,57.35,55.86,56.57,24311711,56.61,57.35,55.86,56.57,24311711
2021-01-27,57.28,58.10,56.46,56.90,17606972,57.28,58.10,56.46,56.90,17606972,57.28,58.10,56.46,56.90,17606972
2021-01-28,56.99,57.95,56.02,57.04,15838278,56.99,57.95,56.02,57.04,15838278,56.99,57.95,56.02,57.04,15838278
2021-01-29,57.77,58.02,57.52,57.56,19681860,57.77,58.02,57.52,57.56,19681860,57.77,58.02,57.52,57.56,19681860
2021-02-01,57.61,58.25,56.98,57.48,16910124,57.61,58.25,56.98,57.48,16910124,57.61,58.25,56.98,57.48,16910124
2021-02-02,56.59,57.36,55.82,56.21,20686548,56.59,57.36,55.82,56.21,20686548,56.59,57.36,55.82,56.21,20686548
2021-02-03,57.61,58.28,56.94,57.60,14081395,57.61,58.28,56.94,57.60,14081395,57.61,58.28,56.94,57.60,14081395
2021-02-04,59.22,59.94,58.49,58.73,13391923,59.22,59.94,58.49,58.73,13391923,59.22,59.94,58.49,58.73,13391923
2021-02-05,58.31,58.82,57.80,57.99,12729596,58.31,58.82,57.80,57.99,12729596,58.31,58.82,57.80,57.99,12729596
2021-02-08,58.22,58.92,57.52,57.76,24622023,58.22,58.92,57.52,57.76,24622023,58.22,58.92,57.52,57.76,24622023
2021-02-09,57.13,57.90,56.36,57.01,15010039,57.13,57.90,56.36,57.01,15010039,57.13,57.90,56.36,57.01,15010039
2021-02-10,54.84,55.45,54.24,54.88,16253660,54.84,55.45,54.24,54.88,16253660,54.84,55.45,54.24,54.88,16253660
2021-02-11,53.92,54.61,53.22,53.91,21313352,53.92,54.61,53.22,53.91,21313352,53.92,54.61,53.22,53.91,21313352
2021-02-12,53.92,54.66,53.18,54.08,17202997,53.92,54.66,53.18,54.08,17202997,53.92,54.66,53.18,54.08,17202997
2021-02-15,55.30,55.56,55.05,55.25,13869401,55.30,55.56,55.05,55.25,13869401,55.30,55.56,55.05,55.25,13869401
2021-02-16,57.19,58.11,56.26,57.09,15072098,57.19,58.11,56.26,57.09,15072098,57.19,58.11,56.26,57.09,15072098
2021-02-17,57.73,58.38,57.08,57.60,23639933,57.73,58.38,57.08,57.60,23639933,57.73,58.38,57.08,57.60,23639933
2021-02-18,56.54,57.35,55.74,56.29,15318487,56.54,57.35,55.74,56.29,15318487,56.54,57.35,55.74,56.29,15318487
2021-02-19,56.20,56.79,55.61,55.90,24219258,56.20,56.79,55.61,55.90,24219258,56.20,56.79,55.61,55.90,24219258
2021-02-22,55.71,56.52,54.90,55.93,24974802,55.71,56.52,54.90,55.93,24974802,55.71,56.52,54.90,55.93,24974802
2021-02-23,55.72,56.38,55.06,55.90,14000292,55.72,56.38,55.06,55.90,14000292,55.72,56.38,55.06,55.90,14000292
2021-02-24,55.07,55.77,54.38,54.97,18318893,55.07,55.77,54.38,54.97,18318893,55.07,55.77,54.38,54.97,18318893
2021-02-25,54.70,54.88,54.52,54.70,18436807,54.70,54.88,54.52,54.70,18436807,54.70,54.88,54.52,54.70,18436807
2021-02-26,52.61,52.98,52.25,52.59,19456769,52.61,52.98,52.25,52.59,19456769,52.61,52.98,52.25,52.59,19456769
2021-03-01,53.70,54.18,53.23,53.51,15022886,53.70,54.18,53.23,53.51,15022886,53.70,54.18,53.23,53.51,15022886
2021-03-02,53.11,53.61,52.61,53.13,22450732,53.11,53.61,52.61,53.13,22450732,53.11,53.61,52.61,53.13,22450732
2021-03-03,53.95,54.69,53.22,53.79,18639425,53.95,54.69,53.22,53.79,18639425,53.95,54.69,53.22,53.79,18639425
2021-03-04,54.57,55.01,54.13,54.71,19054870,54.57,55.01,54.13,54.71,19054870,54.57,55.01,54.13,54.71,19054870
2021-03-05,56.46,57.01,55.90,56.27,20128028,56.46,57.01,55.90,56.27,20128028,56.46,57.01,55.90,56.27,20128028
2021-03-08,56.16,56.76,55.56,56.02,20107585,56.16,56.76,55.56,56.02,20107585,56.16,56.76,55.56,56.02,20107585
2021-03-09,57.24,58.01,56.47,57.00,14047681,57.24,58.01,56.47,57.00,14047681,57.24,58.01,56.47,57.00,14047681
2021-03-10,54.42,54.86,53.97,54.71,19902401,54.42,54.86,53.97,54.71,19902401,54.42,54.86,53.97,54.71,19902401
2021-03-11,55.57,56.26,54.89,55.54,22913142,55.57,56.26,54.89,55.54,22913142,55.57,56.26,54.89,55.54,22913142
2021-03-12,56.60,57.43,55.77,56.18,22605461,56.60,57.43,55.77,56.18,22605461,56.60,57.43,55.77,56.18,22605461
2021-03-15,56.92,57.55,56.29,56.89,17765267,56.92,57.55,56.29,56.89,17765267,56.92,57.55,56.29,56.89,17765267
2021-03-16,56.86,57.15,56.57,56.90,18729761,56.86,57.15,56.57,56.90,18729761,56.86,57.15,56.57,56.90,18729761
2021-03-17,56.74,57.23,56.26,56.80,19345973,56.74,57.23,56.26,56.80,19345973,56.74,57.23,56.26,56.80,19345973
2021-03-18,57.14,57.42,56.85,56.99,18604626,57.14,57.42,56.85,56.99,18604626,57.14,57.42,56.85,56.99,18604626
2021-03-19,56.71,57.33,56.09,56.54,13269717,56.71,57.33,56.09,56.54,13269717,56.71,57.33,56.09,56.54,13269717
2021-03-22,55.91,56.44,55.38,56.08,18112979,55.91,56.44,55.38,56.08,18112979,55.91,56.44,55.38,56.08,18112979
2021-03-23,55.87,56.77,54.97,55.58,16040080,55.87,56.77,54.97,55.58,16040080,55.87,56.77,54.97,55.58,16040080
2021-03-24,55.89,56.08,55.70,55.86,22806051,55.89,56.08,55.70,55.86,22806051,55.89,56.08,55.70,55.86,22806051
2021-03-25,55.77,56.46,55.09,55.86,23753632,55.77,56.46,55.09,55.86,23753632,55.77,56.46,55.09,55.86,23753632
2021-03-26,56.59,57.36,55.82,56.35,13050598,56.59,57.36,55.82,56.35,13050598,56.59,57.36,55.82,56.35,13050598
2021-03-29,56.84,57.35,56.32,56.89,17816226,56.84,57.35,56.32,56.89,17816226,56.84,57.35,56.32,56.89,17816226
2021-03-30,56.94,57.51,56.37,56.73,21333361,56.94,57.51,56.37,56.73,21333361,56.94,57.51,56.37,56.73,21333361
2021-03-31,57.82,58.59,57.04,57.68,24831766,57.82,58.59,57.04,57.68,24831766,57.82,58.59,57.04,57.68,24831766
2021-04-01,57.15,57.55,56.76,57.07,19857316,57.15,57.55,56.76,57.07,19857316,57.15,57.55,56.76,57.07,19857316
2021-04-02,56.68,57.39,55.97,56.40,23617020,56.68,57.39,55.97,56.40,23617020,56.68,57.39,55.97,56.40,23617020
2021-04-05,57.42,57.94,56.90,57.07,17108169,57.42,57.94,56.90,57.07,17108169,57.42,57.94,56.90,57.07,17108169
2021-04-06,55.63,56.23,55.04,55.94,22167410,55.63,56.23,55.04,55.94,22167410,55.63,56.23,55.04,55.94,22167410
2021-04-07,55.82,56.14,55.51,55.95,23364192,55.82,56.14,55.51,55.95,23364192,55.82,56.14,55.51,55.95,23364192
2021-04-08,56.18,56.81,55.55,55.84,14478631,56.18,56.81,55.55,55.84,14478631,56.18,56.81,55.55,55.84,14478631
2021-04-09,57.69,58.33,57.06,57.31,22294562,57.69,58.33,57.06,57.31,22294562,57.69,58.33,57.06,57.31,22294562
2021-04-12,55.68,56.13,55.24,55.49,19735131,55.68,56.13,55.24,55.49,19735131,55.68,56.13,55.24,55.49,19735131
2021-04-13,56.39,57.25,55.53,56.31,15995300,56.39,57.25,55.53,56.31,15995300,56.39,57.25,55.53,56.31,15995300
2021-04-14,56.39,56.93,55.85,56.27,14601660,56.39,56.93,55.85,56.27,14601660,56.39,56.93,55.85,56.27,14601660
2021-04-15,56.41,56.99,55.83,56.40,20058038,56.41,56.99,55.83,56.40,20058038,56.41,56.99,55.83,56.40,20058038
2021-04-16,56.47,56.88,56.05,56.77,15980038,56.47,56.88,56.05,56.77,15980038,56.47,56.88,56.05,56.77,15980038
2021-04-19,56.43,56.94,55.92,56.81,17917198,56.43,56.94,55.92,56.81,17917198,56.43,56.94,55.92,56.81,17917198
2021-04-20,57.01,57.57,56.45,56.98,18071797,57.01,57.57,56.45,56.98,18071797,57.01,57.57,56.45,56.98,18071797
2021-04-21,55.39,55.61,55.18,55.57,15654056,55.39,55.61,55.18,55.57,15654056,55.39,55.61,55.18,55.57,15654056
2021-04-22,54.93,55.63,54.23,54.99,23219537,54.93,55.63,54.23,54.99,23219537,54.93,55.63,54.23,54.99,23219537
2021-04-23,54.31,55.21,53.40,54.33,22821949,54.31,55.21,53.40,54.33,22821949,54.31,55.21,53.40,54.33,22821949
2021-04-26,54.29,54.77,53.80,54.41,19159010,54.29,54.77,53.80,54.41,19159010,54.29,54.77,53.80,54.41,19159010
2021-04-27,54.11,54.86,53.37,54.06,18474276,54.11,54.86,53.37,54.06,18474276,54.11,54.86,53.37,54.06,18474276
2021-04-28,53.40,54.25,52.54,53.61,15544062,53.40,54.25,52.54,53.61,15544062,53.40,54.25,52.54,53.61,15544062
2021-04-29,54.21,54.80,53.62,53.89,12978021,54.21,54.80,53.62,53.89,12978021,54.21,54.80,53.62,53.89,12978021
2021-04-30,55.33,56.07,54.60,54.99,23662928,55.33,56.07,54.60,54.99,23662928,55.33,56.07,54.60,54.99,23662928
2021-05-03,55.90,56.70,55.11,55.91,18551419,55.90,56.70,55.11,55.91,18551419,55.90,56.70,55.11,55.91,18551419
2021-05-04,57.40,58.28,56.51,57.38,17755668,57.40,58.28,56.51,57.38,17755668,57.40,58.28,56.51,57.38,17755668
2021-05-05,56.57,57.13,56.00,56.68,21535436,56.57,57.13,56.00,56.68,21535436,56.57,57.13,56.00,56.68,21535436
2021-05-06,57.82,58.77,56.87,57.58,23049213,57.82,58.77,56.87,57.58,23049213,57.82,58.77,56.87,57.58,23049213
2021-05-07,58.12,58.72,57.51,57.92,18267032,58.12,58.72,57.51,57.92,18267032,58.12,58.72,57.51,57.92,18267032
2021-05-10,58.77,59.37,58.16,58.77,22485952,58.77,59.37,58.16,58.77,22485952,58.77,59.37,58.16,58.77,22485952
2021-05-11,62.08,62.96,61.20,61.87,13896552,62.08,62.96,61.20,61.87,13896552,62.08,62.96,61.20,61.87,13896552
2021-05-12,61.48,62.13,60.83,61.25,15604109,61.48,62.13,60.83,61.25,15604109,61.48,62.13,60.83,61.25,15604109
2021-05-13,60.67,61.66,59.69,60.68,15495244,60.67,61.66,59.69,60.68,15495244,60.67,61.66,59.69,60.68,15495244
2021-05-14,60.45,60.80,60.10,60.16,14437279,60.45,60.80,60.10,60.16,14437279,60.45,60.80,60.10,60.16,14437279
2021-05-17,58.87,59.59,58.15,58.81,13973990,58.87,59.59,58.15,58.81,13973990,58.87,59.59,58.15,58.81,13973990
2021-05-18,59.74,60.24,59.24,59.79,24296139,59.74,60.24,59.24,59.79,24296139,59.74,60.24,59.24,59.79,24296139
2021-05-19,60.31,60.98,59.65,59.86,14926240,60.31,60.98,59.65,59.86,14926240,60.31,60.98,59.65,59.86,14926240
2021-05-20,60.98,61.59,60.37,61.10,24814489,60.98,61.59,60.37,61.10,24814489,60.98,61.59,60.37,61.10,24814489
2021-05-21,61.68,62.26,61.11,61.52,24676964,61.68,62.26,61.11,61.52,24676964,61.68,62.26,61.11,61.52,24676964
2021-05-24,63.40,64.53,62.28,63.11,14807725,63.40,64.53,62.28,63.11,14807725,63.40,64.53,62.28,63.11,14807725
2021-05-25,63.18,63.52,62.83,63.48,16789768,63.18,63.52,62.83,63.48,16789768,63.18,63.52,62.83,63.48,16789768
2021-05-26,63.60,64.51,62.68,63.81,16081515,63.60,64.51,62.68,63.81,16081515,63.60,64.51,62.68,63.81,16081515
2021-05-27,60.96,61.71,60.21,60.95,12608747,60.96,61.71,60.21,60.95,12608747,60.96,61.71,60.21,60.95,12608747
2021-05-28,61.00,61.88,60.13,61.01,21527931,61.00,61.88,60.13,61.01,21527931,61.00,61.88,60.13,61.01,21527931
2021-05-31,61.13,61.91,60.35,61.19,24896349,61.13,61.91,60.35,61.19,24896349,61.13,61.91,60.35,61.19,24896349
2021-06-01,63.67,64.49,62.84,63.54,22273977,63.67,64.49,62.84,63.54,22273977,63.67,64.49,62.84,63.54,22273977
2021-06-02,62.97,63.51,62.44,62.72,17555926,62.97,63.51,62.44,62.72,17555926,62.97,63.51,62.44,62.72,17555926
2021-06-03,62.81,63.62,62.00,62.71,12634908,62.81,63.62,62.00,62.71,12634908,62.81,63.62,62.00,62.71,12634908
2021-06-04,64.66,65.45,63.86,64.44,24541712,64.66,65.45,63.86,64.44,24541712,64.66,65.45,63.86,64.44,24541712
2021-06-07,64.48,65.33,63.62,64.57,22486677,64.48,65.33,63.62,64.57,22486677,64.48,65.33,63.62,64.57,22486677
2021-06-08,66.48,67.53,65.43,66.38,13528071,66.48,67.53,65.43,66.38,13528071,66.48,67.53,65.43,66.38,13528071
2021-06-09,68.37,69.17,67.57,68.17,15260111,68.37,69.17,67.57,68.17,15260111,68.37,69.17,67.57,68.17,15260111
2021-06-10,68.27,69.42,67.12,68.23,14210381,68.27,69.42,67.12,68.23,14210381,68.27,69.42,67.12,68.23,14210381
2021-06-11,68.08,69.04,67.11,68.25,14887751,68.08,69.04,67.11,68.25,14887751,68.08,69.04,67.11,68.25,14887751
2021-06-14,68.01,68.67,67.36,67.98,17638425,68.01,68.67,67.36,67.98,17638425,68.01,68.67,67.36,67.98,17638425
2021-06-15,67.00,67.45,66.55,66.94,16629392,67.00,67.45,66.55,66.94,16629392,67.00,67.45,66.55,66.94,16629392
2021-06-16,65.48,66.05,64.92,66.04,13399432,65.48,66.05,64.92,66.04,13399432,65.48,66.05,64.92,66.04,13399432
2021-06-17,67.48,68.16,66.81,67.43,19736405,67.48,68.16,66.81,67.43,19736405,67.48,68.16,66.81,67.43,19736405
2021-06-18,67.68,68.49,66.87,67.35,21831076,67.68,68.49,66.87,67.35,21831076,67.68,68.49,66.87,67.35,21831076
2021-06-21,70.51,70.79,70.22,70.40,14356142,70.51,70.79,70.22,70.40,14356142,70.51,70.79,70.22,70.40,14356142
2021-06-22,71.30,71.90,70.69,71.32,16567279,71.30,71.90,70.69,71.32,16567279,71.30,71.90,70.69,71.32,16567279
2021-06-23,74.35,75.27,73.42,73.56,15644354,74.35,75.27,73.42,73.56,15644354,74.35,75.27,73.42,73.56,15644354
2021-06-24,71.85,72.31,71.39,71.63,13690827,71.85,72.31,71.39,71.63,13690827,71.85,72.31,71.39,71.63,13690827
2021-06-25,71.09,71.45,70.73,71.07,14495019,71.09,71.45,70.73,71.07,14495019,71.09,71.45,70.73,71.07,14495019
2021-06-28,73.14,73.86,72.42,73.07,14617056,73.14,73.86,72.42,73.07,14617056,73.14,73.86,72.42,73.07,14617056
2021-06-29,70.92,71.79,70.05,71.10,15814506,70.92,71.79,70.05,71.10,15814506,70.92,71.79,70.05,71.10,15814506
2021-06-30,71.84,72.58,71.10,71.88,24698723,71.84,72.58,71.10,71.88,24698723,71.84,72.58,71.10,71.88,24698723
2021-07-01,70.45,71.57,69.33,70.33,15916314,70.45,71.57,69.33,70.33,15916314,70.45,71.57,69.33,70.33,15916314
2021-07-02,69.64,70.45,68.83,70.02,17543791,69.64,70.45,68.83,70.02,17543791,69.64,70.45,68.83,70.02,17543791
2021-07-05,70.70,71.42,69.98,70.50,18746093,70.70,71.42,69.98,70.50,18746093,70.70,71.42,69.98,70.50,18746093
2021-07-06,69.09,70.14,68.03,69.53,22749662,69.09,70.14,68.03,69.53,22749662,69.09,70.14,68.03,69.53,22749662
2021-07-07,69.10,70.24,67.97,68.93,19751376,69.10,70.24,67.97,68.93,19751376,69.10,70.24,67.97,68.93,19751376
2021-07-08,69.25,70.36,68.15,68.92,14518916,69.25,70.36,68.15,68.92,14518916,69.25,70.36,68.15,68.92,14518916
2021-07-09,68.51,68.94,68.08,68.43,19588892,68.51,68.94,68.08,68.43,19588892,68.51,68.94,68.08,68.43,19588892
2021-07-12,70.89,71.64,70.14,70.42,17877455,70.89,71.64,70.14,70.42,17877455,70.89,71.64,70.14,70.42,17877455
2021-07-13,69.82,70.81,68.84,70.09,13809873,69.82,70.81,68.84,70.09,13809873,69.82,70.81,68.84,70.09,13809873
2021-07-14,71.30,72.25,70.35,71.22,21710832,71.30,72.25,70.35,71.22,21710832,71.30,72.25,70.35,71.22,21710832
2021-07-15,70.09,70.95,69.23,69.86,14899558,70.09,70.95,69.23,69.86,14899558,70.09,70.95,69.23,69.86,14899558
2021-07-16,69.92,70.70,69.14,70.33,24356154,69.92,70.70,69.14,70.33,24356154,69.92,70.70,69.14,70.33,24356154
2021-07-19,68.82,69.56,68.09,68.78,19133842,68.82,69.56,68.09,68.78,19133842,68.82,69.56,68.09,68.78,19133842
2021-07-20,69.87,70.76,68.98,69.54,16224310,69.87,70.76,68.98,69.54,16224310,69.87,70.76,68.98,69.54,16224310
2021-07-21,69.60,70.28,68.93,69.56,15955449,69.60,70.28,68.93,69.56,15955449,69.60,70.28,68.93,69.56,15955449
2021-07-22,70.09,71.14,69.04,70.00,18088012,70.09,71.14,69.04,70.00,18088012,70.09,71.14,69.04,70.00,18088012
2021-07-23,69.92,70.53,69.30,69.57,16541228,69.92,70.53,69.30,69.57,16541228,69.92,70.53,69.30,69.57,16541228
2021-07-26,67.59,68.03,67.15,67.44,12826840,67.59,68.03,67.15,67.44,12826840,67.59,68.03,67.15,67.44,12826840
2021-07-27,69.32,69.95,68.70,68.73,18069579,69.32,69.95,68.70,68.73,18069579,69.32,69.95,68.70,68.73,18069579
2021-07-28,68.06,68.95,67.18,68.08,21815102,68.06,68.95,67.18,68.08,21815102,68.06,68.95,67.18,68.08,21815102
2021-07-29,67.82,68.53,67.11,67.77,21630248,67.82,68.53,67.11,67.77,21630248,67.82,68.53,67.11,67.77,21630248
2021-07-30,66.80,67.81,65.79,66.76,24100807,66.80,67.81,65.79,66.76,24100807,66.80,67.81,65.79,66.76,24100807
2021-08-02,65.69,66.51,64.86,65.56,17123920,65.69,66.51,64.86,65.56,17123920,65.69,66.51,64.86,65.56,17123920
2021-08-03,68.25,68.68,67.82,67.94,15613071,68.25,68.68,67.82,67.94,15613071,68.25,68.68,67.82,67.94,15613071
2021-08-04,65.92,67.02,64.82,65.84,16630028,65.92,67.02,64.82,65.84,16630028,65.92,67.02,64.82,65.84,16630028
2021-08-05,66.05,66.89,65.21,65.67,15126585,66.05,66.89,65.21,65.67,15126585,66.05,66.89,65.21,65.67,15126585
2021-08-06,64.89,66.15,63.63,64.76,25113468,64.89,66.15,63.63,64.76,25113468,64.89,66.15,63.63,64.76,25113468
2021-08-09,64.74,65.45,64.03,64.78,15429353,64.74,65.45,64.03,64.78,15429353,64.74,65.45,64.03,64.78,15429353
2021-08-10,66.47,67.24,65.69,66.66,13213311,66.47,67.24,65.69,66.66,13213311,66.47,67.24,65.69,66.66,13213311
2021-08-11,66.76,67.23,66.28,66.71,21976554,66.76,67.23,66.28,66.71,21976554,66.76,67.23,66.28,66.71,21976554
2021-08-12,66.50,67.12,65.88,66.33,15881801,66.50,67.12,65.88,66.33,15881801,66.50,67.12,65.88,66.33,15881801
2021-08-13,68.24,68.89,67.59,67.85,21047351,68.24,68.89,67.59,67.85,21047351,68.24,68.89,67.59,67.85,21047351
2021-08-16,69.51,69.98,69.04,69.81,21736378,69.51,69.98,69.04,69.81,21736378,69.51,69.98,69.04,69.81,21736378
2021-08-17,70.17,70.90,69.45,69.94,13453352,70.17,70.90,69.45,69.94,13453352,70.17,70.90,69.45,69.94,13453352
2021-08-18,74.31,75.26,73.37,74.25,12993005,74.31,75.26,73.37,74.25,12993005,74.31,75.26,73.37,74.25,12993005
2021-08-19,75.23,76.03,74.42,75.37,13174560,75.23,76.03,74.42,75.37,13174560,75.23,76.03,74.42,75.37,13174560
2021-08-20,75.82,76.13,75.50,75.64,24480985,75.82,76.13,75.50,75.64,24480985,75.82,76.13,75.50,75.64,24480985
2021-08-23,75.46,76.36,74.55,75.62,18579606,75.46,76.36,74.55,75.62,18579606,75.46,76.36,74.55,75.62,18579606
2021-08-24,77.68,78.84,76.52,77.86,17798326,77.68,78.84,76.52,77.86,17798326,77.68,78.84,76.52,77.86,17798326
2021-08-25,74.61,75.78,73.44,74.76,23030036,74.61,75.78,73.44,74.76,23030036,74.61,75.78,73.44,74.76,23030036
2021-08-26,75.63,76.47,74.80,75.39,24951296,75.63,76.47,74.80,75.39,24951296,75.63,76.47,74.80,75.39,24951296
2021-08-27,74.44,75.00,73.88,74.54,15909241,74.44,75.00,73.88,74.54,15909241,74.44,75.00,73.88,74.54,15909241
2021-08-30,72.71,73.59,71.83,72.56,17124588,72.71,73.59,71.83,72.56,17124588,72.71,73.59,71.83,72.56,17124588
2021-08-31,72.88,73.85,71.90,72.90,14201193,72.88,73.85,71.90,72.90,14201193,72.88,73.85,71.90,72.90,14201193
2021-09-01,69.01,69.88,68.13,69.09,17271971,69.01,69.88,68.13,69.09,17271971,69.01,69.88,68.13,69.09,17271971
2021-09-02,71.00,71.86,70.14,70.41,17923008,71.00,71.86,70.14,70.41,17923008,71.00,71.86,70.14,70.41,17923008
2021-09-03,70.66,71.53,69.78,69.99,19285010,70.66,71.53,69.78,69.99,19285010,70.66,71.53,69.78,69.99,19285010
2021-09-06,70.26,71.37,69.15,70.44,18656384,70.26,71.37,69.15,70.44,18656384,70.26,71.37,69.15,70.44,18656384
2021-09-07,72.35,73.25,71.45,72.47,15701742,72.35,73.25,71.45,72.47,15701742,72.35,73.25,71.45,72.47,15701742
2021-09-08,73.78,74.93,72.63,73.57,19679868,73.78,74.93,72.63,73.57,19679868,73.78,74.93,72.63,73.57,19679868
2021-09-09,74.51,75.30,73.72,74.26,20176502,74.51,75.30,73.72,74.26,20176502,74.51,75.30,73.72,74.26,20176502
2021-09-10,73.22,74.05,72.39,73.08,15046091,73.22,74.05,72.39,73.08,15046091,73.22,74.05,72.39,73.08,15046091
2021-09-13,72.46,73.20,71.73,72.81,16432255,72.46,73.20,71.73,72.81,16432255,72.46,73.20,71.73,72.81,16432255
2021-09-14,72.49,73.34,71.65,72.06,16261153,72.49,73.34,71.65,72.06,16261153,72.49,73.34,71.65,72.06,16261153
2021-09-15,72.72,73.40,72.05,72.72,22429029,72.72,73.40,72.05,72.72,22429029,72.72,73.40,72.05,72.72,22429029
2021-09-16,72.59,73.76,71.42,72.19,13441893,72.59,73.76,71.42,72.19,13441893,72.59,73.76,71.42,72.19,13441893
2021-09-17,71.42,72.35,70.49,71.30,21913439,71.42,72.35,70.49,71.30,21913439,71.42,72.35,70.49,71.30,21913439
2021-09-20,73.26,73.73,72.78,73.03,22706074,73.26,73.73,72.78,73.03,22706074,73.26,73.73,72.78,73.03,22706074
2021-09-21,73.04,73.83,72.24,72.89,17964433,73.04,73.83,72.24,72.89,17964433,73.04,73.83,72.24,72.89,17964433
2021-09-22,73.16,73.68,72.63,73.14,14483528,73.16,73.68,72.63,73.14,14483528,73.16,73.68,72.63,73.14,14483528
2021-09-23,71.97,72.83,71.10,71.98,18231928,71.97,72.83,71.10,71.98,18231928,71.97,72.83,71.10,71.98,18231928
2021-09-24,71.87,72.59,71.16,71.66,24640983,71.87,72.59,71.16,71.66,24640983,71.87,72.59,71.16,71.66,24640983
2021-09-27,74.53,75.20,73.87,74.55,20973794,74.53,75.20,73.87,74.55,20973794,74.53,75.20,73.87,74.55,20973794
2021-09-28,75.81,76.73,74.89,75.62,18947900,75.81,76.73,74.89,75.62,18947900,75.81,76.73,74.89,75.62,18947900
2021-09-29,76.14,76.97,75.32,75.67,24161194,76.14,76.97,75.32,75.67,24161194,76.14,76.97,75.32,75.67,24161194
2021-09-30,78.10,78.91,77.30,77.84,16657411,78.10,78.91,77.30,77.84,16657411,78.10,78.91,77.30,77.84,16657411
2021-10-01,76.24,77.03,75.44,76.06,20985017,76.24,77.03,75.44,76.06,20985017,76.24,77.03,75.44,76.06,20985017
2021-10-04,74.07,74.65,73.48,73.94,15207726,74.07,74.65,73.48,73.94,15207726,74.07,74.65,73.48,73.94,15207726
2021-10-05,74.58,75.70,73.47,74.46,21871411,74.58,75.70,73.47,74.46,21871411,74.58,75.70,73.47,74.46,21871411
2021-10-06,74.40,75.37,73.43,74.42,14339517,74.40,75.37,73.43,74.42,14339517,74.40,75.37,73.43,74.42,14339517
2021-10-07,73.21,74.15,72.27,73.05,14582811,73.21,74.15,72.27,73.05,14582811,73.21,74.15,72.27,73.05,14582811
2021-10-08,70.33,71.10,69.57,70.22,16453731,70.33,71.10,69.57,70.22,16453731,70.33,71.10,69.57,70.22,16453731
2021-10-11,70.33,71.09,69.57,70.04,13379074,70.33,71.09,69.57,70.04,13379074,70.33,71.09,69.57,70.04,13379074
2021-10-12,71.19,72.28,70.10,71.08,12689808,71.19,72.28,70.10,71.08,12689808,71.19,72.28,70.10,71.08,12689808
2021-10-13,70.90,72.30,69.50,70.87,16017249,70.90,72.30,69.50,70.87,16017249,70.90,72.30,69.50,70.87,16017249
2021-10-14,67.79,68.53,67.04,68.08,19638444,67.79,68.53,67.04,68.08,19638444,67.79,68.53,67.04,68.08,19638444
2021-10-15,68.60,69.13,68.07,68.60,12905968,68.60,69.13,68.07,68.60,12905968,68.60,69.13,68.07,68.60,12905968
2021-10-18,68.18,68.79,67.56,68.08,15401098,68.18,68.79,67.56,68.08,15401098,68.18,68.79,67.56,68.08,15401098
2021-10-19,67.61,68.38,66.83,67.62,19565139,67.61,68.38,66.83,67.62,19565139,67.61,68.38,66.83,67.62,19565139
2021-10-20,70.00,70.65,69.35,69.91,22426504,70.00,70.65,69.35,69.91,22426504,70.00,70.65,69.35,69.91,22426504
2021-10-21,67.13,67.25,67.01,67.09,22757313,67.13,67.25,67.01,67.09,22757313,67.13,67.25,67.01,67.09,22757313
2021-10-22,68.70,69.51,67.89,68.97,22832222,68.70,69.51,67.89,68.97,22832222,68.70,69.51,67.89,68.97,22832222
2021-10-25,71.99,72.83,71.16,71.85,22128881,71.99,72.83,71.16,71.85,22128881,71.99,72.83,71.16,71.85,22128881
2021-10-26,72.83,73.78,71.87,73.31,22542009,72.83,73.78,71.87,73.31,22542009,72.83,73.78,71.87,73.31,22542009
2021-10-27,73.78,74.13,73.44,73.58,15907185,73.78,74.13,73.44,73.58,15907185,73.78,74.13,73.44,73.58,15907185
2021-10-28,74.68,75.56,73.80,74.71,19715743,74.68,75.56,73.80,74.71,19715743,74.68,75.56,73.80,74.71,19715743
2021-10-29,73.82,74.67,72.97,73.77,17405856,73.82,74.67,72.97,73.77,17405856,73.82,74.67,72.97,73.77,17405856
2021-11-01,76.62,77.36,75.88,76.51,23739602,76.62,77.36,75.88,76.51,23739602,76.62,77.36,75.88,76.51,23739602
2021-11-02,75.76,76.52,74.99,75.84,21419943,75.76,76.52,74.99,75.84,21419943,75.76,76.52,74.99,75.84,21419943
2021-11-03,75.54,76.52,74.57,75.62,18600421,75.54,76.52,74.57,75.62,18600421,75.54,76.52,74.57,75.62,18600421
2021-11-04,75.34,76.23,74.46,74.96,22488239,75.34,76.23,74.46,74.96,22488239,75.34,76.23,74.46,74.96,22488239
2021-11-05,76.01,76.58,75.43,75.49,18717829,76.01,76.58,75.43,75.49,18717829,76.01,76.58,75.43,75.49,18717829
2021-11-08,76.72,77.75,75.69,76.13,18539383,76.72,77.75,75.69,76.13,18539383,76.72,77.75,75.69,76.13,18539383
2021-11-09,78.21,78.67,77.75,77.87,13680411,78.21,78.67,77.75,77.87,13680411,78.21,78.67,77.75,77.87,13680411
2021-11-10,77.33,78.05,76.62,77.07,21844011,77.33,78.05,76.62,77.07,21844011,77.33,78.05,76.62,77.07,21844011
2021-11-11,78.05,78.77,77.33,78.08,16112237,78.05,78.77,77.33,78.08,16112237,78.05,78.77,77.33,78.08,16112237
2021-11-12,80.42,81.12,79.72,80.36,13652570,80.42,81.12,79.72,80.36,13652570,80.42,81.12,79.72,80.36,13652570
2021-11-15,78.88,80.11,77.64,79.37,24305462,78.88,80.11,77.64,79.37,24305462,78.88,80.11,77.64,79.37,24305462
2021-11-16,80.92,81.85,79.99,80.59,19065558,80.92,81.85,79.99,80.59,19065558,80.92,81.85,79.99,80.59,19065558
2021-11-17,79.95,81.10,78.80,79.55,14849593,79.95,81.10,78.80,79.55,14849593,79.95,81.10,78.80,79.55,14849593
2021-11-18,78.71,79.81,77.62,78.64,15656107,78.71,79.81,77.62,78.64,15656107,78.71,79.81,77.62,78.64,15656107
2021-11-19,81.10,81.76,80.45,80.84,17673519,81.10,81.76,80.45,80.84,17673519,81.10,81.76,80.45,80.84,17673519
2021-11-22,79.29,80.63,77.96,79.47,16366975,79.29,80.63,77.96,79.47,16366975,79.29,80.63,77.96,79.47,16366975
2021-11-23,80.05,81.15,78.95,80.33,14649152,80.05,81.15,78.95,80.33,14649152,80.05,81.15,78.95,80.33,14649152
2021-11-24,79.32,80.06,78.57,79.45,24559179,79.32,80.06,78.57,79.45,24559179,79.32,80.06,78.57,79.45,24559179
2021-11-25,77.67,78.60,76.73,77.78,23494833,77.67,78.60,76.73,77.78,23494833,77.67,78.60,76.73,77.78,23494833
2021-11-26,77.93,78.71,77.15,77.74,20267624,77.93,78.71,77.15,77.74,20267624,77.93,78.71,77.15,77.74,20267624
2021-11-29,79.72,80.65,78.79,79.54,23459397,79.72,80.65,78.79,79.54,23459397,79.72,80.65,78.79,79.54,23459397
2021-11-30,80.12,81.15,79.10,79.85,19304429,80.12,81.15,79.10,79.85,19304429,80.12,81.15,79.10,79.85,19304429
2021-12-01,80.14,81.27,79.00,80.22,22693839,80.14,81.27,79.00,80.22,22693839,80.14,81.27,79.00,80.22,22693839
2021-12-02,79.02,80.00,78.04,79.19,12737899,79.02,80.00,78.04,79.19,12737899,79.02,80.00,78.04,79.19,12737899
2021-12-03,77.61,78.15,77.07,77.45,23627834,77.61,78.15,77.07,77.45,23627834,77.61,78.15,77.07,77.45,23627834
2021-12-06,75.92,76.66,75.18,75.67,19928250,75.92,76.66,75.18,75.67,19928250,75.92,76.66,75.18,75.67,19928250
2021-12-07,75.01,76.04,73.98,74.92,14777384,75.01,76.04,73.98,74.92,14777384,75.01,76.04,73.98,74.92,14777384
2021-12-08,76.14,77.43,74.85,76.31,14608608,76.14,77.43,74.85,76.31,14608608,76.14,77.43,74.85,76.31,14608608
2021-12-09,79.06,79.66,78.46,79.15,24858008,79.06,79.66,78.46,79.15,24858008,79.06,79.66,78.46,79.15,24858008
2021-12-10,78.43,79.75,77.10,78.76,13805069,78.43,79.75,77.10,78.76,13805069,78.43,79.75,77.10,78.76,13805069
2021-12-13,78.03,78.80,77.27,78.25,17739281,78.03,78.80,77.27,78.25,17739281,78.03,78.80,77.27,78.25,17739281
2021-12-14,76.35,77.65,75.05,76.22,16496737,76.35,77.65,75.05,76.22,16496737,76.35,77.65,75.05,76.22,16496737
2021-12-15,75.91,77.00,74.82,75.74,14523380,75.91,77.00,74.82,75.74,14523380,75.91,77.00,74.82,75.74,14523380
2021-12-16,77.50,78.49,76.50,77.49,13800911,77.50,78.49,76.50,77.49,13800911,77.50,78.49,76.50,77.49,13800911
2021-12-17,77.08,78.54,75.61,76.86,16957637,77.08,78.54,75.61,76.86,16957637,77.08,78.54,75.61,76.86,16957637
2021-12-20,76.45,76.97,75.93,76.59,21964923,76.45,76.97,75.93,76.59,21964923,76.45,76.97,75.93,76.59,21964923
2021-12-21,78.61,79.26,77.97,78.39,17954050,78.61,79.26,77.97,78.39,17954050,78.61,79.26,77.97,78.39,17954050
2021-12-22,77.18,78.21,76.15,76.90,16762692,77.18,78.21,76.15,76.90,16762692,77.18,78.21,76.15,76.90,16762692
2021-12-23,78.14,79.20,77.08,78.44,21891030,78.14,79.20,77.08,78.44,21891030,78.14,79.20,77.08,78.44,21891030
2021-12-24,80.14,81.22,79.06,79.88,20974064,80.14,81.22,79.06,79.88,20974064,80.14,81.22,79.06,79.88,20974064
2021-12-27,80.30,81.20,79.41,80.00,17645487,80.30,81.20,79.41,80.00,17645487,80.30,81.20,79.41,80.00,17645487
2021-12-28,77.79,78.48,77.09,77.74,15079317,77.79,78.48,77.09,77.74,15079317,77.79,78.48,77.09,77.74,15079317
2021-12-29,77.75,79.05,76.45,77.45,21909375,77.75,79.05,76.45,77.45,21909375,77.75,79.05,76.45,77.45,21909375
2021-12-30,78.59,79.27,77.92,78.41,24509807,78.59,79.27,77.92,78.41,24509807,78.59,79.27,77.92,78.41,24509807
2021-12-31,78.14,79.10,77.18,77.98,17560199,78.14,79.10,77.18,77.98,17560199,78.14,79.10,77.18,77.98,17560199
2022-01-03,77.89,78.75,77.02,77.70,13465356,77.89,78.75,77.02,77.70,13465356,77.89,78.75,77.02,77.70,13465356
2022-01-04,78.70,79.41,77.98,78.42,16277607,78.70,79.41,77.98,78.42,16277607,78.70,79.41,77.98,78.42,16277607
2022-01-05,79.90,80.68,79.11,79.52,20703036,79.90,80.68,79.11,79.52,20703036,79.90,80.68,79.11,79.52,20703036
2022-01-06,78.94,79.68,78.20,78.84,22339254,78.94,79.68,78.20,78.84,22339254,78.94,79.68,78.20,78.84,22339254
2022-01-07,81.37,82.55,80.18,81.05,18028170,81.37,82.55,80.18,81.05,18028170,81.37,82.55,80.18,81.05,18028170
2022-01-10,82.09,82.55,81.64,81.94,16100450,82.09,82.55,81.64,81.94,16100450,82.09,82.55,81.64,81.94,16100450
2022-01-11,83.13,84.36,81.89,83.05,15927976,83.13,84.36,81.89,83.05,15927976,83.13,84.36,81.89,83.05,15927976
2022-01-12,83.75,84.59,82.91,83.77,23839282,83.75,84.59,82.91,83.77,23839282,83.75,84.59,82.91,83.77,23839282
2022-01-13,82.11,83.09,81.12,82.19,13970958,82.11,83.09,81.12,82.19,13970958,82.11,83.09,81.12,82.19,13970958
2022-01-14,81.79,82.79,80.79,81.88,15763674,81.79,82.79,80.79,81.88,15763674,81.79,82.79,80.79,81.88,15763674
2022-01-17,80.14,81.13,79.15,80.86,18242523,80.14,81.13,79.15,80.86,18242523,80.14,81.13,79.15,80.86,18242523
2022-01-18,82.82,83.27,82.36,83.01,17436003,82.82,83.27,82.36,83.01,17436003,82.82,83.27,82.36,83.01,17436003
2022-01-19,86.76,87.62,85.90,86.92,21175198,86.76,87.62,85.90,86.92,21175198,86.76,87.62,85.90,86.92,21175198
2022-01-20,86.91,87.38,86.44,86.51,24531305,86.91,87.38,86.44,86.51,24531305,86.91,87.38,86.44,86.51,24531305
2022-01-21,90.84,91.78,89.89,90.59,15017431,90.84,91.78,89.89,90.59,15017431,90.84,91.78,89.89,90.59,15017431
2022-01-24,94.16,95.34,92.98,94.10,19650830,94.16,95.34,92.98,94.10,19650830,94.16,95.34,92.98,94.10,19650830
2022-01-25,94.49,94.73,94.24,94.44,21145777,94.49,94.73,94.24,94.44,21145777,94.49,94.73,94.24,94.44,21145777
2022-01-26,97.02,97.91,96.13,96.69,23375951,97.02,97.91,96.13,96.69,23375951,97.02,97.91,96.13,96.69,23375951
2022-01-27,95.68,96.76,94.61,95.61,13476085,95.68,96.76,94.61,95.61,13476085,95.68,96.76,94.61,95.61,13476085
2022-01-28,95.56,96.41,94.72,95.32,15239805,95.56,96.41,94.72,95.32,15239805,95.56,96.41,94.72,95.32,15239805
2022-01-31,95.55,96.03,95.06,95.58,19081623,95.55,96.03,95.06,95.58,19081623,95.55,96.03,95.06,95.58,19081623
2022-02-01,94.80,95.68,93.92,94.76,21202512,94.80,95.68,93.92,94.76,21202512,94.80,95.68,93.92,94.76,21202512
2022-02-02,92.89,94.13,91.65,92.83,24651630,92.89,94.13,91.65,92.83,24651630,92.89,94.13,91.65,92.83,24651630
2022-02-03,93.26,94.09,92.43,93.40,18373138,93.26,94.09,92.43,93.40,18373138,93.26,94.09,92.43,93.40,18373138
2022-02-04,93.70,94.62,92.78,93.68,19536141,93.70,94.62,92.78,93.68,19536141,93.70,94.62,92.78,93.68,19536141
2022-02-07,96.20,96.98,95.42,95.58,21991014,96.20,96.98,95.42,95.58,21991014,96.20,96.98,95.42,95.58,21991014
2022-02-08,96.02,96.62,95.42,96.27,14632505,96.02,96.62,95.42,96.27,14632505,96.02,96.62,95.42,96.27,14632505
2022-02-09,93.03,93.91,92.15,93.09,23183966,93.03,93.91,92.15,93.09,23183966,93.03,93.91,92.15,93.09,23183966
2022-02-10,94.85,95.64,94.06,94.43,18699040,94.85,95.64,94.06,94.43,18699040,94.85,95.64,94.06,94.43,18699040
2022-02-11,94.95,96.09,93.82,95.48,19563386,94.95,96.09,93.82,95.48,19563386,94.95,96.09,93.82,95.48,19563386
2022-02-14,96.72,97.58,95.86,96.70,22595975,96.72,97.58,95.86,96.70,22595975,96.72,97.58,95.86,96.70,22595975
2022-02-15,98.28,99.23,97.34,98.15,18419563,98.28,99.23,97.34,98.15,18419563,98.28,99.23,97.34,98.15,18419563
2022-02-16,101.22,101.76,100.69,101.28,14259350,101.22,101.76,100.69,101.28,14259350,101.22,101.76,100.69,101.28,14259350
2022-02-17,102.19,103.65,100.73,101.95,19419925,102.19,103.65,100.73,101.95,19419925,102.19,103.65,100.73,101.95,19419925
2022-02-18,103.44,103.91,102.98,103.29,17284747,103.44,103.91,102.98,103.29,17284747,103.44,103.91,102.98,103.29,17284747
2022-02-21,104.03,105.89,102.17,104.01,14509731,104.03,105.89,102.17,104.01,14509731,104.03,105.89,102.17,104.01,14509731
2022-02-22,105.33,107.22,103.45,105.37,14536196,105.33,107.22,103.45,105.37,14536196,105.33,107.22,103.45,105.37,14536196
2022-02-23,106.22,107.44,105.01,106.27,15910743,106.22,107.44,105.01,106.27,15910743,106.22,107.44,105.01,106.27,15910743
2022-02-24,106.20,107.50,104.89,105.69,19538669,106.20,107.50,104.89,105.69,19538669,106.20,107.50,104.89,105.69,19538669
2022-02-25,108.53,109.68,107.37,107.97,14703458,108.53,109.68,107.37,107.97,14703458,108.53,109.68,107.37,107.97,14703458
2022-02-28,108.38,109.67,107.10,107.94,24894954,108.38,109.67,107.10,107.94,24894954,108.38,109.67,107.10,107.94,24894954
2022-03-01,108.04,109.54,106.55,108.36,24195293,108.04,109.54,106.55,108.36,24195293,108.04,109.54,106.55,108.36,24195293
2022-03-02,109.28,110.66,107.89,108.94,16692462,109.28,110.66,107.89,108.94,16692462,109.28,110.66,107.89,108.94,16692462
2022-03-03,106.66,108.03,105.30,106.30,16151116,106.66,108.03,105.30,106.30,16151116,106.66,108.03,105.30,106.30,16151116
2022-03-04,107.14,109.03,105.24,107.00,13160710,107.14,109.03,105.24,107.00,13160710,107.14,109.03,105.24,107.00,13160710
2022-03-07,107.66,109.36,105.95,107.95,17603932,107.66,109.36,105.95,107.95,17603932,107.66,109.36,105.95,107.95,17603932
2022-03-08,107.18,108.68,105.69,106.92,20287960,107.18,108.68,105.69,106.92,20287960,107.18,108.68,105.69,106.92,20287960
2022-03-09,108.32,109.15,107.49,108.65,20373506,108.32,109.15,107.49,108.65,20373506,108.32,109.15,107.49,108.65,20373506
2022-03-10,110.83,112.31,109.35,111.21,15480520,110.83,112.31,109.35,111.21,15480520,110.83,112.31,109.35,111.21,15480520
2022-03-11,115.08,116.86,113.30,114.78,17662130,115.08,116.86,113.30,114.78,17662130,115.08,116.86,113.30,114.78,17662130
2022-03-14,119.62,120.87,118.37,119.40,19764904,119.62,120.87,118.37,119.40,19764904,119.62,120.87,118.37,119.40,19764904
2022-03-15,117.57,118.51,116.63,117.38,20266009,117.57,118.51,116.63,117.38,20266009,117.57,118.51,116.63,117.38,20266009
2022-03-16,119.98,121.90,118.07,119.64,23131495,119.98,121.90,118.07,119.64,23131495,119.98,121.90,118.07,119.64,23131495
2022-03-17,123.83,125.50,122.16,123.72,19850772,123.83,125.50,122.16,123.72,19850772,123.83,125.50,122.16,123.72,19850772
2022-03-18,125.28,126.62,123.93,125.45,23596196,125.28,126.62,123.93,125.45,23596196,125.28,126.62,123.93,125.45,23596196
2022-03-21,127.36,128.95,125.78,126.97,15235548,127.36,128.95,125.78,126.97,15235548,127.36,128.95,125.78,126.97,15235548
2022-03-22,127.92,129.71,126.12,127.73,16328079,127.92,129.71,126.12,127.73,16328079,127.92,129.71,126.12,127.73,16328079
2022-03-23,126.71,127.76,125.66,126.61,12970507,126.71,127.76,125.66,126.61,12970507,126.71,127.76,125.66,126.61,12970507
2022-03-24,127.62,129.51,125.73,126.97,23226217,127.62,129.51,125.73,126.97,23226217,127.62,129.51,125.73,126.97,23226217
2022-03-25,128.65,129.73,127.58,128.37,23563464,128.65,129.73,127.58,128.37,23563464,128.65,129.73,127.58,128.37,23563464
2022-03-28,128.25,130.18,126.33,127.97,20121124,128.25,130.18,126.33,127.97,20121124,128.25,130.18,126.33,127.97,20121124
2022-03-29,127.80,129.29,126.31,127.22,19966586,127.80,129.29,126.31,127.22,19966586,127.80,129.29,126.31,127.22,19966586
2022-03-30,129.06,129.90,128.21,128.99,13727939,129.06,129.90,128.21,128.99,13727939,129.06,129.90,128.21,128.99,13727939
2022-03-31,129.31,130.56,128.06,130.27,19472619,129.31,130.56,128.06,130.27,19472619,129.31,130.56,128.06,130.27,19472619
2022-04-01,130.95,132.18,129.72,131.62,16456692,130.95,132.18,129.72,131.62,16456692,130.95,132.18,129.72,131.62,16456692
2022-04-04,131.27,132.95,129.60,131.56,19884890,131.27,132.95,129.60,131.56,19884890,131.27,132.95,129.60,131.56,19884890
2022-04-05,134.01,135.41,132.61,134.21,20661940,134.01,135.41,132.61,134.21,20661940,134.01,135.41,132.61,134.21,20661940
2022-04-06,136.74,138.09,135.40,135.79,24689847,136.74,138.09,135.40,135.79,24689847,136.74,138.09,135.40,135.79,24689847
2022-04-07,137.22,139.06,135.38,137.32,21652703,137.22,139.06,135.38,137.32,21652703,137.22,139.06,135.38,137.32,21652703
2022-04-08,136.79,138.78,134.79,136.75,18652572,136.79,138.78,134.79,136.75,18652572,136.79,138.78,134.79,136.75,18652572
2022-04-11,138.46,140.25,136.67,138.45,13222440,138.46,140.25,136.67,138.45,13222440,138.46,140.25,136.67,138.45,13222440
2022-04-12,139.04,140.45,137.64,138.79,23291263,139.04,140.45,137.64,138.79,23291263,139.04,140.45,137.64,138.79,23291263
2022-04-13,141.83,142.38,141.29,141.44,16200997,141.83,142.38,141.29,141.44,16200997,141.83,142.38,141.29,141.44,16200997
2022-04-14,143.52,144.84,142.20,143.07,18271776,143.52,144.84,142.20,143.07,18271776,143.52,144.84,142.20,143.07,18271776
2022-04-15,145.08,146.65,143.52,143.96,20779003,145.08,146.65,143.52,143.96,20779003,145.08,146.65,143.52,143.96,20779003
2022-04-18,144.66,146.01,143.32,144.84,23225549,144.66,146.01,143.32,144.84,23225549,144.66,146.01,143.32,144.84,23225549
2022-04-19,146.35,147.43,145.28,146.29,15064721,146.35,147.43,145.28,146.29,15064721,146.35,147.43,145.28,146.29,15064721
2022-04-20,146.92,148.69,145.15,146.96,23422591,146.92,148.69,145.15,146.96,23422591,146.92,148.69,145.15,146.96,23422591
2022-04-21,147.06,148.22,145.90,146.55,21052294,147.06,148.22,145.90,146.55,21052294,147.06,148.22,145.90,146.55,21052294
2022-04-22,147.89,151.14,144.63,147.61,13082316,147.89,151.14,144.63,147.61,13082316,147.89,151.14,144.63,147.61,13082316
2022-04-25,151.77,153.56,149.98,151.96,22159380,151.77,153.56,149.98,151.96,22159380,151.77,153.56,149.98,151.96,22159380
2022-04-26,155.07,156.74,153.41,154.35,14419382,155.07,156.74,153.41,154.35,14419382,155.07,156.74,153.41,154.35,14419382
2022-04-27,153.49,155.34,151.65,153.28,21268646,153.49,155.34,151.65,153.28,21268646,153.49,155.34,151.65,153.28,21268646
2022-04-28,153.78,156.27,151.29,154.25,14434637,153.78,156.27,151.29,154.25,14434637,153.78,156.27,151.29,154.25,14434637
2022-04-29,158.19,160.34,156.05,157.98,13771430,158.19,160.34,156.05,157.98,13771430,158.19,160.34,156.05,157.98,13771430
2022-05-02,157.73,160.13,155.32,157.21,14439056,157.73,160.13,155.32,157.21,14439056,157.73,160.13,155.32,157.21,14439056
2022-05-03,154.07,155.90,152.24,152.75,15761490,154.07,155.90,152.24,152.75,15761490,154.07,155.90,152.24,152.75,15761490
2022-05-04,159.15,160.98,157.33,158.60,14571324,159.15,160.98,157.33,158.60,14571324,159.15,160.98,157.33,158.60,14571324
2022-05-05,158.38,159.70,157.05,158.15,13786364,158.38,159.70,157.05,158.15,13786364,158.38,159.70,157.05,158.15,13786364
2022-05-06,158.50,161.07,155.94,157.78,20540358,158.50,161.07,155.94,157.78,20540358,158.50,161.07,155.94,157.78,20540358
2022-05-09,153.50,156.19,150.82,152.94,20505472,153.50,156.19,150.82,152.94,20505472,153.50,156.19,150.82,152.94,20505472
2022-05-10,154.76,156.24,153.29,154.31,19205102,154.76,156.24,153.29,154.31,19205102,154.76,156.24,153.29,154.31,19205102
2022-05-11,160.69,161.76,159.62,161.06,18650531,160.69,161.76,159.62,161.06,18650531,160.69,161.76,159.62,161.06,18650531
2022-05-12,161.65,164.03,159.28,161.98,13455008,161.65,164.03,159.28,161.98,13455008,161.65,164.03,159.28,161.98,13455008
2022-05-13,161.15,164.29,158.01,161.56,21619062,161.15,164.29,158.01,161.56,21619062,161.15,164.29,158.01,161.56,21619062
2022-05-16,164.38,166.00,162.77,164.90,23222284,164.38,166.00,162.77,164.90,23222284,164.38,166.00,162.77,164.90,23222284
2022-05-17,165.22,167.60,162.84,164.72,17101475,165.22,167.60,162.84,164.72,17101475,165.22,167.60,162.84,164.72,17101475
2022-05-18,161.88,163.78,159.99,162.52,15913791,161.88,163.78,159.99,162.52,15913791,161.88,163.78,159.99,162.52,15913791
2022-05-19,164.58,166.89,162.27,164.12,22084443,164.58,166.89,162.27,164.12,22084443,164.58,166.89,162.27,164.12,22084443
2022-05-20,163.64,165.60,161.69,163.18,16299573,163.64,165.60,161.69,163.18,16299573,163.64,165.60,161.69,163.18,16299573
2022-05-23,166.03,169.02,163.05,165.03,13129756,166.03,169.02,163.05,165.03,13129756,166.03,169.02,163.05,165.03,13129756
2022-05-24,165.22,167.96,162.48,164.60,16837674,165.22,167.96,162.48,164.60,16837674,165.22,167.96,162.48,164.60,16837674
2022-05-25,167.51,169.13,165.90,166.21,14011304,167.51,169.13,165.90,166.21,14011304,167.51,169.13,165.90,166.21,14011304
2022-05-26,163.05,164.87,161.23,164.01,16639063,163.05,164.87,161.23,164.01,16639063,163.05,164.87,161.23,164.01,16639063
2022-05-27,163.40,166.07,160.73,163.77,16515062,163.40,166.07,160.73,163.77,16515062,163.40,166.07,160.73,163.77,16515062
2022-05-30,162.73,164.33,161.13,161.37,24548400,162.73,164.33,161.13,161.37,24548400,162.73,164.33,161.13,161.37,24548400
2022-05-31,159.14,160.52,157.77,159.27,19701471,159.14,160.52,157.77,159.27,19701471,159.14,160.52,157.77,159.27,19701471
2022-06-01,160.36,161.70,159.03,159.76,14981165,160.36,161.70,159.03,159.76,14981165,160.36,161.70,159.03,159.76,14981165
2022-06-02,159.78,162.18,157.37,159.94,16537369,159.78,162.18,157.37,159.94,16537369,159.78,162.18,157.37,159.94,16537369
2022-06-03,158.99,160.02,157.97,159.56,19629620,158.99,160.02,157.97,159.56,19629620,158.99,160.02,157.97,159.56,19629620
2022-06-06,159.60,160.13,159.07,160.01,21223500,159.60,160.13,159.07,160.01,21223500,159.60,160.13,159.07,160.01,21223500
2022-06-07,165.93,168.51,163.35,165.70,18533804,165.93,168.51,163.35,165.70,18533804,165.93,168.51,163.35,165.70,18533804
2022-06-08,166.54,169.77,163.30,167.19,20674228,166.54,169.77,163.30,167.19,20674228,166.54,169.77,163.30,167.19,20674228
2022-06-09,172.71,175.01,170.41,171.19,22093356,172.71,175.01,170.41,171.19,22093356,172.71,175.01,170.41,171.19,22093356
2022-06-10,173.97,177.56,170.39,174.34,21793540,173.97,177.56,170.39,174.34,21793540,173.97,177.56,170.39,174.34,21793540
2022-06-13,172.69,173.62,171.76,172.16,20985278,172.69,173.62,171.76,172.16,20985278,172.69,173.62,171.76,172.16,20985278
2022-06-14,169.22,170.08,168.35,168.54,19288410,169.22,170.08,168.35,168.54,19288410,169.22,170.08,168.35,168.54,19288410
2022-06-15,167.16,168.48,165.83,166.70,22072500,167.16,168.48,165.83,166.70,22072500,167.16,168.48,165.83,166.70,22072500
2022-06-16,171.26,172.69,169.83,170.01,23076150,171.26,172.69,169.83,170.01,23076150,171.26,172.69,169.83,170.01,23076150
2022-06-17,169.79,171.55,168.04,169.06,23788136,169.79,171.55,168.04,169.06,23788136,169.79,171.55,168.04,169.06,23788136
2022-06-20,167.60,168.54,166.65,167.07,23571683,167.60,168.54,166.65,167.07,23571683,167.60,168.54,166.65,167.07,23571683
2022-06-21,168.28,169.33,167.23,167.99,23794086,168.28,169.33,167.23,167.99,23794086,168.28,169.33,167.23,167.99,23794086
2022-06-22,170.11,171.42,168.81,169.56,18612591,170.11,171.42,168.81,169.56,18612591,170.11,171.42,168.81,169.56,18612591
2022-06-23,167.74,168.86,166.62,167.85,16863258,167.74,168.86,166.62,167.85,16863258,167.74,168.86,166.62,167.85,16863258
2022-06-24,171.21,173.56,168.87,171.05,12668483,171.21,173.56,168.87,171.05,12668483,171.21,173.56,168.87,171.05,12668483
2022-06-27,173.68,174.95,172.42,173.92,13525795,173.68,174.95,172.42,173.92,13525795,173.68,174.95,172.42,173.92,13525795
2022-06-28,177.29,179.99,174.59,177.27,14023054,177.29,179.99,174.59,177.27,14023054,177.29,179.99,174.59,177.27,14023054
2022-06-29,178.69,180.28,177.10,177.90,14164098,178.69,180.28,177.10,177.90,14164098,178.69,180.28,177.10,177.90,14164098
2022-06-30,177.15,179.51,174.79,176.81,23294701,177.15,179.51,174.79,176.81,23294701,177.15,179.51,174.79,176.81,23294701
2022-07-01,177.73,178.62,176.85,177.74,22922602,177.73,178.62,176.85,177.74,22922602,177.73,178.62,176.85,177.74,22922602
2022-07-04,174.31,176.83,171.80,174.58,14529802,174.31,176.83,171.80,174.58,14529802,174.31,176.83,171.80,174.58,14529802
2022-07-05,171.56,174.35,168.78,171.37,16011404,171.56,174.35,168.78,171.37,16011404,171.56,174.35,168.78,171.37,16011404
2022-07-06,173.88,176.07,171.69,174.11,19104941,173.88,176.07,171.69,174.11,19104941,173.88,176.07,171.69,174.11,19104941
2022-07-07,177.98,179.51,176.44,177.01,22328514,177.98,179.51,176.44,177.01,22328514,177.98,179.51,176.44,177.01,22328514
2022-07-08,168.73,170.56,166.90,169.44,20316588,168.73,170.56,166.90,169.44,20316588,168.73,170.56,166.90,169.44,20316588
2022-07-11,169.15,171.85,166.44,168.47,13103786,169.15,171.85,166.44,168.47,13103786,169.15,171.85,166.44,168.47,13103786
2022-07-12,168.81,169.98,167.64,168.48,13228252,168.81,169.98,167.64,168.48,13228252,168.81,169.98,167.64,168.48,13228252
2022-07-13,171.94,173.27,170.61,171.50,14780721,171.94,173.27,170.61,171.50,14780721,171.94,173.27,170.61,171.50,14780721
2022-07-14,169.75,170.42,169.07,170.06,18585804,169.75,170.42,169.07,170.06,18585804,169.75,170.42,169.07,170.06,18585804
2022-07-15,171.65,173.42,169.88,173.08,20557317,171.65,173.42,169.88,173.08,20557317,171.65,173.42,169.88,173.08,20557317
2022-07-18,169.88,171.89,167.86,169.89,20669401,169.88,171.89,167.86,169.89,20669401,169.88,171.89,167.86,169.89,20669401
2022-07-19,170.79,172.70,168.88,170.53,17496129,170.79,172.70,168.88,170.53,17496129,170.79,172.70,168.88,170.53,17496129
2022-07-20,176.32,176.85,175.78,176.03,18485212,176.32,176.85,175.78,176.03,18485212,176.32,176.85,175.78,176.03,18485212
2022-07-21,179.68,181.80,177.55,178.58,14143536,179.68,181.80,177.55,178.58,14143536,179.68,181.80,177.55,178.58,14143536
2022-07-22,178.08,179.77,176.38,177.21,25079193,178.08,179.77,176.38,177.21,25079193,178.08,179.77,176.38,177.21,25079193
2022-07-25,174.60,177.32,171.88,174.01,19597763,174.60,177.32,171.88,174.01,19597763,174.60,177.32,171.88,174.01,19597763
2022-07-26,178.80,181.33,176.27,178.78,20168921,178.80,181.33,176.27,178.78,20168921,178.80,181.33,176.27,178.78,20168921
2022-07-27,180.20,182.19,178.22,180.39,15902005,180.20,182.19,178.22,180.39,15902005,180.20,182.19,178.22,180.39,15902005
2022-07-28,184.12,186.96,181.29,184.91,17587226,184.12,186.96,181.29,184.91,17587226,184.12,186.96,181.29,184.91,17587226
2022-07-29,181.71,183.71,179.70,182.03,20081495,181.71,183.71,179.70,182.03,20081495,181.71,183.71,179.70,182.03,20081495
2022-08-01,177.82,180.22,175.41,176.79,22592084,177.82,180.22,175.41,176.79,22592084,177.82,180.22,175.41,176.79,22592084
2022-08-02,180.71,182.01,179.41,180.69,17507567,180.71,182.01,179.41,180.69,17507567,180.71,182.01,179.41,180.69,17507567
2022-08-03,183.90,186.64,181.15,183.57,17750580,183.90,186.64,181.15,183.57,17750580,183.90,186.64,181.15,183.57,17750580
2022-08-04,183.82,185.23,182.41,183.89,13485511,183.82,185.23,182.41,183.89,13485511,183.82,185.23,182.41,183.89,13485511
2022-08-05,181.91,184.31,179.50,182.36,18599070,181.91,184.31,179.50,182.36,18599070,181.91,184.31,179.50,182.36,18599070
2022-08-08,182.24,183.43,181.05,182.76,14695324,182.24,183.43,181.05,182.76,14695324,182.24,183.43,181.05,182.76,14695324
2022-08-09,184.87,185.59,184.15,184.72,17626397,184.87,185.59,184.15,184.72,17626397,184.87,185.59,184.15,184.72,17626397
2022-08-10,187.74,190.69,184.78,187.03,16629094,187.74,190.69,184.78,187.03,16629094,187.74,190.69,184.78,187.03,16629094
2022-08-11,190.17,192.38,187.96,190.97,15258638,190.17,192.38,187.96,190.97,15258638,190.17,192.38,187.96,190.97,15258638
2022-08-12,191.63,193.69,189.58,191.95,19968118,191.63,193.69,189.58,191.95,19968118,191.63,193.69,189.58,191.95,19968118
2022-08-15,190.87,192.90,188.85,190.89,18723350,190.87,192.90,188.85,190.89,18723350,190.87,192.90,188.85,190.89,18723350
2022-08-16,198.68,200.64,196.72,199.98,21044111,198.68,200.64,196.72,199.98,21044111,198.68,200.64,196.72,199.98,21044111
2022-08-17,202.37,204.02,200.72,202.28,14208395,202.37,204.02,200.72,202.28,14208395,202.37,204.02,200.72,202.28,14208395
2022-08-18,213.10,214.37,211.83,212.85,15546039,213.10,214.37,211.83,212.85,15546039,213.10,214.37,211.83,212.85,15546039
2022-08-19,208.54,211.05,206.02,208.32,13088525,208.54,211.05,206.02,208.32,13088525,208.54,211.05,206.02,208.32,13088525
2022-08-22,212.12,215.63,208.61,210.48,13437564,212.12,215.63,208.61,210.48,13437564,212.12,215.63,208.61,210.48,13437564
2022-08-23,211.22,213.06,209.39,211.20,18637991,211.22,213.06,209.39,211.20,18637991,211.22,213.06,209.39,211.20,18637991
2022-08-24,216.96,220.28,213.64,217.96,13405456,216.96,220.28,213.64,217.96,13405456,216.96,220.28,213.64,217.96,13405456
2022-08-25,223.36,225.99,220.73,223.36,13183732,223.36,225.99,220.73,223.36,13183732,223.36,225.99,220.73,223.36,13183732
2022-08-26,221.86,224.38,219.34,221.68,15652768,221.86,224.38,219.34,221.68,15652768,221.86,224.38,219.34,221.68,15652768
2022-08-29,224.96,226.83,223.09,223.41,16185883,224.96,226.83,223.09,223.41,16185883,224.96,226.83,223.09,223.41,16185883
2022-08-30,230.41,231.96,228.85,231.75,23360707,230.41,231.96,228.85,231.75,23360707,230.41,231.96,228.85,231.75,23360707
2022-08-31,232.89,235.11,230.66,232.88,20097047,232.89,235.11,230.66,232.88,20097047,232.89,235.11,230.66,232.88,20097047
2022-09-01,234.07,236.71,231.43,233.68,20365299,234.07,236.71,231.43,233.68,20365299,234.07,236.71,231.43,233.68,20365299
2022-09-02,238.24,241.12,235.35,238.12,19439061,238.24,241.12,235.35,238.12,19439061,238.24,241.12,235.35,238.12,19439061
2022-09-05,233.27,236.40,230.13,232.85,24979971,233.27,236.40,230.13,232.85,24979971,233.27,236.40,230.13,232.85,24979971
2022-09-06,239.71,242.51,236.91,239.75,15715017,239.71,242.51,236.91,239.75,15715017,239.71,242.51,236.91,239.75,15715017
2022-09-07,241.80,243.72,239.89,241.04,13575369,241.80,243.72,239.89,241.04,13575369,241.80,243.72,239.89,241.04,13575369
2022-09-08,242.33,243.84,240.82,241.13,18534692,242.33,243.84,240.82,241.13,18534692,242.33,243.84,240.82,241.13,18534692
2022-09-09,242.54,244.68,240.39,241.74,14238872,242.54,244.68,240.39,241.74,14238872,242.54,244.68,240.39,241.74,14238872
2022-09-12,241.18,243.63,238.73,241.49,24685288,241.18,243.63,238.73,241.49,24685288,241.18,243.63,238.73,241.49,24685288
2022-09-13,243.49,244.76,242.22,244.17,24833425,243.49,244.76,242.22,244.17,24833425,243.49,244.76,242.22,244.17,24833425
2022-09-14,243.92,246.81,241.02,243.40,13455515,243.92,246.81,241.02,243.40,13455515,243.92,246.81,241.02,243.40,13455515
2022-09-15,240.21,243.32,237.11,240.08,16735135,240.21,243.32,237.11,240.08,16735135,240.21,243.32,237.11,240.08,16735135
2022-09-16,248.98,251.78,246.17,247.92,23924883,248.98,251.78,246.17,247.92,23924883,248.98,251.78,246.17,247.92,23924883
2022-09-19,255.47,258.76,252.18,255.37,23790540,255.47,258.76,252.18,255.37,23790540,255.47,258.76,252.18,255.37,23790540
2022-09-20,264.12,266.98,261.26,264.94,19929842,264.12,266.98,261.26,264.94,19929842,264.12,266.98,261.26,264.94,19929842
2022-09-21,263.86,267.88,259.83,262.20,19559550,263.86,267.88,259.83,262.20,19559550,263.86,267.88,259.83,262.20,19559550
2022-09-22,266.84,269.62,264.07,265.89,24899102,266.84,269.62,264.07,265.89,24899102,266.84,269.62,264.07,265.89,24899102
2022-09-23,270.31,273.16,267.46,271.72,13136519,270.31,273.16,267.46,271.72,13136519,270.31,273.16,267.46,271.72,13136519
2022-09-26,273.41,276.46,270.36,273.02,17609010,273.41,276.46,270.36,273.02,17609010,273.41,276.46,270.36,273.02,17609010
2022-09-27,266.38,269.73,263.03,266.54,18706813,266.38,269.73,263.03,266.54,18706813,266.38,269.73,263.03,266.54,18706813
2022-09-28,266.13,270.31,261.96,265.42,24067369,266.13,270.31,261.96,265.42,24067369,266.13,270.31,261.96,265.42,24067369
2022-09-29,262.74,264.16,261.33,263.29,13093672,262.74,264.16,261.33,263.29,13093672,262.74,264.16,261.33,263.29,13093672
2022-09-30,260.48,263.22,257.74,261.50,22299970,260.48,263.22,257.74,261.50,22299970,260.48,263.22,257.74,261.50,22299970
2022-10-03,267.03,268.30,265.77,267.88,22386837,267.03,268.30,265.77,267.88,22386837,267.03,268.30,265.77,267.88,22386837
2022-10-04,273.12,276.05,270.20,272.69,17706032,273.12,276.05,270.20,272.69,17706032,273.12,276.05,270.20,272.69,17706032
2022-10-05,272.24,274.70,269.79,271.14,13106551,272.24,274.70,269.79,271.14,13106551,272.24,274.70,269.79,271.14,13106551
2022-10-06,266.36,269.46,263.26,266.47,22355563,266.36,269.46,263.26,266.47,22355563,266.36,269.46,263.26,266.47,22355563
2022-10-07,263.25,266.76,259.75,264.39,25083904,263.25,266.76,259.75,264.39,25083904,263.25,266.76,259.75,264.39,25083904
2022-10-10,260.42,261.92,258.93,259.78,15605085,260.42,261.92,258.93,259.78,15605085,260.42,261.92,258.93,259.78,15605085
2022-10-11,264.08,268.05,260.10,262.88,13575922,264.08,268.05,260.10,262.88,13575922,264.08,268.05,260.10,262.88,13575922
2022-10-12,261.32,264.47,258.18,260.93,25070146,261.32,264.47,258.18,260.93,25070146,261.32,264.47,258.18,260.93,25070146
2022-10-13,266.89,270.93,262.86,267.74,14378832,266.89,270.93,262.86,267.74,14378832,266.89,270.93,262.86,267.74,14378832
2022-10-14,264.53,267.39,261.67,264.07,23503620,264.53,267.39,261.67,264.07,23503620,264.53,267.39,261.67,264.07,23503620
2022-10-17,266.57,268.35,264.79,266.50,16433375,266.57,268.35,264.79,266.50,16433375,266.57,268.35,264.79,266.50,16433375
2022-10-18,271.27,274.45,268.09,268.73,23331866,271.27,274.45,268.09,268.73,23331866,271.27,274.45,268.09,268.73,23331866
2022-10-19,263.57,265.82,261.32,264.36,12957122,263.57,265.82,261.32,264.36,12957122,263.57,265.82,261.32,264.36,12957122
2022-10-20,266.54,269.35,263.73,266.96,22552431,266.54,269.35,263.73,266.96,22552431,266.54,269.35,263.73,266.96,22552431
2022-10-21,270.99,273.48,268.51,270.59,18842217,270.99,273.48,268.51,270.59,18842217,270.99,273.48,268.51,270.59,18842217
2022-10-24,270.10,273.58,266.62,271.10,21646969,270.10,273.58,266.62,271.10,21646969,270.10,273.58,266.62,271.10,21646969
2022-10-25,265.14,269.18,261.10,265.79,19336423,265.14,269.18,261.10,265.79,19336423,265.14,269.18,261.10,265.79,19336423
2022-10-26,266.82,270.39,263.25,266.72,22877544,266.82,270.39,263.25,266.72,22877544,266.82,270.39,263.25,266.72,22877544
2022-10-27,264.54,268.74,260.35,263.01,19075536,264.54,268.74,260.35,263.01,19075536,264.54,268.74,260.35,263.01,19075536
2022-10-28,262.29,265.06,259.52,262.04,17596260,262.29,265.06,259.52,262.04,17596260,262.29,265.06,259.52,262.04,17596260
2022-10-31,256.78,261.26,252.30,257.03,20565976,256.78,261.26,252.30,257.03,20565976,256.78,261.26,252.30,257.03,20565976
2022-11-01,257.40,259.93,254.86,258.41,18127466,257.40,259.93,254.86,258.41,18127466,257.40,259.93,254.86,258.41,18127466
2022-11-02,265.44,269.05,261.83,264.56,18127621,265.44,269.05,261.83,264.56,18127621,265.44,269.05,261.83,264.56,18127621
2022-11-03,260.39,263.79,257.00,262.02,22288278,260.39,263.79,257.00,262.02,22288278,260.39,263.79,257.00,262.02,22288278
2022-11-04,257.14,259.14,255.15,256.96,15153501,257.14,259.14,255.15,256.96,15153501,257.14,259.14,255.15,256.96,15153501
2022-11-07,255.31,257.47,253.15,257.16,14022336,255.31,257.47,253.15,257.16,14022336,255.31,257.47,253.15,257.16,14022336
2022-11-08,259.58,261.78,257.39,259.09,17806338,259.58,261.78,257.39,259.09,17806338,259.58,261.78,257.39,259.09,17806338
2022-11-09,252.93,254.86,251.01,253.84,22749316,252.93,254.86,251.01,253.84,22749316,252.93,254.86,251.01,253.84,22749316
2022-11-10,257.01,259.68,254.34,256.02,20095033,257.01,259.68,254.34,256.02,20095033,257.01,259.68,254.34,256.02,20095033
2022-11-11,263.37,267.04,259.69,262.63,16072150,263.37,267.04,259.69,262.63,16072150,263.37,267.04,259.69,262.63,16072150
2022-11-14,267.89,270.20,265.58,267.17,21544105,267.89,270.20,265.58,267.17,21544105,267.89,270.20,265.58,267.17,21544105
2022-11-15,265.68,267.99,263.37,265.29,23471058,265.68,267.99,263.37,265.29,23471058,265.68,267.99,263.37,265.29,23471058
2022-11-16,263.98,267.94,260.02,264.22,19494537,263.98,267.94,260.02,264.22,19494537,263.98,267.94,260.02,264.22,19494537
2022-11-17,265.04,266.68,263.39,263.61,24563615,265.04,266.68,263.39,263.61,24563615,265.04,266.68,263.39,263.61,24563615
2022-11-18,259.83,263.06,256.60,258.61,22259080,259.83,263.06,256.60,258.61,22259080,259.83,263.06,256.60,258.61,22259080
2022-11-21,267.14,271.04,263.25,265.58,22625965,267.14,271.04,263.25,265.58,22625965,267.14,271.04,263.25,265.58,22625965
2022-11-22,262.55,265.25,259.85,262.90,22660611,262.55,265.25,259.85,262.90,22660611,262.55,265.25,259.85,262.90,22660611
2022-11-23,261.43,264.73,258.13,261.64,21839577,261.43,264.73,258.13,261.64,21839577,261.43,264.73,258.13,261.64,21839577
2022-11-24,260.93,263.97,257.88,259.63,24423720,260.93,263.97,257.88,259.63,24423720,260.93,263.97,257.88,259.63,24423720
2022-11-25,257.08,260.06,254.09,256.78,24427230,257.08,260.06,254.09,256.78,24427230,257.08,260.06,254.09,256.78,24427230
2022-11-28,258.86,262.19,255.54,257.90,23879274,258.86,262.19,255.54,257.90,23879274,258.86,262.19,255.54,257.90,23879274
2022-11-29,260.57,263.32,257.82,260.86,22387041,260.57,263.32,257.82,260.86,22387041,260.57,263.32,257.82,260.86,22387041
2022-11-30,269.37,271.11,267.63,270.59,15862625,269.37,271.11,267.63,270.59,15862625,269.37,271.11,267.63,270.59,15862625
2022-12-01,263.99,267.05,260.94,261.33,20041347,263.99,267.05,260.94,261.33,20041347,263.99,267.05,260.94,261.33,20041347
2022-12-02,263.87,267.84,259.90,263.28,20033842,263.87,267.84,259.90,263.28,20033842,263.87,267.84,259.90,263.28,20033842
2022-12-05,261.92,265.06,258.78,261.25,23262941,261.92,265.06,258.78,261.25,23262941,261.92,265.06,258.78,261.25,23262941
2022-12-06,259.45,262.62,256.28,261.75,22203209,259.45,262.62,256.28,261.75,22203209,259.45,262.62,256.28,261.75,22203209
2022-12-07,256.22,259.79,252.66,257.75,20861433,256.22,259.79,252.66,257.75,20861433,256.22,259.79,252.66,257.75,20861433
2022-12-08,266.22,269.29,263.15,265.73,24863094,266.22,269.29,263.15,265.73,24863094,266.22,269.29,263.15,265.73,24863094
2022-12-09,264.65,267.51,261.78,263.48,13094117,264.65,267.51,261.78,263.48,13094117,264.65,267.51,261.78,263.48,13094117
2022-12-12,275.45,278.61,272.29,274.87,13940942,275.45,278.61,272.29,274.87,13940942,275.45,278.61,272.29,274.87,13940942
2022-12-13,275.69,280.68,270.70,273.80,16609079,275.69,280.68,270.70,273.80,16609079,275.69,280.68,270.70,273.80,16609079
2022-12-14,269.52,271.30,267.74,269.91,20470830,269.52,271.30,267.74,269.91,20470830,269.52,271.30,267.74,269.91,20470830
2022-12-15,277.34,280.86,273.82,276.45,19744757,277.34,280.86,273.82,276.45,19744757,277.34,280.86,273.82,276.45,19744757
2022-12-16,283.85,287.65,280.06,283.80,14313892,283.85,287.65,280.06,283.80,14313892,283.85,287.65,280.06,283.80,14313892
2022-12-19,287.69,291.25,284.12,287.10,22680610,287.69,291.25,284.12,287.10,22680610,287.69,291.25,284.12,287.10,22680610
2022-12-20,288.37,290.76,285.99,290.03,16331469,288.37,290.76,285.99,290.03,16331469,288.37,290.76,285.99,290.03,16331469
2022-12-21,291.26,294.07,288.45,291.68,20473944,291.26,294.07,288.45,291.68,20473944,291.26,294.07,288.45,291.68,20473944
2022-12-22,286.67,288.84,284.51,287.09,18052113,286.67,288.84,284.51,287.09,18052113,286.67,288.84,284.51,287.09,18052113
2022-12-23,287.91,292.68,283.13,287.74,20397665,287.91,292.68,283.13,287.74,20397665,287.91,292.68,283.13,287.74,20397665
2022-12-26,281.76,284.54,278.99,281.41,18829499,281.76,284.54,278.99,281.41,18829499,281.76,284.54,278.99,281.41,18829499
2022-12-27,276.10,277.18,275.03,275.34,16978143,276.10,277.18,275.03,275.34,16978143,276.10,277.18,275.03,275.34,16978143
2022-12-28,273.51,277.63,269.39,274.26,23597984,273.51,277.63,269.39,274.26,23597984,273.51,277.63,269.39,274.26,23597984
2022-12-29,272.87,275.55,270.19,274.54,19643660,272.87,275.55,270.19,274.54,19643660,272.87,275.55,270.19,274.54,19643660
2022-12-30,277.92,280.05,275.79,276.30,13157985,277.92,280.05,275.79,276.30,13157985,277.92,280.05,275.79,276.30,13157985
2023-01-02,279.49,282.60,276.37,277.58,19632494,279.49,282.60,276.37,277.58,19632494,279.49,282.60,276.37,277.58,19632494
2023-01-03,282.00,287.11,276.90,280.53,23277493,282.00,287.11,276.90,280.53,23277493,282.00,287.11,276.90,280.53,23277493
2023-01-04,283.58,287.58,279.59,282.01,18806140,283.58,287.58,279.59,282.01,18806140,283.58,287.58,279.59,282.01,18806140
2023-01-05,284.44,288.45,280.44,286.14,17153869,284.44,288.45,280.44,286.14,17153869,284.44,288.45,280.44,286.14,17153869
2023-01-06,287.67,289.99,285.36,287.74,14895126,287.67,289.99,285.36,287.74,14895126,287.67,289.99,285.36,287.74,14895126
2023-01-09,285.72,288.59,282.84,286.30,24900574,285.72,288.59,282.84,286.30,24900574,285.72,288.59,282.84,286.30,24900574
2023-01-10,285.01,288.78,281.23,283.38,13505735,285.01,288.78,281.23,283.38,13505735,285.01,288.78,281.23,283.38,13505735
2023-01-11,286.08,289.53,282.64,287.18,19751019,286.08,289.53,282.64,287.18,19751019,286.08,289.53,282.64,287.18,19751019
2023-01-12,289.63,293.83,285.43,289.56,17499509,289.63,293.83,285.43,289.56,17499509,289.63,293.83,285.43,289.56,17499509
2023-01-13,289.74,294.66,284.82,287.69,13494358,289.74,294.66,284.82,287.69,13494358,289.74,294.66,284.82,287.69,13494358
2023-01-16,297.31,301.67,292.95,295.40,15651577,297.31,301.67,292.95,295.40,15651577,297.31,301.67,292.95,295.40,15651577
2023-01-17,302.10,306.68,297.51,300.14,19679867,302.10,306.68,297.51,300.14,19679867,302.10,306.68,297.51,300.14,19679867
2023-01-18,297.75,300.40,295.09,298.18,23725149,297.75,300.40,295.09,298.18,23725149,297.75,300.40,295.09,298.18,23725149
2023-01-19,298.39,301.23,295.55,297.61,19731348,298.39,301.23,295.55,297.61,19731348,298.39,301.23,295.55,297.61,19731348
2023-01-20,297.38,299.14,295.63,298.40,24187617,297.38,299.14,295.63,298.40,24187617,297.38,299.14,295.63,298.40,24187617
2023-01-23,308.10,310.95,305.25,308.44,24611891,308.10,310.95,305.25,308.44,24611891,308.10,310.95,305.25,308.44,24611891
2023-01-24,309.34,313.69,304.98,310.72,19069217,309.34,313.69,304.98,310.72,19069217,309.34,313.69,304.98,310.72,19069217
2023-01-25,312.50,315.36,309.64,311.87,20420643,312.50,315.36,309.64,311.87,20420643,312.50,315.36,309.64,311.87,20420643
2023-01-26,315.07,317.37,312.77,313.49,13147161,315.07,317.37,312.77,313.49,13147161,315.07,317.37,312.77,313.49,13147161
2023-01-27,318.29,322.18,314.40,317.92,20331839,318.29,322.18,314.40,317.92,20331839,318.29,322.18,314.40,317.92,20331839
2023-01-30,325.26,328.33,322.18,324.53,18996473,325.26,328.33,322.18,324.53,18996473,325.26,328.33,322.18,324.53,18996473
2023-01-31,316.94,320.29,313.59,316.31,14975854,316.94,320.29,313.59,316.31,14975854,316.94,320.29,313.59,316.31,14975854
2023-02-01,310.66,312.26,309.05,311.27,16894858,310.66,312.26,309.05,311.27,16894858,310.66,312.26,309.05,311.27,16894858
2023-02-02,311.28,314.49,308.08,312.40,14697123,311.28,314.49,308.08,312.40,14697123,311.28,314.49,308.08,312.40,14697123
2023-02-03,315.36,318.94,311.78,314.17,24569787,315.36,318.94,311.78,314.17,24569787,315.36,318.94,311.78,314.17,24569787
2023-02-06,308.60,314.31,302.89,308.40,20828696,308.60,314.31,302.89,308.40,20828696,308.60,314.31,302.89,308.40,20828696
2023-02-07,301.36,304.91,297.80,301.51,23737661,301.36,304.91,297.80,301.51,23737661,301.36,304.91,297.80,301.51,23737661
2023-02-08,298.73,300.60,296.86,296.99,25102197,298.73,300.60,296.86,296.99,25102197,298.73,300.60,296.86,296.99,25102197
2023-02-09,293.05,294.99,291.11,293.59,19019914,293.05,294.99,291.11,293.59,19019914,293.05,294.99,291.11,293.59,19019914
2023-02-10,293.43,296.16,290.70,293.20,21551242,293.43,296.16,290.70,293.20,21551242,293.43,296.16,290.70,293.20,21551242
2023-02-13,296.15,299.37,292.92,295.42,14143189,296.15,299.37,292.92,295.42,14143189,296.15,299.37,292.92,295.42,14143189
2023-02-14,293.21,295.56,290.86,293.30,20831294,293.21,295.56,290.86,293.30,20831294,293.21,295.56,290.86,293.30,20831294
2023-02-15,290.10,293.46,286.73,289.27,18073065,290.10,293.46,286.73,289.27,18073065,290.10,293.46,286.73,289.27,18073065
2023-02-16,289.29,292.94,285.64,289.69,19865766,289.29,292.94,285.64,289.69,19865766,289.29,292.94,285.64,289.69,19865766
2023-02-17,299.79,302.88,296.71,298.90,17862099,299.79,302.88,296.71,298.90,17862099,299.79,302.88,296.71,298.90,17862099
2023-02-20,298.50,304.71,292.29,297.90,22586730,298.50,304.71,292.29,297.90,22586730,298.50,304.71,292.29,297.90,22586730
2023-02-21,302.57,304.41,300.73,303.42,16706697,302.57,304.41,300.73,303.42,16706697,302.57,304.41,300.73,303.42,16706697
2023-02-22,289.43,292.99,285.86,290.80,18016569,289.43,292.99,285.86,290.80,18016569,289.43,292.99,285.86,290.80,18016569
2023-02-23,294.11,296.84,291.38,293.22,16618148,294.11,296.84,291.38,293.22,16618148,294.11,296.84,291.38,293.22,16618148
2023-02-24,296.53,300.54,292.52,294.70,18230632,296.53,300.54,292.52,294.70,18230632,296.53,300.54,292.52,294.70,18230632
2023-02-27,300.41,304.23,296.58,299.95,21994305,300.41,304.23,296.58,299.95,21994305,300.41,304.23,296.58,299.95,21994305
2023-02-28,299.21,300.67,297.75,298.08,15909793,299.21,300.67,297.75,298.08,15909793,299.21,300.67,297.75,298.08,15909793
2023-03-01,290.84,293.51,288.17,291.77,22241454,290.84,293.51,288.17,291.77,22241454,290.84,293.51,288.17,291.77,22241454
2023-03-02,285.31,288.37,282.25,285.22,18317809,285.31,288.37,282.25,285.22,18317809,285.31,288.37,282.25,285.22,18317809
2023-03-03,290.43,294.90,285.97,290.61,14964624,290.43,294.90,285.97,290.61,14964624,290.43,294.90,285.97,290.61,14964624
2023-03-06,285.76,290.03,281.49,285.04,19312186,285.76,290.03,281.49,285.04,19312186,285.76,290.03,281.49,285.04,19312186
2023-03-07,283.22,285.12,281.32,283.21,15913747,283.22,285.12,281.32,283.21,15913747,283.22,285.12,281.32,283.21,15913747
2023-03-08,280.01,283.07,276.94,279.27,17073778,280.01,283.07,276.94,279.27,17073778,280.01,283.07,276.94,279.27,17073778
2023-03-09,267.71,269.85,265.57,269.62,20672669,267.71,269.85,265.57,269.62,20672669,267.71,269.85,265.57,269.62,20672669
2023-03-10,276.32,282.14,270.51,274.18,15615682,276.32,282.14,270.51,274.18,15615682,276.32,282.14,270.51,274.18,15615682
2023-03-13,269.78,273.68,265.89,267.18,18084308,269.78,273.68,265.89,267.18,18084308,269.78,273.68,265.89,267.18,18084308
2023-03-14,265.88,269.46,262.31,266.90,18742480,265.88,269.46,262.31,266.90,18742480,265.88,269.46,262.31,266.90,18742480
2023-03-15,260.23,264.55,255.91,260.69,19894328,260.23,264.55,255.91,260.69,19894328,260.23,264.55,255.91,260.69,19894328
2023-03-16,257.71,261.42,254.00,256.59,21200743,257.71,261.42,254.00,256.59,21200743,257.71,261.42,254.00,256.59,21200743
2023-03-17,254.81,258.14,251.48,253.14,17597539,254.81,258.14,251.48,253.14,17597539,254.81,258.14,251.48,253.14,17597539
2023-03-20,249.43,252.97,245.89,249.26,18892650,249.43,252.97,245.89,249.26,18892650,249.43,252.97,245.89,249.26,18892650
2023-03-21,245.71,247.89,243.54,245.24,22917945,245.71,247.89,243.54,245.24,22917945,245.71,247.89,243.54,245.24,22917945
2023-03-22,243.07,244.78,241.35,243.87,12827926,243.07,244.78,241.35,243.87,12827926,243.07,244.78,241.35,243.87,12827926
2023-03-23,251.96,254.36,249.55,251.15,25137781,251.96,254.36,249.55,251.15,25137781,251.96,254.36,249.55,251.15,25137781
2023-03-24,252.88,254.98,250.79,254.30,17549378,252.88,254.98,250.79,254.30,17549378,252.88,254.98,250.79,254.30,17549378
2023-03-27,254.20,255.98,252.42,254.29,23522343,254.20,255.98,252.42,254.29,23522343,254.20,255.98,252.42,254.29,23522343
2023-03-28,262.07,265.52,258.62,261.16,21460367,262.07,265.52,258.62,261.16,21460367,262.07,265.52,258.62,261.16,21460367
2023-03-29,259.46,263.25,255.67,258.66,24989664,259.46,263.25,255.67,258.66,24989664,259.46,263.25,255.67,258.66,24989664
2023-03-30,257.62,261.38,253.85,257.51,12612078,257.62,261.38,253.85,257.51,12612078,257.62,261.38,253.85,257.51,12612078
2023-03-31,259.01,261.21,256.82,259.03,21934958,259.01,261.21,256.82,259.03,21934958,259.01,261.21,256.82,259.03,21934958
2023-04-03,260.88,264.30,257.46,258.85,18501030,260.88,264.30,257.46,258.85,18501030,260.88,264.30,257.46,258.85,18501030
2023-04-04,259.68,262.06,257.31,259.25,23827635,259.68,262.06,257.31,259.25,23827635,259.68,262.06,257.31,259.25,23827635
2023-04-05,262.19,264.04,260.34,261.30,19242556,262.19,264.04,260.34,261.30,19242556,262.19,264.04,260.34,261.30,19242556
2023-04-06,259.73,261.95,257.51,261.41,24220762,259.73,261.95,257.51,261.41,24220762,259.73,261.95,257.51,261.41,24220762
2023-04-07,264.32,267.21,261.44,266.19,15625236,264.32,267.21,261.44,266.19,15625236,264.32,267.21,261.44,266.19,15625236
2023-04-10,262.74,265.91,259.56,263.35,16282907,262.74,265.91,259.56,263.35,16282907,262.74,265.91,259.56,263.35,16282907
2023-04-11,269.21,272.91,265.52,269.50,13469640,269.21,272.91,265.52,269.50,13469640,269.21,272.91,265.52,269.50,13469640
2023-04-12,271.60,273.98,269.21,271.03,15731004,271.60,273.98,269.21,271.03,15731004,271.60,273.98,269.21,271.03,15731004
2023-04-13,274.78,278.65,270.92,274.12,16590787,274.78,278.65,270.92,274.12,16590787,274.78,278.65,270.92,274.12,16590787
2023-04-14,279.15,282.52,275.78,279.08,16103731,279.15,282.52,275.78,279.08,16103731,279.15,282.52,275.78,279.08,16103731
2023-04-17,279.99,282.83,277.15,280.44,20364219,279.99,282.83,277.15,280.44,20364219,279.99,282.83,277.15,280.44,20364219
2023-04-18,285.26,287.94,282.58,286.02,21527341,285.26,287.94,282.58,286.02,21527341,285.26,287.94,282.58,286.02,21527341
2023-04-19,281.57,285.55,277.59,281.56,19188090,281.57,285.55,277.59,281.56,19188090,281.57,285.55,277.59,281.56,19188090
2023-04-20,278.20,282.72,273.68,278.09,17546019,278.20,282.72,273.68,278.09,17546019,278.20,282.72,273.68,278.09,17546019
2023-04-21,283.29,285.86,280.73,282.82,13852908,283.29,285.86,280.73,282.82,13852908,283.29,285.86,280.73,282.82,13852908
2023-04-24,277.63,281.46,273.79,278.62,13449782,277.63,281.46,273.79,278.62,13449782,277.63,281.46,273.79,278.62,13449782
2023-04-25,276.94,279.65,274.23,277.11,23746076,276.94,279.65,274.23,277.11,23746076,276.94,279.65,274.23,277.11,23746076
2023-04-26,277.64,281.60,273.68,277.12,16892352,277.64,281.60,273.68,277.12,16892352,277.64,281.60,273.68,277.12,16892352
2023-04-27,285.71,288.84,282.57,284.29,18017751,285.71,288.84,282.57,284.29,18017751,285.71,288.84,282.57,284.29,18017751
2023-04-28,284.40,287.31,281.49,285.91,21306410,284.40,287.31,281.49,285.91,21306410,284.40,287.31,281.49,285.91,21306410
2023-05-01,287.31,292.30,282.32,286.56,17507165,287.31,292.30,282.32,286.56,17507165,287.31,292.30,282.32,286.56,17507165
2023-05-02,286.15,289.11,283.19,286.27,12713525,286.15,289.11,283.19,286.27,12713525,286.15,289.11,283.19,286.27,12713525
2023-05-03,279.46,281.01,277.92,280.22,15149740,279.46,281.01,277.92,280.22,15149740,279.46,281.01,277.92,280.22,15149740
2023-05-04,286.91,289.22,284.59,286.05,18885801,286.91,289.22,284.59,286.05,18885801,286.91,289.22,284.59,286.05,18885801
2023-05-05,288.13,291.76,284.50,288.44,18528883,288.13,291.76,284.50,288.44,18528883,288.13,291.76,284.50,288.44,18528883
2023-05-08,284.21,288.76,279.65,283.86,24229419,284.21,288.76,279.65,283.86,24229419,284.21,288.76,279.65,283.86,24229419
2023-05-09,280.58,283.99,277.18,279.88,17726313,280.58,283.99,277.18,279.88,17726313,280.58,283.99,277.18,279.88,17726313
2023-05-10,277.26,280.59,273.94,278.34,18007111,277.26,280.59,273.94,278.34,18007111,277.26,280.59,273.94,278.34,18007111
2023-05-11,270.23,273.09,267.36,270.91,19253510,270.23,273.09,267.36,270.91,19253510,270.23,273.09,267.36,270.91,19253510
2023-05-12,276.00,278.91,273.08,273.14,19482924,276.00,278.91,273.08,273.14,19482924,276.00,278.91,273.08,273.14,19482924
2023-05-15,268.96,271.04,266.88,269.65,22074873,268.96,271.04,266.88,269.65,22074873,268.96,271.04,266.88,269.65,22074873
2023-05-16,267.92,270.59,265.24,269.01,18045542,267.92,270.59,265.24,269.01,18045542,267.92,270.59,265.24,269.01,18045542
2023-05-17,274.28,278.39,270.16,274.17,17445153,274.28,278.39,270.16,274.17,17445153,274.28,278.39,270.16,274.17,17445153
2023-05-18,280.92,283.05,278.78,281.07,19671654,280.92,283.05,278.78,281.07,19671654,280.92,283.05,278.78,281.07,19671654
2023-05-19,286.43,289.90,282.95,285.15,13532106,286.43,289.90,282.95,285.15,13532106,286.43,289.90,282.95,285.15,13532106
2023-05-22,285.38,287.19,283.56,284.77,15918137,285.38,287.19,283.56,284.77,15918137,285.38,287.19,283.56,284.77,15918137
2023-05-23,283.22,286.67,279.77,283.25,13706949,283.22,286.67,279.77,283.25,13706949,283.22,286.67,279.77,283.25,13706949
2023-05-24,288.78,291.43,286.13,288.40,22357737,288.78,291.43,286.13,288.40,22357737,288.78,291.43,286.13,288.40,22357737
2023-05-25,293.07,297.43,288.70,294.07,17695285,293.07,297.43,288.70,294.07,17695285,293.07,297.43,288.70,294.07,17695285
2023-05-26,290.06,293.43,286.69,291.13,19567207,290.06,293.43,286.69,291.13,19567207,290.06,293.43,286.69,291.13,19567207
2023-05-29,290.21,294.86,285.56,288.38,22917934,290.21,294.86,285.56,288.38,22917934,290.21,294.86,285.56,288.38,22917934
2023-05-30,291.06,295.41,286.71,291.21,18202064,291.06,295.41,286.71,291.21,18202064,291.06,295.41,286.71,291.21,18202064
2023-05-31,291.36,293.46,289.26,290.49,16884316,291.36,293.46,289.26,290.49,16884316,291.36,293.46,289.26,290.49,16884316
2023-06-01,299.40,300.99,297.81,299.05,16580725,299.40,300.99,297.81,299.05,16580725,299.40,300.99,297.81,299.05,16580725
2023-06-02,302.33,305.20,299.45,302.74,21277169,302.33,305.20,299.45,302.74,21277169,302.33,305.20,299.45,302.74,21277169
2023-06-05,305.76,307.84,303.68,304.64,21014537,305.76,307.84,303.68,304.64,21014537,305.76,307.84,303.68,304.64,21014537
2023-06-06,301.29,303.82,298.77,302.10,23022229,301.29,303.82,298.77,302.10,23022229,301.29,303.82,298.77,302.10,23022229
2023-06-07,296.24,299.10,293.38,295.78,24797285,296.24,299.10,293.38,295.78,24797285,296.24,299.10,293.38,295.78,24797285
2023-06-08,299.37,303.57,295.17,297.50,18294793,299.37,303.57,295.17,297.50,18294793,299.37,303.57,295.17,297.50,18294793
2023-06-09,299.74,303.27,296.21,300.72,15842896,299.74,303.27,296.21,300.72,15842896,299.74,303.27,296.21,300.72,15842896
2023-06-12,295.83,297.71,293.95,294.56,22884616,295.83,297.71,293.95,294.56,22884616,295.83,297.71,293.95,294.56,22884616
2023-06-13,291.34,295.06,287.62,291.32,20456926,291.34,295.06,287.62,291.32,20456926,291.34,295.06,287.62,291.32,20456926
2023-06-14,302.12,304.50,299.73,299.75,17285798,302.12,304.50,299.73,299.75,17285798,302.12,304.50,299.73,299.75,17285798
2023-06-15,306.92,311.65,302.19,306.12,15523586,306.92,311.65,302.19,306.12,15523586,306.92,311.65,302.19,306.12,15523586
2023-06-16,298.89,302.30,295.48,300.35,14584674,298.89,302.30,295.48,300.35,14584674,298.89,302.30,295.48,300.35,14584674
2023-06-19,299.46,302.40,296.52,298.46,19011188,299.46,302.40,296.52,298.46,19011188,299.46,302.40,296.52,298.46,19011188
2023-06-20,301.04,304.38,297.71,300.33,17658706,301.04,304.38,297.71,300.33,17658706,301.04,304.38,297.71,300.33,17658706
2023-06-21,308.13,309.87,306.39,306.45,18321575,308.13,309.87,306.39,306.45,18321575,308.13,309.87,306.39,306.45,18321575
2023-06-22,298.11,302.38,293.84,298.41,21033966,298.11,302.38,293.84,298.41,21033966,298.11,302.38,293.84,298.41,21033966
2023-06-23,301.14,303.67,298.60,299.88,15162708,301.14,303.67,298.60,299.88,15162708,301.14,303.67,298.60,299.88,15162708
2023-06-26,296.85,300.45,293.25,296.57,20795186,296.85,300.45,293.25,296.57,20795186,296.85,300.45,293.25,296.57,20795186
2023-06-27,296.34,298.61,294.07,295.70,20463142,296.34,298.61,294.07,295.70,20463142,296.34,298.61,294.07,295.70,20463142
2023-06-28,299.05,301.32,296.78,300.24,24372659,299.05,301.32,296.78,300.24,24372659,299.05,301.32,296.78,300.24,24372659
2023-06-29,303.62,306.06,301.17,302.86,23103672,303.62,306.06,301.17,302.86,23103672,303.62,306.06,301.17,302.86,23103672
2023-06-30,303.79,307.89,299.70,303.44,20640672,303.79,307.89,299.70,303.44,20640672,303.79,307.89,299.70,303.44,20640672
2023-07-03,307.86,310.47,305.26,306.38,14385572,307.86,310.47,305.26,306.38,14385572,307.86,310.47,305.26,306.38,14385572
2023-07-04,309.33,313.55,305.11,307.83,22745227,309.33,313.55,305.11,307.83,22745227,309.33,313.55,305.11,307.83,22745227
2023-07-05,310.93,314.87,306.99,310.29,19138912,310.93,314.87,306.99,310.29,19138912,310.93,314.87,306.99,310.29,19138912
2023-07-06,307.85,312.53,303.18,309.01,18692592,307.85,312.53,303.18,309.01,18692592,307.85,312.53,303.18,309.01,18692592
2023-07-07,315.11,316.70,313.51,315.81,23569276,315.11,316.70,313.51,315.81,23569276,315.11,316.70,313.51,315.81,23569276
2023-07-10,309.30,311.75,306.86,309.00,15882289,309.30,311.75,306.86,309.00,15882289,309.30,311.75,306.86,309.00,15882289
2023-07-11,315.10,321.03,309.17,313.15,24035004,315.10,321.03,309.17,313.15,24035004,315.10,321.03,309.17,313.15,24035004
2023-07-12,309.68,312.72,306.63,308.10,19988446,309.68,312.72,306.63,308.10,19988446,309.68,312.72,306.63,308.10,19988446
2023-07-13,312.78,315.44,310.12,314.09,12879872,312.78,315.44,310.12,314.09,12879872,312.78,315.44,310.12,314.09,12879872
2023-07-14,309.96,312.49,307.43,311.60,23705145,309.96,312.49,307.43,311.60,23705145,309.96,312.49,307.43,311.60,23705145
2023-07-17,320.15,323.48,316.81,319.65,23692307,320.15,323.48,316.81,319.65,23692307,320.15,323.48,316.81,319.65,23692307
2023-07-18,322.67,326.03,319.30,323.04,13909391,322.67,326.03,319.30,323.04,13909391,322.67,326.03,319.30,323.04,13909391
2023-07-19,322.97,328.39,317.55,322.37,23987922,322.97,328.39,317.55,322.37,23987922,322.97,328.39,317.55,322.37,23987922
2023-07-20,323.19,325.82,320.56,322.40,23879857,323.19,325.82,320.56,322.40,23879857,323.19,325.82,320.56,322.40,23879857
2023-07-21,326.61,331.07,322.15,325.81,19931328,326.61,331.07,322.15,325.81,19931328,326.61,331.07,322.15,325.81,19931328
2023-07-24,322.30,325.75,318.85,321.11,16530910,322.30,325.75,318.85,321.11,16530910,322.30,325.75,318.85,321.11,16530910
2023-07-25,313.79,318.30,309.28,312.49,16463704,313.79,318.30,309.28,312.49,16463704,313.79,318.30,309.28,312.49,16463704
2023-07-26,307.27,310.21,304.33,307.78,13702076,307.27,310.21,304.33,307.78,13702076,307.27,310.21,304.33,307.78,13702076
2023-07-27,302.65,305.71,299.59,302.57,14000102,302.65,305.71,299.59,302.57,14000102,302.65,305.71,299.59,302.57,14000102
2023-07-28,306.89,311.35,302.43,306.56,23955113,306.89,311.35,302.43,306.56,23955113,306.89,311.35,302.43,306.56,23955113
2023-07-31,307.08,309.11,305.04,305.27,22032121,307.08,309.11,305.04,305.27,22032121,307.08,309.11,305.04,305.27,22032121
2023-08-01,311.54,316.67,306.41,310.50,14873593,311.54,316.67,306.41,310.50,14873593,311.54,316.67,306.41,310.50,14873593
2023-08-02,299.10,300.90,297.31,299.95,21429663,299.10,300.90,297.31,299.95,21429663,299.10,300.90,297.31,299.95,21429663
2023-08-03,296.91,302.05,291.76,296.92,22359344,296.91,302.05,291.76,296.92,22359344,296.91,302.05,291.76,296.92,22359344
2023-08-04,298.73,302.12,295.33,300.44,20090116,298.73,302.12,295.33,300.44,20090116,298.73,302.12,295.33,300.44,20090116
2023-08-07,307.70,311.10,304.30,307.31,24897658,307.70,311.10,304.30,307.31,24897658,307.70,311.10,304.30,307.31,24897658
2023-08-08,306.83,310.85,302.82,304.38,17178788,306.83,310.85,302.82,304.38,17178788,306.83,310.85,302.82,304.38,17178788
2023-08-09,305.00,308.71,301.30,304.98,19663907,305.00,308.71,301.30,304.98,19663907,305.00,308.71,301.30,304.98,19663907
2023-08-10,296.76,300.37,293.15,296.09,13791312,296.76,300.37,293.15,296.09,13791312,296.76,300.37,293.15,296.09,13791312
2023-08-11,298.74,301.80,295.67,300.63,14589044,298.74,301.80,295.67,300.63,14589044,298.74,301.80,295.67,300.63,14589044
2023-08-14,300.95,303.97,297.93,300.07,23031803,300.95,303.97,297.93,300.07,23031803,300.95,303.97,297.93,300.07,23031803
2023-08-15,308.86,312.01,305.71,309.38,18265108,308.86,312.01,305.71,309.38,18265108,308.86,312.01,305.71,309.38,18265108
2023-08-16,315.49,316.61,314.37,314.40,16751198,315.49,316.61,314.37,314.40,16751198,315.49,316.61,314.37,314.40,16751198
2023-08-17,318.09,321.13,315.04,317.70,21589675,318.09,321.13,315.04,317.70,21589675,318.09,321.13,315.04,317.70,21589675
2023-08-18,309.94,314.23,305.64,308.64,22609870,309.94,314.23,305.64,308.64,22609870,309.94,314.23,305.64,308.64,22609870
2023-08-21,316.12,320.33,311.91,315.72,23307124,316.12,320.33,311.91,315.72,23307124,316.12,320.33,311.91,315.72,23307124
2023-08-22,323.73,327.45,320.00,322.27,16383085,323.73,327.45,320.00,322.27,16383085,323.73,327.45,320.00,322.27,16383085
2023-08-23,325.89,330.35,321.44,325.23,16606506,325.89,330.35,321.44,325.23,16606506,325.89,330.35,321.44,325.23,16606506
2023-08-24,323.74,328.16,319.33,322.76,24993325,323.74,328.16,319.33,322.76,24993325,323.74,328.16,319.33,322.76,24993325
2023-08-25,322.95,327.17,318.73,323.87,13987005,322.95,327.17,318.73,323.87,13987005,322.95,327.17,318.73,323.87,13987005
2023-08-28,326.53,330.68,322.38,325.11,12964760,326.53,330.68,322.38,325.11,12964760,326.53,330.68,322.38,325.11,12964760
2023-08-29,331.96,335.41,328.52,331.19,14042228,331.96,335.41,328.52,331.19,14042228,331.96,335.41,328.52,331.19,14042228
2023-08-30,328.75,334.74,322.75,328.27,15788700,328.75,334.74,322.75,328.27,15788700,328.75,334.74,322.75,328.27,15788700
2023-08-31,332.19,336.63,327.75,330.06,24172190,332.19,336.63,327.75,330.06,24172190,332.19,336.63,327.75,330.06,24172190
2023-09-01,334.25,336.83,331.68,335.27,23849143,334.25,336.83,331.68,335.27,23849143,334.25,336.83,331.68,335.27,23849143
2023-09-04,337.24,342.55,331.93,337.96,13819086,337.24,342.55,331.93,337.96,13819086,337.24,342.55,331.93,337.96,13819086
2023-09-05,333.73,336.27,331.20,333.65,14736141,333.73,336.27,331.20,333.65,14736141,333.73,336.27,331.20,333.65,14736141
2023-09-06,332.90,335.95,329.85,332.15,22948724,332.90,335.95,329.85,332.15,22948724,332.90,335.95,329.85,332.15,22948724
2023-09-07,327.35,332.46,322.25,327.20,19443155,327.35,332.46,322.25,327.20,19443155,327.35,332.46,322.25,327.20,19443155
2023-09-08,329.94,335.24,324.65,332.13,22745669,329.94,335.24,324.65,332.13,22745669,329.94,335.24,324.65,332.13,22745669
2023-09-11,329.90,333.74,326.07,330.42,13648319,329.90,333.74,326.07,330.42,13648319,329.90,333.74,326.07,330.42,13648319
2023-09-12,330.15,333.67,326.62,331.03,13928656,330.15,333.67,326.62,331.03,13928656,330.15,333.67,326.62,331.03,13928656
2023-09-13,338.03,340.62,335.44,339.60,18795006,338.03,340.62,335.44,339.60,18795006,338.03,340.62,335.44,339.60,18795006
2023-09-14,346.74,348.79,344.69,346.36,22309268,346.74,348.79,344.69,346.36,22309268,346.74,348.79,344.69,346.36,22309268
2023-09-15,347.65,350.70,344.61,348.14,12901013,347.65,350.70,344.61,348.14,12901013,347.65,350.70,344.61,348.14,12901013
2023-09-18,355.84,360.69,350.99,356.26,21887049,355.84,360.69,350.99,356.26,21887049,355.84,360.69,350.99,356.26,21887049
2023-09-19,349.83,351.81,347.85,348.17,16338867,349.83,351.81,347.85,348.17,16338867,349.83,351.81,347.85,348.17,16338867
2023-09-20,345.93,349.34,342.53,346.44,17602383,345.93,349.34,342.53,346.44,17602383,345.93,349.34,342.53,346.44,17602383
2023-09-21,357.69,362.74,352.64,357.74,25104042,357.69,362.74,352.64,357.74,25104042,357.69,362.74,352.64,357.74,25104042
2023-09-22,361.56,367.74,355.38,359.73,17803045,361.56,367.74,355.38,359.73,17803045,361.56,367.74,355.38,359.73,17803045
2023-09-25,363.72,365.48,361.96,365.16,17628091,363.72,365.48,361.96,365.16,17628091,363.72,365.48,361.96,365.16,17628091
2023-09-26,366.91,370.45,363.37,368.01,23119785,366.91,370.45,363.37,368.01,23119785,366.91,370.45,363.37,368.01,23119785
2023-09-27,362.64,366.95,358.34,360.20,22358207,362.64,366.95,358.34,360.20,22358207,362.64,366.95,358.34,360.20,22358207
2023-09-28,367.53,370.78,364.29,366.61,15896650,367.53,370.78,364.29,366.61,15896650,367.53,370.78,364.29,366.61,15896650
2023-09-29,371.13,376.27,365.99,370.50,22621062,371.13,376.27,365.99,370.50,22621062,371.13,376.27,365.99,370.50,22621062
2023-10-02,379.94,385.24,374.63,377.19,12992083,379.94,385.24,374.63,377.19,12992083,379.94,385.24,374.63,377.19,12992083
2023-10-03,380.46,385.68,375.24,379.73,16208346,380.46,385.68,375.24,379.73,16208346,380.46,385.68,375.24,379.73,16208346
2023-10-04,385.03,389.44,380.61,383.21,14927336,385.03,389.44,380.61,383.21,14927336,385.03,389.44,380.61,383.21,14927336
2023-10-05,379.44,383.26,375.62,379.27,15781692,379.44,383.26,375.62,379.27,15781692,379.44,383.26,375.62,379.27,15781692
2023-10-06,388.64,392.41,384.86,389.07,21749128,388.64,392.41,384.86,389.07,21749128,388.64,392.41,384.86,389.07,21749128
2023-10-09,386.89,392.25,381.54,387.60,14970251,386.89,392.25,381.54,387.60,14970251,386.89,392.25,381.54,387.60,14970251
2023-10-10,382.07,384.05,380.09,382.04,14334079,382.07,384.05,380.09,382.04,14334079,382.07,384.05,380.09,382.04,14334079
2023-10-11,387.37,391.19,383.56,387.24,24893696,387.37,391.19,383.56,387.24,24893696,387.37,391.19,383.56,387.24,24893696
2023-10-12,381.43,385.41,377.45,379.30,13608500,381.43,385.41,377.45,379.30,13608500,381.43,385.41,377.45,379.30,13608500
2023-10-13,369.91,374.37,365.44,368.03,16367383,369.91,374.37,365.44,368.03,16367383,369.91,374.37,365.44,368.03,16367383
2023-10-16,379.01,382.26,375.76,379.83,22861843,379.01,382.26,375.76,379.83,22861843,379.01,382.26,375.76,379.83,22861843
2023-10-17,383.19,389.60,376.77,381.93,20594176,383.19,389.60,376.77,381.93,20594176,383.19,389.60,376.77,381.93,20594176
2023-10-18,382.31,386.74,377.87,380.50,20601248,382.31,386.74,377.87,380.50,20601248,382.31,386.74,377.87,380.50,20601248
2023-10-19,380.54,384.76,376.32,379.64,19611924,380.54,384.76,376.32,379.64,19611924,380.54,384.76,376.32,379.64,19611924
2023-10-20,380.61,383.93,377.30,380.36,22346139,380.61,383.93,377.30,380.36,22346139,380.61,383.93,377.30,380.36,22346139
2023-10-23,384.51,390.93,378.09,384.63,22119850,384.51,390.93,378.09,384.63,22119850,384.51,390.93,378.09,384.63,22119850
2023-10-24,378.72,384.56,372.88,377.69,17983978,378.72,384.56,372.88,377.69,17983978,378.72,384.56,372.88,377.69,17983978
2023-10-25,374.93,377.48,372.37,372.88,20305153,374.93,377.48,372.37,372.88,20305153,374.93,377.48,372.37,372.88,20305153
2023-10-26,360.18,362.37,357.99,360.46,15593713,360.18,362.37,357.99,360.46,15593713,360.18,362.37,357.99,360.46,15593713
2023-10-27,361.82,366.24,357.41,363.23,19290847,361.82,366.24,357.41,363.23,19290847,361.82,366.24,357.41,363.23,19290847
2023-10-30,377.70,382.44,372.96,375.53,24217504,377.70,382.44,372.96,375.53,24217504,377.70,382.44,372.96,375.53,24217504
2023-10-31,360.42,363.60,357.24,361.72,19631963,360.42,363.60,357.24,361.72,19631963,360.42,363.60,357.24,361.72,19631963
2023-11-01,355.90,360.02,351.79,355.69,16236497,355.90,360.02,351.79,355.69,16236497,355.90,360.02,351.79,355.69,16236497
2023-11-02,358.69,362.08,355.30,357.72,16923849,358.69,362.08,355.30,357.72,16923849,358.69,362.08,355.30,357.72,16923849
2023-11-03,361.79,366.06,357.53,360.34,20300652,361.79,366.06,357.53,360.34,20300652,361.79,366.06,357.53,360.34,20300652
2023-11-06,357.94,362.46,353.42,357.36,17727752,357.94,362.46,353.42,357.36,17727752,357.94,362.46,353.42,357.36,17727752
2023-11-07,358.74,360.79,356.69,360.14,17145455,358.74,360.79,356.69,360.14,17145455,358.74,360.79,356.69,360.14,17145455
2023-11-08,379.85,384.84,374.86,379.69,22264940,379.85,384.84,374.86,379.69,22264940,379.85,384.84,374.86,379.69,22264940
2023-11-09,384.68,390.56,378.81,384.20,21137779,384.68,390.56,378.81,384.20,21137779,384.68,390.56,378.81,384.20,21137779
2023-11-10,385.08,392.18,377.98,385.48,14691675,385.08,392.18,377.98,385.48,14691675,385.08,392.18,377.98,385.48,14691675
2023-11-13,389.65,393.23,386.07,386.97,13011044,389.65,393.23,386.07,386.97,13011044,389.65,393.23,386.07,386.97,13011044
2023-11-14,392.18,397.10,387.25,389.47,22799131,392.18,397.10,387.25,389.47,22799131,392.18,397.10,387.25,389.47,22799131
2023-11-15,394.85,398.90,390.80,392.53,20073586,394.85,398.90,390.80,392.53,20073586,394.85,398.90,390.80,392.53,20073586
2023-11-16,389.40,394.61,384.19,389.65,18582679,389.40,394.61,384.19,389.65,18582679,389.40,394.61,384.19,389.65,18582679
2023-11-17,394.07,395.70,392.44,394.39,24291312,394.07,395.70,392.44,394.39,24291312,394.07,395.70,392.44,394.39,24291312
2023-11-20,401.94,407.17,396.70,400.28,20539740,401.94,407.17,396.70,400.28,20539740,401.94,407.17,396.70,400.28,20539740
2023-11-21,404.62,405.73,403.51,404.74,13664548,404.62,405.73,403.51,404.74,13664548,404.62,405.73,403.51,404.74,13664548
2023-11-22,403.44,408.03,398.85,405.07,23594118,403.44,408.03,398.85,405.07,23594118,403.44,408.03,398.85,405.07,23594118
2023-11-23,399.57,402.26,396.87,400.49,14235541,399.57,402.26,396.87,400.49,14235541,399.57,402.26,396.87,400.49,14235541
2023-11-24,401.50,407.07,395.94,403.06,19387537,401.50,407.07,395.94,403.06,19387537,401.50,407.07,395.94,403.06,19387537
2023-11-27,396.26,399.40,393.11,396.54,16801457,396.26,399.40,393.11,396.54,16801457,396.26,399.40,393.11,396.54,16801457
2023-11-28,400.99,405.04,396.94,399.41,20709247,400.99,405.04,396.94,399.41,20709247,400.99,405.04,396.94,399.41,20709247
2023-11-29,409.65,416.94,402.35,408.07,13276577,409.65,416.94,402.35,408.07,13276577,409.65,416.94,402.35,408.07,13276577
2023-11-30,409.57,414.16,404.99,409.91,15636964,409.57,414.16,404.99,409.91,15636964,409.57,414.16,404.99,409.91,15636964
2023-12-01,415.49,417.54,413.43,413.57,13453464,415.49,417.54,413.43,413.57,13453464,415.49,417.54,413.43,413.57,13453464
2023-12-04,426.19,434.42,417.95,424.99,16820584,426.19,434.42,417.95,424.99,16820584,426.19,434.42,417.95,424.99,16820584
2023-12-05,421.23,425.21,417.26,421.58,16665589,421.23,425.21,417.26,421.58,16665589,421.23,425.21,417.26,421.58,16665589
2023-12-06,436.60,441.73,431.47,435.94,23942003,436.60,441.73,431.47,435.94,23942003,436.60,441.73,431.47,435.94,23942003
2023-12-07,437.85,442.82,432.88,435.54,14872391,437.85,442.82,432.88,435.54,14872391,437.85,442.82,432.88,435.54,14872391
2023-12-08,447.82,452.51,443.13,446.90,19403589,447.82,452.51,443.13,446.90,19403589,447.82,452.51,443.13,446.90,19403589
2023-12-11,447.51,450.03,445.00,446.44,13695974,447.51,450.03,445.00,446.44,13695974,447.51,450.03,445.00,446.44,13695974
2023-12-12,449.97,451.99,447.94,448.42,18304493,449.97,451.99,447.94,448.42,18304493,449.97,451.99,447.94,448.42,18304493
2023-12-13,455.40,461.12,449.68,452.19,23462322,455.40,461.12,449.68,452.19,23462322,455.40,461.12,449.68,452.19,23462322
2023-12-14,450.97,454.44,447.51,451.05,23674796,450.97,454.44,447.51,451.05,23674796,450.97,454.44,447.51,451.05,23674796
2023-12-15,454.53,456.80,452.26,455.87,14460219,454.53,456.80,452.26,455.87,14460219,454.53,456.80,452.26,455.87,14460219
2023-12-18,461.04,464.77,457.30,459.03,21568642,461.04,464.77,457.30,459.03,21568642,461.04,464.77,457.30,459.03,21568642
2023-12-19,472.34,476.52,468.17,470.30,18515164,472.34,476.52,468.17,470.30,18515164,472.34,476.52,468.17,470.30,18515164
2023-12-20,481.11,485.58,476.64,481.67,23365406,481.11,485.58,476.64,481.67,23365406,481.11,485.58,476.64,481.67,23365406
2023-12-21,473.58,477.04,470.11,472.90,20924465,473.58,477.04,470.11,472.90,20924465,473.58,477.04,470.11,472.90,20924465
2023-12-22,466.70,474.47,458.92,466.68,16195078,466.70,474.47,458.92,466.68,16195078,466.70,474.47,458.92,466.68,16195078
2023-12-25,459.17,463.68,454.67,460.33,17782512,459.17,463.68,454.67,460.33,17782512,459.17,463.68,454.67,460.33,17782512
2023-12-26,459.82,466.96,452.67,457.11,16233025,459.82,466.96,452.67,457.11,16233025,459.82,466.96,452.67,457.11,16233025
2023-12-27,456.70,460.80,452.60,454.94,13649436,456.70,460.80,452.60,454.94,13649436,456.70,460.80,452.60,454.94,13649436
2023-12-28,455.37,459.23,451.51,454.82,17199752,455.37,459.23,451.51,454.82,17199752,455.37,459.23,451.51,454.82,17199752
2023-12-29,457.46,461.38,453.54,456.46,18544626,457.46,461.38,453.54,456.46,18544626,457.46,461.38,453.54,456.46,18544626
