Date,Open,High,Low,Close,Volume,UnadjustedOpen,UnadjustedHigh,UnadjustedLow,UnadjustedClose,UnadjustedVolume,AdjustedOpen,AdjustedHigh,AdjustedLow,AdjustedClose,AdjustedVolume
2018-01-02,99.03,100.07,97.98,99.19,13686089,99.03,100.07,97.98,99.19,13686089,19.81,20.01,19.60,19.84,68430443
2018-01-03,96.89,98.19,95.58,96.50,16823647,96.89,98.19,95.58,96.50,16823647,19.38,19.64,19.12,19.30,84118237
2018-01-04,99.91,101.18,98.63,99.93,11578700,99.91,101.18,98.63,99.93,11578700,19.98,20.24,19.73,19.99,57893498
2018-01-05,98.33,99.39,97.27,98.35,17118822,98.33,99.39,97.27,98.35,17118822,19.67,19.88,19.45,19.67,85594110
2018-01-08,100.56,100.91,100.22,100.36,14973521,100.56,100.91,100.22,100.36,14973521,20.11,20.18,20.04,20.07,74867603
2018-01-09,100.12,101.45,98.78,100.15,16446560,100.12,101.45,98.78,100.15,16446560,20.02,20.29,19.76,20.03,82232801
2018-01-10,98.90,99.35,98.44,99.32,13965402,98.90,99.35,98.44,99.32,13965402,19.78,19.87,19.69,19.86,69827010
2018-01-11,101.55,103.23,99.87,101.33,14401669,101.55,103.23,99.87,101.33,14401669,20.31,20.65,19.97,20.27,72008343
2018-01-12,101.03,101.84,100.22,101.20,17019994,101.03,101.84,100.22,101.20,17019994,20.21,20.37,20.04,20.24,85099971
2018-01-15,97.39,98.46,96.33,97.32,17201814,97.39,98.46,96.33,97.32,17201814,19.48,19.69,19.27,19.46,86009068
2018-01-16,100.38,101.54,99.22,100.43,11250567,100.38,101.54,99.22,100.43,11250567,20.08,20.31,19.84,20.09,56252834
2018-01-17,99.09,100.09,98.09,99.06,10479657,99.09,100.09,98.09,99.06,10479657,19.82,20.02,19.62,19.81,52398284
2018-01-18,98.84,99.92,97.75,98.89,9364263,98.84,99.92,97.75,98.89,9364263,19.77,19.98,19.55,19.78,46821316
2018-01-19,97.72,98.64,96.81,97.95,17700969,97.72,98.64,96.81,97.95,17700969,19.54,19.73,19.36,19.59,88504846
2018-01-22,97.65,98.75,96.55,97.54,9493331,97.65,98.75,96.55,97.54,9493331,19.53,19.75,19.31,19.51,47466653
2018-01-23,99.06,99.95,98.17,99.05,12675794,99.06,99.95,98.17,99.05,12675794,19.81,19.99,19.63,19.81,63378972
2018-01-24,99.41,100.77,98.05,98.59,11328945,99.41,100.77,98.05,98.59,11328945,19.88,20.15,19.61,19.72,56644727
2018-01-25,98.69,99.58,97.79,98.27,12218938,98.69,99.58,97.79,98.27,12218938,19.74,19.92,19.56,19.65,61094689
2018-01-26,99.79,100.14,99.43,99.56,14494953,99.79,100.14,99.43,99.56,14494953,19.96,20.03,19.89,19.91,72474766
2018-01-29,97.64,98.22,97.05,97.99,14187458,97.64,98.22,97.05,97.99,14187458,19.53,19.64,19.41,19.60,70937289
2018-01-30,96.97,98.09,95.86,96.95,16982319,96.97,98.09,95.86,96.95,16982319,19.39,19.62,19.17,19.39,84911596
2018-01-31,95.73,96.79,94.68,94.83,10438336,95.73,96.79,94.68,94.83,10438336,19.15,19.36,18.94,18.97,52191681
2018-02-01,96.48,97.88,95.08,96.32,15202278,96.48,97.88,95.08,96.32,15202278,19.30,19.58,19.02,19.26,76011392
2018-02-02,95.59,97.44,93.74,95.63,9424637,95.59,97.44,93.74,95.63,9424637,19.12,19.49,18.75,19.13,47123186
2018-02-05,100.33,101.35,99.31,100.00,14927161,100.33,101.35,99.31,100.00,14927161,20.07,20.27,19.86,20.00,74635804
2018-02-06,99.09,100.43,97.74,98.68,12215674,99.09,100.43,97.74,98.68,12215674,19.82,20.09,19.55,19.74,61078370
2018-02-07,98.16,99.49,96.82,98.19,15567072,98.16,99.49,96.82,98.19,15567072,19.63,19.90,19.36,19.64,77835360
2018-02-08,98.03,99.35,96.72,97.35,18195078,98.03,99.35,96.72,97.35,18195078,19.61,19.87,19.34,19.47,90975388
2018-02-09,99.35,100.84,97.87,99.25,17784845,99.35,100.84,97.87,99.25,17784845,19.87,20.17,19.57,19.85,88924226
2018-02-12,100.73,101.46,99.99,100.25,15293049,100.73,101.46,99.99,100.25,15293049,20.15,20.29,20.00,20.05,76465246
2018-02-13,101.41,101.95,100.87,101.47,13117820,101.41,101.95,100.87,101.47,13117820,20.28,20.39,20.17,20.29,65589101
2018-02-14,98.63,99.53,97.74,99.46,13588079,98.63,99.53,97.74,99.46,13588079,19.73,19.91,19.55,19.89,67940396
2018-02-15,97.79,99.09,96.49,98.15,10640153,97.79,99.09,96.49,98.15,10640153,19.56,19.82,19.30,19.63,53200766
2018-02-16,99.31,100.36,98.26,99.02,11876941,99.31,100.36,98.26,99.02,11876941,19.86,20.07,19.65,19.80,59384704
2018-02-19,99.64,100.44,98.84,99.23,13865655,99.64,100.44,98.84,99.23,13865655,19.93,20.09,19.77,19.85,69328277
2018-02-20,98.02,99.07,96.97,97.64,13776102,98.02,99.07,96.97,97.64,13776102,19.60,19.81,19.39,19.53,68880510
2018-02-21,98.01,98.64,97.38,98.49,18010294,98.01,98.64,97.38,98.49,18010294,19.60,19.73,19.48,19.70,90051472
2018-02-22,96.24,97.16,95.32,96.10,11311278,96.24,97.16,95.32,96.10,11311278,19.25,19.43,19.06,19.22,56556390
2018-02-23,94.84,95.61,94.07,95.12,14895781,94.84,95.61,94.07,95.12,14895781,18.97,19.12,18.81,19.02,74478903
2018-02-26,92.27,93.00,91.54,92.88,10846977,92.27,93.00,91.54,92.88,10846977,18.45,18.60,18.31,18.58,54234886
2018-02-27,88.70,89.76,87.65,88.82,10319388,88.70,89.76,87.65,88.82,10319388,17.74,17.95,17.53,17.76,51596940
2018-02-28,90.46,91.73,89.18,90.13,9629175,90.46,91.73,89.18,90.13,9629175,18.09,18.35,17.84,18.03,48145876
2018-03-01,95.05,96.37,93.73,94.43,16979157,95.05,96.37,93.73,94.43,16979157,19.01,19.27,18.75,18.89,84895787
2018-03-02,92.57,93.71,91.42,92.13,17223171,92.57,93.71,91.42,92.13,17223171,18.51,18.74,18.28,18.43,86115857
2018-03-05,92.88,93.61,92.14,93.04,10042247,92.88,93.61,92.14,93.04,10042247,18.58,18.72,18.43,18.61,50211233
2018-03-06,94.36,94.71,94.02,94.61,14356688,94.36,94.71,94.02,94.61,14356688,18.87,18.94,18.80,18.92,71783439
2018-03-07,94.30,95.33,93.27,94.22,13410040,94.30,95.33,93.27,94.22,13410040,18.86,19.07,18.65,18.84,67050199
2018-03-08,95.04,96.08,93.99,94.70,11473563,95.04,96.08,93.99,94.70,11473563,19.01,19.22,18.80,18.94,57367814
2018-03-09,94.05,95.29,92.82,93.76,10889847,94.05,95.29,92.82,93.76,10889847,18.81,19.06,18.56,18.75,54449233
2018-03-12,93.01,94.49,91.53,93.05,17504784,93.01,94.49,91.53,93.05,17504784,18.60,18.90,18.31,18.61,87523921
2018-03-13,92.31,93.57,91.04,92.22,15187460,92.31,93.57,91.04,92.22,15187460,18.46,18.71,18.21,18.44,75937300
2018-03-14,94.18,95.56,92.79,94.30,13340632,94.18,95.56,92.79,94.30,13340632,18.84,19.11,18.56,18.86,66703160
2018-03-15,92.30,93.63,90.97,92.09,11228020,92.30,93.63,90.97,92.09,11228020,18.46,18.73,18.19,18.42,56140101
2018-03-16,89.75,90.66,88.83,90.31,15946030,89.75,90.66,88.83,90.31,15946030,17.95,18.13,17.77,18.06,79730149
2018-03-19,89.22,90.07,88.36,90.04,12340866,89.22,90.07,88.36,90.04,12340866,17.84,18.01,17.67,18.01,61704332
2018-03-20,89.30,90.27,88.32,88.47,15853043,89.30,90.27,88.32,88.47,15853043,17.86,18.05,17.66,17.69,79265213
2018-03-21,89.61,90.89,88.32,89.67,15448477,89.61,90.89,88.32,89.67,15448477,17.92,18.18,17.66,17.93,77242384
2018-03-22,88.66,89.67,87.66,89.08,16248976,88.66,89.67,87.66,89.08,16248976,17.73,17.93,17.53,17.82,81244882
2018-03-23,89.42,90.15,88.69,88.97,18104888,89.42,90.15,88.69,88.97,18104888,17.88,18.03,17.74,17.79,90524439
2018-03-26,91.45,92.07,90.82,91.69,12574904,91.45,92.07,90.82,91.69,12574904,18.29,18.41,18.16,18.34,62874522
2018-03-27,90.84,92.04,89.64,90.85,16838301,90.84,92.04,89.64,90.85,16838301,18.17,18.41,17.93,18.17,84191507
2018-03-28,91.06,91.99,90.14,91.28,9212986,91.06,91.99,90.14,91.28,9212986,18.21,18.40,18.03,18.26,46064932
2018-03-29,91.91,92.96,90.86,92.01,16222895,91.91,92.96,90.86,92.01,16222895,18.38,18.59,18.17,18.40,81114475
2018-03-30,94.59,95.65,93.52,94.63,14135871,94.59,95.65,93.52,94.63,14135871,18.92,19.13,18.70,18.93,70679356
2018-04-02,93.22,94.35,92.10,93.02,9624549,93.22,94.35,92.10,93.02,9624549,18.64,18.87,18.42,18.60,48122743
2018-04-03,93.89,95.11,92.67,93.92,15462658,93.89,95.11,92.67,93.92,15462658,18.78,19.02,18.53,18.78,77313291
2018-04-04,96.53,97.42,95.65,96.22,15523751,96.53,97.42,95.65,96.22,15523751,19.31,19.48,19.13,19.24,77618753
2018-04-05,96.20,96.72,95.67,96.29,9130748,96.20,96.72,95.67,96.29,9130748,19.24,19.34,19.13,19.26,45653738
2018-04-06,97.76,99.26,96.25,97.83,11171948,97.76,99.26,96.25,97.83,11171948,19.55,19.85,19.25,19.57,55859741
2018-04-09,95.11,96.63,93.59,94.45,17455545,95.11,96.63,93.59,94.45,17455545,19.02,19.33,18.72,18.89,87277726
2018-04-10,96.69,97.78,95.59,96.91,12725237,96.69,97.78,95.59,96.91,12725237,19.34,19.56,19.12,19.38,63626184
2018-04-11,97.72,98.88,96.55,97.36,9548124,97.72,98.88,96.55,97.36,9548124,19.54,19.78,19.31,19.47,47740620
2018-04-12,97.53,98.98,96.08,97.27,15282165,97.53,98.98,96.08,97.27,15282165,19.51,19.80,19.22,19.45,76410825
2018-04-13,95.36,96.27,94.46,95.40,15070772,95.36,96.27,94.46,95.40,15070772,19.07,19.25,18.89,19.08,75353861
2018-04-16,96.81,97.94,95.67,96.42,17188880,96.81,97.94,95.67,96.42,17188880,19.36,19.59,19.13,19.28,85944401
2018-04-17,97.10,98.05,96.15,97.46,11390875,97.10,98.05,96.15,97.46,11390875,19.42,19.61,19.23,19.49,56954373
2018-04-18,99.30,100.45,98.16,99.30,11750856,99.30,100.45,98.16,99.30,11750856,19.86,20.09,19.63,19.86,58754278
2018-04-19,98.80,99.16,98.45,98.93,16400214,98.80,99.16,98.45,98.93,16400214,19.76,19.83,19.69,19.79,82001070
2018-04-20,103.04,103.98,102.10,102.59,16787592,103.04,103.98,102.10,102.59,16787592,20.61,20.80,20.42,20.52,83937961
2018-04-23,104.01,105.13,102.89,103.46,11690364,104.01,105.13,102.89,103.46,11690364,20.80,21.03,20.58,20.69,58451820
2018-04-24,101.21,102.14,100.29,101.49,17134867,101.21,102.14,100.29,101.49,17134867,20.24,20.43,20.06,20.30,85674337
2018-04-25,105.28,106.43,104.13,104.60,15951832,105.28,106.43,104.13,104.60,15951832,21.06,21.29,20.83,20.92,79759161
2018-04-26,104.49,104.88,104.09,104.20,12031225,104.49,104.88,104.09,104.20,12031225,20.90,20.98,20.82,20.84,60156123
2018-04-27,103.55,104.60,102.50,103.89,15555456,103.55,104.60,102.50,103.89,15555456,20.71,20.92,20.50,20.78,77777279
2018-04-30,104.74,105.90,103.58,104.28,16966740,104.74,105.90,103.58,104.28,16966740,20.95,21.18,20.72,20.86,84833699
2018-05-01,105.49,106.46,104.52,104.78,18009921,105.49,106.46,104.52,104.78,18009921,21.10,21.29,20.90,20.96,90049604
2018-05-02,108.38,109.56,107.20,107.91,16358154,108.38,109.56,107.20,107.91,16358154,21.68,21.91,21.44,21.58,81790770
2018-05-03,108.39,109.26,107.52,107.93,14534071,108.39,109.26,107.52,107.93,14534071,21.68,21.85,21.50,21.59,72670357
2018-05-04,104.64,105.14,104.14,104.17,13086913,104.64,105.14,104.14,104.17,13086913,20.93,21.03,20.83,20.83,65434567
2018-05-07,104.59,105.46,103.72,103.74,11265110,104.59,105.46,103.72,103.74,11265110,20.92,21.09,20.74,20.75,56325549
2018-05-08,104.13,105.33,102.94,103.92,16984378,104.13,105.33,102.94,103.92,16984378,20.83,21.07,20.59,20.78,84921888
2018-05-09,101.24,102.08,100.39,101.50,16539036,101.24,102.08,100.39,101.50,16539036,20.25,20.42,20.08,20.30,82695178
2018-05-10,98.84,99.81,97.86,99.07,17274158,98.84,99.81,97.86,99.07,17274158,19.77,19.96,19.57,19.81,86370788
2018-05-11,101.43,103.07,99.78,101.16,16711658,101.43,103.07,99.78,101.16,16711658,20.29,20.61,19.96,20.23,83558288
2018-05-14,100.50,101.44,99.57,100.15,15797120,100.50,101.44,99.57,100.15,15797120,20.10,20.29,19.91,20.03,78985598
2018-05-15,100.59,101.86,99.32,100.36,10766532,100.59,101.86,99.32,100.36,10766532,20.12,20.37,19.86,20.07,53832659
2018-05-16,98.02,99.58,96.46,98.17,15672969,98.02,99.58,96.46,98.17,15672969,19.60,19.92,19.29,19.63,78364847
2018-05-17,99.80,101.06,98.53,99.69,9803173,99.80,101.06,98.53,99.69,9803173,19.96,20.21,19.71,19.94,49015864
2018-05-18,102.37,102.86,101.88,102.19,14129657,102.37,102.86,101.88,102.19,14129657,20.47,20.57,20.38,20.44,70648285
2018-05-21,102.40,102.72,102.08,102.36,16468759,102.40,102.72,102.08,102.36,16468759,20.48,20.54,20.42,20.47,82343794
2018-05-22,101.93,103.05,100.82,101.86,12415751,101.93,103.05,100.82,101.86,12415751,20.39,20.61,20.16,20.37,62078757
2018-05-23,102.30,103.60,101.01,102.28,16783435,102.30,103.60,101.01,102.28,16783435,20.46,20.72,20.20,20.46,83917176
2018-05-24,102.13,103.24,101.02,101.34,11757328,102.13,103.24,101.02,101.34,11757328,20.43,20.65,20.20,20.27,58786642
2018-05-25,101.48,102.73,100.23,101.36,15692590,101.48,102.73,100.23,101.36,15692590,20.30,20.55,20.05,20.27,78462949
2018-05-28,100.09,101.13,99.05,99.97,13320778,100.09,101.13,99.05,99.97,13320778,20.02,20.23,19.81,19.99,66603888
2018-05-29,98.99,100.40,97.57,99.15,10286999,98.99,100.40,97.57,99.15,10286999,19.80,20.08,19.51,19.83,51434995
2018-05-30,100.43,102.16,98.70,100.49,9896064,100.43,102.16,98.70,100.49,9896064,20.09,20.43,19.74,20.10,49480322
2018-05-31,106.21,107.62,104.80,106.00,9948529,106.21,107.62,104.80,106.00,9948529,21.24,21.52,20.96,21.20,49742644
2018-06-01,106.84,108.19,105.48,107.05,13966845,106.84,108.19,105.48,107.05,13966845,21.37,21.64,21.10,21.41,69834227
2018-06-04,103.98,105.19,102.77,104.74,11829922,103.98,105.19,102.77,104.74,11829922,20.80,21.04,20.55,20.95,59149612
2018-06-05,107.23,108.37,106.08,106.47,9303339,107.23,108.37,106.08,106.47,9303339,21.45,21.67,21.22,21.29,46516694
2018-06-06,107.75,109.30,106.19,108.02,11892227,107.75,109.30,106.19,108.02,11892227,21.55,21.86,21.24,21.60,59461135
2018-06-07,110.75,111.40,110.11,110.38,16362224,110.75,111.40,110.11,110.38,16362224,22.15,22.28,22.02,22.08,81811120
2018-06-08,111.02,111.81,110.23,110.87,11222614,111.02,111.81,110.23,110.87,11222614,22.20,22.36,22.05,22.17,56113072
2018-06-11,107.23,108.41,106.05,107.03,17052556,107.23,108.41,106.05,107.03,17052556,21.45,21.68,21.21,21.41,85262779
2018-06-12,105.25,106.72,103.79,104.93,10882437,105.25,106.72,103.79,104.93,10882437,21.05,21.34,20.76,20.99,54412184
2018-06-13,104.88,106.27,103.49,105.64,16331104,104.88,106.27,103.49,105.64,16331104,20.98,21.25,20.70,21.13,81655519
2018-06-14,104.81,105.51,104.12,104.93,14113305,104.81,105.51,104.12,104.93,14113305,20.96,21.10,20.82,20.99,70566525
2018-06-15,104.55,105.42,103.69,104.49,10112071,104.55,105.42,103.69,104.49,10112071,20.91,21.08,20.74,20.90,50560354
2018-06-18,102.40,103.49,101.31,102.22,14653266,102.40,103.49,101.31,102.22,14653266,20.48,20.70,20.26,20.44,73266329
2018-06-19,104.73,106.12,103.34,104.21,10278692,104.73,106.12,103.34,104.21,10278692,20.95,21.22,20.67,20.84,51393461
2018-06-20,103.25,104.68,101.82,103.20,10933896,103.25,104.68,101.82,103.20,10933896,20.65,20.94,20.36,20.64,54669479
2018-06-21,103.55,105.01,102.09,103.80,11507778,103.55,105.01,102.09,103.80,11507778,20.71,21.00,20.42,20.76,57538892
2018-06-22,105.19,106.34,104.04,104.75,15341439,105.19,106.34,104.04,104.75,15341439,21.04,21.27,20.81,20.95,76707197
2018-06-25,106.15,108.25,104.05,105.97,11557023,106.15,108.25,104.05,105.97,11557023,21.23,21.65,20.81,21.19,57785113
2018-06-26,107.44,108.76,106.12,107.00,11910673,107.44,108.76,106.12,107.00,11910673,21.49,21.75,21.22,21.40,59553367
2018-06-27,110.62,112.27,108.96,110.71,16430078,110.62,112.27,108.96,110.71,16430078,22.12,22.45,21.79,22.14,82150392
2018-06-28,109.98,111.60,108.37,110.42,12047846,109.98,111.60,108.37,110.42,12047846,22.00,22.32,21.67,22.08,60239230
2018-06-29,113.03,114.01,112.06,112.51,17996300,113.03,114.01,112.06,112.51,17996300,22.61,22.80,22.41,22.50,89981499
2018-07-02,107.20,108.60,105.80,107.79,9337127,107.20,108.60,105.80,107.79,9337127,21.44,21.72,21.16,21.56,46685634
2018-07-03,106.27,107.62,104.93,106.26,13290633,106.27,107.62,104.93,106.26,13290633,21.25,21.52,20.99,21.25,66453167
2018-07-04,108.13,109.52,106.75,107.74,11724971,108.13,109.52,106.75,107.74,11724971,21.63,21.90,21.35,21.55,58624855
2018-07-05,109.22,110.44,108.00,108.88,9336869,109.22,110.44,108.00,108.88,9336869,21.84,22.09,21.60,21.78,46684345
2018-07-06,108.94,110.14,107.74,108.43,11284350,108.94,110.14,107.74,108.43,11284350,21.79,22.03,21.55,21.69,56421748
2018-07-09,107.11,108.56,105.65,106.83,11327787,107.11,108.56,105.65,106.83,11327787,21.42,21.71,21.13,21.37,56638934
2018-07-10,106.89,107.42,106.35,106.93,10097587,106.89,107.42,106.35,106.93,10097587,21.38,21.48,21.27,21.39,50487937
2018-07-11,102.38,103.69,101.06,102.56,14052672,102.38,103.69,101.06,102.56,14052672,20.48,20.74,20.21,20.51,70263362
2018-07-12,104.02,105.09,102.94,103.79,9604056,104.02,105.09,102.94,103.79,9604056,20.80,21.02,20.59,20.76,48020278
2018-07-13,107.08,108.66,105.51,106.86,17390875,107.08,108.66,105.51,106.86,17390875,21.42,21.73,21.10,21.37,86954373
2018-07-16,105.80,107.06,104.54,106.10,14438451,105.80,107.06,104.54,106.10,14438451,21.16,21.41,20.91,21.22,72192257
2018-07-17,105.87,107.38,104.36,105.81,17563244,105.87,107.38,104.36,105.81,17563244,21.17,21.48,20.87,21.16,87816221
2018-07-18,107.41,108.40,106.43,107.27,17323897,107.41,108.40,106.43,107.27,17323897,21.48,21.68,21.29,21.45,86619484
2018-07-19,108.58,109.29,107.87,108.50,11695899,108.58,109.29,107.87,108.50,11695899,21.72,21.86,21.57,21.70,58479497
2018-07-20,109.23,110.76,107.69,108.82,15538600,109.23,110.76,107.69,108.82,15538600,21.85,22.15,21.54,21.76,77693001
2018-07-23,109.80,111.46,108.14,108.86,12822592,109.80,111.46,108.14,108.86,12822592,21.96,22.29,21.63,21.77,64112960
2018-07-24,108.37,108.61,108.12,108.35,9503088,108.37,108.61,108.12,108.35,9503088,21.67,21.72,21.62,21.67,47515442
2018-07-25,111.29,113.49,109.08,110.93,12755881,111.29,113.49,109.08,110.93,12755881,22.26,22.70,21.82,22.19,63779407
2018-07-26,109.86,110.88,108.85,109.58,15679613,109.86,110.88,108.85,109.58,15679613,21.97,22.18,21.77,21.92,78398067
2018-07-27,106.93,108.18,105.68,107.16,17496524,106.93,108.18,105.68,107.16,17496524,21.39,21.64,21.14,21.43,87482622
2018-07-30,109.27,110.05,108.49,108.68,12404469,109.27,110.05,108.49,108.68,12404469,21.85,22.01,21.70,21.74,62022344
2018-07-31,110.67,111.43,109.92,110.56,12773430,110.67,111.43,109.92,110.56,12773430,22.13,22.29,21.98,22.11,63867151
2018-08-01,107.21,108.57,105.85,107.04,15167480,107.21,108.57,105.85,107.04,15167480,21.44,21.71,21.17,21.41,75837401
2018-08-02,110.37,111.39,109.35,110.15,9970539,110.37,111.39,109.35,110.15,9970539,22.07,22.28,21.87,22.03,49852693
2018-08-03,110.94,111.99,109.88,110.69,16615266,110.94,111.99,109.88,110.69,16615266,22.19,22.40,21.98,22.14,83076331
2018-08-06,109.01,109.45,108.56,108.98,10165077,109.01,109.45,108.56,108.98,10165077,21.80,21.89,21.71,21.80,50825387
2018-08-07,111.61,112.45,110.76,110.87,9682401,111.61,112.45,110.76,110.87,9682401,22.32,22.49,22.15,22.17,48412004
2018-08-08,110.26,111.77,108.74,110.59,14111968,110.26,111.77,108.74,110.59,14111968,22.05,22.35,21.75,22.12,70559841
2018-08-09,114.15,114.82,113.48,113.85,9979876,114.15,114.82,113.48,113.85,9979876,22.83,22.96,22.70,22.77,49899382
2018-08-10,114.68,115.95,113.41,114.69,9402088,114.68,115.95,113.41,114.69,9402088,22.94,23.19,22.68,22.94,47010440
2018-08-13,115.83,117.03,114.64,116.29,12667028,115.83,117.03,114.64,116.29,12667028,23.17,23.41,22.93,23.26,63335141
2018-08-14,115.61,117.21,114.01,114.71,12208088,115.61,117.21,114.01,114.71,12208088,23.12,23.44,22.80,22.94,61040439
2018-08-15,112.22,113.01,111.43,112.45,16480247,112.22,113.01,111.43,112.45,16480247,22.44,22.60,22.29,22.49,82401233
2018-08-16,111.52,112.85,110.18,111.79,10299259,111.52,112.85,110.18,111.79,10299259,22.30,22.57,22.04,22.36,51496293
2018-08-17,111.77,112.69,110.84,111.37,11615336,111.77,112.69,110.84,111.37,11615336,22.35,22.54,22.17,22.27,58076680
2018-08-20,109.45,110.97,107.92,108.49,10383552,109.45,110.97,107.92,108.49,10383552,21.89,22.19,21.58,21.70,51917761
2018-08-21,108.44,109.44,107.44,108.36,9586092,108.44,109.44,107.44,108.36,9586092,21.69,21.89,21.49,21.67,47930459
2018-08-22,111.45,113.30,109.59,111.53,15587925,111.45,113.30,109.59,111.53,15587925,22.29,22.66,21.92,22.31,77939626
2018-08-23,109.72,111.12,108.32,109.63,14329243,109.72,111.12,108.32,109.63,14329243,21.94,22.22,21.66,21.93,71646214
2018-08-24,109.24,110.48,108.01,109.39,11448199,109.24,110.48,108.01,109.39,11448199,21.85,22.10,21.60,21.88,57240997
2018-08-27,106.32,107.45,105.19,106.09,11821630,106.32,107.45,105.19,106.09,11821630,21.26,21.49,21.04,21.22,59108150
2018-08-28,104.24,105.43,103.05,104.25,17304429,104.24,105.43,103.05,104.25,17304429,20.85,21.09,20.61,20.85,86522146
2018-08-29,107.27,108.63,105.91,106.97,17216001,107.27,108.63,105.91,106.97,17216001,21.45,21.73,21.18,21.39,86080003
2018-08-30,108.95,109.88,108.02,108.51,9513849,108.95,109.88,108.02,108.51,9513849,21.79,21.98,21.60,21.70,47569247
2018-08-31,106.26,108.02,104.51,105.90,16139025,106.26,108.02,104.51,105.90,16139025,21.25,21.60,20.90,21.18,80695123
2018-09-03,105.41,106.40,104.41,105.74,10537312,105.41,106.40,104.41,105.74,10537312,21.08,21.28,20.88,21.15,52686560
2018-09-04,103.97,105.14,102.81,103.99,11751761,103.97,105.14,102.81,103.99,11751761,20.79,21.03,20.56,20.80,58758803
2018-09-05,104.33,105.77,102.88,103.92,9869344,104.33,105.77,102.88,103.92,9869344,20.87,21.15,20.58,20.78,49346722
2018-09-06,103.33,104.54,102.12,103.28,11434447,103.33,104.54,102.12,103.28,11434447,20.67,20.91,20.42,20.66,57172234
2018-09-07,102.23,103.29,101.17,102.01,12064490,102.23,103.29,101.17,102.01,12064490,20.45,20.66,20.23,20.40,60322449
2018-09-10,103.93,105.02,102.84,103.73,13967634,103.93,105.02,102.84,103.73,13967634,20.79,21.00,20.57,20.75,69838168
2018-09-11,105.66,106.79,104.52,105.57,11958223,105.66,106.79,104.52,105.57,11958223,21.13,21.36,20.90,21.11,59791116
2018-09-12,105.21,106.32,104.10,104.77,10960507,105.21,106.32,104.10,104.77,10960507,21.04,21.26,20.82,20.95,54802535
2018-09-13,103.19,104.85,101.52,102.93,9439900,103.19,104.85,101.52,102.93,9439900,20.64,20.97,20.30,20.59,47199499
2018-09-14,103.56,105.00,102.12,103.15,14450566,103.56,105.00,102.12,103.15,14450566,20.71,21.00,20.42,20.63,72252828
2018-09-17,101.56,102.48,100.65,102.03,9473704,101.56,102.48,100.65,102.03,9473704,20.31,20.50,20.13,20.41,47368520
2018-09-18,102.99,103.94,102.05,102.81,11218295,102.99,103.94,102.05,102.81,11218295,20.60,20.79,20.41,20.56,56091476
2018-09-19,101.40,102.25,100.55,101.40,17598983,101.40,102.25,100.55,101.40,17598983,20.28,20.45,20.11,20.28,87994913
2018-09-20,101.22,102.13,100.31,101.10,11341018,101.22,102.13,100.31,101.10,11341018,20.24,20.43,20.06,20.22,56705090
2018-09-21,101.09,102.16,100.01,100.86,11491690,101.09,102.16,100.01,100.86,11491690,20.22,20.43,20.00,20.17,57458448
2018-09-24,103.50,105.03,101.96,103.15,16185735,103.50,105.03,101.96,103.15,16185735,20.70,21.01,20.39,20.63,80928673
2018-09-25,102.24,102.99,101.49,102.52,12097425,102.24,102.99,101.49,102.52,12097425,20.45,20.60,20.30,20.50,60487123
2018-09-26,102.72,103.72,101.72,102.69,12074597,102.72,103.72,101.72,102.69,12074597,20.54,20.74,20.34,20.54,60372985
2018-09-27,102.47,103.29,101.65,102.11,11395187,102.47,103.29,101.65,102.11,11395187,20.49,20.66,20.33,20.42,56975937
2018-09-28,101.29,102.62,99.96,101.49,11591562,101.29,102.62,99.96,101.49,11591562,20.26,20.52,19.99,20.30,57957809
2018-10-01,99.50,100.74,98.26,99.41,11261460,99.50,100.74,98.26,99.41,11261460,19.90,20.15,19.65,19.88,56307298
2018-10-02,95.91,97.43,94.38,96.32,16125101,95.91,97.43,94.38,96.32,16125101,19.18,19.49,18.88,19.26,80625503
2018-10-03,93.79,94.63,92.94,94.04,16014896,93.79,94.63,92.94,94.04,16014896,18.76,18.93,18.59,18.81,80074481
2018-10-04,94.32,95.75,92.90,93.27,9641852,94.32,95.75,92.90,93.27,9641852,18.86,19.15,18.58,18.65,48209258
2018-10-05,96.08,96.81,95.35,95.54,15174689,96.08,96.81,95.35,95.54,15174689,19.22,19.36,19.07,19.11,75873446
2018-10-08,97.01,97.78,96.24,96.29,13536845,97.01,97.78,96.24,96.29,13536845,19.40,19.56,19.25,19.26,67684224
2018-10-09,98.61,99.51,97.72,98.72,15476660,98.61,99.51,97.72,98.72,15476660,19.72,19.90,19.54,19.74,77383301
2018-10-10,99.72,101.08,98.36,99.94,16698264,99.72,101.08,98.36,99.94,16698264,19.94,20.22,19.67,19.99,83491320
2018-10-11,98.96,100.17,97.74,99.15,17221078,98.96,100.17,97.74,99.15,17221078,19.79,20.03,19.55,19.83,86105391
2018-10-12,99.34,101.08,97.60,99.69,12115677,99.34,101.08,97.60,99.69,12115677,19.87,20.22,19.52,19.94,60578385
2018-10-15,100.86,101.99,99.72,99.96,17879890,100.86,101.99,99.72,99.96,17879890,20.17,20.40,19.94,19.99,89399452
2018-10-16,102.89,104.22,101.55,102.64,9169082,102.89,104.22,101.55,102.64,9169082,20.58,20.84,20.31,20.53,45845409
2018-10-17,105.76,107.17,104.34,105.61,9140055,105.76,107.17,104.34,105.61,9140055,21.15,21.43,20.87,21.12,45700273
2018-10-18,106.41,107.13,105.69,105.94,9656352,106.41,107.13,105.69,105.94,9656352,21.28,21.43,21.14,21.19,48281762
2018-10-19,101.60,102.79,100.41,101.36,12662068,101.60,102.79,100.41,101.36,12662068,20.32,20.56,20.08,20.27,63310339
2018-10-22,100.79,101.98,99.60,100.62,16307375,100.79,101.98,99.60,100.62,16307375,20.16,20.40,19.92,20.12,81536874
2018-10-23,104.11,105.19,103.03,103.99,16462069,104.11,105.19,103.03,103.99,16462069,20.82,21.04,20.61,20.80,82310344
2018-10-24,102.63,104.25,101.01,102.06,15886337,102.63,104.25,101.01,102.06,15886337,20.53,20.85,20.20,20.41,79431686
2018-10-25,103.32,103.99,102.66,102.94,16975285,103.32,103.99,102.66,102.94,16975285,20.66,20.80,20.53,20.59,84876423
2018-10-26,103.06,104.45,101.67,102.44,14087101,103.06,104.45,101.67,102.44,14087101,20.61,20.89,20.33,20.49,70435505
2018-10-29,104.98,105.54,104.42,104.53,10097341,104.98,105.54,104.42,104.53,10097341,21.00,21.11,20.88,20.91,50486703
2018-10-30,106.77,108.10,105.44,107.01,14917983,106.77,108.10,105.44,107.01,14917983,21.35,21.62,21.09,21.40,74589914
2018-10-31,109.95,111.31,108.60,109.78,14785129,109.95,111.31,108.60,109.78,14785129,21.99,22.26,21.72,21.96,73925645
2018-11-01,113.00,114.55,111.44,112.84,16032499,113.00,114.55,111.44,112.84,16032499,22.60,22.91,22.29,22.57,80162496
2018-11-02,112.24,113.20,111.28,111.89,10205128,112.24,113.20,111.28,111.89,10205128,22.45,22.64,22.26,22.38,51025639
2018-11-05,111.18,112.34,110.01,111.09,15365461,111.18,112.34,110.01,111.09,15365461,22.24,22.47,22.00,22.22,76827305
2018-11-06,111.64,112.39,110.90,111.95,11510655,111.64,112.39,110.90,111.95,11510655,22.33,22.48,22.18,22.39,57553277
2018-11-07,112.43,113.48,111.38,112.08,11355668,112.43,113.48,111.38,112.08,11355668,22.49,22.70,22.28,22.42,56778339
2018-11-08,113.21,114.89,111.53,113.25,14973964,113.21,114.89,111.53,113.25,14973964,22.64,22.98,22.31,22.65,74869820
2018-11-09,113.58,114.85,112.31,113.53,14517408,113.58,114.85,112.31,113.53,14517408,22.72,22.97,22.46,22.71,72587039
2018-11-12,112.55,113.79,111.31,111.56,13394635,112.55,113.79,111.31,111.56,13394635,22.51,22.76,22.26,22.31,66973176
2018-11-13,111.10,112.70,109.50,111.15,9507429,111.10,112.70,109.50,111.15,9507429,22.22,22.54,21.90,22.23,47537143
2018-11-14,110.61,111.65,109.58,110.31,13395268,110.61,111.65,109.58,110.31,13395268,22.12,22.33,21.92,22.06,66976340
2018-11-15,112.70,113.53,111.88,112.37,11192319,112.70,113.53,111.88,112.37,11192319,22.54,22.71,22.38,22.47,55961595
2018-11-16,112.40,113.49,111.31,111.86,16654064,112.40,113.49,111.31,111.86,16654064,22.48,22.70,22.26,22.37,83270319
2018-11-19,109.78,110.89,108.66,110.18,12530644,109.78,110.89,108.66,110.18,12530644,21.96,22.18,21.73,22.04,62653219
2018-11-20,116.98,118.41,115.55,116.56,17367569,116.98,118.41,115.55,116.56,17367569,23.40,23.68,23.11,23.31,86837843
2018-11-21,118.95,120.61,117.28,118.24,17565314,118.95,120.61,117.28,118.24,17565314,23.79,24.12,23.46,23.65,87826572
2018-11-22,116.98,118.42,115.53,117.86,17696852,116.98,118.42,115.53,117.86,17696852,23.40,23.68,23.11,23.57,88484262
2018-11-23,116.08,117.03,115.13,115.71,10850940,116.08,117.03,115.13,115.71,10850940,23.22,23.41,23.03,23.14,54254702
2018-11-26,113.48,114.91,112.05,113.57,12327505,113.48,114.91,112.05,113.57,12327505,22.70,22.98,22.41,22.71,61637523
2018-11-27,115.65,118.00,113.31,115.47,11807373,115.65,118.00,113.31,115.47,11807373,23.13,23.60,22.66,23.09,59036864
2018-11-28,113.10,114.79,111.40,112.30,11399642,113.10,114.79,111.40,112.30,11399642,22.62,22.96,22.28,22.46,56998208
2018-11-29,112.34,113.24,111.45,111.79,14575197,112.34,113.24,111.45,111.79,14575197,22.47,22.65,22.29,22.36,72875986
2018-11-30,108.73,110.66,106.80,108.54,13433719,108.73,110.66,106.80,108.54,13433719,21.75,22.13,21.36,21.71,67168593
2018-12-03,107.88,109.13,106.64,107.86,15011187,107.88,109.13,106.64,107.86,15011187,21.58,21.83,21.33,21.57,75055933
2018-12-04,108.39,109.07,107.70,108.01,14230739,108.39,109.07,107.70,108.01,14230739,21.68,21.81,21.54,21.60,71153695
2018-12-05,112.34,113.57,111.10,112.14,17377077,112.34,113.57,111.10,112.14,17377077,22.47,22.71,22.22,22.43,86885387
2018-12-06,108.37,109.57,107.17,108.49,11941310,108.37,109.57,107.17,108.49,11941310,21.67,21.91,21.43,21.70,59706549
2018-12-07,106.75,108.17,105.34,106.75,14975736,106.75,108.17,105.34,106.75,14975736,21.35,21.63,21.07,21.35,74878682
2018-12-10,105.57,106.79,104.34,105.49,18145964,105.57,106.79,104.34,105.49,18145964,21.11,21.36,20.87,21.10,90729820
2018-12-11,107.04,108.78,105.30,106.54,9611507,107.04,108.78,105.30,106.54,9611507,21.41,21.76,21.06,21.31,48057535
2018-12-12,108.99,110.55,107.43,108.90,11159172,108.99,110.55,107.43,108.90,11159172,21.80,22.11,21.49,21.78,55795860
2018-12-13,110.88,112.06,109.70,110.18,12176809,110.88,112.06,109.70,110.18,12176809,22.18,22.41,21.94,22.04,60884047
2018-12-14,104.31,105.74,102.89,104.53,10292607,104.31,105.74,102.89,104.53,10292607,20.86,21.15,20.58,20.91,51463036
2018-12-17,101.95,103.24,100.66,101.83,12372694,101.95,103.24,100.66,101.83,12372694,20.39,20.65,20.13,20.37,61863472
2018-12-18,101.91,102.26,101.55,102.07,15601915,101.91,102.26,101.55,102.07,15601915,20.38,20.45,20.31,20.41,78009575
2018-12-19,103.56,104.49,102.63,103.74,17582384,103.56,104.49,102.63,103.74,17582384,20.71,20.90,20.53,20.75,87911918
2018-12-20,106.11,107.86,104.35,106.76,11855240,106.11,107.86,104.35,106.76,11855240,21.22,21.57,20.87,21.35,59276198
2018-12-21,107.21,108.06,106.36,106.68,13105993,107.21,108.06,106.36,106.68,13105993,21.44,21.61,21.27,21.34,65529963
2018-12-24,109.50,110.37,108.64,109.61,12182575,109.50,110.37,108.64,109.61,12182575,21.90,22.07,21.73,21.92,60912874
2018-12-25,109.59,110.51,108.67,109.66,11246698,109.59,110.51,108.67,109.66,11246698,21.92,22.10,21.73,21.93,56233489
2018-12-26,108.54,110.19,106.90,108.76,17503632,108.54,110.19,106.90,108.76,17503632,21.71,22.04,21.38,21.75,87518160
2018-12-27,107.71,108.67,106.75,108.04,16217966,107.71,108.67,106.75,108.04,16217966,21.54,21.73,21.35,21.61,81089829
2018-12-28,108.66,109.69,107.62,108.09,12571902,108.66,109.69,107.62,108.09,12571902,21.73,21.94,21.52,21.62,62859510
2018-12-31,110.57,111.90,109.23,110.42,14823794,110.57,111.90,109.23,110.42,14823794,22.11,22.38,21.85,22.08,74118972
2019-01-01,109.73,111.11,108.35,109.53,10706643,109.73,111.11,108.35,109.53,10706643,21.95,22.22,21.67,21.91,53533216
2019-01-02,106.32,107.37,105.28,106.84,16302947,106.32,107.37,105.28,106.84,16302947,21.26,21.47,21.06,21.37,81514734
2019-01-03,107.06,108.73,105.38,106.72,18134362,107.06,108.73,105.38,106.72,18134362,21.41,21.75,21.08,21.34,90671809
2019-01-04,104.81,105.89,103.73,104.83,9257375,104.81,105.89,103.73,104.83,9257375,20.96,21.18,20.75,20.97,46286876
2019-01-07,102.95,104.03,101.87,103.11,11453431,102.95,104.03,101.87,103.11,11453431,20.59,20.81,20.37,20.62,57267154
2019-01-08,103.96,104.62,103.30,103.96,17366281,103.96,104.62,103.30,103.96,17366281,20.79,20.92,20.66,20.79,86831406
2019-01-09,107.80,109.50,106.11,108.18,12611284,107.80,109.50,106.11,108.18,12611284,21.56,21.90,21.22,21.64,63056420
2019-01-10,106.89,108.00,105.79,106.09,14478665,106.89,108.00,105.79,106.09,14478665,21.38,21.60,21.16,21.22,72393325
2019-01-11,105.08,105.80,104.35,104.79,14821027,105.08,105.80,104.35,104.79,14821027,21.02,21.16,20.87,20.96,74105137
2019-01-14,101.63,102.41,100.85,101.56,13670879,101.63,102.41,100.85,101.56,13670879,20.33,20.48,20.17,20.31,68354396
2019-01-15,104.57,105.73,103.41,104.74,17143101,104.57,105.73,103.41,104.74,17143101,20.91,21.15,20.68,20.95,85715505
2019-01-16,102.30,103.53,101.08,102.18,11234231,102.30,103.53,101.08,102.18,11234231,20.46,20.71,20.22,20.44,56171155
2019-01-17,102.98,104.28,101.68,102.97,15892784,102.98,104.28,101.68,102.97,15892784,20.60,20.86,20.34,20.59,79463919
2019-01-18,101.06,102.37,99.74,101.05,17929673,101.06,102.37,99.74,101.05,17929673,20.21,20.47,19.95,20.21,89648365
2019-01-21,99.13,99.45,98.81,98.92,9112974,99.13,99.45,98.81,98.92,9112974,19.83,19.89,19.76,19.78,45564871
2019-01-22,100.67,102.21,99.13,100.55,15897469,100.67,102.21,99.13,100.55,15897469,20.13,20.44,19.83,20.11,79487345
2019-01-23,101.11,101.42,100.79,101.29,9828376,101.11,101.42,100.79,101.29,9828376,20.22,20.28,20.16,20.26,49141880
2019-01-24,101.74,103.01,100.46,101.78,18045450,101.74,103.01,100.46,101.78,18045450,20.35,20.60,20.09,20.36,90227248
2019-01-25,101.87,103.08,100.66,102.18,12387127,101.87,103.08,100.66,102.18,12387127,20.37,20.62,20.13,20.44,61935634
2019-01-28,101.94,103.12,100.77,101.57,12509343,101.94,103.12,100.77,101.57,12509343,20.39,20.62,20.15,20.31,62546716
2019-01-29,102.05,102.80,101.29,101.67,13031087,102.05,102.80,101.29,101.67,13031087,20.41,20.56,20.26,20.33,65155435
2019-01-30,103.59,104.60,102.58,103.29,15982284,103.59,104.60,102.58,103.29,15982284,20.72,20.92,20.52,20.66,79911419
2019-01-31,100.12,100.77,99.48,100.45,13916225,100.12,100.77,99.48,100.45,13916225,20.02,20.15,19.90,20.09,69581127
2019-02-01,98.10,99.94,96.26,98.44,13797721,98.10,99.94,96.26,98.44,13797721,19.62,19.99,19.25,19.69,68988606
2019-02-04,98.28,99.47,97.09,98.12,12240933,98.28,99.47,97.09,98.12,12240933,19.66,19.89,19.42,19.62,61204665
2019-02-05,98.54,99.47,97.61,97.84,10670531,98.54,99.47,97.61,97.84,10670531,19.71,19.89,19.52,19.57,53352654
2019-02-06,96.55,97.18,95.91,97.10,9514089,96.55,97.18,95.91,97.10,9514089,19.31,19.44,19.18,19.42,47570443
2019-02-07,97.18,98.42,95.95,97.20,16341122,97.18,98.42,95.95,97.20,16341122,19.44,19.68,19.19,19.44,81705611
2019-02-08,94.53,94.87,94.18,94.79,13615740,94.53,94.87,94.18,94.79,13615740,18.91,18.97,18.84,18.96,68078700
2019-02-11,93.76,94.88,92.64,93.89,15033333,93.76,94.88,92.64,93.89,15033333,18.75,18.98,18.53,18.78,75166665
2019-02-12,96.43,97.18,95.68,95.69,17899845,96.43,97.18,95.68,95.69,17899845,19.29,19.44,19.14,19.14,89499227
2019-02-13,98.42,100.04,96.80,98.14,12239344,98.42,100.04,96.80,98.14,12239344,19.68,20.01,19.36,19.63,61196719
2019-02-14,96.32,97.77,94.86,96.22,13844692,96.32,97.77,94.86,96.22,13844692,19.26,19.55,18.97,19.24,69223460
2019-02-15,94.31,95.30,93.33,94.70,14548382,94.31,95.30,93.33,94.70,14548382,18.86,19.06,18.67,18.94,72741912
2019-02-18,98.03,99.06,96.99,98.48,16433957,98.03,99.06,96.99,98.48,16433957,19.61,19.81,19.40,19.70,82169786
2019-02-19,97.04,97.63,96.44,96.90,15116504,97.04,97.63,96.44,96.90,15116504,19.41,19.53,19.29,19.38,75582519
2019-02-20,99.56,100.68,98.45,98.97,12693168,99.56,100.68,98.45,98.97,12693168,19.91,20.14,19.69,19.79,63465842
2019-02-21,102.05,102.88,101.22,102.00,15402454,102.05,102.88,101.22,102.00,15402454,20.41,20.58,20.24,20.40,77012271
2019-02-22,102.87,104.02,101.73,102.66,16804977,102.87,104.02,101.73,102.66,16804977,20.57,20.80,20.35,20.53,84024883
2019-02-25,104.06,105.21,102.92,104.38,15232175,104.06,105.21,102.92,104.38,15232175,20.81,21.04,20.58,20.88,76160875
2019-02-26,105.77,106.36,105.18,105.56,15737940,105.77,106.36,105.18,105.56,15737940,21.15,21.27,21.04,21.11,78689701
2019-02-27,105.84,106.49,105.19,105.61,14263697,105.84,106.49,105.19,105.61,14263697,21.17,21.30,21.04,21.12,71318486
2019-02-28,104.07,104.71,103.42,104.22,9848034,104.07,104.71,103.42,104.22,9848034,20.81,20.94,20.68,20.84,49240172
2019-03-01,105.63,106.10,105.16,105.26,14038199,105.63,106.10,105.16,105.26,14038199,21.13,21.22,21.03,21.05,70190997
2019-03-04,107.78,108.79,106.76,107.79,12578529,107.78,108.79,106.76,107.79,12578529,21.56,21.76,21.35,21.56,62892644
2019-03-05,107.12,108.40,105.85,106.96,13744416,107.12,108.40,105.85,106.96,13744416,21.42,21.68,21.17,21.39,68722081
2019-03-06,103.96,104.82,103.09,104.05,12176854,103.96,104.82,103.09,104.05,12176854,20.79,20.96,20.62,20.81,60884268
2019-03-07,102.76,103.62,101.90,102.58,17166568,102.76,103.62,101.90,102.58,17166568,20.55,20.72,20.38,20.52,85832841
2019-03-08,104.92,105.49,104.36,104.75,11275133,104.92,105.49,104.36,104.75,11275133,20.98,21.10,20.87,20.95,56375666
2019-03-11,109.49,110.54,108.43,108.57,12291854,109.49,110.54,108.43,108.57,12291854,21.90,22.11,21.69,21.71,61459271
2019-03-12,108.18,109.26,107.10,108.10,14789396,108.18,109.26,107.10,108.10,14789396,21.64,21.85,21.42,21.62,73946979
2019-03-13,110.68,112.18,109.17,110.26,14077107,110.68,112.18,109.17,110.26,14077107,22.14,22.44,21.83,22.05,70385536
2019-03-14,112.32,113.38,111.27,112.06,10717111,112.32,113.38,111.27,112.06,10717111,22.46,22.68,22.25,22.41,53585553
2019-03-15,113.06,114.58,111.54,112.93,14061237,113.06,114.58,111.54,112.93,14061237,22.61,22.92,22.31,22.59,70306183
2019-03-18,117.16,119.24,115.07,117.34,10087179,117.16,119.24,115.07,117.34,10087179,23.43,23.85,23.01,23.47,50435897
2019-03-19,115.61,116.77,114.45,116.22,10564695,115.61,116.77,114.45,116.22,10564695,23.12,23.35,22.89,23.24,52823475
2019-03-20,120.29,120.91,119.66,120.06,14680906,120.29,120.91,119.66,120.06,14680906,24.06,24.18,23.93,24.01,73404531
2019-03-21,124.28,126.03,122.53,123.58,14069915,124.28,126.03,122.53,123.58,14069915,24.86,25.21,24.51,24.72,70349573
2019-03-22,125.40,127.17,123.64,124.33,10554049,125.40,127.17,123.64,124.33,10554049,25.08,25.43,24.73,24.87,52770243
2019-03-25,124.41,125.33,123.49,124.50,17869553,124.41,125.33,123.49,124.50,17869553,24.88,25.07,24.70,24.90,89347766
2019-03-26,124.48,126.14,122.81,124.38,16521842,124.48,126.14,122.81,124.38,16521842,24.90,25.23,24.56,24.88,82609208
2019-03-27,129.58,131.52,127.63,129.47,13738477,129.58,131.52,127.63,129.47,13738477,25.92,26.30,25.53,25.89,68692383
2019-03-28,135.94,137.27,134.60,135.29,17252389,135.94,137.27,134.60,135.29,17252389,27.19,27.45,26.92,27.06,86261946
2019-03-29,134.07,135.49,132.66,134.19,18034083,134.07,135.49,132.66,134.19,18034083,26.81,27.10,26.53,26.84,90170414
2019-04-01,136.41,138.06,134.75,136.12,15457244,136.41,138.06,134.75,136.12,15457244,27.28,27.61,26.95,27.22,77286222
2019-04-02,135.44,137.77,133.11,134.80,16542654,135.44,137.77,133.11,134.80,16542654,27.09,27.55,26.62,26.96,82713270
2019-04-03,137.73,138.94,136.52,137.54,9494445,137.73,138.94,136.52,137.54,9494445,27.55,27.79,27.30,27.51,47472226
2019-04-04,136.13,136.66,135.60,135.94,16427962,136.13,136.66,135.60,135.94,16427962,27.23,27.33,27.12,27.19,82139812
2019-04-05,135.15,137.13,133.17,134.21,10740471,135.15,137.13,133.17,134.21,10740471,27.03,27.43,26.63,26.84,53702355
2019-04-08,135.01,137.43,132.59,134.82,16144625,135.01,137.43,132.59,134.82,16144625,27.00,27.49,26.52,26.96,80723127
2019-04-09,138.72,140.04,137.39,138.85,11057685,138.72,140.04,137.39,138.85,11057685,27.74,28.01,27.48,27.77,55288425
2019-04-10,139.70,142.37,137.04,139.19,18187696,139.70,142.37,137.04,139.19,18187696,27.94,28.47,27.41,27.84,90938479
2019-04-11,139.24,140.40,138.07,139.72,11212370,139.24,140.40,138.07,139.72,11212370,27.85,28.08,27.61,27.94,56061851
2019-04-12,134.98,136.29,133.66,134.62,12156274,134.98,136.29,133.66,134.62,12156274,27.00,27.26,26.73,26.92,60781371
2019-04-15,132.91,134.47,131.35,133.53,12950376,132.91,134.47,131.35,133.53,12950376,26.58,26.89,26.27,26.71,64751878
2019-04-16,134.37,136.15,132.59,134.56,14322902,134.37,136.15,132.59,134.56,14322902,26.87,27.23,26.52,26.91,71614512
2019-04-17,139.72,140.65,138.78,139.02,10424410,139.72,140.65,138.78,139.02,10424410,27.94,28.13,27.76,27.80,52122049
2019-04-18,139.66,141.99,137.34,140.48,9973379,139.66,141.99,137.34,140.48,9973379,27.93,28.40,27.47,28.10,49866894
2019-04-19,140.56,141.66,139.45,141.61,15000658,140.56,141.66,139.45,141.61,15000658,28.11,28.33,27.89,28.32,75003289
2019-04-22,141.19,142.85,139.54,140.61,13588972,141.19,142.85,139.54,140.61,13588972,28.24,28.57,27.91,28.12,67944858
2019-04-23,142.16,143.67,140.65,141.97,10379270,142.16,143.67,140.65,141.97,10379270,28.43,28.73,28.13,28.39,51896350
2019-04-24,143.67,145.13,142.21,143.45,17663280,143.67,145.13,142.21,143.45,17663280,28.73,29.03,28.44,28.69,88316402
2019-04-25,144.37,146.30,142.44,143.80,11061061,144.37,146.30,142.44,143.80,11061061,28.87,29.26,28.49,28.76,55305303
2019-04-26,143.55,144.93,142.18,144.09,10535255,143.55,144.93,142.18,144.09,10535255,28.71,28.99,28.44,28.82,52676274
2019-04-29,146.97,148.35,145.60,146.40,14445191,146.97,148.35,145.60,146.40,14445191,29.39,29.67,29.12,29.28,72225954
2019-04-30,149.97,152.40,147.55,150.11,12951658,149.97,152.40,147.55,150.11,12951658,29.99,30.48,29.51,30.02,64758291
2019-05-01,146.80,148.80,144.80,146.20,17567375,146.80,148.80,144.80,146.20,17567375,29.36,29.76,28.96,29.24,87836877
2019-05-02,145.31,146.72,143.89,145.50,17153442,145.31,146.72,143.89,145.50,17153442,29.06,29.34,28.78,29.10,85767209
2019-05-03,143.01,144.53,141.49,143.39,14056662,143.01,144.53,141.49,143.39,14056662,28.60,28.91,28.30,28.68,70283308
2019-05-06,140.04,142.18,137.90,139.24,11980493,140.04,142.18,137.90,139.24,11980493,28.01,28.44,27.58,27.85,59902467
2019-05-07,138.11,140.03,136.19,138.02,15317196,138.11,140.03,136.19,138.02,15317196,27.62,28.01,27.24,27.60,76585978
2019-05-08,142.02,144.23,139.82,141.07,9826153,142.02,144.23,139.82,141.07,9826153,28.40,28.85,27.96,28.21,49130766
2019-05-09,141.79,142.85,140.73,141.95,17478960,141.79,142.85,140.73,141.95,17478960,28.36,28.57,28.15,28.39,87394799
2019-05-10,142.66,144.38,140.95,142.61,13479315,142.66,144.38,140.95,142.61,13479315,28.53,28.88,28.19,28.52,67396577
2019-05-13,140.97,143.23,138.70,140.71,17796464,140.97,143.23,138.70,140.71,17796464,28.19,28.65,27.74,28.14,88982322
2019-05-14,140.93,142.52,139.33,140.93,11215468,140.93,142.52,139.33,140.93,11215468,28.19,28.50,27.87,28.19,56077341
2019-05-15,139.73,140.30,139.17,139.87,14747796,139.73,140.30,139.17,139.87,14747796,27.95,28.06,27.83,27.97,73738981
2019-05-16,136.49,138.56,134.42,136.38,16511254,136.49,138.56,134.42,136.38,16511254,27.30,27.71,26.88,27.28,82556272
2019-05-17,137.89,139.68,136.09,137.04,11423356,137.89,139.68,136.09,137.04,11423356,27.58,27.94,27.22,27.41,57116778
2019-05-20,137.89,139.85,135.92,137.55,17444549,137.89,139.85,135.92,137.55,17444549,27.58,27.97,27.18,27.51,87222745
2019-05-21,145.56,147.22,143.90,145.46,13803413,145.56,147.22,143.90,145.46,13803413,29.11,29.44,28.78,29.09,69017063
2019-05-22,149.15,150.85,147.45,149.01,17372560,149.15,150.85,147.45,149.01,17372560,29.83,30.17,29.49,29.80,86862800
2019-05-23,149.42,150.29,148.54,149.62,16453881,149.42,150.29,148.54,149.62,16453881,29.88,30.06,29.71,29.92,82269403
2019-05-24,150.80,152.17,149.43,151.28,13407523,150.80,152.17,149.43,151.28,13407523,30.16,30.43,29.89,30.26,67037615
2019-05-27,154.79,157.39,152.19,154.43,13825297,154.79,157.39,152.19,154.43,13825297,30.96,31.48,30.44,30.89,69126485
2019-05-28,154.12,155.54,152.70,154.25,17491296,154.12,155.54,152.70,154.25,17491296,30.82,31.11,30.54,30.85,87456478
2019-05-29,154.72,155.69,153.75,154.85,13899097,154.72,155.69,153.75,154.85,13899097,30.94,31.14,30.75,30.97,69495485
2019-05-30,157.64,159.37,155.92,156.87,14235505,157.64,159.37,155.92,156.87,14235505,31.53,31.87,31.18,31.37,71177523
2019-05-31,162.10,163.47,160.72,160.85,14997873,162.10,163.47,160.72,160.85,14997873,32.42,32.69,32.14,32.17,74989365
2019-06-03,163.55,165.63,161.48,163.80,11961131,163.55,165.63,161.48,163.80,11961131,32.71,33.13,32.30,32.76,59805656
2019-06-04,160.01,160.96,159.05,160.65,13598260,160.01,160.96,159.05,160.65,13598260,32.00,32.19,31.81,32.13,67991298
2019-06-05,157.63,159.13,156.14,158.63,14679279,157.63,159.13,156.14,158.63,14679279,31.53,31.83,31.23,31.73,73396396
2019-06-06,157.96,159.37,156.54,157.40,10405109,157.96,159.37,156.54,157.40,10405109,31.59,31.87,31.31,31.48,52025547
2019-06-07,156.32,158.44,154.21,156.49,15469631,156.32,158.44,154.21,156.49,15469631,31.26,31.69,30.84,31.30,77348153
2019-06-10,158.25,160.44,156.05,158.12,15681939,158.25,160.44,156.05,158.12,15681939,31.65,32.09,31.21,31.62,78409693
2019-06-11,158.60,160.23,156.97,158.16,15349122,158.60,160.23,156.97,158.16,15349122,31.72,32.05,31.39,31.63,76745608
2019-06-12,158.30,160.26,156.34,157.76,12121885,158.30,160.26,156.34,157.76,12121885,31.66,32.05,31.27,31.55,60609424
2019-06-13,158.60,160.07,157.13,158.14,16538774,158.60,160.07,157.13,158.14,16538774,31.72,32.01,31.43,31.63,82693868
2019-06-14,158.52,159.56,157.47,158.81,13750071,158.52,159.56,157.47,158.81,13750071,31.70,31.91,31.49,31.76,68750354
2019-06-17,158.92,160.43,157.42,158.40,9385171,158.92,160.43,157.42,158.40,9385171,31.78,32.09,31.48,31.68,46925854
2019-06-18,158.97,160.18,157.76,159.03,14317729,158.97,160.18,157.76,159.03,14317729,31.79,32.04,31.55,31.81,71588644
2019-06-19,159.59,161.85,157.33,159.54,10293784,159.59,161.85,157.33,159.54,10293784,31.92,32.37,31.47,31.91,51468922
2019-06-20,165.04,167.46,162.63,164.73,14864231,165.04,167.46,162.63,164.73,14864231,33.01,33.49,32.53,32.95,74321157
2019-06-21,167.51,170.02,165.01,167.17,15128736,167.51,170.02,165.01,167.17,15128736,33.50,34.00,33.00,33.43,75643680
2019-06-24,163.70,164.95,162.44,164.21,15526676,163.70,164.95,162.44,164.21,15526676,32.74,32.99,32.49,32.84,77633382
2019-06-25,165.41,166.33,164.50,164.71,11940036,165.41,166.33,164.50,164.71,11940036,33.08,33.27,32.90,32.94,59700182
2019-06-26,162.45,164.19,160.71,163.57,16499676,162.45,164.19,160.71,163.57,16499676,32.49,32.84,32.14,32.71,82498380
2019-06-27,159.90,161.00,158.81,159.86,15168747,159.90,161.00,158.81,159.86,15168747,31.98,32.20,31.76,31.97,75843735
2019-06-28,161.44,164.29,158.59,162.11,9931480,161.44,164.29,158.59,162.11,9931480,32.29,32.86,31.72,32.42,49657401
2019-07-01,163.28,164.33,162.24,163.57,11413448,163.28,164.33,162.24,163.57,11413448,32.66,32.87,32.45,32.71,57067239
2019-07-02,167.84,169.93,165.75,167.90,14008706,167.84,169.93,165.75,167.90,14008706,33.57,33.99,33.15,33.58,70043528
2019-07-03,173.16,175.21,171.11,172.78,14197752,173.16,175.21,171.11,172.78,14197752,34.63,35.04,34.22,34.56,70988761
2019-07-04,170.15,171.91,168.39,170.51,9170050,170.15,171.91,168.39,170.51,9170050,34.03,34.38,33.68,34.10,45850250
2019-07-05,178.17,180.74,175.59,178.14,15122647,178.17,180.74,175.59,178.14,15122647,35.63,36.15,35.12,35.63,75613233
2019-07-08,178.10,179.44,176.75,177.84,13186700,178.10,179.44,176.75,177.84,13186700,35.62,35.89,35.35,35.57,65933502
2019-07-09,177.85,179.92,175.79,176.59,17894557,177.85,179.92,175.79,176.59,17894557,35.57,35.98,35.16,35.32,89472784
2019-07-10,175.17,177.07,173.26,175.13,17669372,175.17,177.07,173.26,175.13,17669372,35.03,35.41,34.65,35.03,88346859
2019-07-11,176.25,177.06,175.44,176.58,12116580,176.25,177.06,175.44,176.58,12116580,35.25,35.41,35.09,35.32,60582898
2019-07-12,173.79,176.30,171.28,173.81,12968120,173.79,176.30,171.28,173.81,12968120,34.76,35.26,34.26,34.76,64840602
2019-07-15,177.19,179.02,175.37,177.05,16338604,177.19,179.02,175.37,177.05,16338604,35.44,35.80,35.07,35.41,81693019
2019-07-16,173.24,175.49,170.99,172.56,11349310,173.24,175.49,170.99,172.56,11349310,34.65,35.10,34.20,34.51,56746552
2019-07-17,169.56,171.51,167.62,169.00,13787753,169.56,171.51,167.62,169.00,13787753,33.91,34.30,33.52,33.80,68938764
2019-07-18,167.55,168.37,166.72,168.24,17019764,167.55,168.37,166.72,168.24,17019764,33.51,33.67,33.34,33.65,85098822
2019-07-19,168.44,170.39,166.49,168.07,9856772,168.44,170.39,166.49,168.07,9856772,33.69,34.08,33.30,33.61,49283859
2019-07-22,169.24,171.11,167.36,169.03,10581017,169.24,171.11,167.36,169.03,10581017,33.85,34.22,33.47,33.81,52905084
2019-07-23,170.92,172.82,169.03,170.59,17396315,170.92,172.82,169.03,170.59,17396315,34.18,34.56,33.81,34.12,86981577
2019-07-24,175.19,177.72,172.65,175.13,16628220,175.19,177.72,172.65,175.13,16628220,35.04,35.54,34.53,35.03,83141101
2019-07-25,178.78,181.78,175.77,179.31,11256303,178.78,181.78,175.77,179.31,11256303,35.76,36.36,35.15,35.86,56281514
2019-07-26,179.55,182.69,176.42,179.04,15440094,179.55,182.69,176.42,179.04,15440094,35.91,36.54,35.28,35.81,77200469
2019-07-29,176.63,178.35,174.91,177.33,17322605,176.63,178.35,174.91,177.33,17322605,35.33,35.67,34.98,35.47,86613026
2019-07-30,178.66,180.04,177.28,178.54,17782657,178.66,180.04,177.28,178.54,17782657,35.73,36.01,35.46,35.71,88913283
2019-07-31,182.25,184.41,180.09,182.64,9168624,182.25,184.41,180.09,182.64,9168624,36.45,36.88,36.02,36.53,45843120
2019-08-01,179.27,180.78,177.76,179.51,14089821,179.27,180.78,177.76,179.51,14089821,35.85,36.16,35.55,35.90,70449106
2019-08-02,177.75,179.25,176.24,177.33,11985450,177.75,179.25,176.24,177.33,11985450,35.55,35.85,35.25,35.47,59927250
2019-08-05,184.94,186.84,183.05,184.20,16497824,184.94,186.84,183.05,184.20,16497824,36.99,37.37,36.61,36.84,82489120
2019-08-06,186.29,188.82,183.76,185.92,13188958,186.29,188.82,183.76,185.92,13188958,37.26,37.76,36.75,37.18,65944791
2019-08-07,179.06,180.64,177.49,179.43,17547033,179.06,180.64,177.49,179.43,17547033,35.81,36.13,35.50,35.89,87735163
2019-08-08,180.63,183.41,177.86,180.82,10154260,180.63,183.41,177.86,180.82,10154260,36.13,36.68,35.57,36.16,50771301
2019-08-09,178.70,181.01,176.40,179.11,11697665,178.70,181.01,176.40,179.11,11697665,35.74,36.20,35.28,35.82,58488326
2019-08-12,183.26,184.28,182.24,182.36,9298279,183.26,184.28,182.24,182.36,9298279,36.65,36.86,36.45,36.47,46491397
2019-08-13,181.02,183.63,178.41,180.52,15118759,181.02,183.63,178.41,180.52,15118759,36.20,36.73,35.68,36.10,75593793
2019-08-14,183.33,184.53,182.13,182.17,13147946,183.33,184.53,182.13,182.17,13147946,36.67,36.91,36.43,36.43,65739731
2019-08-15,184.95,187.38,182.52,185.56,10057488,184.95,187.38,182.52,185.56,10057488,36.99,37.48,36.50,37.11,50287441
2019-08-16,184.78,188.17,181.39,185.68,13860720,184.78,188.17,181.39,185.68,13860720,36.96,37.63,36.28,37.14,69303601
2019-08-19,188.04,189.75,186.33,188.35,14293996,188.04,189.75,186.33,188.35,14293996,37.61,37.95,37.27,37.67,71469980
2019-08-20,185.74,188.21,183.27,185.93,10347271,185.74,188.21,183.27,185.93,10347271,37.15,37.64,36.65,37.19,51736353
2019-08-21,184.07,185.76,182.37,183.42,13371489,184.07,185.76,182.37,183.42,13371489,36.81,37.15,36.47,36.68,66857444
2019-08-22,183.95,186.19,181.72,183.84,9804446,183.95,186.19,181.72,183.84,9804446,36.79,37.24,36.34,36.77,49022231
2019-08-23,186.02,187.68,184.37,186.47,14069431,186.02,187.68,184.37,186.47,14069431,37.20,37.54,36.87,37.29,70347155
2019-08-26,190.76,193.14,188.39,191.23,14144713,190.76,193.14,188.39,191.23,14144713,38.15,38.63,37.68,38.25,70723564
2019-08-27,187.58,189.39,185.76,186.22,10404719,187.58,189.39,185.76,186.22,10404719,37.52,37.88,37.15,37.24,52023593
2019-08-28,189.08,191.46,186.71,187.90,17437303,189.08,191.46,186.71,187.90,17437303,37.82,38.29,37.34,37.58,87186515
2019-08-29,194.56,197.11,192.01,195.37,16329415,194.56,197.11,192.01,195.37,16329415,38.91,39.42,38.40,39.07,81647075
2019-08-30,198.08,199.52,196.64,196.96,17840366,198.08,199.52,196.64,196.96,17840366,39.62,39.90,39.33,39.39,89201829
2019-09-02,198.57,200.05,197.09,198.26,12139407,198.57,200.05,197.09,198.26,12139407,39.71,40.01,39.42,39.65,60697033
2019-09-03,201.21,204.12,198.30,201.32,12308003,201.21,204.12,198.30,201.32,12308003,40.24,40.82,39.66,40.26,61540017
2019-09-04,202.00,204.34,199.66,202.12,15747841,202.00,204.34,199.66,202.12,15747841,40.40,40.87,39.93,40.42,78739207
2019-09-05,203.46,206.32,200.59,203.34,14839253,203.46,206.32,200.59,203.34,14839253,40.69,41.26,40.12,40.67,74196267
2019-09-06,207.65,209.26,206.03,206.94,9859571,207.65,209.26,206.03,206.94,9859571,41.53,41.85,41.21,41.39,49297853
2019-09-09,214.90,216.49,213.31,213.52,11608282,214.90,216.49,213.31,213.52,11608282,42.98,43.30,42.66,42.70,58041409
2019-09-10,213.63,215.42,211.84,214.48,13507750,213.63,215.42,211.84,214.48,13507750,42.73,43.08,42.37,42.90,67538751
2019-09-11,212.43,214.30,210.56,212.94,12053645,212.43,214.30,210.56,212.94,12053645,42.49,42.86,42.11,42.59,60268223
2019-09-12,218.62,220.43,216.82,218.21,14707230,218.62,220.43,216.82,218.21,14707230,43.72,44.09,43.36,43.64,73536148
2019-09-13,221.32,224.13,218.51,221.38,15460013,221.32,224.13,218.51,221.38,15460013,44.26,44.83,43.70,44.28,77300067
2019-09-16,224.07,227.99,220.16,224.32,16828346,224.07,227.99,220.16,224.32,16828346,44.81,45.60,44.03,44.86,84141728
2019-09-17,230.02,233.73,226.30,229.60,11230935,230.02,233.73,226.30,229.60,11230935,46.00,46.75,45.26,45.92,56154675
2019-09-18,226.39,228.15,224.63,225.86,18174182,226.39,228.15,224.63,225.86,18174182,45.28,45.63,44.93,45.17,90870908
2019-09-19,228.57,232.11,225.04,227.89,12139534,228.57,232.11,225.04,227.89,12139534,45.71,46.42,45.01,45.58,60697668
2019-09-20,231.40,233.95,228.85,229.90,14092609,231.40,233.95,228.85,229.90,14092609,46.28,46.79,45.77,45.98,70463047
2019-09-23,234.49,238.81,230.18,234.61,17428263,234.49,238.81,230.18,234.61,17428263,46.90,47.76,46.04,46.92,87141314
2019-09-24,234.36,236.49,232.24,232.81,9138194,234.36,236.49,232.24,232.81,9138194,46.87,47.30,46.45,46.56,45690971
2019-09-25,230.42,233.60,227.24,231.48,11944430,230.42,233.60,227.24,231.48,11944430,46.08,46.72,45.45,46.30,59722150
2019-09-26,235.07,237.97,232.16,234.56,13299914,235.07,237.97,232.16,234.56,13299914,47.01,47.59,46.43,46.91,66499568
2019-09-27,235.76,237.33,234.19,235.70,11037626,235.76,237.33,234.19,235.70,11037626,47.15,47.47,46.84,47.14,55188131
2019-09-30,238.75,240.50,237.00,238.67,10452480,238.75,240.50,237.00,238.67,10452480,47.75,48.10,47.40,47.73,52262398
2019-10-01,229.97,231.88,228.07,230.13,13950694,229.97,231.88,228.07,230.13,13950694,45.99,46.38,45.61,46.03,69753470
2019-10-02,230.15,233.58,226.73,230.97,12908499,230.15,233.58,226.73,230.97,12908499,46.03,46.72,45.35,46.19,64542496
2019-10-03,233.35,235.31,231.39,233.45,13867086,233.35,235.31,231.39,233.45,13867086,46.67,47.06,46.28,46.69,69335430
2019-10-04,221.96,225.55,218.38,221.39,15932186,221.96,225.55,218.38,221.39,15932186,44.39,45.11,43.68,44.28,79660930
2019-10-07,224.85,226.94,222.76,223.87,9830940,224.85,226.94,222.76,223.87,9830940,44.97,45.39,44.55,44.77,49154701
2019-10-08,222.48,224.88,220.08,220.56,9379617,222.48,224.88,220.08,220.56,9379617,44.50,44.98,44.02,44.11,46898087
2019-10-09,226.48,229.46,223.50,225.84,14527056,226.48,229.46,223.50,225.84,14527056,45.30,45.89,44.70,45.17,72635282
2019-10-10,232.73,234.95,230.52,231.80,14404263,232.73,234.95,230.52,231.80,14404263,46.55,46.99,46.10,46.36,72021313
2019-10-11,233.12,236.95,229.29,232.45,16027025,233.12,236.95,229.29,232.45,16027025,46.62,47.39,45.86,46.49,80135124
2019-10-14,236.98,239.99,233.97,235.79,16162783,236.98,239.99,233.97,235.79,16162783,47.40,48.00,46.79,47.16,80813914
2019-10-15,229.37,231.00,227.73,230.46,11151084,229.37,231.00,227.73,230.46,11151084,45.87,46.20,45.55,46.09,55755422
2019-10-16,241.29,244.24,238.33,241.18,12982291,241.29,244.24,238.33,241.18,12982291,48.26,48.85,47.67,48.24,64911454
2019-10-17,238.10,240.03,236.18,236.30,16219686,238.10,240.03,236.18,236.30,16219686,47.62,48.01,47.24,47.26,81098431
2019-10-18,240.31,243.03,237.59,239.27,15939747,240.31,243.03,237.59,239.27,15939747,48.06,48.61,47.52,47.85,79698735
2019-10-21,246.58,249.65,243.51,245.68,10712724,246.58,249.65,243.51,245.68,10712724,49.32,49.93,48.70,49.14,53563618
2019-10-22,247.68,248.83,246.52,248.07,13581046,247.68,248.83,246.52,248.07,13581046,49.54,49.77,49.30,49.61,67905232
2019-10-23,240.13,243.52,236.75,240.55,12398385,240.13,243.52,236.75,240.55,12398385,48.03,48.70,47.35,48.11,61991923
2019-10-24,237.00,239.74,234.26,238.65,10201544,237.00,239.74,234.26,238.65,10201544,47.40,47.95,46.85,47.73,51007719
2019-10-25,240.22,241.74,238.70,239.54,12379625,240.22,241.74,238.70,239.54,12379625,48.04,48.35,47.74,47.91,61898127
2019-10-28,245.44,247.87,243.02,245.50,14777554,245.44,247.87,243.02,245.50,14777554,49.09,49.57,48.60,49.10,73887770
2019-10-29,238.16,240.66,235.65,236.91,14078713,238.16,240.66,235.65,236.91,14078713,47.63,48.13,47.13,47.38,70393565
2019-10-30,242.87,245.69,240.05,243.06,14205543,242.87,245.69,240.05,243.06,14205543,48.57,49.14,48.01,48.61,71027717
2019-10-31,242.76,246.17,239.35,242.11,16540002,242.76,246.17,239.35,242.11,16540002,48.55,49.23,47.87,48.42,82700012
2019-11-01,248.48,252.54,244.41,248.84,9664838,248.48,252.54,244.41,248.84,9664838,49.70,50.51,48.88,49.77,48324191
2019-11-04,241.05,243.08,239.01,239.45,14518594,241.05,243.08,239.01,239.45,14518594,48.21,48.62,47.80,47.89,72592972
2019-11-05,240.12,244.75,235.48,240.02,13637483,240.12,244.75,235.48,240.02,13637483,48.02,48.95,47.10,48.00,68187413
2019-11-06,241.39,244.68,238.09,240.77,12753204,241.39,244.68,238.09,240.77,12753204,48.28,48.94,47.62,48.15,63766021
2019-11-07,239.12,242.65,235.58,239.67,14104282,239.12,242.65,235.58,239.67,14104282,47.82,48.53,47.12,47.93,70521409
2019-11-08,241.36,244.10,238.62,240.18,11554425,241.36,244.10,238.62,240.18,11554425,48.27,48.82,47.72,48.04,57772124
2019-11-11,244.21,248.34,240.08,243.62,16310394,244.21,248.34,240.08,243.62,16310394,48.84,49.67,48.02,48.72,81551969
2019-11-12,249.86,251.36,248.37,248.84,15097933,249.86,251.36,248.37,248.84,15097933,49.97,50.27,49.67,49.77,75489665
2019-11-13,257.79,259.72,255.86,257.34,16207492,257.79,259.72,255.86,257.34,16207492,51.56,51.94,51.17,51.47,81037462
2019-11-14,259.19,263.46,254.92,259.17,10511352,259.19,263.46,254.92,259.17,10511352,51.84,52.69,50.98,51.83,52556759
2019-11-15,256.34,257.61,255.06,256.44,16428755,256.34,257.61,255.06,256.44,16428755,51.27,51.52,51.01,51.29,82143774
2019-11-18,253.03,257.65,248.40,253.43,11156170,253.03,257.65,248.40,253.43,11156170,50.61,51.53,49.68,50.69,55780848
2019-11-19,249.54,252.28,246.80,248.51,9164883,249.54,252.28,246.80,248.51,9164883,49.91,50.46,49.36,49.70,45824416
2019-11-20,243.25,245.79,240.71,244.26,16518167,243.25,245.79,240.71,244.26,16518167,48.65,49.16,48.14,48.85,82590837
2019-11-21,241.62,243.52,239.72,243.30,11111083,241.62,243.52,239.72,243.30,11111083,48.32,48.70,47.94,48.66,55555416
2019-11-22,246.21,247.58,244.84,247.33,16124347,246.21,247.58,244.84,247.33,16124347,49.24,49.52,48.97,49.47,80621734
2019-11-25,247.85,251.55,244.16,245.76,15957959,247.85,251.55,244.16,245.76,15957959,49.57,50.31,48.83,49.15,79789796
2019-11-26,248.60,251.92,245.28,249.48,18034453,248.60,251.92,245.28,249.48,18034453,49.72,50.38,49.06,49.90,90172265
2019-11-27,255.47,258.11,252.83,256.71,9698568,255.47,258.11,252.83,256.71,9698568,51.09,51.62,50.57,51.34,48492840
2019-11-28,261.25,265.08,257.41,260.97,15213132,261.25,265.08,257.41,260.97,15213132,52.25,53.02,51.48,52.19,76065659
2019-11-29,260.09,261.69,258.48,261.00,11318797,260.09,261.69,258.48,261.00,11318797,52.02,52.34,51.70,52.20,56593985
2019-12-02,256.71,258.60,254.82,256.81,11193495,256.71,258.60,254.82,256.81,11193495,51.34,51.72,50.96,51.36,55967474
2019-12-03,245.59,250.09,241.08,246.28,17489097,245.59,250.09,241.08,246.28,17489097,49.12,50.02,48.22,49.26,87445485
2019-12-04,249.85,251.70,248.01,249.40,17979683,249.85,251.70,248.01,249.40,17979683,49.97,50.34,49.60,49.88,89898415
2019-12-05,249.41,251.86,246.97,248.94,9842484,249.41,251.86,246.97,248.94,9842484,49.88,50.37,49.39,49.79,49212419
2019-12-06,248.92,249.94,247.91,249.79,14616213,248.92,249.94,247.91,249.79,14616213,49.78,49.99,49.58,49.96,73081067
2019-12-09,252.45,256.38,248.52,253.46,17258016,252.45,256.38,248.52,253.46,17258016,50.49,51.28,49.70,50.69,86290080
2019-12-10,255.81,258.00,253.61,255.47,10076600,255.81,258.00,253.61,255.47,10076600,51.16,51.60,50.72,51.09,50382999
2019-12-11,256.12,257.72,254.53,256.11,18040657,256.12,257.72,254.53,256.11,18040657,51.22,51.54,50.91,51.22,90203287
2019-12-12,249.42,251.50,247.35,248.34,9999728,249.42,251.50,247.35,248.34,9999728,49.88,50.30,49.47,49.67,49998638
2019-12-13,249.22,250.65,247.79,250.12,9690651,249.22,250.65,247.79,250.12,9690651,49.84,50.13,49.56,50.02,48453255
2019-12-16,252.91,254.83,250.99,253.11,11192905,252.91,254.83,250.99,253.11,11192905,50.58,50.97,50.20,50.62,55964527
2019-12-17,249.57,253.88,245.26,250.66,12938911,249.57,253.88,245.26,250.66,12938911,49.91,50.78,49.05,50.13,64694557
2019-12-18,249.14,252.28,246.01,247.75,12063383,249.14,252.28,246.01,247.75,12063383,49.83,50.46,49.20,49.55,60316915
2019-12-19,237.06,239.84,234.27,237.62,15382579,237.06,239.84,234.27,237.62,15382579,47.41,47.97,46.85,47.52,76912897
2019-12-20,237.83,239.96,235.70,236.79,17219301,237.83,239.96,235.70,236.79,17219301,47.57,47.99,47.14,47.36,86096504
2019-12-23,234.53,237.13,231.93,233.79,13232093,234.53,237.13,231.93,233.79,13232093,46.91,47.43,46.39,46.76,66160465
2019-12-24,238.23,241.60,234.87,237.35,17577628,238.23,241.60,234.87,237.35,17577628,47.65,48.32,46.97,47.47,87888141
2019-12-25,236.00,239.04,232.95,238.25,13462961,236.00,239.04,232.95,238.25,13462961,47.20,47.81,46.59,47.65,67314803
2019-12-26,237.24,239.95,234.54,236.66,9798330,237.24,239.95,234.54,236.66,9798330,47.45,47.99,46.91,47.33,48991648
2019-12-27,243.48,247.93,239.03,243.84,10672067,243.48,247.93,239.03,243.84,10672067,48.70,49.59,47.81,48.77,53360336
2019-12-30,244.43,246.57,242.28,244.52,14061421,244.43,246.57,242.28,244.52,14061421,48.89,49.31,48.46,48.90,70307104
2019-12-31,247.08,250.07,244.08,246.90,17586815,247.08,250.07,244.08,246.90,17586815,49.42,50.01,48.82,49.38,87934074
2020-01-01,257.36,261.28,253.45,254.79,14524497,257.36,261.28,253.45,254.79,14524497,51.47,52.26,50.69,50.96,72622483
2020-01-02,260.44,263.26,257.63,260.53,15672323,260.44,263.26,257.63,260.53,15672323,52.09,52.65,51.53,52.11,78361613
2020-01-03,256.40,260.71,252.09,254.81,12687563,256.40,260.71,252.09,254.81,12687563,51.28,52.14,50.42,50.96,63437817
2020-01-06,259.71,262.43,257.00,259.40,13819681,259.71,262.43,257.00,259.40,13819681,51.94,52.49,51.40,51.88,69098406
2020-01-07,261.63,265.68,257.58,262.11,18140700,261.63,265.68,257.58,262.11,18140700,52.33,53.14,51.52,52.42,90703500
2020-01-08,271.03,273.74,268.32,270.99,16898553,271.03,273.74,268.32,270.99,16898553,54.21,54.75,53.66,54.20,84492763
2020-01-09,276.50,278.82,274.19,278.61,10081195,276.50,278.82,274.19,278.61,10081195,55.30,55.76,54.84,55.72,50405977
2020-01-10,286.46,289.02,283.90,286.55,12332643,286.46,289.02,283.90,286.55,12332643,57.29,57.80,56.78,57.31,61663216
2020-01-13,289.63,292.52,286.73,288.39,17837715,289.63,292.52,286.73,288.39,17837715,57.93,58.50,57.35,57.68,89188574
2020-01-14,297.62,301.37,293.86,295.55,15738485,297.62,301.37,293.86,295.55,15738485,59.52,60.27,58.77,59.11,78692424
2020-01-15,297.42,302.69,292.15,296.67,17279181,297.42,302.69,292.15,296.67,17279181,59.48,60.54,58.43,59.33,86395905
2020-01-16,302.26,305.38,299.14,300.76,13278082,302.26,305.38,299.14,300.76,13278082,60.45,61.08,59.83,60.15,66390411
2020-01-17,301.32,305.98,296.66,302.34,12456971,301.32,305.98,296.66,302.34,12456971,60.26,61.20,59.33,60.47,62284856
2020-01-20,305.31,307.39,303.23,304.52,15036105,305.31,307.39,303.23,304.52,15036105,61.06,61.48,60.65,60.90,75180524
2020-01-21,298.37,300.81,295.94,300.24,14937536,298.37,300.81,295.94,300.24,14937536,59.67,60.16,59.19,60.05,74687680
2020-01-22,305.64,308.04,303.23,305.39,16220199,305.64,308.04,303.23,305.39,16220199,61.13,61.61,60.65,61.08,81100993
2020-01-23,302.60,305.71,299.49,303.40,10157836,302.60,305.71,299.49,303.40,10157836,60.52,61.14,59.90,60.68,50789182
2020-01-24,306.32,311.02,301.61,306.48,10229858,306.32,311.02,301.61,306.48,10229858,61.26,62.20,60.32,61.30,51149288
2020-01-27,299.94,302.95,296.93,299.94,12663577,299.94,302.95,296.93,299.94,12663577,59.99,60.59,59.39,59.99,63317886
2020-01-28,301.04,302.62,299.45,300.22,9512515,301.04,302.62,299.45,300.22,9512515,60.21,60.52,59.89,60.04,47562574
2020-01-29,291.17,294.78,287.55,289.44,12457121,291.17,294.78,287.55,289.44,12457121,58.23,58.96,57.51,57.89,62285604
2020-01-30,285.62,290.93,280.30,285.48,17751206,285.62,290.93,280.30,285.48,17751206,57.12,58.19,56.06,57.10,88756028
2020-01-31,276.53,280.03,273.02,275.96,18106481,276.53,280.03,273.02,275.96,18106481,55.31,56.01,54.60,55.19,90532403
2020-02-03,258.60,261.02,256.18,259.78,14870201,258.60,261.02,256.18,259.78,14870201,51.72,52.20,51.24,51.96,74351007
2020-02-04,267.75,271.31,264.19,267.61,13621584,267.75,271.31,264.19,267.61,13621584,53.55,54.26,52.84,53.52,68107921
2020-02-05,277.55,278.80,276.30,276.30,9248384,277.55,278.80,276.30,276.30,9248384,55.51,55.76,55.26,55.26,46241919
2020-02-06,265.24,267.25,263.23,264.14,16586146,265.24,267.25,263.23,264.14,16586146,53.05,53.45,52.65,52.83,82930732
2020-02-07,262.95,264.18,261.73,263.37,17820516,262.95,264.18,261.73,263.37,17820516,52.59,52.84,52.35,52.67,89102581
2020-02-10,259.16,262.29,256.04,260.34,18153133,259.16,262.29,256.04,260.34,18153133,51.83,52.46,51.21,52.07,90765666
2020-02-11,252.85,255.91,249.79,253.86,10851922,252.85,255.91,249.79,253.86,10851922,50.57,51.18,49.96,50.77,54259609
2020-02-12,253.37,256.05,250.68,253.40,17462306,253.37,256.05,250.68,253.40,17462306,50.67,51.21,50.14,50.68,87311531
2020-02-13,238.79,240.59,237.00,238.35,13706148,238.79,240.59,237.00,238.35,13706148,47.76,48.12,47.40,47.67,68530739
2020-02-14,237.71,242.98,232.45,238.37,14282376,237.71,242.98,232.45,238.37,14282376,47.54,48.60,46.49,47.67,71411879
2020-02-17,233.58,237.40,229.76,234.18,15310299,233.58,237.40,229.76,234.18,15310299,46.72,47.48,45.95,46.84,76551494
2020-02-18,241.25,243.59,238.90,240.44,11654843,241.25,243.59,238.90,240.44,11654843,48.25,48.72,47.78,48.09,58274214
2020-02-19,246.35,248.67,244.03,245.67,14479782,246.35,248.67,244.03,245.67,14479782,49.27,49.73,48.81,49.13,72398908
2020-02-20,245.77,249.24,242.31,245.73,16143430,245.77,249.24,242.31,245.73,16143430,49.15,49.85,48.46,49.15,80717151
2020-02-21,239.65,241.53,237.77,239.86,9673440,239.65,241.53,237.77,239.86,9673440,47.93,48.31,47.55,47.97,48367200
2020-02-24,241.05,243.28,238.82,241.55,16349026,241.05,243.28,238.82,241.55,16349026,48.21,48.66,47.76,48.31,81745129
2020-02-25,244.52,247.21,241.82,243.88,12567743,244.52,247.21,241.82,243.88,12567743,48.90,49.44,48.36,48.78,62838716
2020-02-26,242.49,245.78,239.21,243.38,17948526,242.49,245.78,239.21,243.38,17948526,48.50,49.16,47.84,48.68,89742630
2020-02-27,243.51,245.86,241.16,243.74,11730353,243.51,245.86,241.16,243.74,11730353,48.70,49.17,48.23,48.75,58651763
2020-02-28,247.28,248.40,246.17,247.08,12072771,247.28,248.40,246.17,247.08,12072771,49.46,49.68,49.23,49.42,60363854
2020-03-02,247.75,249.43,246.08,248.19,10798918,247.75,249.43,246.08,248.19,10798918,49.55,49.89,49.22,49.64,53994591
2020-03-03,249.54,253.03,246.05,249.41,17570617,249.54,253.03,246.05,249.41,17570617,49.91,50.61,49.21,49.88,87853085
2020-03-04,245.59,249.56,241.63,246.86,13469578,245.59,249.56,241.63,246.86,13469578,49.12,49.91,48.33,49.37,67347892
2020-03-05,248.18,250.40,245.96,248.92,13464485,248.18,250.40,245.96,248.92,13464485,49.64,50.08,49.19,49.78,67322426
2020-03-06,245.47,248.99,241.94,243.75,12135756,245.47,248.99,241.94,243.75,12135756,49.09,49.80,48.39,48.75,60678781
2020-03-09,251.47,252.71,250.24,250.65,9310116,251.47,252.71,250.24,250.65,9310116,50.29,50.54,50.05,50.13,46550578
2020-03-10,254.06,256.87,251.25,253.26,18079658,254.06,256.87,251.25,253.26,18079658,50.81,51.37,50.25,50.65,90398290
2020-03-11,251.19,253.34,249.04,251.08,12464748,251.19,253.34,249.04,251.08,12464748,50.24,50.67,49.81,50.22,62323739
2020-03-12,247.50,249.71,245.29,245.50,10171652,247.50,249.71,245.29,245.50,10171652,49.50,49.94,49.06,49.10,50858262
2020-03-13,252.71,255.66,249.76,251.12,14669235,252.71,255.66,249.76,251.12,14669235,50.54,51.13,49.95,50.22,73346177
2020-03-16,254.50,258.31,250.69,254.62,10652857,254.50,258.31,250.69,254.62,10652857,50.90,51.66,50.14,50.92,53264283
2020-03-17,244.24,247.47,241.00,245.17,16526743,244.24,247.47,241.00,245.17,16526743,48.85,49.49,48.20,49.03,82633714
2020-03-18,248.49,251.01,245.97,247.37,17944342,248.49,251.01,245.97,247.37,17944342,49.70,50.20,49.19,49.47,89721709
2020-03-19,243.64,247.11,240.16,243.22,9219514,243.64,247.11,240.16,243.22,9219514,48.73,49.42,48.03,48.64,46097569
2020-03-20,247.07,249.39,244.75,247.38,13004562,247.07,249.39,244.75,247.38,13004562,49.41,49.88,48.95,49.48,65022811
2020-03-23,242.43,244.53,240.34,242.35,14846986,242.43,244.53,240.34,242.35,14846986,48.49,48.91,48.07,48.47,74234929
2020-03-24,237.04,239.05,235.03,237.31,12668366,237.04,239.05,235.03,237.31,12668366,47.41,47.81,47.01,47.46,63341831
2020-03-25,240.23,243.30,237.17,239.87,9327831,240.23,243.30,237.17,239.87,9327831,48.05,48.66,47.43,47.97,46639153
2020-03-26,246.62,249.39,243.84,247.66,17940441,246.62,249.39,243.84,247.66,17940441,49.32,49.88,48.77,49.53,89702207
2020-03-27,242.40,244.07,240.73,242.91,15533672,242.40,244.07,240.73,242.91,15533672,48.48,48.81,48.15,48.58,77668362
2020-03-30,236.83,238.83,234.83,237.07,14623203,236.83,238.83,234.83,237.07,14623203,47.37,47.77,46.97,47.41,73116016
2020-03-31,235.51,237.42,233.59,234.70,14808768,235.51,237.42,233.59,234.70,14808768,47.10,47.48,46.72,46.94,74043839
2020-04-01,235.12,237.69,232.54,234.23,15258576,235.12,237.69,232.54,234.23,15258576,47.02,47.54,46.51,46.85,76292878
2020-04-02,238.16,240.10,236.23,238.40,15599798,238.16,240.10,236.23,238.40,15599798,47.63,48.02,47.25,47.68,77998988
2020-04-03,236.37,239.49,233.25,237.25,11229368,236.37,239.49,233.25,237.25,11229368,47.27,47.90,46.65,47.45,56146840
2020-04-06,232.72,233.38,232.06,233.21,11228196,232.72,233.38,232.06,233.21,11228196,46.54,46.68,46.41,46.64,56140982
2020-04-07,233.60,236.21,231.00,234.14,16933233,233.60,236.21,231.00,234.14,16933233,46.72,47.24,46.20,46.83,84666167
2020-04-08,240.49,242.01,238.96,239.37,12320742,240.49,242.01,238.96,239.37,12320742,48.10,48.40,47.79,47.87,61603709
2020-04-09,245.52,247.51,243.54,245.08,9919672,245.52,247.51,243.54,245.08,9919672,49.10,49.50,48.71,49.02,49598361
2020-04-10,256.76,259.64,253.88,256.55,15474345,256.76,259.64,253.88,256.55,15474345,51.35,51.93,50.78,51.31,77371725
2020-04-13,262.61,263.52,261.70,263.29,16309165,262.61,263.52,261.70,263.29,16309165,52.52,52.70,52.34,52.66,81545824
2020-04-14,264.19,265.92,262.46,262.59,12797101,264.19,265.92,262.46,262.59,12797101,52.84,53.18,52.49,52.52,63985503
2020-04-15,268.54,272.02,265.06,266.68,13569494,268.54,272.02,265.06,266.68,13569494,53.71,54.40,53.01,53.34,67847469
2020-04-16,263.63,265.01,262.26,264.05,16448356,263.63,265.01,262.26,264.05,16448356,52.73,53.00,52.45,52.81,82241778
2020-04-17,275.76,278.72,272.80,275.76,11993582,275.76,278.72,272.80,275.76,11993582,55.15,55.74,54.56,55.15,59967910
2020-04-20,271.78,275.88,267.69,270.59,16097110,271.78,275.88,267.69,270.59,16097110,54.36,55.18,53.54,54.12,80485551
2020-04-21,278.23,280.70,275.76,278.78,10450532,278.23,280.70,275.76,278.78,10450532,55.65,56.14,55.15,55.76,52252661
2020-04-22,282.80,285.65,279.94,283.22,17036205,282.80,285.65,279.94,283.22,17036205,56.56,57.13,55.99,56.64,85181024
2020-04-23,273.28,276.41,270.14,272.66,17319181,273.28,276.41,270.14,272.66,17319181,54.66,55.28,54.03,54.53,86595903
2020-04-24,271.99,274.69,269.30,271.46,17573539,271.99,274.69,269.30,271.46,17573539,54.40,54.94,53.86,54.29,87867693
2020-04-27,266.32,267.21,265.42,266.58,10634275,266.32,267.21,265.42,266.58,10634275,53.26,53.44,53.08,53.32,53171377
2020-04-28,280.08,283.03,277.12,279.61,17479340,280.08,283.03,277.12,279.61,17479340,56.02,56.61,55.42,55.92,87396700
2020-04-29,279.60,283.33,275.87,280.31,11550269,279.60,283.33,275.87,280.31,11550269,55.92,56.67,55.17,56.06,57751344
2020-04-30,279.33,282.94,275.72,279.46,15094877,279.33,282.94,275.72,279.46,15094877,55.87,56.59,55.14,55.89,75474384
2020-05-01,286.45,289.95,282.95,287.34,15969834,286.45,289.95,282.95,287.34,15969834,57.29,57.99,56.59,57.47,79849171
2020-05-04,289.15,294.70,283.59,287.39,10282025,289.15,294.70,283.59,287.39,10282025,57.83,58.94,56.72,57.48,51410124
2020-05-05,292.31,295.57,289.06,291.32,17876579,292.31,295.57,289.06,291.32,17876579,58.46,59.11,57.81,58.26,89382897
2020-05-06,303.84,308.08,299.60,303.94,12483389,303.84,308.08,299.60,303.94,12483389,60.77,61.62,59.92,60.79,62416945
2020-05-07,315.38,319.06,311.70,312.35,12803798,315.38,319.06,311.70,312.35,12803798,63.08,63.81,62.34,62.47,64018991
2020-05-08,306.83,310.27,303.39,309.27,11498528,306.83,310.27,303.39,309.27,11498528,61.37,62.05,60.68,61.85,57492639
2020-05-11,313.83,318.36,309.29,312.13,17152712,313.83,318.36,309.29,312.13,17152712,62.77,63.67,61.86,62.43,85763562
2020-05-12,309.33,313.02,305.65,310.52,17637467,309.33,313.02,305.65,310.52,17637467,61.87,62.60,61.13,62.10,88187333
2020-05-13,299.92,303.62,296.23,301.38,16766120,299.92,303.62,296.23,301.38,16766120,59.98,60.72,59.25,60.28,83830601
2020-05-14,304.87,305.70,304.05,304.14,10448417,304.87,305.70,304.05,304.14,10448417,60.97,61.14,60.81,60.83,52242087
2020-05-15,306.55,309.66,303.44,306.66,14005720,306.55,309.66,303.44,306.66,14005720,61.31,61.93,60.69,61.33,70028602
2020-05-18,308.92,311.37,306.47,307.40,10765279,308.92,311.37,306.47,307.40,10765279,61.78,62.27,61.29,61.48,53826396
2020-05-19,317.80,320.13,315.46,316.78,15686841,317.80,320.13,315.46,316.78,15686841,63.56,64.03,63.09,63.36,78434205
2020-05-20,319.29,322.64,315.94,317.89,13462106,319.29,322.64,315.94,317.89,13462106,63.86,64.53,63.19,63.58,67310529
2020-05-21,326.00,330.05,321.95,326.38,9266768,326.00,330.05,321.95,326.38,9266768,65.20,66.01,64.39,65.28,46333841
2020-05-22,327.41,332.67,322.14,325.96,14758890,327.41,332.67,322.14,325.96,14758890,65.48,66.53,64.43,65.19,73794452
2020-05-25,332.86,338.05,327.67,332.53,14975785,332.86,338.05,327.67,332.53,14975785,66.57,67.61,65.53,66.51,74878925
2020-05-26,338.83,340.63,337.03,337.75,15622196,338.83,340.63,337.03,337.75,15622196,67.77,68.13,67.41,67.55,78110978
2020-05-27,337.84,342.54,333.15,337.45,14364457,337.84,342.54,333.15,337.45,14364457,67.57,68.51,66.63,67.49,71822287
2020-05-28,339.82,343.12,336.52,338.18,18115936,339.82,343.12,336.52,338.18,18115936,67.96,68.62,67.30,67.64,90579678
2020-05-29,344.16,348.86,339.46,343.49,13884678,344.16,348.86,339.46,343.49,13884678,68.83,69.77,67.89,68.70,69423392
2020-06-01,343.23,347.37,339.09,343.80,9664665,343.23,347.37,339.09,343.80,9664665,68.65,69.47,67.82,68.76,48323323
2020-06-02,334.59,338.70,330.48,334.99,13222519,334.59,338.70,330.48,334.99,13222519,66.92,67.74,66.10,67.00,66112593
2020-06-03,339.41,344.01,334.82,338.97,15568968,339.41,344.01,334.82,338.97,15568968,67.88,68.80,66.96,67.79,77844841
2020-06-04,356.64,359.75,353.53,355.23,16467171,356.64,359.75,353.53,355.23,16467171,71.33,71.95,70.71,71.05,82335856
2020-06-05,362.45,366.97,357.93,362.71,15479711,362.45,366.97,357.93,362.71,15479711,72.49,73.39,71.59,72.54,77398557
2020-06-08,370.86,377.02,364.71,370.30,13185233,370.86,377.02,364.71,370.30,13185233,74.17,75.40,72.94,74.06,65926165
2020-06-09,374.07,379.42,368.72,373.28,10360782,374.07,379.42,368.72,373.28,10360782,74.81,75.88,73.74,74.66,51803909
2020-06-10,377.17,381.50,372.85,377.68,10294486,377.17,381.50,372.85,377.68,10294486,75.43,76.30,74.57,75.54,51472431
2020-06-11,386.51,391.78,381.23,385.71,12972338,386.51,391.78,381.23,385.71,12972338,77.30,78.36,76.25,77.14,64861690
2020-06-12,375.31,378.92,371.71,378.34,10944314,375.31,378.92,371.71,378.34,10944314,75.06,75.78,74.34,75.67,54721572
2020-06-15,384.26,390.91,377.61,384.01,17300999,384.26,390.91,377.61,384.01,17300999,76.85,78.18,75.52,76.80,86504997
2020-06-16,376.85,382.46,371.23,375.28,12086636,376.85,382.46,371.23,375.28,12086636,75.37,76.49,74.25,75.06,60433180
2020-06-17,377.32,382.96,371.69,374.78,17397148,377.32,382.96,371.69,374.78,17397148,75.46,76.59,74.34,74.96,86985742
2020-06-18,378.52,382.55,374.48,375.64,12489083,378.52,382.55,374.48,375.64,12489083,75.70,76.51,74.90,75.13,62445417
2020-06-19,373.00,376.34,369.66,373.78,12310535,373.00,376.34,369.66,373.78,12310535,74.60,75.27,73.93,74.76,61552673
2020-06-22,389.87,396.60,383.13,387.28,10353848,389.87,396.60,383.13,387.28,10353848,77.97,79.32,76.63,77.46,51769241
2020-06-23,384.95,388.63,381.27,384.25,14767127,384.95,388.63,381.27,384.25,14767127,76.99,77.73,76.25,76.85,73835634
2020-06-24,384.99,387.43,382.54,384.16,13705272,384.99,387.43,382.54,384.16,13705272,77.00,77.49,76.51,76.83,68526362
2020-06-25,383.12,385.89,380.35,384.44,9967902,383.12,385.89,380.35,384.44,9967902,76.62,77.18,76.07,76.89,49839508
2020-06-26,391.71,396.69,386.73,392.27,17034417,391.71,396.69,386.73,392.27,17034417,78.34,79.34,77.35,78.45,85172086
2020-06-29,396.19,400.26,392.11,398.68,10752953,396.19,400.26,392.11,398.68,10752953,79.24,80.05,78.42,79.74,53764767
2020-06-30,415.01,418.07,411.95,413.64,12833781,415.01,418.07,411.95,413.64,12833781,83.00,83.61,82.39,82.73,64168905
2020-07-01,412.47,414.73,410.21,414.52,15913837,412.47,414.73,410.21,414.52,15913837,82.49,82.95,82.04,82.90,79569186
2020-07-02,420.90,423.93,417.88,419.37,15713480,420.90,423.93,417.88,419.37,15713480,84.18,84.79,83.58,83.87,78567401
2020-07-03,413.96,418.08,409.84,413.71,12499922,413.96,418.08,409.84,413.71,12499922,82.79,83.62,81.97,82.74,62499609
2020-07-06,409.28,416.51,402.06,409.15,15776998,409.28,416.51,402.06,409.15,15776998,81.86,83.30,80.41,81.83,78884989
2020-07-07,419.53,424.96,414.11,420.24,10614532,419.53,424.96,414.11,420.24,10614532,83.91,84.99,82.82,84.05,53072659
2020-07-08,414.91,418.70,411.12,417.50,15204805,414.91,418.70,411.12,417.50,15204805,82.98,83.74,82.22,83.50,76024026
2020-07-09,415.32,421.33,409.30,414.69,16227445,415.32,421.33,409.30,414.69,16227445,83.06,84.27,81.86,82.94,81137225
2020-07-10,414.78,421.27,408.28,412.49,10945200,414.78,421.27,408.28,412.49,10945200,82.96,84.25,81.66,82.50,54725999
2020-07-13,419.76,424.27,415.24,417.12,17515130,419.76,424.27,415.24,417.12,17515130,83.95,84.85,83.05,83.42,87575650
2020-07-14,413.85,415.60,412.10,413.61,17082144,413.85,415.60,412.10,413.61,17082144,82.77,83.12,82.42,82.72,85410721
2020-07-15,425.59,428.57,422.61,424.91,10127632,425.59,428.57,422.61,424.91,10127632,85.12,85.71,84.52,84.98,50638160
2020-07-16,438.46,441.26,435.67,438.46,14329854,438.46,441.26,435.67,438.46,14329854,87.69,88.25,87.13,87.69,71649269
2020-07-17,436.63,443.42,429.84,434.93,15996101,436.63,443.42,429.84,434.93,15996101,87.33,88.68,85.97,86.99,79980505
2020-07-20,435.15,442.31,427.99,432.90,18110806,435.15,442.31,427.99,432.90,18110806,87.03,88.46,85.60,86.58,90554031
2020-07-21,445.29,448.96,441.63,442.05,15665373,445.29,448.96,441.63,442.05,15665373,89.06,89.79,88.33,88.41,78326864
2020-07-22,457.87,462.21,453.53,456.16,9590642,457.87,462.21,453.53,456.16,9590642,91.57,92.44,90.71,91.23,47953209
2020-07-23,455.69,463.48,447.90,454.01,12067962,455.69,463.48,447.90,454.01,12067962,91.14,92.70,89.58,90.80,60339812
2020-07-24,452.45,457.92,446.99,452.18,12449434,452.45,457.92,446.99,452.18,12449434,90.49,91.58,89.40,90.44,62247172
2020-07-27,450.98,457.57,444.39,450.01,16858864,450.98,457.57,444.39,450.01,16858864,90.20,91.51,88.88,90.00,84294321
2020-07-28,450.18,454.67,445.68,452.17,16240551,450.18,454.67,445.68,452.17,16240551,90.04,90.93,89.14,90.43,81202757
2020-07-29,461.21,464.84,457.59,460.84,14469113,461.21,464.84,457.59,460.84,14469113,92.24,92.97,91.52,92.17,72345567
2020-07-30,457.83,464.50,451.15,456.42,11827250,457.83,464.50,451.15,456.42,11827250,91.57,92.90,90.23,91.28,59136251
2020-07-31,454.87,459.31,450.43,454.43,11965677,454.87,459.31,450.43,454.43,11965677,90.97,91.86,90.09,90.89,59828384
2020-08-03,443.44,450.65,436.23,442.81,9996487,443.44,450.65,436.23,442.81,9996487,88.69,90.13,87.25,88.56,49982436
2020-08-04,434.39,438.25,430.52,435.22,11025699,434.39,438.25,430.52,435.22,11025699,86.88,87.65,86.10,87.04,55128497
2020-08-05,437.48,443.95,431.00,434.39,16069380,437.48,443.95,431.00,434.39,16069380,87.50,88.79,86.20,86.88,80346902
2020-08-06,431.96,434.06,429.86,430.58,11844592,431.96,434.06,429.86,430.58,11844592,86.39,86.81,85.97,86.12,59222962
2020-08-07,444.79,450.16,439.42,444.29,9916072,444.79,450.16,439.42,444.29,9916072,88.96,90.03,87.88,88.86,49580361
2020-08-10,462.73,467.16,458.31,463.91,12870887,462.73,467.16,458.31,463.91,12870887,92.55,93.43,91.66,92.78,64354434
2020-08-11,476.90,484.18,469.63,477.08,10456284,476.90,484.18,469.63,477.08,10456284,95.38,96.84,93.93,95.42,52281421
2020-08-12,490.46,495.26,485.65,490.26,15647240,490.46,495.26,485.65,490.26,15647240,98.09,99.05,97.13,98.05,78236199
2020-08-13,491.85,496.40,487.31,492.64,9525672,491.85,496.40,487.31,492.64,9525672,98.37,99.28,97.46,98.53,47628360
2020-08-14,504.38,506.23,502.54,505.53,13295585,504.38,506.23,502.54,505.53,13295585,100.88,101.25,100.51,101.11,66477927
2020-08-17,513.94,521.42,506.47,512.74,14888842,513.94,521.42,506.47,512.74,14888842,102.79,104.28,101.29,102.55,74444212
2020-08-18,510.28,514.76,505.79,509.80,17019981,510.28,514.76,505.79,509.80,17019981,102.06,102.95,101.16,101.96,85099906
2020-08-19,526.40,533.32,519.47,529.47,13461106,526.40,533.32,519.47,529.47,13461106,105.28,106.66,103.89,105.89,67305528
2020-08-20,534.03,536.85,531.21,532.83,16917607,534.03,536.85,531.21,532.83,16917607,106.81,107.37,106.24,106.57,84588035
2020-08-21,523.20,527.61,518.79,521.77,11258226,523.20,527.61,518.79,521.77,11258226,104.64,105.52,103.76,104.35,56291129
2020-08-24,530.36,538.48,522.25,529.41,11275227,530.36,538.48,522.25,529.41,11275227,106.07,107.70,104.45,105.88,56376135
2020-08-25,524.94,527.74,522.14,524.29,10048613,524.94,527.74,522.14,524.29,10048613,104.99,105.55,104.43,104.86,50243066
2020-08-26,531.69,539.88,523.50,530.65,13658458,531.69,539.88,523.50,530.65,13658458,106.34,107.98,104.70,106.13,68292288
2020-08-27,521.78,525.59,517.97,524.41,16089618,521.78,525.59,517.97,524.41,16089618,104.36,105.12,103.59,104.88,80448091
2020-08-28,527.94,531.40,524.48,526.40,14050512,527.94,531.40,524.48,526.40,14050512,105.59,106.28,104.90,105.28,70252559
2020-08-31,105.21,107.12,103.30,104.65,68484685,105.21,107.12,103.30,104.65,68484685,105.21,107.12,103.30,104.65,68484685
2020-09-01,106.59,108.04,105.14,106.53,80925474,106.59,108.04,105.14,106.53,80925474,106.59,108.04,105.14,106.53,80925474
2020-09-02,108.16,109.31,107.01,108.18,52080589,108.16,109.31,107.01,108.18,52080589,108.16,109.31,107.01,108.18,52080589
2020-09-03,107.44,108.30,106.58,107.66,51327572,107.44,108.30,106.58,107.66,51327572,107.44,108.30,106.58,107.66,51327572
2020-09-04,107.04,107.88,106.19,106.75,88347115,107.04,107.88,106.19,106.75,88347115,107.04,107.88,106.19,106.75,88347115
2020-09-07,106.53,107.07,106.00,106.40,83713539,106.53,107.07,106.00,106.40,83713539,106.53,107.07,106.00,106.40,83713539
2020-09-08,109.80,111.40,108.20,109.57,54918538,109.80,111.40,108.20,109.57,54918538,109.80,111.40,108.20,109.57,54918538
2020-09-09,110.84,112.80,108.88,110.51,75021577,110.84,112.80,108.88,110.51,75021577,110.84,112.80,108.88,110.51,75021577
2020-09-10,111.12,112.88,109.37,111.23,69365612,111.12,112.88,109.37,111.23,69365612,111.12,112.88,109.37,111.23,69365612
2020-09-11,110.39,111.54,109.24,110.63,89028034,110.39,111.54,109.24,110.63,89028034,110.39,111.54,109.24,110.63,89028034
2020-09-14,110.43,111.30,109.56,110.81,62583026,110.43,111.30,109.56,110.81,62583026,110.43,111.30,109.56,110.81,62583026
2020-09-15,110.14,111.51,108.78,109.62,45935058,110.14,111.51,108.78,109.62,45935058,110.14,111.51,108.78,109.62,45935058
2020-09-16,111.37,112.98,109.76,110.89,48019751,111.37,112.98,109.76,110.89,48019751,111.37,112.98,109.76,110.89,48019751
2020-09-17,111.67,113.05,110.29,111.96,73620478,111.67,113.05,110.29,111.96,73620478,111.67,113.05,110.29,111.96,73620478
2020-09-18,113.60,115.01,112.20,113.65,77752999,113.60,115.01,112.20,113.65,77752999,113.60,115.01,112.20,113.65,77752999
2020-09-21,113.31,114.73,111.90,113.32,49375106,113.31,114.73,111.90,113.32,49375106,113.31,114.73,111.90,113.32,49375106
2020-09-22,117.86,119.26,116.47,117.34,72731905,117.86,119.26,116.47,117.34,72731905,117.86,119.26,116.47,117.34,72731905
2020-09-23,115.31,115.74,114.87,115.19,51555442,115.31,115.74,114.87,115.19,51555442,115.31,115.74,114.87,115.19,51555442
2020-09-24,117.79,119.06,116.52,118.59,64858354,117.79,119.06,116.52,118.59,64858354,117.79,119.06,116.52,118.59,64858354
2020-09-25,119.38,120.64,118.12,118.74,52013612,119.38,120.64,118.12,118.74,52013612,119.38,120.64,118.12,118.74,52013612
2020-09-28,117.66,118.33,116.99,118.04,52650908,117.66,118.33,116.99,118.04,52650908,117.66,118.33,116.99,118.04,52650908
2020-09-29,116.32,118.35,114.28,115.84,48340760,116.32,118.35,114.28,115.84,48340760,116.32,118.35,114.28,115.84,48340760
2020-09-30,116.06,117.61,114.51,116.07,66828173,116.06,117.61,114.51,116.07,66828173,116.06,117.61,114.51,116.07,66828173
2020-10-01,114.12,115.07,113.18,114.32,82160980,114.12,115.07,113.18,114.32,82160980,114.12,115.07,113.18,114.32,82160980
2020-10-02,112.83,114.49,111.17,112.96,71360155,112.83,114.49,111.17,112.96,71360155,112.83,114.49,111.17,112.96,71360155
2020-10-05,112.92,113.84,111.99,112.64,56542595,112.92,113.84,111.99,112.64,56542595,112.92,113.84,111.99,112.64,56542595
2020-10-06,116.45,117.20,115.71,115.77,86693466,116.45,117.20,115.71,115.77,86693466,116.45,117.20,115.71,115.77,86693466
2020-10-07,112.74,114.99,110.50,112.70,57416900,112.74,114.99,110.50,112.70,57416900,112.74,114.99,110.50,112.70,57416900
2020-10-08,116.62,118.54,114.70,116.05,69949224,116.62,118.54,114.70,116.05,69949224,116.62,118.54,114.70,116.05,69949224
2020-10-09,117.55,118.41,116.70,117.78,59411055,117.55,118.41,116.70,117.78,59411055,117.55,118.41,116.70,117.78,59411055
2020-10-12,117.83,120.23,115.44,117.92,69016605,117.83,120.23,115.44,117.92,69016605,117.83,120.23,115.44,117.92,69016605
2020-10-13,119.34,120.53,118.15,118.87,62456762,119.34,120.53,118.15,118.87,62456762,119.34,120.53,118.15,118.87,62456762
2020-10-14,118.41,120.55,116.28,118.23,70443824,118.41,120.55,116.28,118.23,70443824,118.41,120.55,116.28,118.23,70443824
2020-10-15,120.05,121.14,118.96,120.22,64190569,120.05,121.14,118.96,120.22,64190569,120.05,121.14,118.96,120.22,64190569
2020-10-16,117.78,119.59,115.97,116.88,78137111,117.78,119.59,115.97,116.88,78137111,117.78,119.59,115.97,116.88,78137111
2020-10-19,119.81,120.55,119.07,119.94,61102070,119.81,120.55,119.07,119.94,61102070,119.81,120.55,119.07,119.94,61102070
2020-10-20,119.97,121.31,118.63,120.19,59760182,119.97,121.31,118.63,120.19,59760182,119.97,121.31,118.63,120.19,59760182
2020-10-21,120.75,122.10,119.39,120.77,54189085,120.75,122.10,119.39,120.77,54189085,120.75,122.10,119.39,120.77,54189085
2020-10-22,126.74,127.57,125.90,125.91,77924259,126.74,127.57,125.90,125.91,77924259,126.74,127.57,125.90,125.91,77924259
2020-10-23,125.19,126.19,124.18,125.46,86198175,125.19,126.19,124.18,125.46,86198175,125.19,126.19,124.18,125.46,86198175
2020-10-26,127.57,129.46,125.67,128.51,60736871,127.57,129.46,125.67,128.51,60736871,127.57,129.46,125.67,128.51,60736871
2020-10-27,128.55,130.47,126.62,129.18,65413183,128.55,130.47,126.62,129.18,65413183,128.55,130.47,126.62,129.18,65413183
2020-10-28,123.08,125.13,121.02,122.37,76516512,123.08,125.13,121.02,122.37,76516512,123.08,125.13,121.02,122.37,76516512
2020-10-29,120.82,121.99,119.64,121.05,62504875,120.82,121.99,119.64,121.05,62504875,120.82,121.99,119.64,121.05,62504875
2020-10-30,123.89,125.53,122.25,123.55,52323683,123.89,125.53,122.25,123.55,52323683,123.89,125.53,122.25,123.55,52323683
2020-11-02,129.09,130.11,128.07,129.11,78483548,129.09,130.11,128.07,129.11,78483548,129.09,130.11,128.07,129.11,78483548
2020-11-03,130.99,132.03,129.96,131.01,51652904,130.99,132.03,129.96,131.01,51652904,130.99,132.03,129.96,131.01,51652904
2020-11-04,136.37,137.08,135.65,136.22,77367524,136.37,137.08,135.65,136.22,77367524,136.37,137.08,135.65,136.22,77367524
2020-11-05,135.32,137.32,133.32,135.31,79539496,135.32,137.32,133.32,135.31,79539496,135.32,137.32,133.32,135.31,79539496
2020-11-06,139.19,140.45,137.94,139.07,56260021,139.19,140.45,137.94,139.07,56260021,139.19,140.45,137.94,139.07,56260021
2020-11-09,142.73,144.20,141.26,142.88,48167645,142.73,144.20,141.26,142.88,48167645,142.73,144.20,141.26,142.88,48167645
2020-11-10,144.36,145.17,143.56,144.11,70379492,144.36,145.17,143.56,144.11,70379492,144.36,145.17,143.56,144.11,70379492
2020-11-11,145.13,146.85,143.41,145.66,83447315,145.13,146.85,143.41,145.66,83447315,145.13,146.85,143.41,145.66,83447315
2020-11-12,143.13,145.01,141.25,142.72,54951719,143.13,145.01,141.25,142.72,54951719,143.13,145.01,141.25,142.72,54951719
2020-11-13,140.17,142.47,137.88,139.64,68000453,140.17,142.47,137.88,139.64,68000453,140.17,142.47,137.88,139.64,68000453
2020-11-16,143.67,145.43,141.90,143.87,55509099,143.67,145.43,141.90,143.87,55509099,143.67,145.43,141.90,143.87,55509099
2020-11-17,149.71,151.63,147.79,148.82,89159680,149.71,151.63,147.79,148.82,89159680,149.71,151.63,147.79,148.82,89159680
2020-11-18,141.97,143.45,140.48,142.13,55151918,141.97,143.45,140.48,142.13,55151918,141.97,143.45,140.48,142.13,55151918
2020-11-19,142.33,144.39,140.26,142.31,58908394,142.33,144.39,140.26,142.31,58908394,142.33,144.39,140.26,142.31,58908394
2020-11-20,146.28,148.96,143.60,145.67,67391497,146.28,148.96,143.60,145.67,67391497,146.28,148.96,143.60,145.67,67391497
2020-11-23,147.65,149.54,145.75,147.49,67707798,147.65,149.54,145.75,147.49,67707798,147.65,149.54,145.75,147.49,67707798
2020-11-24,150.17,152.08,148.25,149.45,67804166,150.17,152.08,148.25,149.45,67804166,150.17,152.08,148.25,149.45,67804166
2020-11-25,149.81,151.01,148.62,150.44,60784418,149.81,151.01,148.62,150.44,60784418,149.81,151.01,148.62,150.44,60784418
2020-11-26,149.30,151.44,147.15,149.14,73879350,149.30,151.44,147.15,149.14,73879350,149.30,151.44,147.15,149.14,73879350
2020-11-27,151.51,153.59,149.43,151.30,54217570,151.51,153.59,149.43,151.30,54217570,151.51,153.59,149.43,151.30,54217570
2020-11-30,152.32,154.17,150.46,152.45,69542154,152.32,154.17,150.46,152.45,69542154,152.32,154.17,150.46,152.45,69542154
2020-12-01,152.94,154.68,151.21,153.63,55342559,152.94,154.68,151.21,153.63,55342559,152.94,154.68,151.21,153.63,55342559
2020-12-02,154.47,156.37,152.57,154.12,88589929,154.47,156.37,152.57,154.12,88589929,154.47,156.37,152.57,154.12,88589929
2020-12-03,158.01,160.22,155.81,157.83,73621312,158.01,160.22,155.81,157.83,73621312,158.01,160.22,155.81,157.83,73621312
2020-12-04,156.93,158.56,155.30,156.43,51948042,156.93,158.56,155.30,156.43,51948042,156.93,158.56,155.30,156.43,51948042
2020-12-07,150.54,152.70,148.38,151.25,76654875,150.54,152.70,148.38,151.25,76654875,150.54,152.70,148.38,151.25,76654875
2020-12-08,152.27,153.73,150.81,153.32,63600610,152.27,153.73,150.81,153.32,63600610,152.27,153.73,150.81,153.32,63600610
2020-12-09,153.25,155.60,150.90,153.10,61869238,153.25,155.60,150.90,153.10,61869238,153.25,155.60,150.90,153.10,61869238
2020-12-10,151.24,153.08,149.40,151.60,77438490,151.24,153.08,149.40,151.60,77438490,151.24,153.08,149.40,151.60,77438490
2020-12-11,151.71,153.60,149.82,152.14,89501021,151.71,153.60,149.82,152.14,89501021,151.71,153.60,149.82,152.14,89501021
2020-12-14,152.29,154.39,150.20,151.59,77336109,152.29,154.39,150.20,151.59,77336109,152.29,154.39,150.20,151.59,77336109
2020-12-15,153.17,154.56,151.78,153.05,56934740,153.17,154.56,151.78,153.05,56934740,153.17,154.56,151.78,153.05,56934740
2020-12-16,154.18,155.75,152.60,154.00,68411914,154.18,155.75,152.60,154.00,68411914,154.18,155.75,152.60,154.00,68411914
2020-12-17,156.58,158.77,154.39,156.74,66159969,156.58,158.77,154.39,156.74,66159969,156.58,158.77,154.39,156.74,66159969
2020-12-18,158.06,159.87,156.25,157.65,63151046,158.06,159.87,156.25,157.65,63151046,158.06,159.87,156.25,157.65,63151046
2020-12-21,152.66,154.55,150.77,152.69,47802793,152.66,154.55,150.77,152.69,47802793,152.66,154.55,150.77,152.69,47802793
2020-12-22,151.05,152.21,149.88,151.75,51581996,151.05,152.21,149.88,151.75,51581996,151.05,152.21,149.88,151.75,51581996
2020-12-23,151.38,153.01,149.74,150.69,72197888,151.38,153.01,149.74,150.69,72197888,151.38,153.01,149.74,150.69,72197888
2020-12-24,149.68,150.60,148.76,149.11,60604951,149.68,150.60,148.76,149.11,60604951,149.68,150.60,148.76,149.11,60604951
2020-12-25,151.46,152.68,150.24,150.63,77380592,151.46,152.68,150.24,150.63,77380592,151.46,152.68,150.24,150.63,77380592
2020-12-28,154.48,156.73,152.23,154.64,81192997,154.48,156.73,152.23,154.64,81192997,154.48,156.73,152.23,154.64,81192997
2020-12-29,157.12,159.88,154.35,156.78,54909235,157.12,159.88,154.35,156.78,54909235,157.12,159.88,154.35,156.78,54909235
2020-12-30,155.49,157.68,153.30,155.31,82907592,155.49,157.68,153.30,155.31,82907592,155.49,157.68,153.30,155.31,82907592
2020-12-31,152.35,154.08,150.62,152.35,85824893,152.35,154.08,150.62,152.35,85824893,152.35,154.08,150.62,152.35,85824893
2021-01-01,151.07,152.53,149.61,151.42,88037788,151.07,152.53,149.61,151.42,88037788,151.07,152.53,149.61,151.42,88037788
2021-01-04,151.32,153.60,149.04,151.61,79005735,151.32,153.60,149.04,151.61,79005735,151.32,153.60,149.04,151.61,79005735
2021-01-05,153.71,156.33,151.08,153.17,85999478,153.71,156.33,151.08,153.17,85999478,153.71,156.33,151.08,153.17,85999478
2021-01-06,157.87,158.90,156.84,156.98,57027351,157.87,158.90,156.84,156.98,57027351,157.87,158.90,156.84,156.98,57027351
2021-01-07,152.34,154.63,150.04,152.46,89166295,152.34,154.63,150.04,152.46,89166295,152.34,154.63,150.04,152.46,89166295
2021-01-08,152.72,154.03,151.41,152.27,57411445,152.72,154.03,151.41,152.27,57411445,152.72,154.03,151.41,152.27,57411445
2021-01-11,152.70,154.09,151.31,152.50,50329582,152.70,154.09,151.31,152.50,50329582,152.70,154.09,151.31,152.50,50329582
2021-01-12,155.01,157.07,152.96,155.31,77603125,155.01,157.07,152.96,155.31,77603125,155.01,157.07,152.96,155.31,77603125
2021-01-13,160.25,162.45,158.05,159.88,69860587,160.25,162.45,158.05,159.88,69860587,160.25,162.45,158.05,159.88,69860587
2021-01-14,161.59,163.59,159.59,161.94,47327636,161.59,163.59,159.59,161.94,47327636,161.59,163.59,159.59,161.94,47327636
2021-01-15,162.94,164.90,160.97,162.49,56859079,162.94,164.90,160.97,162.49,56859079,162.94,164.90,160.97,162.49,56859079
2021-01-18,163.47,166.04,160.91,163.27,80803317,163.47,166.04,160.91,163.27,80803317,163.47,166.04,160.91,163.27,80803317
2021-01-19,164.78,166.62,162.94,164.60,76698287,164.78,166.62,162.94,164.60,76698287,164.78,166.62,162.94,164.60,76698287
2021-01-20,163.62,165.50,161.73,164.45,52807938,163.62,165.50,161.73,164.45,52807938,163.62,165.50,161.73,164.45,52807938
2021-01-21,162.87,163.78,161.97,163.17,71861045,162.87,163.78,161.97,163.17,71861045,162.87,163.78,161.97,163.17,71861045
2021-01-22,161.37,163.67,159.07,161.26,49745204,161.37,163.67,159.07,161.26,49745204,161.37,163.67,159.07,161.26,49745204
2021-01-25,159.68,161.26,158.10,159.66,61279737,159.68,161.26,158.10,159.66,61279737,159.68,161.26,158.10,159.66,61279737
2021-01-26,158.83,160.48,157.18,158.37,45730554,158.83,160.48,157.18,158.37,45730554,158.83,160.48,157.18,158.37,45730554
2021-01-27,159.29,161.23,157.35,157.95,60614156,159.29,161.23,157.35,157.95,60614156,159.29,161.23,157.35,157.95,60614156
2021-01-28,159.65,162.23,157.06,159.68,88292192,159.65,162.23,157.06,159.68,88292192,159.65,162.23,157.06,159.68,88292192
2021-01-29,157.88,159.27,156.48,157.60,66581330,157.88,159.27,156.48,157.60,66581330,157.88,159.27,156.48,157.60,66581330
2021-02-01,166.46,168.66,164.25,166.79,74851345,166.46,168.66,164.25,166.79,74851345,166.46,168.66,164.25,166.79,74851345
2021-02-02,163.06,164.55,161.58,163.37,67202039,163.06,164.55,161.58,163.37,67202039,163.06,164.55,161.58,163.37,67202039
2021-02-03,162.52,163.39,161.65,163.25,46136126,162.52,163.39,161.65,163.25,46136126,162.52,163.39,161.65,163.25,46136126
2021-02-04,166.76,169.01,164.50,165.96,80992772,166.76,169.01,164.50,165.96,80992772,166.76,169.01,164.50,165.96,80992772
2021-02-05,160.51,163.30,157.72,161.29,90994150,160.51,163.30,157.72,161.29,90994150,160.51,163.30,157.72,161.29,90994150
2021-02-08,158.00,160.68,155.33,157.71,67861164,158.00,160.68,155.33,157.71,67861164,158.00,160.68,155.33,157.71,67861164
2021-02-09,160.99,162.64,159.34,161.12,66298986,160.99,162.64,159.34,161.12,66298986,160.99,162.64,159.34,161.12,66298986
2021-02-10,161.83,163.50,160.17,161.40,47622186,161.83,163.50,160.17,161.40,47622186,161.83,163.50,160.17,161.40,47622186
2021-02-11,159.18,160.41,157.96,159.52,46803390,159.18,160.41,157.96,159.52,46803390,159.18,160.41,157.96,159.52,46803390
2021-02-12,163.61,165.60,161.63,164.73,87443470,163.61,165.60,161.63,164.73,87443470,163.61,165.60,161.63,164.73,87443470
2021-02-15,170.43,172.60,168.26,170.56,78303467,170.43,172.60,168.26,170.56,78303467,170.43,172.60,168.26,170.56,78303467
2021-02-16,169.75,172.18,167.33,168.55,49829957,169.75,172.18,167.33,168.55,49829957,169.75,172.18,167.33,168.55,49829957
2021-02-17,170.75,172.70,168.80,170.76,48086177,170.75,172.70,168.80,170.76,48086177,170.75,172.70,168.80,170.76,48086177
2021-02-18,170.68,173.52,167.83,170.95,68274555,170.68,173.52,167.83,170.95,68274555,170.68,173.52,167.83,170.95,68274555
2021-02-19,172.47,174.83,170.11,172.21,65032919,172.47,174.83,170.11,172.21,65032919,172.47,174.83,170.11,172.21,65032919
2021-02-22,171.18,173.40,168.95,171.70,84217353,171.18,173.40,168.95,171.70,84217353,171.18,173.40,168.95,171.70,84217353
2021-02-23,169.83,171.38,168.29,169.04,64242480,169.83,171.38,168.29,169.04,64242480,169.83,171.38,168.29,169.04,64242480
2021-02-24,171.85,173.18,170.51,170.97,67411024,171.85,173.18,170.51,170.97,67411024,171.85,173.18,170.51,170.97,67411024
2021-02-25,165.88,168.19,163.58,166.19,61787536,165.88,168.19,163.58,166.19,61787536,165.88,168.19,163.58,166.19,61787536
2021-02-26,169.53,171.89,167.17,169.59,77943287,169.53,171.89,167.17,169.59,77943287,169.53,171.89,167.17,169.59,77943287
2021-03-01,170.94,172.79,169.09,170.54,75590939,170.94,172.79,169.09,170.54,75590939,170.94,172.79,169.09,170.54,75590939
2021-03-02,168.44,170.83,166.04,168.05,51882201,168.44,170.83,166.04,168.05,51882201,168.44,170.83,166.04,168.05,51882201
2021-03-03,165.84,167.54,164.14,165.67,86371424,165.84,167.54,164.14,165.67,86371424,165.84,167.54,164.14,165.67,86371424
2021-03-04,166.49,168.85,164.14,165.87,48225664,166.49,168.85,164.14,165.87,48225664,166.49,168.85,164.14,165.87,48225664
2021-03-05,163.25,165.21,161.29,163.94,63088383,163.25,165.21,161.29,163.94,63088383,163.25,165.21,161.29,163.94,63088383
2021-03-08,163.15,164.91,161.38,162.87,65738536,163.15,164.91,161.38,162.87,65738536,163.15,164.91,161.38,162.87,65738536
2021-03-09,166.17,168.81,163.53,165.87,62700400,166.17,168.81,163.53,165.87,62700400,166.17,168.81,163.53,165.87,62700400
2021-03-10,169.59,170.65,168.53,168.99,51024417,169.59,170.65,168.53,168.99,51024417,169.59,170.65,168.53,168.99,51024417
2021-03-11,171.04,173.54,168.53,171.37,54813471,171.04,173.54,168.53,171.37,54813471,171.04,173.54,168.53,171.37,54813471
2021-03-12,167.80,169.37,166.22,168.16,45594669,167.80,169.37,166.22,168.16,45594669,167.80,169.37,166.22,168.16,45594669
2021-03-15,169.31,171.39,167.24,168.74,60414266,169.31,171.39,167.24,168.74,60414266,169.31,171.39,167.24,168.74,60414266
2021-03-16,171.90,174.13,169.67,170.72,71244293,171.90,174.13,169.67,170.72,71244293,171.90,174.13,169.67,170.72,71244293
2021-03-17,168.62,171.00,166.25,167.96,68480402,168.62,171.00,166.25,167.96,68480402,168.62,171.00,166.25,167.96,68480402
2021-03-18,164.42,165.93,162.90,164.22,64071492,164.42,165.93,162.90,164.22,64071492,164.42,165.93,162.90,164.22,64071492
2021-03-19,159.25,160.75,157.76,159.51,76151272,159.25,160.75,157.76,159.51,76151272,159.25,160.75,157.76,159.51,76151272
2021-03-22,159.74,161.87,157.61,159.78,83864855,159.74,161.87,157.61,159.78,83864855,159.74,161.87,157.61,159.78,83864855
2021-03-23,160.63,162.37,158.88,159.71,53086363,160.63,162.37,158.88,159.71,53086363,160.63,162.37,158.88,159.71,53086363
2021-03-24,158.99,159.69,158.29,159.35,66778445,158.99,159.69,158.29,159.35,66778445,158.99,159.69,158.29,159.35,66778445
2021-03-25,164.24,166.33,162.16,165.12,55301697,164.24,166.33,162.16,165.12,55301697,164.24,166.33,162.16,165.12,55301697
2021-03-26,165.24,166.85,163.64,165.53,86235914,165.24,166.85,163.64,165.53,86235914,165.24,166.85,163.64,165.53,86235914
2021-03-29,168.45,170.47,166.43,167.80,71759635,168.45,170.47,166.43,167.80,71759635,168.45,170.47,166.43,167.80,71759635
2021-03-30,167.69,169.36,166.02,166.65,73167205,167.69,169.36,166.02,166.65,73167205,167.69,169.36,166.02,166.65,73167205
2021-03-31,168.42,169.24,167.61,167.87,66412331,168.42,169.24,167.61,167.87,66412331,168.42,169.24,167.61,167.87,66412331
2021-04-01,171.66,172.58,170.75,171.31,46815488,171.66,172.58,170.75,171.31,46815488,171.66,172.58,170.75,171.31,46815488
2021-04-02,172.64,173.91,171.37,171.73,70041542,172.64,173.91,171.37,171.73,70041542,172.64,173.91,171.37,171.73,70041542
2021-04-05,172.16,172.84,171.48,172.08,66609568,172.16,172.84,171.48,172.08,66609568,172.16,172.84,171.48,172.08,66609568
2021-04-06,169.29,171.42,167.16,169.87,52453682,169.29,171.42,167.16,169.87,52453682,169.29,171.42,167.16,169.87,52453682
2021-04-07,171.17,173.42,168.93,170.77,65760200,171.17,173.42,168.93,170.77,65760200,171.17,173.42,168.93,170.77,65760200
2021-04-08,172.16,174.14,170.17,173.18,59377296,172.16,174.14,170.17,173.18,59377296,172.16,174.14,170.17,173.18,59377296
2021-04-09,168.29,169.85,166.72,169.06,47819229,168.29,169.85,166.72,169.06,47819229,168.29,169.85,166.72,169.06,47819229
2021-04-12,172.25,174.84,169.66,171.19,58670871,172.25,174.84,169.66,171.19,58670871,172.25,174.84,169.66,171.19,58670871
2021-04-13,170.55,172.79,168.31,170.71,78058418,170.55,172.79,168.31,170.71,78058418,170.55,172.79,168.31,170.71,78058418
2021-04-14,170.36,171.61,169.12,170.03,51372852,170.36,171.61,169.12,170.03,51372852,170.36,171.61,169.12,170.03,51372852
2021-04-15,169.39,170.99,167.78,168.41,66219232,169.39,170.99,167.78,168.41,66219232,169.39,170.99,167.78,168.41,66219232
2021-04-16,165.57,167.70,163.44,165.59,46482341,165.57,167.70,163.44,165.59,46482341,165.57,167.70,163.44,165.59,46482341
2021-04-19,167.73,169.23,166.23,167.76,81540813,167.73,169.23,166.23,167.76,81540813,167.73,169.23,166.23,167.76,81540813
2021-04-20,169.82,171.68,167.95,169.43,53894198,169.82,171.68,167.95,169.43,53894198,169.82,171.68,167.95,169.43,53894198
2021-04-21,166.00,167.27,164.73,164.96,47926551,166.00,167.27,164.73,164.96,47926551,166.00,167.27,164.73,164.96,47926551
2021-04-22,167.45,169.80,165.11,166.32,86601110,167.45,169.80,165.11,166.32,86601110,167.45,169.80,165.11,166.32,86601110
2021-04-23,169.14,171.50,166.78,168.94,71605363,169.14,171.50,166.78,168.94,71605363,169.14,171.50,166.78,168.94,71605363
2021-04-26,171.47,172.18,170.76,170.99,76607100,171.47,172.18,170.76,170.99,76607100,171.47,172.18,170.76,170.99,76607100
2021-04-27,173.48,174.73,172.23,172.26,53244766,173.48,174.73,172.23,172.26,53244766,173.48,174.73,172.23,172.26,53244766
2021-04-28,176.97,179.01,174.94,177.24,47111563,176.97,179.01,174.94,177.24,47111563,176.97,179.01,174.94,177.24,47111563
2021-04-29,177.17,180.03,174.31,177.23,56853245,177.17,180.03,174.31,177.23,56853245,177.17,180.03,174.31,177.23,56853245
2021-04-30,174.39,176.16,172.61,174.05,73985023,174.39,176.16,172.61,174.05,73985023,174.39,176.16,172.61,174.05,73985023
2021-05-03,177.37,178.92,175.83,177.16,90634015,177.37,178.92,175.83,177.16,90634015,177.37,178.92,175.83,177.16,90634015
2021-05-04,174.91,176.45,173.37,174.80,53460066,174.91,176.45,173.37,174.80,53460066,174.91,176.45,173.37,174.80,53460066
2021-05-05,180.90,183.15,178.66,181.70,53979618,180.90,183.15,178.66,181.70,53979618,180.90,183.15,178.66,181.70,53979618
2021-05-06,183.74,184.83,182.65,184.37,69414572,183.74,184.83,182.65,184.37,69414572,183.74,184.83,182.65,184.37,69414572
2021-05-07,190.63,193.06,188.20,190.57,46302229,190.63,193.06,188.20,190.57,46302229,190.63,193.06,188.20,190.57,46302229
2021-05-10,198.92,201.48,196.36,198.47,81940348,198.92,201.48,196.36,198.47,81940348,198.92,201.48,196.36,198.47,81940348
2021-05-11,200.42,201.35,199.50,200.63,66577609,200.42,201.35,199.50,200.63,66577609,200.42,201.35,199.50,200.63,66577609
2021-05-12,199.44,201.01,197.86,199.58,87135036,199.44,201.01,197.86,199.58,87135036,199.44,201.01,197.86,199.58,87135036
2021-05-13,198.97,202.15,195.79,199.00,80432207,198.97,202.15,195.79,199.00,80432207,198.97,202.15,195.79,199.00,80432207
2021-05-14,201.03,202.70,199.36,200.30,87422217,201.03,202.70,199.36,200.30,87422217,201.03,202.70,199.36,200.30,87422217
2021-05-17,192.67,194.55,190.79,192.80,64057765,192.67,194.55,190.79,192.80,64057765,192.67,194.55,190.79,192.80,64057765
2021-05-18,194.09,197.01,191.16,194.75,77953013,194.09,197.01,191.16,194.75,77953013,194.09,197.01,191.16,194.75,77953013
2021-05-19,199.30,202.45,196.16,199.42,56292343,199.30,202.45,196.16,199.42,56292343,199.30,202.45,196.16,199.42,56292343
2021-05-20,201.39,204.15,198.62,201.13,88788951,201.39,204.15,198.62,201.13,88788951,201.39,204.15,198.62,201.13,88788951
2021-05-21,203.94,205.56,202.31,203.13,71915800,203.94,205.56,202.31,203.13,71915800,203.94,205.56,202.31,203.13,71915800
2021-05-24,206.47,208.91,204.03,206.91,90870300,206.47,208.91,204.03,206.91,90870300,206.47,208.91,204.03,206.91,90870300
2021-05-25,211.93,214.24,209.62,210.78,70588904,211.93,214.24,209.62,210.78,70588904,211.93,214.24,209.62,210.78,70588904
2021-05-26,207.65,209.79,205.50,207.80,83034490,207.65,209.79,205.50,207.80,83034490,207.65,209.79,205.50,207.80,83034490
2021-05-27,210.77,212.43,209.10,211.47,60858471,210.77,212.43,209.10,211.47,60858471,210.77,212.43,209.10,211.47,60858471
2021-05-28,212.90,215.49,210.31,213.02,63499763,212.90,215.49,210.31,213.02,63499763,212.90,215.49,210.31,213.02,63499763
2021-05-31,213.04,215.01,211.07,213.29,58531044,213.04,215.01,211.07,213.29,58531044,213.04,215.01,211.07,213.29,58531044
2021-06-01,216.06,219.78,212.35,216.96,71722051,216.06,219.78,212.35,216.96,71722051,216.06,219.78,212.35,216.96,71722051
2021-06-02,218.89,221.91,215.86,217.98,74825894,218.89,221.91,215.86,217.98,74825894,218.89,221.91,215.86,217.98,74825894
2021-06-03,220.96,224.03,217.89,220.69,54583985,220.96,224.03,217.89,220.69,54583985,220.96,224.03,217.89,220.69,54583985
2021-06-04,217.43,221.21,213.65,216.71,90874196,217.43,221.21,213.65,216.71,90874196,217.43,221.21,213.65,216.71,90874196
2021-06-07,216.04,218.23,213.86,216.41,79032572,216.04,218.23,213.86,216.41,79032572,216.04,218.23,213.86,216.41,79032572
2021-06-08,217.78,220.39,215.18,218.10,49511036,217.78,220.39,215.18,218.10,49511036,217.78,220.39,215.18,218.10,49511036
2021-06-09,223.56,225.96,221.16,222.11,89094166,223.56,225.96,221.16,222.11,89094166,223.56,225.96,221.16,222.11,89094166
2021-06-10,216.57,218.88,214.26,216.38,79286940,216.57,218.88,214.26,216.38,79286940,216.57,218.88,214.26,216.38,79286940
2021-06-11,221.04,223.13,218.94,221.50,80870477,221.04,223.13,218.94,221.50,80870477,221.04,223.13,218.94,221.50,80870477
2021-06-14,228.13,230.06,226.20,229.21,78902246,228.13,230.06,226.20,229.21,78902246,228.13,230.06,226.20,229.21,78902246
2021-06-15,229.02,231.62,226.43,228.83,85022541,229.02,231.62,226.43,228.83,85022541,229.02,231.62,226.43,228.83,85022541
2021-06-16,232.58,235.65,229.52,233.02,68598530,232.58,235.65,229.52,233.02,68598530,232.58,235.65,229.52,233.02,68598530
2021-06-17,226.81,228.17,225.45,227.93,51256918,226.81,228.17,225.45,227.93,51256918,226.81,228.17,225.45,227.93,51256918
2021-06-18,230.07,233.62,226.51,229.32,80492297,230.07,233.62,226.51,229.32,80492297,230.07,233.62,226.51,229.32,80492297
2021-06-21,223.95,225.60,222.30,224.55,71460967,223.95,225.60,222.30,224.55,71460967,223.95,225.60,222.30,224.55,71460967
2021-06-22,232.55,236.08,229.03,232.19,57854004,232.55,236.08,229.03,232.19,57854004,232.55,236.08,229.03,232.19,57854004
2021-06-23,231.57,232.60,230.55,230.72,71360506,231.57,232.60,230.55,230.72,71360506,231.57,232.60,230.55,230.72,71360506
2021-06-24,232.18,234.35,230.02,231.55,62243313,232.18,234.35,230.02,231.55,62243313,232.18,234.35,230.02,231.55,62243313
2021-06-25,222.37,225.70,219.04,221.83,53906807,222.37,225.70,219.04,221.83,53906807,222.37,225.70,219.04,221.83,53906807
2021-06-28,221.50,224.34,218.66,221.12,70009483,221.50,224.34,218.66,221.12,70009483,221.50,224.34,218.66,221.12,70009483
2021-06-29,209.18,211.24,207.13,209.20,62290854,209.18,211.24,207.13,209.20,62290854,209.18,211.24,207.13,209.20,62290854
2021-06-30,209.19,211.82,206.56,208.83,49403495,209.19,211.82,206.56,208.83,49403495,209.19,211.82,206.56,208.83,49403495
2021-07-01,205.30,207.37,203.24,206.87,65674503,205.30,207.37,203.24,206.87,65674503,205.30,207.37,203.24,206.87,65674503
2021-07-02,206.02,208.84,203.20,206.32,71940438,206.02,208.84,203.20,206.32,71940438,206.02,208.84,203.20,206.32,71940438
2021-07-05,205.08,206.85,203.31,204.96,87730608,205.08,206.85,203.31,204.96,87730608,205.08,206.85,203.31,204.96,87730608
2021-07-06,199.25,200.80,197.69,199.79,57606992,199.25,200.80,197.69,199.79,57606992,199.25,200.80,197.69,199.79,57606992
2021-07-07,206.06,206.60,205.53,205.60,71195151,206.06,206.60,205.53,205.60,71195151,206.06,206.60,205.53,205.60,71195151
2021-07-08,201.86,203.93,199.80,201.70,46610851,201.86,203.93,199.80,201.70,46610851,201.86,203.93,199.80,201.70,46610851
2021-07-09,200.26,202.94,197.58,200.75,78091392,200.26,202.94,197.58,200.75,78091392,200.26,202.94,197.58,200.75,78091392
2021-07-12,199.16,202.03,196.29,198.61,58334077,199.16,202.03,196.29,198.61,58334077,199.16,202.03,196.29,198.61,58334077
2021-07-13,199.53,201.39,197.67,198.10,49963294,199.53,201.39,197.67,198.10,49963294,199.53,201.39,197.67,198.10,49963294
2021-07-14,192.70,193.66,191.75,192.58,48897914,192.70,193.66,191.75,192.58,48897914,192.70,193.66,191.75,192.58,48897914
2021-07-15,195.82,197.37,194.27,195.42,74879071,195.82,197.37,194.27,195.42,74879071,195.82,197.37,194.27,195.42,74879071
2021-07-16,195.40,196.92,193.88,194.54,56404172,195.40,196.92,193.88,194.54,56404172,195.40,196.92,193.88,194.54,56404172
2021-07-19,194.25,196.14,192.36,192.89,86029487,194.25,196.14,192.36,192.89,86029487,194.25,196.14,192.36,192.89,86029487
2021-07-20,191.08,193.50,188.67,191.35,75372255,191.08,193.50,188.67,191.35,75372255,191.08,193.50,188.67,191.35,75372255
2021-07-21,191.14,192.01,190.26,190.88,61770778,191.14,192.01,190.26,190.88,61770778,191.14,192.01,190.26,190.88,61770778
2021-07-22,196.07,199.28,192.86,196.54,57752446,196.07,199.28,192.86,196.54,57752446,196.07,199.28,192.86,196.54,57752446
2021-07-23,201.43,204.55,198.30,200.98,86229131,201.43,204.55,198.30,200.98,86229131,201.43,204.55,198.30,200.98,86229131
2021-07-26,196.21,198.84,193.59,197.26,61950775,196.21,198.84,193.59,197.26,61950775,196.21,198.84,193.59,197.26,61950775
2021-07-27,202.18,204.05,200.31,200.76,87594544,202.18,204.05,200.31,200.76,87594544,202.18,204.05,200.31,200.76,87594544
2021-07-28,204.80,207.90,201.69,203.99,55251026,204.80,207.90,201.69,203.99,55251026,204.80,207.90,201.69,203.99,55251026
2021-07-29,207.47,209.58,205.36,207.46,67417599,207.47,209.58,205.36,207.46,67417599,207.47,209.58,205.36,207.46,67417599
2021-07-30,204.69,207.01,202.36,205.41,55467540,204.69,207.01,202.36,205.41,55467540,204.69,207.01,202.36,205.41,55467540
2021-08-02,207.52,209.49,205.56,206.24,85794759,207.52,209.49,205.56,206.24,85794759,207.52,209.49,205.56,206.24,85794759
2021-08-03,213.20,216.62,209.78,213.47,45988624,213.20,216.62,209.78,213.47,45988624,213.20,216.62,209.78,213.47,45988624
2021-08-04,214.04,216.92,211.16,213.28,77087214,214.04,216.92,211.16,213.28,77087214,214.04,216.92,211.16,213.28,77087214
2021-08-05,216.96,219.31,214.62,216.61,60878819,216.96,219.31,214.62,216.61,60878819,216.96,219.31,214.62,216.61,60878819
2021-08-06,213.95,215.96,211.94,213.74,60433381,213.95,215.96,211.94,213.74,60433381,213.95,215.96,211.94,213.74,60433381
2021-08-09,212.39,215.02,209.75,212.76,78458503,212.39,215.02,209.75,212.76,78458503,212.39,215.02,209.75,212.76,78458503
2021-08-10,213.36,215.53,211.20,213.79,84002454,213.36,215.53,211.20,213.79,84002454,213.36,215.53,211.20,213.79,84002454
2021-08-11,215.26,218.29,212.23,214.11,54283263,215.26,218.29,212.23,214.11,54283263,215.26,218.29,212.23,214.11,54283263
2021-08-12,212.43,214.19,210.68,211.53,78210397,212.43,214.19,210.68,211.53,78210397,212.43,214.19,210.68,211.53,78210397
2021-08-13,210.50,213.63,207.36,209.38,68945942,210.50,213.63,207.36,209.38,68945942,210.50,213.63,207.36,209.38,68945942
2021-08-16,209.79,212.71,206.86,210.59,79718017,209.79,212.71,206.86,210.59,79718017,209.79,212.71,206.86,210.59,79718017
2021-08-17,212.84,214.88,210.80,212.62,48725291,212.84,214.88,210.80,212.62,48725291,212.84,214.88,210.80,212.62,48725291
2021-08-18,210.54,212.32,208.77,211.88,54803929,210.54,212.32,208.77,211.88,54803929,210.54,212.32,208.77,211.88,54803929
2021-08-19,217.06,219.11,215.01,216.44,77363904,217.06,219.11,215.01,216.44,77363904,217.06,219.11,215.01,216.44,77363904
2021-08-20,216.06,219.34,212.78,215.85,47910535,216.06,219.34,212.78,215.85,47910535,216.06,219.34,212.78,215.85,47910535
2021-08-23,223.98,226.79,221.17,222.60,53360370,223.98,226.79,221.17,222.60,53360370,223.98,226.79,221.17,222.60,53360370
2021-08-24,217.12,220.24,213.99,216.80,80781360,217.12,220.24,213.99,216.80,80781360,217.12,220.24,213.99,216.80,80781360
2021-08-25,218.58,220.11,217.04,219.47,82329704,218.58,220.11,217.04,219.47,82329704,218.58,220.11,217.04,219.47,82329704
2021-08-26,216.97,219.19,214.76,217.53,76723739,216.97,219.19,214.76,217.53,76723739,216.97,219.19,214.76,217.53,76723739
2021-08-27,212.73,215.51,209.94,214.00,50057781,212.73,215.51,209.94,214.00,50057781,212.73,215.51,209.94,214.00,50057781
2021-08-30,214.28,217.97,210.58,214.45,54271965,214.28,217.97,210.58,214.45,54271965,214.28,217.97,210.58,214.45,54271965
2021-08-31,208.93,210.55,207.30,208.33,55838542,208.93,210.55,207.30,208.33,55838542,208.93,210.55,207.30,208.33,55838542
2021-09-01,211.18,212.53,209.82,210.30,76871322,211.18,212.53,209.82,210.30,76871322,211.18,212.53,209.82,210.30,76871322
2021-09-02,221.29,224.55,218.03,221.56,52150524,221.29,224.55,218.03,221.56,52150524,221.29,224.55,218.03,221.56,52150524
2021-09-03,221.07,221.87,220.27,221.30,69836986,221.07,221.87,220.27,221.30,69836986,221.07,221.87,220.27,221.30,69836986
2021-09-06,223.73,226.97,220.49,224.86,84767681,223.73,226.97,220.49,224.86,84767681,223.73,226.97,220.49,224.86,84767681
2021-09-07,224.82,228.84,220.79,224.91,67178281,224.82,228.84,220.79,224.91,67178281,224.82,228.84,220.79,224.91,67178281
2021-09-08,230.82,233.29,228.34,230.58,84272733,230.82,233.29,228.34,230.58,84272733,230.82,233.29,228.34,230.58,84272733
2021-09-09,232.73,236.35,229.11,232.60,54733128,232.73,236.35,229.11,232.60,54733128,232.73,236.35,229.11,232.60,54733128
2021-09-10,241.76,245.07,238.45,240.08,69944978,241.76,245.07,238.45,240.08,69944978,241.76,245.07,238.45,240.08,69944978
2021-09-13,238.68,242.12,235.23,238.44,49868501,238.68,242.12,235.23,238.44,49868501,238.68,242.12,235.23,238.44,49868501
2021-09-14,238.79,240.55,237.04,239.69,64164328,238.79,240.55,237.04,239.69,64164328,238.79,240.55,237.04,239.69,64164328
2021-09-15,239.39,242.61,236.17,238.44,78187486,239.39,242.61,236.17,238.44,78187486,239.39,242.61,236.17,238.44,78187486
2021-09-16,237.89,240.15,235.63,236.63,76762525,237.89,240.15,235.63,236.63,76762525,237.89,240.15,235.63,236.63,76762525
2021-09-17,239.20,240.75,237.66,239.64,60820605,239.20,240.75,237.66,239.64,60820605,239.20,240.75,237.66,239.64,60820605
2021-09-20,248.83,251.74,245.91,248.47,64921284,248.83,251.74,245.91,248.47,64921284,248.83,251.74,245.91,248.47,64921284
2021-09-21,244.27,245.61,242.92,245.50,60455731,244.27,245.61,242.92,245.50,60455731,244.27,245.61,242.92,245.50,60455731
2021-09-22,243.28,245.26,241.30,242.46,45653971,243.28,245.26,241.30,242.46,45653971,243.28,245.26,241.30,242.46,45653971
2021-09-23,240.19,241.64,238.74,239.03,67957773,240.19,241.64,238.74,239.03,67957773,240.19,241.64,238.74,239.03,67957773
2021-09-24,240.32,241.70,238.94,240.80,77367908,240.32,241.70,238.94,240.80,77367908,240.32,241.70,238.94,240.80,77367908
2021-09-27,245.71,248.68,242.74,244.33,68132218,245.71,248.68,242.74,244.33,68132218,245.71,248.68,242.74,244.33,68132218
2021-09-28,243.84,244.55,243.12,244.10,68235922,243.84,244.55,243.12,244.10,68235922,243.84,244.55,243.12,244.10,68235922
2021-09-29,253.97,256.40,251.54,253.00,64316094,253.97,256.40,251.54,253.00,64316094,253.97,256.40,251.54,253.00,64316094
2021-09-30,261.96,264.08,259.84,260.12,66127586,261.96,264.08,259.84,260.12,66127586,261.96,264.08,259.84,260.12,66127586
2021-10-01,262.64,266.15,259.13,262.14,89680143,262.64,266.15,259.13,262.14,89680143,262.64,266.15,259.13,262.14,89680143
2021-10-04,265.75,268.98,262.53,265.32,52696730,265.75,268.98,262.53,265.32,52696730,265.75,268.98,262.53,265.32,52696730
2021-10-05,266.20,268.69,263.71,266.31,55147973,266.20,268.69,263.71,266.31,55147973,266.20,268.69,263.71,266.31,55147973
2021-10-06,269.61,274.22,264.99,268.09,59840631,269.61,274.22,264.99,268.09,59840631,269.61,274.22,264.99,268.09,59840631
2021-10-07,268.48,271.08,265.88,267.09,63452151,268.48,271.08,265.88,267.09,63452151,268.48,271.08,265.88,267.09,63452151
2021-10-08,261.13,263.92,258.34,260.49,62122936,261.13,263.92,258.34,260.49,62122936,261.13,263.92,258.34,260.49,62122936
2021-10-11,263.00,267.35,258.65,261.79,60270425,263.00,267.35,258.65,261.79,60270425,263.00,267.35,258.65,261.79,60270425
2021-10-12,250.51,252.93,248.09,250.89,73761078,250.51,252.93,248.09,250.89,73761078,250.51,252.93,248.09,250.89,73761078
2021-10-13,262.70,266.03,259.37,261.02,86147104,262.70,266.03,259.37,261.02,86147104,262.70,266.03,259.37,261.02,86147104
2021-10-14,260.38,262.83,257.93,260.88,68747341,260.38,262.83,257.93,260.88,68747341,260.38,262.83,257.93,260.88,68747341
2021-10-15,257.44,261.07,253.81,257.98,79579866,257.44,261.07,253.81,257.98,79579866,257.44,261.07,253.81,257.98,79579866
2021-10-18,261.16,264.07,258.24,260.43,61085669,261.16,264.07,258.24,260.43,61085669,261.16,264.07,258.24,260.43,61085669
2021-10-19,272.22,275.52,268.92,272.74,74023753,272.22,275.52,268.92,272.74,74023753,272.22,275.52,268.92,272.74,74023753
2021-10-20,270.01,272.87,267.16,269.57,67862260,270.01,272.87,267.16,269.57,67862260,270.01,272.87,267.16,269.57,67862260
2021-10-21,270.52,272.57,268.47,268.56,80785057,270.52,272.57,268.47,268.56,80785057,270.52,272.57,268.47,268.56,80785057
2021-10-22,270.86,274.12,267.61,271.13,82154083,270.86,274.12,267.61,271.13,82154083,270.86,274.12,267.61,271.13,82154083
2021-10-25,259.58,262.42,256.75,259.36,66767178,259.58,262.42,256.75,259.36,66767178,259.58,262.42,256.75,259.36,66767178
2021-10-26,262.13,264.81,259.45,263.20,60278076,262.13,264.81,259.45,263.20,60278076,262.13,264.81,259.45,263.20,60278076
2021-10-27,265.56,268.42,262.69,264.61,70242454,265.56,268.42,262.69,264.61,70242454,265.56,268.42,262.69,264.61,70242454
2021-10-28,269.93,272.07,267.78,268.79,63145860,269.93,272.07,267.78,268.79,63145860,269.93,272.07,267.78,268.79,63145860
2021-10-29,269.46,272.89,266.03,269.40,77394681,269.46,272.89,266.03,269.40,77394681,269.46,272.89,266.03,269.40,77394681
2021-11-01,272.50,273.83,271.18,271.75,56466853,272.50,273.83,271.18,271.75,56466853,272.50,273.83,271.18,271.75,56466853
2021-11-02,271.67,274.75,268.59,272.49,45866394,271.67,274.75,268.59,272.49,45866394,271.67,274.75,268.59,272.49,45866394
2021-11-03,270.06,274.31,265.81,269.74,87977085,270.06,274.31,265.81,269.74,87977085,270.06,274.31,265.81,269.74,87977085
2021-11-04,274.26,278.37,270.16,273.85,75253259,274.26,278.37,270.16,273.85,75253259,274.26,278.37,270.16,273.85,75253259
2021-11-05,264.62,269.09,260.16,263.96,49248369,264.62,269.09,260.16,263.96,49248369,264.62,269.09,260.16,263.96,49248369
2021-11-08,259.67,260.78,258.55,260.19,51821200,259.67,260.78,258.55,260.19,51821200,259.67,260.78,258.55,260.19,51821200
2021-11-09,259.42,261.08,257.75,258.13,48365428,259.42,261.08,257.75,258.13,48365428,259.42,261.08,257.75,258.13,48365428
2021-11-10,255.18,258.76,251.59,255.01,90202332,255.18,258.76,251.59,255.01,90202332,255.18,258.76,251.59,255.01,90202332
2021-11-11,265.94,270.22,261.66,266.39,84211976,265.94,270.22,261.66,266.39,84211976,265.94,270.22,261.66,266.39,84211976
2021-11-12,264.14,267.45,260.82,263.89,57809335,264.14,267.45,260.82,263.89,57809335,264.14,267.45,260.82,263.89,57809335
2021-11-15,262.51,265.99,259.02,261.93,59899591,262.51,265.99,259.02,261.93,59899591,262.51,265.99,259.02,261.93,59899591
2021-11-16,261.26,263.90,258.61,261.04,60099360,261.26,263.90,258.61,261.04,60099360,261.26,263.90,258.61,261.04,60099360
2021-11-17,258.04,261.58,254.49,257.58,81207181,258.04,261.58,254.49,257.58,81207181,258.04,261.58,254.49,257.58,81207181
2021-11-18,254.52,256.78,252.26,253.64,49397093,254.52,256.78,252.26,253.64,49397093,254.52,256.78,252.26,253.64,49397093
2021-11-19,259.79,262.98,256.60,260.44,55430322,259.79,262.98,256.60,260.44,55430322,259.79,262.98,256.60,260.44,55430322
2021-11-22,253.54,256.50,250.59,255.17,48373289,253.54,256.50,250.59,255.17,48373289,253.54,256.50,250.59,255.17,48373289
2021-11-23,258.66,261.92,255.39,258.12,57425272,258.66,261.92,255.39,258.12,57425272,258.66,261.92,255.39,258.12,57425272
2021-11-24,262.00,264.87,259.13,262.80,81782609,262.00,264.87,259.13,262.80,81782609,262.00,264.87,259.13,262.80,81782609
2021-11-25,260.57,263.32,257.81,259.14,82450757,260.57,263.32,257.81,259.14,82450757,260.57,263.32,257.81,259.14,82450757
2021-11-26,254.58,257.19,251.96,254.71,90003464,254.58,257.19,251.96,254.71,90003464,254.58,257.19,251.96,254.71,90003464
2021-11-29,250.56,253.97,247.16,251.27,69916251,250.56,253.97,247.16,251.27,69916251,250.56,253.97,247.16,251.27,69916251
2021-11-30,248.84,250.54,247.15,248.19,69247813,248.84,250.54,247.15,248.19,69247813,248.84,250.54,247.15,248.19,69247813
2021-12-01,242.39,245.45,239.33,242.40,73062619,242.39,245.45,239.33,242.40,73062619,242.39,245.45,239.33,242.40,73062619
2021-12-02,245.12,248.04,242.19,244.72,69254813,245.12,248.04,242.19,244.72,69254813,245.12,248.04,242.19,244.72,69254813
2021-12-03,234.62,236.97,232.27,233.46,86585441,234.62,236.97,232.27,233.46,86585441,234.62,236.97,232.27,233.46,86585441
2021-12-06,230.05,233.97,226.12,230.13,60146940,230.05,233.97,226.12,230.13,60146940,230.05,233.97,226.12,230.13,60146940
2021-12-07,234.01,237.49,230.53,234.43,85039473,234.01,237.49,230.53,234.43,85039473,234.01,237.49,230.53,234.43,85039473
2021-12-08,237.53,240.28,234.78,237.00,85993186,237.53,240.28,234.78,237.00,85993186,237.53,240.28,234.78,237.00,85993186
2021-12-09,234.75,237.95,231.55,233.76,60386610,234.75,237.95,231.55,233.76,60386610,234.75,237.95,231.55,233.76,60386610
2021-12-10,236.51,239.77,233.26,237.28,56267281,236.51,239.77,233.26,237.28,56267281,236.51,239.77,233.26,237.28,56267281
2021-12-13,236.12,239.13,233.10,236.18,80049222,236.12,239.13,233.10,236.18,80049222,236.12,239.13,233.10,236.18,80049222
2021-12-14,236.30,238.32,234.27,236.54,65671060,236.30,238.32,234.27,236.54,65671060,236.30,238.32,234.27,236.54,65671060
2021-12-15,237.10,239.56,234.64,236.09,53895296,237.10,239.56,234.64,236.09,53895296,237.10,239.56,234.64,236.09,53895296
2021-12-16,240.53,243.48,237.57,242.06,89234960,240.53,243.48,237.57,242.06,89234960,240.53,243.48,237.57,242.06,89234960
2021-12-17,242.78,245.26,240.30,241.94,55980659,242.78,245.26,240.30,241.94,55980659,242.78,245.26,240.30,241.94,55980659
2021-12-20,240.86,243.21,238.50,240.42,61060354,240.86,243.21,238.50,240.42,61060354,240.86,243.21,238.50,240.42,61060354
2021-12-21,237.45,240.49,234.41,237.32,89734325,237.45,240.49,234.41,237.32,89734325,237.45,240.49,234.41,237.32,89734325
2021-12-22,232.85,235.02,230.68,231.60,60355492,232.85,235.02,230.68,231.60,60355492,232.85,235.02,230.68,231.60,60355492
2021-12-23,226.50,230.34,222.65,227.21,63036800,226.50,230.34,222.65,227.21,63036800,226.50,230.34,222.65,227.21,63036800
2021-12-24,226.65,228.84,224.47,226.37,78452385,226.65,228.84,224.47,226.37,78452385,226.65,228.84,224.47,226.37,78452385
2021-12-27,227.67,229.68,225.65,227.72,82479217,227.67,229.68,225.65,227.72,82479217,227.67,229.68,225.65,227.72,82479217
2021-12-28,222.19,225.24,219.14,222.08,77776696,222.19,225.24,219.14,222.08,77776696,222.19,225.24,219.14,222.08,77776696
2021-12-29,219.57,221.74,217.40,219.44,84542552,219.57,221.74,217.40,219.44,84542552,219.57,221.74,217.40,219.44,84542552
2021-12-30,215.32,217.85,212.80,215.92,47481369,215.32,217.85,212.80,215.92,47481369,215.32,217.85,212.80,215.92,47481369
2021-12-31,216.07,219.47,212.66,216.44,64857935,216.07,219.47,212.66,216.44,64857935,216.07,219.47,212.66,216.44,64857935
2022-01-03,213.97,216.25,211.69,214.11,65428364,213.97,216.25,211.69,214.11,65428364,213.97,216.25,211.69,214.11,65428364
2022-01-04,217.07,220.55,213.59,216.26,80672951,217.07,220.55,213.59,216.26,80672951,217.07,220.55,213.59,216.26,80672951
2022-01-05,215.60,218.89,212.30,215.46,64415619,215.60,218.89,212.30,215.46,64415619,215.60,218.89,212.30,215.46,64415619
2022-01-06,208.30,210.76,205.85,209.84,52461308,208.30,210.76,205.85,209.84,52461308,208.30,210.76,205.85,209.84,52461308
2022-01-07,216.92,219.12,214.72,216.86,53018324,216.92,219.12,214.72,216.86,53018324,216.92,219.12,214.72,216.86,53018324
2022-01-10,223.40,226.38,220.42,222.18,64285097,223.40,226.38,220.42,222.18,64285097,223.40,226.38,220.42,222.18,64285097
2022-01-11,223.08,227.01,219.15,222.20,49331712,223.08,227.01,219.15,222.20,49331712,223.08,227.01,219.15,222.20,49331712
2022-01-12,218.70,220.38,217.02,219.35,48551486,218.70,220.38,217.02,219.35,48551486,218.70,220.38,217.02,219.35,48551486
2022-01-13,218.53,223.89,213.17,216.44,78614513,218.53,223.89,213.17,216.44,78614513,218.53,223.89,213.17,216.44,78614513
2022-01-14,221.38,224.10,218.67,219.53,71751009,221.38,224.10,218.67,219.53,71751009,221.38,224.10,218.67,219.53,71751009
2022-01-17,226.53,227.55,225.50,226.51,73999612,226.53,227.55,225.50,226.51,73999612,226.53,227.55,225.50,226.51,73999612
2022-01-18,222.06,225.34,218.78,222.14,66357829,222.06,225.34,218.78,222.14,66357829,222.06,225.34,218.78,222.14,66357829
2022-01-19,228.59,232.24,224.95,229.49,60559411,228.59,232.24,224.95,229.49,60559411,228.59,232.24,224.95,229.49,60559411
2022-01-20,235.16,237.23,233.09,235.36,61759365,235.16,237.23,233.09,235.36,61759365,235.16,237.23,233.09,235.36,61759365
2022-01-21,236.20,238.88,233.51,235.95,73101312,236.20,238.88,233.51,235.95,73101312,236.20,238.88,233.51,235.95,73101312
2022-01-24,239.02,241.43,236.61,237.88,48714975,239.02,241.43,236.61,237.88,48714975,239.02,241.43,236.61,237.88,48714975
2022-01-25,241.37,243.12,239.62,241.70,83350104,241.37,243.12,239.62,241.70,83350104,241.37,243.12,239.62,241.70,83350104
2022-01-26,240.99,243.29,238.69,240.89,48902861,240.99,243.29,238.69,240.89,48902861,240.99,243.29,238.69,240.89,48902861
2022-01-27,237.80,239.66,235.94,237.47,82113658,237.80,239.66,235.94,237.47,82113658,237.80,239.66,235.94,237.47,82113658
2022-01-28,242.86,244.72,241.01,241.85,76805690,242.86,244.72,241.01,241.85,76805690,242.86,244.72,241.01,241.85,76805690
2022-01-31,247.04,251.41,242.67,246.40,49044166,247.04,251.41,242.67,246.40,49044166,247.04,251.41,242.67,246.40,49044166
2022-02-01,244.97,247.31,242.64,246.02,54155915,244.97,247.31,242.64,246.02,54155915,244.97,247.31,242.64,246.02,54155915
2022-02-02,255.91,257.68,254.15,255.65,73416948,255.91,257.68,254.15,255.65,73416948,255.91,257.68,254.15,255.65,73416948
2022-02-03,250.64,253.73,247.54,250.53,81122139,250.64,253.73,247.54,250.53,81122139,250.64,253.73,247.54,250.53,81122139
2022-02-04,242.92,245.95,239.90,244.00,66261634,242.92,245.95,239.90,244.00,66261634,242.92,245.95,239.90,244.00,66261634
2022-02-07,243.48,245.31,241.66,242.81,51462421,243.48,245.31,241.66,242.81,51462421,243.48,245.31,241.66,242.81,51462421
2022-02-08,238.07,240.47,235.67,238.29,86997377,238.07,240.47,235.67,238.29,86997377,238.07,240.47,235.67,238.29,86997377
2022-02-09,240.15,243.07,237.22,240.19,56161519,240.15,243.07,237.22,240.19,56161519,240.15,243.07,237.22,240.19,56161519
2022-02-10,237.14,239.44,234.83,237.37,74713600,237.14,239.44,234.83,237.37,74713600,237.14,239.44,234.83,237.37,74713600
2022-02-11,233.42,236.20,230.65,234.73,82170492,233.42,236.20,230.65,234.73,82170492,233.42,236.20,230.65,234.73,82170492
2022-02-14,230.74,233.23,228.24,230.37,67681980,230.74,233.23,228.24,230.37,67681980,230.74,233.23,228.24,230.37,67681980
2022-02-15,228.73,231.36,226.10,227.57,76030249,228.73,231.36,226.10,227.57,76030249,228.73,231.36,226.10,227.57,76030249
2022-02-16,222.98,225.25,220.72,222.13,83408111,222.98,225.25,220.72,222.13,83408111,222.98,225.25,220.72,222.13,83408111
2022-02-17,218.29,221.02,215.57,216.99,65494624,218.29,221.02,215.57,216.99,65494624,218.29,221.02,215.57,216.99,65494624
2022-02-18,218.23,221.06,215.41,218.87,75147159,218.23,221.06,215.41,218.87,75147159,218.23,221.06,215.41,218.87,75147159
2022-02-21,220.00,221.39,218.60,220.35,48686603,220.00,221.39,218.60,220.35,48686603,220.00,221.39,218.60,220.35,48686603
2022-02-22,221.82,223.79,219.85,221.12,83137818,221.82,223.79,219.85,221.12,83137818,221.82,223.79,219.85,221.12,83137818
2022-02-23,224.81,227.39,222.23,225.54,46150991,224.81,227.39,222.23,225.54,46150991,224.81,227.39,222.23,225.54,46150991
2022-02-24,223.39,226.82,219.96,223.21,88167055,223.39,226.82,219.96,223.21,88167055,223.39,226.82,219.96,223.21,88167055
2022-02-25,220.01,223.45,216.57,220.25,56541546,220.01,223.45,216.57,220.25,56541546,220.01,223.45,216.57,220.25,56541546
2022-02-28,214.28,216.47,212.09,213.74,83433223,214.28,216.47,212.09,213.74,83433223,214.28,216.47,212.09,213.74,83433223
2022-03-01,219.24,222.04,216.45,218.17,60665961,219.24,222.04,216.45,218.17,60665961,219.24,222.04,216.45,218.17,60665961
2022-03-02,225.46,227.51,223.41,226.00,83692426,225.46,227.51,223.41,226.00,83692426,225.46,227.51,223.41,226.00,83692426
2022-03-03,236.53,239.83,233.22,236.91,87690436,236.53,239.83,233.22,236.91,87690436,236.53,239.83,233.22,236.91,87690436
2022-03-04,231.36,233.39,229.34,229.34,63915002,231.36,233.39,229.34,229.34,63915002,231.36,233.39,229.34,229.34,63915002
2022-03-07,227.08,230.47,223.69,227.34,90879177,227.08,230.47,223.69,227.34,90879177,227.08,230.47,223.69,227.34,90879177
2022-03-08,225.42,227.90,222.94,224.23,83868306,225.42,227.90,222.94,224.23,83868306,225.42,227.90,222.94,224.23,83868306
2022-03-09,218.97,221.93,216.02,219.02,55821543,218.97,221.93,216.02,219.02,55821543,218.97,221.93,216.02,219.02,55821543
2022-03-10,220.77,222.84,218.70,220.59,64633221,220.77,222.84,218.70,220.59,64633221,220.77,222.84,218.70,220.59,64633221
2022-03-11,222.34,225.39,219.30,222.19,82533183,222.34,225.39,219.30,222.19,82533183,222.34,225.39,219.30,222.19,82533183
2022-03-14,226.19,228.18,224.21,225.43,77747321,226.19,228.18,224.21,225.43,77747321,226.19,228.18,224.21,225.43,77747321
2022-03-15,224.08,227.25,220.91,223.28,49192746,224.08,227.25,220.91,223.28,49192746,224.08,227.25,220.91,223.28,49192746
2022-03-16,221.91,224.61,219.22,221.07,73235949,221.91,224.61,219.22,221.07,73235949,221.91,224.61,219.22,221.07,73235949
2022-03-17,220.21,222.95,217.47,221.24,55301187,220.21,222.95,217.47,221.24,55301187,220.21,222.95,217.47,221.24,55301187
2022-03-18,226.93,228.84,225.01,225.97,58191557,226.93,228.84,225.01,225.97,58191557,226.93,228.84,225.01,225.97,58191557
2022-03-21,222.25,224.87,219.62,222.37,45663993,222.25,224.87,219.62,222.37,45663993,222.25,224.87,219.62,222.37,45663993
2022-03-22,225.69,228.73,222.64,224.91,62890977,225.69,228.73,222.64,224.91,62890977,225.69,228.73,222.64,224.91,62890977
2022-03-23,234.52,237.18,231.85,234.66,58502485,234.52,237.18,231.85,234.66,58502485,234.52,237.18,231.85,234.66,58502485
2022-03-24,234.75,238.04,231.46,235.79,55440405,234.75,238.04,231.46,235.79,55440405,234.75,238.04,231.46,235.79,55440405
2022-03-25,242.29,246.10,238.47,241.73,61783928,242.29,246.10,238.47,241.73,61783928,242.29,246.10,238.47,241.73,61783928
2022-03-28,239.61,243.19,236.03,238.98,90146629,239.61,243.19,236.03,238.98,90146629,239.61,243.19,236.03,238.98,90146629
2022-03-29,239.91,241.23,238.58,238.92,48365495,239.91,241.23,238.58,238.92,48365495,239.91,241.23,238.58,238.92,48365495
2022-03-30,240.83,243.55,238.11,239.44,88577911,240.83,243.55,238.11,239.44,88577911,240.83,243.55,238.11,239.44,88577911
2022-03-31,237.04,238.73,235.34,238.02,61434788,237.04,238.73,235.34,238.02,61434788,237.04,238.73,235.34,238.02,61434788
2022-04-01,239.17,241.68,236.67,240.62,64751299,239.17,241.68,236.67,240.62,64751299,239.17,241.68,236.67,240.62,64751299
2022-04-04,239.96,241.24,238.68,239.65,90531025,239.96,241.24,238.68,239.65,90531025,239.96,241.24,238.68,239.65,90531025
2022-04-05,240.90,243.24,238.56,240.99,45614740,240.90,243.24,238.56,240.99,45614740,240.90,243.24,238.56,240.99,45614740
2022-04-06,243.80,245.79,241.81,243.91,64436539,243.80,245.79,241.81,243.91,64436539,243.80,245.79,241.81,243.91,64436539
2022-04-07,242.38,246.93,237.84,242.30,71966922,242.38,246.93,237.84,242.30,71966922,242.38,246.93,237.84,242.30,71966922
2022-04-08,232.71,235.49,229.92,233.20,82886043,232.71,235.49,229.92,233.20,82886043,232.71,235.49,229.92,233.20,82886043
2022-04-11,226.58,228.86,224.30,225.49,73832543,226.58,228.86,224.30,225.49,73832543,226.58,228.86,224.30,225.49,73832543
2022-04-12,219.87,222.30,217.44,219.59,71658523,219.87,222.30,217.44,219.59,71658523,219.87,222.30,217.44,219.59,71658523
2022-04-13,221.99,224.16,219.82,221.96,50849302,221.99,224.16,219.82,221.96,50849302,221.99,224.16,219.82,221.96,50849302
2022-04-14,220.67,223.57,217.77,219.65,73849732,220.67,223.57,217.77,219.65,73849732,220.67,223.57,217.77,219.65,73849732
2022-04-15,217.00,220.13,213.87,216.15,64691846,217.00,220.13,213.87,216.15,64691846,217.00,220.13,213.87,216.15,64691846
2022-04-18,217.55,220.29,214.81,216.83,71726414,217.55,220.29,214.81,216.83,71726414,217.55,220.29,214.81,216.83,71726414
2022-04-19,214.66,218.30,211.02,213.95,73155982,214.66,218.30,211.02,213.95,73155982,214.66,218.30,211.02,213.95,73155982
2022-04-20,211.63,215.19,208.06,210.19,54976994,211.63,215.19,208.06,210.19,54976994,211.63,215.19,208.06,210.19,54976994
2022-04-21,208.63,211.95,205.30,208.71,72577829,208.63,211.95,205.30,208.71,72577829,208.63,211.95,205.30,208.71,72577829
2022-04-22,207.57,210.30,204.85,207.01,69889136,207.57,210.30,204.85,207.01,69889136,207.57,210.30,204.85,207.01,69889136
2022-04-25,204.86,207.03,202.69,204.56,66819543,204.86,207.03,202.69,204.56,66819543,204.86,207.03,202.69,204.56,66819543
2022-04-26,207.07,210.08,204.05,207.24,73232323,207.07,210.08,204.05,207.24,73232323,207.07,210.08,204.05,207.24,73232323
2022-04-27,210.41,212.13,208.69,210.15,58345153,210.41,212.13,208.69,210.15,58345153,210.41,212.13,208.69,210.15,58345153
2022-04-28,206.11,208.16,204.06,206.82,76287953,206.11,208.16,204.06,206.82,76287953,206.11,208.16,204.06,206.82,76287953
2022-04-29,209.16,212.17,206.14,209.64,73938546,209.16,212.17,206.14,209.64,73938546,209.16,212.17,206.14,209.64,73938546
2022-05-02,213.17,215.16,211.17,213.69,70240123,213.17,215.16,211.17,213.69,70240123,213.17,215.16,211.17,213.69,70240123
2022-05-03,209.07,209.71,208.42,209.38,61856692,209.07,209.71,208.42,209.38,61856692,209.07,209.71,208.42,209.38,61856692
2022-05-04,209.70,211.54,207.86,209.39,86053828,209.70,211.54,207.86,209.39,86053828,209.70,211.54,207.86,209.39,86053828
2022-05-05,205.54,207.31,203.78,204.90,54609828,205.54,207.31,203.78,204.90,54609828,205.54,207.31,203.78,204.90,54609828
2022-05-06,204.14,206.01,202.26,203.66,82201944,204.14,206.01,202.26,203.66,82201944,204.14,206.01,202.26,203.66,82201944
2022-05-09,211.17,213.92,208.41,209.90,83958516,211.17,213.92,208.41,209.90,83958516,211.17,213.92,208.41,209.90,83958516
2022-05-10,206.33,209.20,203.46,205.45,59969292,206.33,209.20,203.46,205.45,59969292,206.33,209.20,203.46,205.45,59969292
2022-05-11,209.83,211.37,208.28,209.67,89765645,209.83,211.37,208.28,209.67,89765645,209.83,211.37,208.28,209.67,89765645
2022-05-12,212.79,216.31,209.27,212.10,89220319,212.79,216.31,209.27,212.10,89220319,212.79,216.31,209.27,212.10,89220319
2022-05-13,211.50,212.95,210.04,210.50,65199094,211.50,212.95,210.04,210.50,65199094,211.50,212.95,210.04,210.50,65199094
2022-05-16,212.97,214.91,211.04,213.15,67612171,212.97,214.91,211.04,213.15,67612171,212.97,214.91,211.04,213.15,67612171
2022-05-17,219.87,221.36,218.38,219.37,54879321,219.87,221.36,218.38,219.37,54879321,219.87,221.36,218.38,219.37,54879321
2022-05-18,221.24,222.96,219.51,221.11,75403201,221.24,222.96,219.51,221.11,75403201,221.24,222.96,219.51,221.11,75403201
2022-05-19,215.87,219.47,212.26,215.04,89589585,215.87,219.47,212.26,215.04,89589585,215.87,219.47,212.26,215.04,89589585
2022-05-20,212.99,214.33,211.65,213.75,80540560,212.99,214.33,211.65,213.75,80540560,212.99,214.33,211.65,213.75,80540560
2022-05-23,214.95,216.94,212.96,214.90,89947197,214.95,216.94,212.96,214.90,89947197,214.95,216.94,212.96,214.90,89947197
2022-05-24,214.61,216.08,213.14,215.26,71981422,214.61,216.08,213.14,215.26,71981422,214.61,216.08,213.14,215.26,71981422
2022-05-25,208.80,211.87,205.73,209.74,48726556,208.80,211.87,205.73,209.74,48726556,208.80,211.87,205.73,209.74,48726556
2022-05-26,206.18,209.50,202.87,206.27,48351582,206.18,209.50,202.87,206.27,48351582,206.18,209.50,202.87,206.27,48351582
2022-05-27,212.10,214.24,209.96,211.22,47541470,212.10,214.24,209.96,211.22,47541470,212.10,214.24,209.96,211.22,47541470
2022-05-30,219.76,221.84,217.68,221.43,80662692,219.76,221.84,217.68,221.43,80662692,219.76,221.84,217.68,221.43,80662692
2022-05-31,226.71,229.53,223.89,227.79,73273710,226.71,229.53,223.89,227.79,73273710,226.71,229.53,223.89,227.79,73273710
2022-06-01,229.17,233.12,225.21,228.34,60953862,229.17,233.12,225.21,228.34,60953862,229.17,233.12,225.21,228.34,60953862
2022-06-02,222.36,223.78,220.94,222.27,46092650,222.36,223.78,220.94,222.27,46092650,222.36,223.78,220.94,222.27,46092650
2022-06-03,224.51,227.39,221.63,224.02,73228060,224.51,227.39,221.63,224.02,73228060,224.51,227.39,221.63,224.02,73228060
2022-06-06,226.25,230.40,222.11,226.44,82996738,226.25,230.40,222.11,226.44,82996738,226.25,230.40,222.11,226.44,82996738
2022-06-07,226.57,228.02,225.11,226.08,55679521,226.57,228.02,225.11,226.08,55679521,226.57,228.02,225.11,226.08,55679521
2022-06-08,230.72,232.49,228.96,229.87,84646709,230.72,232.49,228.96,229.87,84646709,230.72,232.49,228.96,229.87,84646709
2022-06-09,224.58,229.39,219.77,223.43,84666455,224.58,229.39,219.77,223.43,84666455,224.58,229.39,219.77,223.43,84666455
2022-06-10,231.48,233.89,229.08,231.23,89440883,231.48,233.89,229.08,231.23,89440883,231.48,233.89,229.08,231.23,89440883
2022-06-13,220.54,222.99,218.09,220.27,76865009,220.54,222.99,218.09,220.27,76865009,220.54,222.99,218.09,220.27,76865009
2022-06-14,225.70,227.98,223.42,226.20,62070859,225.70,227.98,223.42,226.20,62070859,225.70,227.98,223.42,226.20,62070859
2022-06-15,230.95,234.01,227.88,230.19,74236804,230.95,234.01,227.88,230.19,74236804,230.95,234.01,227.88,230.19,74236804
2022-06-16,226.72,228.41,225.03,225.98,68186210,226.72,228.41,225.03,225.98,68186210,226.72,228.41,225.03,225.98,68186210
2022-06-17,215.11,218.11,212.11,215.25,77062305,215.11,218.11,212.11,215.25,77062305,215.11,218.11,212.11,215.25,77062305
2022-06-20,213.49,216.10,210.88,213.62,83925201,213.49,216.10,210.88,213.62,83925201,213.49,216.10,210.88,213.62,83925201
2022-06-21,216.59,218.58,214.61,217.08,63300427,216.59,218.58,214.61,217.08,63300427,216.59,218.58,214.61,217.08,63300427
2022-06-22,217.54,219.38,215.70,216.56,47847916,217.54,219.38,215.70,216.56,47847916,217.54,219.38,215.70,216.56,47847916
2022-06-23,211.32,213.43,209.22,211.09,83620609,211.32,213.43,209.22,211.09,83620609,211.32,213.43,209.22,211.09,83620609
2022-06-24,209.42,212.35,206.50,210.20,62534417,209.42,212.35,206.50,210.20,62534417,209.42,212.35,206.50,210.20,62534417
2022-06-27,215.78,218.02,213.53,214.72,82405863,215.78,218.02,213.53,214.72,82405863,215.78,218.02,213.53,214.72,82405863
2022-06-28,214.27,215.65,212.89,214.30,78911802,214.27,215.65,212.89,214.30,78911802,214.27,215.65,212.89,214.30,78911802
2022-06-29,211.37,213.02,209.72,212.05,59605001,211.37,213.02,209.72,212.05,59605001,211.37,213.02,209.72,212.05,59605001
2022-06-30,212.90,215.00,210.79,211.37,49035895,212.90,215.00,210.79,211.37,49035895,212.90,215.00,210.79,211.37,49035895
2022-07-01,218.61,220.95,216.27,216.65,58565064,218.61,220.95,216.27,216.65,58565064,218.61,220.95,216.27,216.65,58565064
2022-07-04,216.51,218.49,214.53,215.72,63919862,216.51,218.49,214.53,215.72,63919862,216.51,218.49,214.53,215.72,63919862
2022-07-05,214.96,216.21,213.72,214.22,70238184,214.96,216.21,213.72,214.22,70238184,214.96,216.21,213.72,214.22,70238184
2022-07-06,214.99,215.33,214.65,214.66,83274115,214.99,215.33,214.65,214.66,83274115,214.99,215.33,214.65,214.66,83274115
2022-07-07,213.63,215.22,212.05,214.77,88603902,213.63,215.22,212.05,214.77,88603902,213.63,215.22,212.05,214.77,88603902
2022-07-08,211.35,214.95,207.75,210.84,90127155,211.35,214.95,207.75,210.84,90127155,211.35,214.95,207.75,210.84,90127155
2022-07-11,206.37,209.24,203.49,205.86,60474206,206.37,209.24,203.49,205.86,60474206,206.37,209.24,203.49,205.86,60474206
2022-07-12,208.94,210.99,206.89,208.69,69663595,208.94,210.99,206.89,208.69,69663595,208.94,210.99,206.89,208.69,69663595
2022-07-13,213.85,216.76,210.94,214.06,57120581,213.85,216.76,210.94,214.06,57120581,213.85,216.76,210.94,214.06,57120581
2022-07-14,215.47,216.88,214.06,216.49,50475604,215.47,216.88,214.06,216.49,50475604,215.47,216.88,214.06,216.49,50475604
2022-07-15,215.72,218.56,212.89,214.61,66774451,215.72,218.56,212.89,214.61,66774451,215.72,218.56,212.89,214.61,66774451
2022-07-18,213.78,216.20,211.35,212.62,90305743,213.78,216.20,211.35,212.62,90305743,213.78,216.20,211.35,212.62,90305743
2022-07-19,215.83,218.54,213.11,215.27,68478809,215.83,218.54,213.11,215.27,68478809,215.83,218.54,213.11,215.27,68478809
2022-07-20,204.32,206.06,202.58,205.06,66091237,204.32,206.06,202.58,205.06,66091237,204.32,206.06,202.58,205.06,66091237
2022-07-21,197.83,200.05,195.62,197.27,72748584,197.83,200.05,195.62,197.27,72748584,197.83,200.05,195.62,197.27,72748584
2022-07-22,193.89,195.39,192.40,193.62,86238950,193.89,195.39,192.40,193.62,86238950,193.89,195.39,192.40,193.62,86238950
2022-07-25,184.09,185.54,182.63,184.95,79289860,184.09,185.54,182.63,184.95,79289860,184.09,185.54,182.63,184.95,79289860
2022-07-26,180.37,182.74,178.00,180.56,83839329,180.37,182.74,178.00,180.56,83839329,180.37,182.74,178.00,180.56,83839329
2022-07-27,179.64,181.39,177.89,180.84,49457533,179.64,181.39,177.89,180.84,49457533,179.64,181.39,177.89,180.84,49457533
2022-07-28,186.63,187.99,185.26,185.94,87877777,186.63,187.99,185.26,185.94,87877777,186.63,187.99,185.26,185.94,87877777
2022-07-29,183.37,186.11,180.64,183.48,51723642,183.37,186.11,180.64,183.48,51723642,183.37,186.11,180.64,183.48,51723642
2022-08-01,180.93,182.70,179.16,180.30,77880857,180.93,182.70,179.16,180.30,77880857,180.93,182.70,179.16,180.30,77880857
2022-08-02,173.24,175.96,170.51,173.19,51561446,173.24,175.96,170.51,173.19,51561446,173.24,175.96,170.51,173.19,51561446
2022-08-03,177.70,179.85,175.56,177.71,47910216,177.70,179.85,175.56,177.71,47910216,177.70,179.85,175.56,177.71,47910216
2022-08-04,176.30,179.05,173.55,176.47,59841570,176.30,179.05,173.55,176.47,59841570,176.30,179.05,173.55,176.47,59841570
2022-08-05,179.72,181.92,177.51,179.14,76713761,179.72,181.92,177.51,179.14,76713761,179.72,181.92,177.51,179.14,76713761
2022-08-08,180.20,183.55,176.85,180.84,86013950,180.20,183.55,176.85,180.84,86013950,180.20,183.55,176.85,180.84,86013950
2022-08-09,176.50,178.62,174.38,176.37,67243676,176.50,178.62,174.38,176.37,67243676,176.50,178.62,174.38,176.37,67243676
2022-08-10,177.90,180.36,175.44,178.40,70918712,177.90,180.36,175.44,178.40,70918712,177.90,180.36,175.44,178.40,70918712
2022-08-11,180.21,180.97,179.45,179.53,66786371,180.21,180.97,179.45,179.53,66786371,180.21,180.97,179.45,179.53,66786371
2022-08-12,179.80,182.94,176.67,178.66,59268556,179.80,182.94,176.67,178.66,59268556,179.80,182.94,176.67,178.66,59268556
2022-08-15,179.59,181.83,177.36,178.76,60719447,179.59,181.83,177.36,178.76,60719447,179.59,181.83,177.36,178.76,60719447
2022-08-16,175.28,177.41,173.15,174.26,72083963,175.28,177.41,173.15,174.26,72083963,175.28,177.41,173.15,174.26,72083963
2022-08-17,173.37,174.88,171.86,172.27,57315233,173.37,174.88,171.86,172.27,57315233,173.37,174.88,171.86,172.27,57315233
2022-08-18,172.55,174.30,170.80,172.62,89610365,172.55,174.30,170.80,172.62,89610365,172.55,174.30,170.80,172.62,89610365
2022-08-19,172.72,174.46,170.98,171.78,85640090,172.72,174.46,170.98,171.78,85640090,172.72,174.46,170.98,171.78,85640090
2022-08-22,174.97,176.83,173.11,175.70,65831277,174.97,176.83,173.11,175.70,65831277,174.97,176.83,173.11,175.70,65831277
2022-08-23,177.30,179.23,175.38,177.18,75518371,177.30,179.23,175.38,177.18,75518371,177.30,179.23,175.38,177.18,75518371
2022-08-24,180.23,181.93,178.53,180.43,72610488,180.23,181.93,178.53,180.43,72610488,180.23,181.93,178.53,180.43,72610488
2022-08-25,179.51,182.13,176.89,179.60,80154027,179.51,182.13,176.89,179.60,80154027,179.51,182.13,176.89,179.60,80154027
2022-08-26,175.27,177.64,172.89,174.64,47330939,175.27,177.64,172.89,174.64,47330939,175.27,177.64,172.89,174.64,47330939
2022-08-29,174.04,176.56,171.51,173.67,53505344,174.04,176.56,171.51,173.67,53505344,174.04,176.56,171.51,173.67,53505344
2022-08-30,176.45,178.43,174.46,176.45,56608375,176.45,178.43,174.46,176.45,56608375,176.45,178.43,174.46,176.45,56608375
2022-08-31,175.92,177.06,174.77,176.30,70418905,175.92,177.06,174.77,176.30,70418905,175.92,177.06,174.77,176.30,70418905
2022-09-01,177.20,179.66,174.74,176.89,88068233,177.20,179.66,174.74,176.89,88068233,177.20,179.66,174.74,176.89,88068233
2022-09-02,179.79,181.85,177.74,178.66,77793042,179.79,181.85,177.74,178.66,77793042,179.79,181.85,177.74,178.66,77793042
2022-09-05,178.26,180.05,176.46,177.92,73466422,178.26,180.05,176.46,177.92,73466422,178.26,180.05,176.46,177.92,73466422
2022-09-06,182.56,184.32,180.80,181.28,88370130,182.56,184.32,180.80,181.28,88370130,182.56,184.32,180.80,181.28,88370130
2022-09-07,181.42,183.31,179.54,182.07,60165643,181.42,183.31,179.54,182.07,60165643,181.42,183.31,179.54,182.07,60165643
2022-09-08,179.89,182.36,177.42,180.29,74339164,179.89,182.36,177.42,180.29,74339164,179.89,182.36,177.42,180.29,74339164
2022-09-09,186.39,187.94,184.84,185.97,52546130,186.39,187.94,184.84,185.97,52546130,186.39,187.94,184.84,185.97,52546130
2022-09-12,186.07,188.09,184.04,186.44,82675310,186.07,188.09,184.04,186.44,82675310,186.07,188.09,184.04,186.44,82675310
2022-09-13,188.99,192.04,185.94,188.63,57865934,188.99,192.04,185.94,188.63,57865934,188.99,192.04,185.94,188.63,57865934
2022-09-14,185.54,187.40,183.69,186.04,69162847,185.54,187.40,183.69,186.04,69162847,185.54,187.40,183.69,186.04,69162847
2022-09-15,189.84,192.03,187.65,189.89,60686753,189.84,192.03,187.65,189.89,60686753,189.84,192.03,187.65,189.89,60686753
2022-09-16,189.61,191.74,187.48,189.39,87651831,189.61,191.74,187.48,189.39,87651831,189.61,191.74,187.48,189.39,87651831
2022-09-19,192.71,194.96,190.45,191.46,67470818,192.71,194.96,190.45,191.46,67470818,192.71,194.96,190.45,191.46,67470818
2022-09-20,192.65,196.05,189.26,191.51,58878353,192.65,196.05,189.26,191.51,58878353,192.65,196.05,189.26,191.51,58878353
2022-09-21,190.47,192.06,188.88,190.54,86448477,190.47,192.06,188.88,190.54,86448477,190.47,192.06,188.88,190.54,86448477
2022-09-22,186.50,188.33,184.67,186.91,87043006,186.50,188.33,184.67,186.91,87043006,186.50,188.33,184.67,186.91,87043006
2022-09-23,185.75,188.95,182.55,184.91,67924872,185.75,188.95,182.55,184.91,67924872,185.75,188.95,182.55,184.91,67924872
2022-09-26,181.13,182.81,179.45,180.77,66161256,181.13,182.81,179.45,180.77,66161256,181.13,182.81,179.45,180.77,66161256
2022-09-27,184.63,187.15,182.12,183.60,67392068,184.63,187.15,182.12,183.60,67392068,184.63,187.15,182.12,183.60,67392068
2022-09-28,184.24,185.09,183.39,184.12,83062633,184.24,185.09,183.39,184.12,83062633,184.24,185.09,183.39,184.12,83062633
2022-09-29,190.77,192.60,188.93,189.45,76675357,190.77,192.60,188.93,189.45,76675357,190.77,192.60,188.93,189.45,76675357
2022-09-30,194.03,194.96,193.10,193.56,84003389,194.03,194.96,193.10,193.56,84003389,194.03,194.96,193.10,193.56,84003389
2022-10-03,193.21,195.73,190.68,193.79,72281645,193.21,195.73,190.68,193.79,72281645,193.21,195.73,190.68,193.79,72281645
2022-10-04,195.79,197.83,193.75,196.55,55391022,195.79,197.83,193.75,196.55,55391022,195.79,197.83,193.75,196.55,55391022
2022-10-05,195.52,197.01,194.04,194.63,54768500,195.52,197.01,194.04,194.63,54768500,195.52,197.01,194.04,194.63,54768500
2022-10-06,191.95,194.74,189.16,191.69,90374368,191.95,194.74,189.16,191.69,90374368,191.95,194.74,189.16,191.69,90374368
2022-10-07,196.50,199.06,193.95,197.28,79774091,196.50,199.06,193.95,197.28,79774091,196.50,199.06,193.95,197.28,79774091
2022-10-10,192.73,194.25,191.20,191.76,71697470,192.73,194.25,191.20,191.76,71697470,192.73,194.25,191.20,191.76,71697470
2022-10-11,200.44,202.95,197.93,199.99,70624468,200.44,202.95,197.93,199.99,70624468,200.44,202.95,197.93,199.99,70624468
2022-10-12,199.34,201.35,197.32,198.10,58182126,199.34,201.35,197.32,198.10,58182126,199.34,201.35,197.32,198.10,58182126
2022-10-13,190.41,192.35,188.48,188.79,71898543,190.41,192.35,188.48,188.79,71898543,190.41,192.35,188.48,188.79,71898543
2022-10-14,184.13,187.19,181.08,183.79,51545210,184.13,187.19,181.08,183.79,51545210,184.13,187.19,181.08,183.79,51545210
2022-10-17,178.57,180.47,176.68,178.38,46388582,178.57,180.47,176.68,178.38,46388582,178.57,180.47,176.68,178.38,46388582
2022-10-18,180.23,181.62,178.85,180.56,87046450,180.23,181.62,178.85,180.56,87046450,180.23,181.62,178.85,180.56,87046450
2022-10-19,177.55,179.66,175.45,178.11,87578649,177.55,179.66,175.45,178.11,87578649,177.55,179.66,175.45,178.11,87578649
2022-10-20,175.37,178.11,172.63,176.18,76040878,175.37,178.11,172.63,176.18,76040878,175.37,178.11,172.63,176.18,76040878
2022-10-21,174.82,176.26,173.39,174.64,66865922,174.82,176.26,173.39,174.64,66865922,174.82,176.26,173.39,174.64,66865922
2022-10-24,181.64,183.30,179.98,181.45,64546465,181.64,183.30,179.98,181.45,64546465,181.64,183.30,179.98,181.45,64546465
2022-10-25,181.56,183.30,179.81,181.75,51646802,181.56,183.30,179.81,181.75,51646802,181.56,183.30,179.81,181.75,51646802
2022-10-26,183.51,186.52,180.49,182.43,87027503,183.51,186.52,180.49,182.43,87027503,183.51,186.52,180.49,182.43,87027503
2022-10-27,178.72,180.07,177.38,178.15,82006652,178.72,180.07,177.38,178.15,82006652,178.72,180.07,177.38,178.15,82006652
2022-10-28,180.77,181.46,180.09,180.59,68898244,180.77,181.46,180.09,180.59,68898244,180.77,181.46,180.09,180.59,68898244
2022-10-31,179.00,181.39,176.61,178.80,84016639,179.00,181.39,176.61,178.80,84016639,179.00,181.39,176.61,178.80,84016639
2022-11-01,181.74,183.78,179.70,182.15,88651491,181.74,183.78,179.70,182.15,88651491,181.74,183.78,179.70,182.15,88651491
2022-11-02,179.50,181.33,177.67,179.21,74973580,179.50,181.33,177.67,179.21,74973580,179.50,181.33,177.67,179.21,74973580
2022-11-03,176.53,178.74,174.31,176.14,52977497,176.53,178.74,174.31,176.14,52977497,176.53,178.74,174.31,176.14,52977497
2022-11-04,177.37,180.76,173.98,176.96,76753364,177.37,180.76,173.98,176.96,76753364,177.37,180.76,173.98,176.96,76753364
2022-11-07,180.83,182.77,178.89,181.08,76726048,180.83,182.77,178.89,181.08,76726048,180.83,182.77,178.89,181.08,76726048
2022-11-08,180.87,182.70,179.05,181.50,69848424,180.87,182.70,179.05,181.50,69848424,180.87,182.70,179.05,181.50,69848424
2022-11-09,187.83,189.86,185.79,187.10,73821560,187.83,189.86,185.79,187.10,73821560,187.83,189.86,185.79,187.10,73821560
2022-11-10,189.12,190.05,188.20,188.24,55312674,189.12,190.05,188.20,188.24,55312674,189.12,190.05,188.20,188.24,55312674
2022-11-11,189.47,192.08,186.85,188.84,51137815,189.47,192.08,186.85,188.84,51137815,189.47,192.08,186.85,188.84,51137815
2022-11-14,189.83,192.38,187.28,190.77,59477982,189.83,192.38,187.28,190.77,59477982,189.83,192.38,187.28,190.77,59477982
2022-11-15,191.52,193.43,189.61,191.38,59440422,191.52,193.43,189.61,191.38,59440422,191.52,193.43,189.61,191.38,59440422
2022-11-16,190.83,192.34,189.31,190.03,46032470,190.83,192.34,189.31,190.03,46032470,190.83,192.34,189.31,190.03,46032470
2022-11-17,191.74,193.27,190.22,191.14,67029010,191.74,193.27,190.22,191.14,67029010,191.74,193.27,190.22,191.14,67029010
2022-11-18,186.78,189.58,183.99,186.10,54159616,186.78,189.58,183.99,186.10,54159616,186.78,189.58,183.99,186.10,54159616
2022-11-21,187.72,189.82,185.63,187.08,46484651,187.72,189.82,185.63,187.08,46484651,187.72,189.82,185.63,187.08,46484651
2022-11-22,188.21,190.89,185.53,187.66,72092087,188.21,190.89,185.53,187.66,72092087,188.21,190.89,185.53,187.66,72092087
2022-11-23,187.04,189.59,184.48,187.36,53350192,187.04,189.59,184.48,187.36,53350192,187.04,189.59,184.48,187.36,53350192
2022-11-24,190.71,192.58,188.84,190.37,72013701,190.71,192.58,188.84,190.37,72013701,190.71,192.58,188.84,190.37,72013701
2022-11-25,194.15,196.14,192.17,193.24,76557466,194.15,196.14,192.17,193.24,76557466,194.15,196.14,192.17,193.24,76557466
2022-11-28,193.53,195.83,191.23,193.88,79660862,193.53,195.83,191.23,193.88,79660862,193.53,195.83,191.23,193.88,79660862
2022-11-29,196.34,198.39,194.29,195.19,50494894,196.34,198.39,194.29,195.19,50494894,196.34,198.39,194.29,195.19,50494894
2022-11-30,193.29,195.98,190.60,194.46,49799016,193.29,195.98,190.60,194.46,49799016,193.29,195.98,190.60,194.46,49799016
2022-12-01,197.96,200.02,195.90,197.03,76884783,197.96,200.02,195.90,197.03,76884783,197.96,200.02,195.90,197.03,76884783
2022-12-02,200.04,202.63,197.45,199.10,63262944,200.04,202.63,197.45,199.10,63262944,200.04,202.63,197.45,199.10,63262944
2022-12-05,201.62,203.62,199.62,201.21,81395948,201.62,203.62,199.62,201.21,81395948,201.62,203.62,199.62,201.21,81395948
2022-12-06,198.82,200.33,197.31,199.55,49702219,198.82,200.33,197.31,199.55,49702219,198.82,200.33,197.31,199.55,49702219
2022-12-07,194.04,195.97,192.11,194.46,51155861,194.04,195.97,192.11,194.46,51155861,194.04,195.97,192.11,194.46,51155861
2022-12-08,194.84,197.19,192.49,194.25,85397723,194.84,197.19,192.49,194.25,85397723,194.84,197.19,192.49,194.25,85397723
2022-12-09,199.19,201.09,197.29,199.53,89765027,199.19,201.09,197.29,199.53,89765027,199.19,201.09,197.29,199.53,89765027
2022-12-12,196.08,199.78,192.39,197.54,54022997,196.08,199.78,192.39,197.54,54022997,196.08,199.78,192.39,197.54,54022997
2022-12-13,202.69,205.72,199.65,201.53,70466919,202.69,205.72,199.65,201.53,70466919,202.69,205.72,199.65,201.53,70466919
2022-12-14,200.75,202.52,198.99,201.44,54979145,200.75,202.52,198.99,201.44,54979145,200.75,202.52,198.99,201.44,54979145
2022-12-15,203.79,206.08,201.50,204.66,58952465,203.79,206.08,201.50,204.66,58952465,203.79,206.08,201.50,204.66,58952465
2022-12-16,205.77,208.33,203.22,205.64,63473031,205.77,208.33,203.22,205.64,63473031,205.77,208.33,203.22,205.64,63473031
2022-12-19,204.52,206.51,202.52,204.48,60510494,204.52,206.51,202.52,204.48,60510494,204.52,206.51,202.52,204.48,60510494
2022-12-20,205.68,207.93,203.43,204.94,58041812,205.68,207.93,203.43,204.94,58041812,205.68,207.93,203.43,204.94,58041812
2022-12-21,201.73,202.07,201.39,201.43,68420338,201.73,202.07,201.39,201.43,68420338,201.73,202.07,201.39,201.43,68420338
2022-12-22,196.05,198.66,193.44,195.85,81823248,196.05,198.66,193.44,195.85,81823248,196.05,198.66,193.44,195.85,81823248
2022-12-23,195.46,198.09,192.83,195.81,90516091,195.46,198.09,192.83,195.81,90516091,195.46,198.09,192.83,195.81,90516091
2022-12-26,196.30,199.94,192.65,196.09,79826430,196.30,199.94,192.65,196.09,79826430,196.30,199.94,192.65,196.09,79826430
2022-12-27,193.97,195.51,192.44,193.67,51645701,193.97,195.51,192.44,193.67,51645701,193.97,195.51,192.44,193.67,51645701
2022-12-28,198.04,199.00,197.07,197.68,89417859,198.04,199.00,197.07,197.68,89417859,198.04,199.00,197.07,197.68,89417859
2022-12-29,199.17,202.74,195.60,198.49,63895862,199.17,202.74,195.60,198.49,63895862,199.17,202.74,195.60,198.49,63895862
2022-12-30,198.54,199.99,197.10,198.34,75635356,198.54,199.99,197.10,198.34,75635356,198.54,199.99,197.10,198.34,75635356
2023-01-02,206.53,208.83,204.23,206.34,54192114,206.53,208.83,204.23,206.34,54192114,206.53,208.83,204.23,206.34,54192114
2023-01-03,203.79,207.52,200.06,204.23,72152096,203.79,207.52,200.06,204.23,72152096,203.79,207.52,200.06,204.23,72152096
2023-01-04,207.59,209.27,205.92,208.22,54301046,207.59,209.27,205.92,208.22,54301046,207.59,209.27,205.92,208.22,54301046
2023-01-05,213.47,216.13,210.80,213.12,55139928,213.47,216.13,210.80,213.12,55139928,213.47,216.13,210.80,213.12,55139928
2023-01-06,211.30,213.06,209.53,211.01,48352652,211.30,213.06,209.53,211.01,48352652,211.30,213.06,209.53,211.01,48352652
2023-01-09,216.93,219.97,213.89,217.19,60564790,216.93,219.97,213.89,217.19,60564790,216.93,219.97,213.89,217.19,60564790
2023-01-10,213.28,214.05,212.51,212.52,70431557,213.28,214.05,212.51,212.52,70431557,213.28,214.05,212.51,212.52,70431557
2023-01-11,210.80,214.08,207.53,210.80,58897789,210.80,214.08,207.53,210.80,58897789,210.80,214.08,207.53,210.80,58897789
2023-01-12,215.03,218.55,211.50,215.85,55119292,215.03,218.55,211.50,215.85,55119292,215.03,218.55,211.50,215.85,55119292
2023-01-13,219.36,222.90,215.82,219.43,87509662,219.36,222.90,215.82,219.43,87509662,219.36,222.90,215.82,219.43,87509662
2023-01-16,221.65,223.78,219.51,221.87,70611229,221.65,223.78,219.51,221.87,70611229,221.65,223.78,219.51,221.87,70611229
2023-01-17,220.01,222.82,217.20,219.01,45698864,220.01,222.82,217.20,219.01,45698864,220.01,222.82,217.20,219.01,45698864
2023-01-18,213.57,216.15,210.99,213.48,83395404,213.57,216.15,210.99,213.48,83395404,213.57,216.15,210.99,213.48,83395404
2023-01-19,216.08,218.11,214.06,215.11,46153715,216.08,218.11,214.06,215.11,46153715,216.08,218.11,214.06,215.11,46153715
2023-01-20,217.00,220.73,213.26,217.32,49791746,217.00,220.73,213.26,217.32,49791746,217.00,220.73,213.26,217.32,49791746
2023-01-23,217.70,219.23,216.16,218.62,89754186,217.70,219.23,216.16,218.62,89754186,217.70,219.23,216.16,218.62,89754186
2023-01-24,221.43,224.12,218.74,220.73,86490035,221.43,224.12,218.74,220.73,86490035,221.43,224.12,218.74,220.73,86490035
2023-01-25,224.66,227.28,222.04,223.29,79006969,224.66,227.28,222.04,223.29,79006969,224.66,227.28,222.04,223.29,79006969
2023-01-26,224.15,225.69,222.61,224.16,67569896,224.15,225.69,222.61,224.16,67569896,224.15,225.69,222.61,224.16,67569896
2023-01-27,226.36,228.43,224.29,226.96,80924273,226.36,228.43,224.29,226.96,80924273,226.36,228.43,224.29,226.96,80924273
2023-01-30,224.31,225.31,223.30,223.39,87373010,224.31,225.31,223.30,223.39,87373010,224.31,225.31,223.30,223.39,87373010
2023-01-31,228.83,231.93,225.74,229.23,61846502,228.83,231.93,225.74,229.23,61846502,228.83,231.93,225.74,229.23,61846502
2023-02-01,223.73,226.48,220.98,224.78,59639426,223.73,226.48,220.98,224.78,59639426,223.73,226.48,220.98,224.78,59639426
2023-02-02,226.93,228.58,225.29,225.99,48641066,226.93,228.58,225.29,225.99,48641066,226.93,228.58,225.29,225.99,48641066
2023-02-03,229.49,231.98,227.00,227.10,86662641,229.49,231.98,227.00,227.10,86662641,229.49,231.98,227.00,227.10,86662641
2023-02-06,228.27,231.11,225.42,227.36,78658646,228.27,231.11,225.42,227.36,78658646,228.27,231.11,225.42,227.36,78658646
2023-02-07,228.18,230.86,225.50,229.18,78271166,228.18,230.86,225.50,229.18,78271166,228.18,230.86,225.50,229.18,78271166
2023-02-08,233.39,237.06,229.73,232.88,71666400,233.39,237.06,229.73,232.88,71666400,233.39,237.06,229.73,232.88,71666400
2023-02-09,234.99,237.44,232.54,234.88,78663598,234.99,237.44,232.54,234.88,78663598,234.99,237.44,232.54,234.88,78663598
2023-02-10,235.24,237.56,232.92,235.20,48502131,235.24,237.56,232.92,235.20,48502131,235.24,237.56,232.92,235.20,48502131
2023-02-13,236.94,239.83,234.05,236.88,59983797,236.94,239.83,234.05,236.88,59983797,236.94,239.83,234.05,236.88,59983797
2023-02-14,251.08,252.53,249.64,250.01,54506715,251.08,252.53,249.64,250.01,54506715,251.08,252.53,249.64,250.01,54506715
2023-02-15,251.85,253.99,249.72,251.56,79209250,251.85,253.99,249.72,251.56,79209250,251.85,253.99,249.72,251.56,79209250
2023-02-16,253.57,256.09,251.06,252.65,80961146,253.57,256.09,251.06,252.65,80961146,253.57,256.09,251.06,252.65,80961146
2023-02-17,257.88,261.59,254.17,257.11,53669246,257.88,261.59,254.17,257.11,53669246,257.88,261.59,254.17,257.11,53669246
2023-02-20,256.51,259.55,253.48,256.83,51422444,256.51,259.55,253.48,256.83,51422444,256.51,259.55,253.48,256.83,51422444
2023-02-21,255.37,258.86,251.88,254.87,75811342,255.37,258.86,251.88,254.87,75811342,255.37,258.86,251.88,254.87,75811342
2023-02-22,258.54,260.92,256.15,258.52,83268326,258.54,260.92,256.15,258.52,83268326,258.54,260.92,256.15,258.52,83268326
2023-02-23,256.83,258.67,254.99,257.00,54539059,256.83,258.67,254.99,257.00,54539059,256.83,258.67,254.99,257.00,54539059
2023-02-24,269.97,272.42,267.52,268.95,49139361,269.97,272.42,267.52,268.95,49139361,269.97,272.42,267.52,268.95,49139361
2023-02-27,275.89,278.36,273.41,274.63,53512390,275.89,278.36,273.41,274.63,53512390,275.89,278.36,273.41,274.63,53512390
2023-02-28,273.04,276.88,269.19,273.42,47277056,273.04,276.88,269.19,273.42,47277056,273.04,276.88,269.19,273.42,47277056
2023-03-01,280.70,283.61,277.78,280.46,84632270,280.70,283.61,277.78,280.46,84632270,280.70,283.61,277.78,280.46,84632270
2023-03-02,289.99,294.10,285.89,289.93,82713892,289.99,294.10,285.89,289.93,82713892,289.99,294.10,285.89,289.93,82713892
2023-03-03,302.83,305.01,300.65,300.67,71383166,302.83,305.01,300.65,300.67,71383166,302.83,305.01,300.65,300.67,71383166
2023-03-06,306.95,308.77,305.13,305.71,58275281,306.95,308.77,305.13,305.71,58275281,306.95,308.77,305.13,305.71,58275281
2023-03-07,304.24,306.74,301.74,304.26,79534166,304.24,306.74,301.74,304.26,79534166,304.24,306.74,301.74,304.26,79534166
2023-03-08,311.50,313.73,309.27,310.45,50725951,311.50,313.73,309.27,310.45,50725951,311.50,313.73,309.27,310.45,50725951
2023-03-09,313.38,315.01,311.74,312.82,67086255,313.38,315.01,311.74,312.82,67086255,313.38,315.01,311.74,312.82,67086255
2023-03-10,316.12,319.61,312.62,316.15,46374079,316.12,319.61,312.62,316.15,46374079,316.12,319.61,312.62,316.15,46374079
2023-03-13,314.50,318.12,310.88,314.11,66903034,314.50,318.12,310.88,314.11,66903034,314.50,318.12,310.88,314.11,66903034
2023-03-14,319.18,322.72,315.65,316.04,49623412,319.18,322.72,315.65,316.04,49623412,319.18,322.72,315.65,316.04,49623412
2023-03-15,318.28,322.49,314.08,317.67,51563171,318.28,322.49,314.08,317.67,51563171,318.28,322.49,314.08,317.67,51563171
2023-03-16,311.14,314.54,307.75,310.79,75005992,311.14,314.54,307.75,310.79,75005992,311.14,314.54,307.75,310.79,75005992
2023-03-17,305.32,308.47,302.17,304.31,73220345,305.32,308.47,302.17,304.31,73220345,305.32,308.47,302.17,304.31,73220345
2023-03-20,306.91,312.33,301.50,305.62,86244140,306.91,312.33,301.50,305.62,86244140,306.91,312.33,301.50,305.62,86244140
2023-03-21,303.70,308.22,299.18,304.29,59737781,303.70,308.22,299.18,304.29,59737781,303.70,308.22,299.18,304.29,59737781
2023-03-22,306.73,310.67,302.78,304.59,87147367,306.73,310.67,302.78,304.59,87147367,306.73,310.67,302.78,304.59,87147367
2023-03-23,302.99,306.76,299.21,301.59,46216198,302.99,306.76,299.21,301.59,46216198,302.99,306.76,299.21,301.59,46216198
2023-03-24,301.05,303.64,298.46,301.40,54327083,301.05,303.64,298.46,301.40,54327083,301.05,303.64,298.46,301.40,54327083
2023-03-27,305.26,308.60,301.92,303.22,83204112,305.26,308.60,301.92,303.22,83204112,305.26,308.60,301.92,303.22,83204112
2023-03-28,305.94,310.21,301.67,306.43,87021379,305.94,310.21,301.67,306.43,87021379,305.94,310.21,301.67,306.43,87021379
2023-03-29,310.88,314.45,307.31,309.62,57823040,310.88,314.45,307.31,309.62,57823040,310.88,314.45,307.31,309.62,57823040
2023-03-30,310.63,313.36,307.90,311.84,68119452,310.63,313.36,307.90,311.84,68119452,310.63,313.36,307.90,311.84,68119452
2023-03-31,312.75,316.43,309.07,312.58,74935165,312.75,316.43,309.07,312.58,74935165,312.75,316.43,309.07,312.58,74935165
2023-04-03,311.24,314.60,307.88,309.79,49461444,311.24,314.60,307.88,309.79,49461444,311.24,314.60,307.88,309.79,49461444
2023-04-04,309.43,312.47,306.38,308.78,52805588,309.43,312.47,306.38,308.78,52805588,309.43,312.47,306.38,308.78,52805588
2023-04-05,302.94,305.97,299.91,303.95,61884099,302.94,305.97,299.91,303.95,61884099,302.94,305.97,299.91,303.95,61884099
2023-04-06,317.17,320.74,313.60,317.76,61484783,317.17,320.74,313.60,317.76,61484783,317.17,320.74,313.60,317.76,61484783
2023-04-07,331.16,335.88,326.44,329.42,48269706,331.16,335.88,326.44,329.42,48269706,331.16,335.88,326.44,329.42,48269706
2023-04-10,336.48,340.21,332.75,335.24,56132897,336.48,340.21,332.75,335.24,56132897,336.48,340.21,332.75,335.24,56132897
2023-04-11,329.71,333.67,325.74,329.55,59012179,329.71,333.67,325.74,329.55,59012179,329.71,333.67,325.74,329.55,59012179
2023-04-12,332.04,335.18,328.91,330.85,54574013,332.04,335.18,328.91,330.85,54574013,332.04,335.18,328.91,330.85,54574013
2023-04-13,322.67,326.63,318.72,322.73,86270579,322.67,326.63,318.72,322.73,86270579,322.67,326.63,318.72,322.73,86270579
2023-04-14,328.78,331.88,325.68,328.57,80749859,328.78,331.88,325.68,328.57,80749859,328.78,331.88,325.68,328.57,80749859
2023-04-17,333.83,338.03,329.64,333.38,59480102,333.83,338.03,329.64,333.38,59480102,333.83,338.03,329.64,333.38,59480102
2023-04-18,341.32,344.54,338.10,340.63,83980498,341.32,344.54,338.10,340.63,83980498,341.32,344.54,338.10,340.63,83980498
2023-04-19,350.04,352.50,347.57,349.47,67941275,350.04,352.50,347.57,349.47,67941275,350.04,352.50,347.57,349.47,67941275
2023-04-20,357.50,357.83,357.17,357.20,53472852,357.50,357.83,357.17,357.20,53472852,357.50,357.83,357.17,357.20,53472852
2023-04-21,359.85,364.62,355.09,361.22,68515759,359.85,364.62,355.09,361.22,68515759,359.85,364.62,355.09,361.22,68515759
2023-04-24,367.10,371.32,362.88,366.47,83654497,367.10,371.32,362.88,366.47,83654497,367.10,371.32,362.88,366.47,83654497
2023-04-25,367.35,371.64,363.07,367.26,89616360,367.35,371.64,363.07,367.26,89616360,367.35,371.64,363.07,367.26,89616360
2023-04-26,356.76,363.69,349.83,355.52,55956829,356.76,363.69,349.83,355.52,55956829,356.76,363.69,349.83,355.52,55956829
2023-04-27,348.96,350.74,347.18,347.94,70619490,348.96,350.74,347.18,347.94,70619490,348.96,350.74,347.18,347.94,70619490
2023-04-28,344.50,346.54,342.47,345.43,47699112,344.50,346.54,342.47,345.43,47699112,344.50,346.54,342.47,345.43,47699112
2023-05-01,344.49,349.94,339.04,343.11,54404797,344.49,349.94,339.04,343.11,54404797,344.49,349.94,339.04,343.11,54404797
2023-05-02,347.51,351.65,343.37,346.53,88965541,347.51,351.65,343.37,346.53,88965541,347.51,351.65,343.37,346.53,88965541
2023-05-03,345.81,348.70,342.93,343.58,61663550,345.81,348.70,342.93,343.58,61663550,345.81,348.70,342.93,343.58,61663550
2023-05-04,346.64,350.37,342.91,346.11,61731275,346.64,350.37,342.91,346.11,61731275,346.64,350.37,342.91,346.11,61731275
2023-05-05,330.87,334.26,327.48,330.74,69181995,330.87,334.26,327.48,330.74,69181995,330.87,334.26,327.48,330.74,69181995
2023-05-08,331.51,336.00,327.03,331.43,90843212,331.51,336.00,327.03,331.43,90843212,331.51,336.00,327.03,331.43,90843212
2023-05-09,331.61,338.08,325.14,330.66,70024136,331.61,338.08,325.14,330.66,70024136,331.61,338.08,325.14,330.66,70024136
2023-05-10,329.69,334.01,325.36,327.34,57589136,329.69,334.01,325.36,327.34,57589136,329.69,334.01,325.36,327.34,57589136
2023-05-11,329.89,333.15,326.64,330.01,87677297,329.89,333.15,326.64,330.01,87677297,329.89,333.15,326.64,330.01,87677297
2023-05-12,329.20,333.02,325.37,326.38,66672935,329.20,333.02,325.37,326.38,66672935,329.20,333.02,325.37,326.38,66672935
2023-05-15,338.36,340.99,335.72,338.36,55509340,338.36,340.99,335.72,338.36,55509340,338.36,340.99,335.72,338.36,55509340
2023-05-16,337.37,342.11,332.63,338.13,49915128,337.37,342.11,332.63,338.13,49915128,337.37,342.11,332.63,338.13,49915128
2023-05-17,349.55,353.92,345.18,350.72,48396137,349.55,353.92,345.18,350.72,48396137,349.55,353.92,345.18,350.72,48396137
2023-05-18,342.36,346.95,337.78,344.84,79582030,342.36,346.95,337.78,344.84,79582030,342.36,346.95,337.78,344.84,79582030
2023-05-19,347.98,350.13,345.83,347.34,59531368,347.98,350.13,345.83,347.34,59531368,347.98,350.13,345.83,347.34,59531368
2023-05-22,344.91,349.89,339.94,342.94,64467575,344.91,349.89,339.94,342.94,64467575,344.91,349.89,339.94,342.94,64467575
2023-05-23,327.64,332.19,323.09,328.48,58950453,327.64,332.19,323.09,328.48,58950453,327.64,332.19,323.09,328.48,58950453
2023-05-24,331.32,336.80,325.84,332.14,48175606,331.32,336.80,325.84,332.14,48175606,331.32,336.80,325.84,332.14,48175606
2023-05-25,327.44,330.58,324.30,327.64,46828183,327.44,330.58,324.30,327.64,46828183,327.44,330.58,324.30,327.64,46828183
2023-05-26,319.78,324.37,315.20,319.13,51842298,319.78,324.37,315.20,319.13,51842298,319.78,324.37,315.20,319.13,51842298
2023-05-29,320.31,325.37,315.25,321.33,50601426,320.31,325.37,315.25,321.33,50601426,320.31,325.37,315.25,321.33,50601426
2023-05-30,329.61,335.20,324.02,328.62,69209126,329.61,335.20,324.02,328.62,69209126,329.61,335.20,324.02,328.62,69209126
2023-05-31,329.48,333.34,325.63,329.38,50771268,329.48,333.34,325.63,329.38,50771268,329.48,333.34,325.63,329.38,50771268
2023-06-01,320.96,325.72,316.20,322.05,66813805,320.96,325.72,316.20,322.05,66813805,320.96,325.72,316.20,322.05,66813805
2023-06-02,328.42,331.21,325.63,327.40,49206167,328.42,331.21,325.63,327.40,49206167,328.42,331.21,325.63,327.40,49206167
2023-06-05,332.92,339.22,326.63,334.12,87472682,332.92,339.22,326.63,334.12,87472682,332.92,339.22,326.63,334.12,87472682
2023-06-06,341.06,344.27,337.85,341.88,65353985,341.06,344.27,337.85,341.88,65353985,341.06,344.27,337.85,341.88,65353985
2023-06-07,351.98,356.51,347.45,350.53,88795168,351.98,356.51,347.45,350.53,88795168,351.98,356.51,347.45,350.53,88795168
2023-06-08,352.80,357.83,347.77,352.89,78942295,352.80,357.83,347.77,352.89,78942295,352.80,357.83,347.77,352.89,78942295
2023-06-09,344.92,348.77,341.07,344.22,77145727,344.92,348.77,341.07,344.22,77145727,344.92,348.77,341.07,344.22,77145727
2023-06-12,349.94,353.63,346.25,351.73,56564125,349.94,353.63,346.25,351.73,56564125,349.94,353.63,346.25,351.73,56564125
2023-06-13,360.61,362.66,358.55,359.41,82712013,360.61,362.66,358.55,359.41,82712013,360.61,362.66,358.55,359.41,82712013
2023-06-14,364.24,368.10,360.39,363.50,65479087,364.24,368.10,360.39,363.50,65479087,364.24,368.10,360.39,363.50,65479087
2023-06-15,366.94,370.78,363.10,366.09,52369394,366.94,370.78,363.10,366.09,52369394,366.94,370.78,363.10,366.09,52369394
2023-06-16,376.14,381.42,370.86,377.23,48926711,376.14,381.42,370.86,377.23,48926711,376.14,381.42,370.86,377.23,48926711
2023-06-19,374.27,377.63,370.91,371.26,78095588,374.27,377.63,370.91,371.26,78095588,374.27,377.63,370.91,371.26,78095588
2023-06-20,371.66,377.42,365.89,370.99,55051698,371.66,377.42,365.89,370.99,55051698,371.66,377.42,365.89,370.99,55051698
2023-06-21,365.49,370.09,360.89,365.74,50422493,365.49,370.09,360.89,365.74,50422493,365.49,370.09,360.89,365.74,50422493
2023-06-22,369.72,374.90,364.55,369.44,61284556,369.72,374.90,364.55,369.44,61284556,369.72,374.90,364.55,369.44,61284556
2023-06-23,370.32,376.50,364.13,370.67,71042290,370.32,376.50,364.13,370.67,71042290,370.32,376.50,364.13,370.67,71042290
2023-06-26,378.49,383.94,373.05,378.79,86803080,378.49,383.94,373.05,378.79,86803080,378.49,383.94,373.05,378.79,86803080
2023-06-27,371.64,376.24,367.03,371.22,77315374,371.64,376.24,367.03,371.22,77315374,371.64,376.24,367.03,371.22,77315374
2023-06-28,375.13,377.45,372.81,375.79,74184404,375.13,377.45,372.81,375.79,74184404,375.13,377.45,372.81,375.79,74184404
2023-06-29,386.25,390.51,381.99,386.33,56544331,386.25,390.51,381.99,386.33,56544331,386.25,390.51,381.99,386.33,56544331
2023-06-30,391.57,396.32,386.82,390.90,90433699,391.57,396.32,386.82,390.90,90433699,391.57,396.32,386.82,390.90,90433699
2023-07-03,398.73,402.77,394.68,397.40,88856386,398.73,402.77,394.68,397.40,88856386,398.73,402.77,394.68,397.40,88856386
2023-07-04,393.18,396.92,389.45,392.74,64634961,393.18,396.92,389.45,392.74,64634961,393.18,396.92,389.45,392.74,64634961
2023-07-05,407.07,413.50,400.65,405.62,87137046,407.07,413.50,400.65,405.62,87137046,407.07,413.50,400.65,405.62,87137046
2023-07-06,405.90,407.10,404.71,404.71,77463619,405.90,407.10,404.71,404.71,77463619,405.90,407.10,404.71,404.71,77463619
2023-07-07,401.00,405.14,396.87,397.29,56210018,401.00,405.14,396.87,397.29,56210018,401.00,405.14,396.87,397.29,56210018
2023-07-10,393.47,399.22,387.72,390.79,79259485,393.47,399.22,387.72,390.79,79259485,393.47,399.22,387.72,390.79,79259485
2023-07-11,387.67,394.57,380.76,387.45,74167035,387.67,394.57,380.76,387.45,74167035,387.67,394.57,380.76,387.45,74167035
2023-07-12,390.22,396.22,384.23,387.35,86766043,390.22,396.22,384.23,387.35,86766043,390.22,396.22,384.23,387.35,86766043
2023-07-13,398.75,402.92,394.58,397.55,62538744,398.75,402.92,394.58,397.55,62538744,398.75,402.92,394.58,397.55,62538744
2023-07-14,400.30,406.36,394.24,398.83,65433768,400.30,406.36,394.24,398.83,65433768,400.30,406.36,394.24,398.83,65433768
2023-07-17,396.39,403.68,389.11,395.87,58977794,396.39,403.68,389.11,395.87,58977794,396.39,403.68,389.11,395.87,58977794
2023-07-18,397.47,400.95,393.98,396.11,69560155,397.47,400.95,393.98,396.11,69560155,397.47,400.95,393.98,396.11,69560155
2023-07-19,397.39,401.27,393.50,397.71,69241418,397.39,401.27,393.50,397.71,69241418,397.39,401.27,393.50,397.71,69241418
2023-07-20,401.29,404.22,398.35,400.17,72123066,401.29,404.22,398.35,400.17,72123066,401.29,404.22,398.35,400.17,72123066
2023-07-21,409.21,414.51,403.91,406.83,78607042,409.21,414.51,403.91,406.83,78607042,409.21,414.51,403.91,406.83,78607042
2023-07-24,420.40,424.61,416.19,419.97,52908863,420.40,424.61,416.19,419.97,52908863,420.40,424.61,416.19,419.97,52908863
2023-07-25,416.31,422.50,410.12,416.05,72160144,416.31,422.50,410.12,416.05,72160144,416.31,422.50,410.12,416.05,72160144
2023-07-26,416.97,419.89,414.05,416.31,87380321,416.97,419.89,414.05,416.31,87380321,416.97,419.89,414.05,416.31,87380321
2023-07-27,431.71,432.85,430.58,431.05,55659200,431.71,432.85,430.58,431.05,55659200,431.71,432.85,430.58,431.05,55659200
2023-07-28,426.75,433.68,419.82,426.15,58007272,426.75,433.68,419.82,426.15,58007272,426.75,433.68,419.82,426.15,58007272
2023-07-31,430.45,436.43,424.47,430.45,54533579,430.45,436.43,424.47,430.45,54533579,430.45,436.43,424.47,430.45,54533579
2023-08-01,429.31,431.22,427.39,427.93,65808198,429.31,431.22,427.39,427.93,65808198,429.31,431.22,427.39,427.93,65808198
2023-08-02,426.50,432.44,420.56,425.36,69491546,426.50,432.44,420.56,425.36,69491546,426.50,432.44,420.56,425.36,69491546
2023-08-03,432.72,435.40,430.03,432.68,73894659,432.72,435.40,430.03,432.68,73894659,432.72,435.40,430.03,432.68,73894659
2023-08-04,437.10,445.20,429.00,440.17,64460909,437.10,445.20,429.00,440.17,64460909,437.10,445.20,429.00,440.17,64460909
2023-08-07,422.27,428.02,416.52,423.70,57755061,422.27,428.02,416.52,423.70,57755061,422.27,428.02,416.52,423.70,57755061
2023-08-08,426.27,433.91,418.64,426.57,78207209,426.27,433.91,418.64,426.57,78207209,426.27,433.91,418.64,426.57,78207209
2023-08-09,438.13,442.90,433.36,438.25,78342798,438.13,442.90,433.36,438.25,78342798,438.13,442.90,433.36,438.25,78342798
2023-08-10,436.99,441.06,432.91,437.36,75217678,436.99,441.06,432.91,437.36,75217678,436.99,441.06,432.91,437.36,75217678
2023-08-11,433.56,436.66,430.46,432.40,87825897,433.56,436.66,430.46,432.40,87825897,433.56,436.66,430.46,432.40,87825897
2023-08-14,444.31,448.57,440.05,443.82,89297066,444.31,448.57,440.05,443.82,89297066,444.31,448.57,440.05,443.82,89297066
2023-08-15,450.37,456.24,444.50,449.89,46190371,450.37,456.24,444.50,449.89,46190371,450.37,456.24,444.50,449.89,46190371
2023-08-16,451.83,455.20,448.45,449.62,83717307,451.83,455.20,448.45,449.62,83717307,451.83,455.20,448.45,449.62,83717307
2023-08-17,451.74,455.59,447.88,450.56,62594385,451.74,455.59,447.88,450.56,62594385,451.74,455.59,447.88,450.56,62594385
2023-08-18,440.43,443.52,437.33,440.53,74638478,440.43,443.52,437.33,440.53,74638478,440.43,443.52,437.33,440.53,74638478
2023-08-21,437.00,442.75,431.25,437.46,59057842,437.00,442.75,431.25,437.46,59057842,437.00,442.75,431.25,437.46,59057842
2023-08-22,440.89,445.31,436.47,440.75,58738244,440.89,445.31,436.47,440.75,58738244,440.89,445.31,436.47,440.75,58738244
2023-08-23,444.45,451.40,437.50,443.04,66220828,444.45,451.40,437.50,443.04,66220828,444.45,451.40,437.50,443.04,66220828
2023-08-24,455.95,462.53,449.36,455.13,67643422,455.95,462.53,449.36,455.13,67643422,455.95,462.53,449.36,455.13,67643422
2023-08-25,467.13,473.17,461.08,469.50,51238004,467.13,473.17,461.08,469.50,51238004,467.13,473.17,461.08,469.50,51238004
2023-08-28,495.64,498.57,492.71,496.51,52549301,495.64,498.57,492.71,496.51,52549301,495.64,498.57,492.71,496.51,52549301
2023-08-29,482.52,485.97,479.06,484.77,67761900,482.52,485.97,479.06,484.77,67761900,482.52,485.97,479.06,484.77,67761900
2023-08-30,493.49,499.92,487.06,491.03,84883665,493.49,499.92,487.06,491.03,84883665,493.49,499.92,487.06,491.03,84883665
2023-08-31,488.96,491.42,486.50,490.71,79250056,488.96,491.42,486.50,490.71,79250056,488.96,491.42,486.50,490.71,79250056
2023-09-01,492.18,496.92,487.44,488.85,87465699,492.18,496.92,487.44,488.85,87465699,492.18,496.92,487.44,488.85,87465699
2023-09-04,470.63,475.52,465.73,472.38,53917486,470.63,475.52,465.73,472.38,53917486,470.63,475.52,465.73,472.38,53917486
2023-09-05,465.41,470.34,460.48,466.76,50774975,465.41,470.34,460.48,466.76,50774975,465.41,470.34,460.48,466.76,50774975
2023-09-06,461.51,466.72,456.30,457.68,58734129,461.51,466.72,456.30,457.68,58734129,461.51,466.72,456.30,457.68,58734129
2023-09-07,456.59,460.09,453.10,454.21,71800825,456.59,460.09,453.10,454.21,71800825,456.59,460.09,453.10,454.21,71800825
2023-09-08,444.09,449.53,438.65,448.96,59810313,444.09,449.53,438.65,448.96,59810313,444.09,449.53,438.65,448.96,59810313
2023-09-11,451.89,457.13,446.64,453.09,47985496,451.89,457.13,446.64,453.09,47985496,451.89,457.13,446.64,453.09,47985496
2023-09-12,444.25,448.97,439.53,446.83,80485379,444.25,448.97,439.53,446.83,80485379,444.25,448.97,439.53,446.83,80485379
2023-09-13,447.44,452.24,442.64,444.80,64469267,447.44,452.24,442.64,444.80,64469267,447.44,452.24,442.64,444.80,64469267
2023-09-14,445.90,449.02,442.77,446.15,86198777,445.90,449.02,442.77,446.15,86198777,445.90,449.02,442.77,446.15,86198777
2023-09-15,449.96,453.18,446.74,450.01,82693129,449.96,453.18,446.74,450.01,82693129,449.96,453.18,446.74,450.01,82693129
2023-09-18,455.92,461.12,450.71,454.81,77763444,455.92,461.12,450.71,454.81,77763444,455.92,461.12,450.71,454.81,77763444
2023-09-19,464.83,472.11,457.54,465.78,50384211,464.83,472.11,457.54,465.78,50384211,464.83,472.11,457.54,465.78,50384211
2023-09-20,474.01,477.91,470.11,474.25,80201386,474.01,477.91,470.11,474.25,80201386,474.01,477.91,470.11,474.25,80201386
2023-09-21,478.74,485.86,471.61,477.48,75111270,478.74,485.86,471.61,477.48,75111270,478.74,485.86,471.61,477.48,75111270
2023-09-22,492.53,499.24,485.82,493.99,51165454,492.53,499.24,485.82,493.99,51165454,492.53,499.24,485.82,493.99,51165454
2023-09-25,496.08,503.18,488.98,495.51,87887056,496.08,503.18,488.98,495.51,87887056,496.08,503.18,488.98,495.51,87887056
2023-09-26,495.48,499.57,491.39,497.91,90868670,495.48,499.57,491.39,497.91,90868670,495.48,499.57,491.39,497.91,90868670
2023-09-27,496.07,501.16,490.99,491.10,85917884,496.07,501.16,490.99,491.10,85917884,496.07,501.16,490.99,491.10,85917884
2023-09-28,507.10,514.22,499.97,504.84,83728022,507.10,514.22,499.97,504.84,83728022,507.10,514.22,499.97,504.84,83728022
2023-09-29,512.75,518.98,506.51,510.78,50717176,512.75,518.98,506.51,510.78,50717176,512.75,518.98,506.51,510.78,50717176
2023-10-02,520.12,527.45,512.79,521.21,51295609,520.12,527.45,512.79,521.21,51295609,520.12,527.45,512.79,521.21,51295609
2023-10-03,531.22,538.98,523.46,529.98,58298913,531.22,538.98,523.46,529.98,58298913,531.22,538.98,523.46,529.98,58298913
2023-10-04,525.70,533.35,518.05,527.17,78785465,525.70,533.35,518.05,527.17,78785465,525.70,533.35,518.05,527.17,78785465
2023-10-05,512.43,516.60,508.26,513.51,65177994,512.43,516.60,508.26,513.51,65177994,512.43,516.60,508.26,513.51,65177994
2023-10-06,514.67,519.58,509.77,515.72,68889387,514.67,519.58,509.77,515.72,68889387,514.67,519.58,509.77,515.72,68889387
2023-10-09,516.19,522.52,509.85,512.06,66906157,516.19,522.52,509.85,512.06,66906157,516.19,522.52,509.85,512.06,66906157
2023-10-10,517.82,527.32,508.31,518.39,71209847,517.82,527.32,508.31,518.39,71209847,517.82,527.32,508.31,518.39,71209847
2023-10-11,523.94,532.29,515.59,519.75,64303930,523.94,532.29,515.59,519.75,64303930,523.94,532.29,515.59,519.75,64303930
2023-10-12,523.37,529.95,516.80,524.43,63450778,523.37,529.95,516.80,524.43,63450778,523.37,529.95,516.80,524.43,63450778
2023-10-13,544.90,549.92,539.88,544.82,58331117,544.90,549.92,539.88,544.82,58331117,544.90,549.92,539.88,544.82,58331117
2023-10-16,534.56,540.27,528.84,534.88,87244668,534.56,540.27,528.84,534.88,87244668,534.56,540.27,528.84,534.88,87244668
2023-10-17,533.45,538.27,528.62,531.10,90440313,533.45,538.27,528.62,531.10,90440313,533.45,538.27,528.62,531.10,90440313
2023-10-18,534.41,539.10,529.72,530.35,80962384,534.41,539.10,529.72,530.35,80962384,534.41,539.10,529.72,530.35,80962384
2023-10-19,533.88,539.50,528.25,532.54,73045706,533.88,539.50,528.25,532.54,73045706,533.88,539.50,528.25,532.54,73045706
2023-10-20,552.33,557.71,546.95,552.62,87355547,552.33,557.71,546.95,552.62,87355547,552.33,557.71,546.95,552.62,87355547
2023-10-23,564.69,571.27,558.12,564.58,48293837,564.69,571.27,558.12,564.58,48293837,564.69,571.27,558.12,564.58,48293837
2023-10-24,570.74,577.24,564.24,568.93,86404093,570.74,577.24,564.24,568.93,86404093,570.74,577.24,564.24,568.93,86404093
2023-10-25,545.88,548.90,542.87,546.68,75563168,545.88,548.90,542.87,546.68,75563168,545.88,548.90,542.87,546.68,75563168
2023-10-26,539.00,545.22,532.79,542.13,52933063,539.00,545.22,532.79,542.13,52933063,539.00,545.22,532.79,542.13,52933063
2023-10-27,517.69,523.25,512.13,517.46,52408877,517.69,523.25,512.13,517.46,52408877,517.69,523.25,512.13,517.46,52408877
2023-10-30,522.03,527.02,517.03,520.64,56187503,522.03,527.02,517.03,520.64,56187503,522.03,527.02,517.03,520.64,56187503
2023-10-31,510.37,515.87,504.86,511.81,49047836,510.37,515.87,504.86,511.81,49047836,510.37,515.87,504.86,511.81,49047836
2023-11-01,533.57,541.53,525.62,531.28,49194354,533.57,541.53,525.62,531.28,49194354,533.57,541.53,525.62,531.28,49194354
2023-11-02,534.99,542.95,527.04,534.03,46576274,534.99,542.95,527.04,534.03,46576274,534.99,542.95,527.04,534.03,46576274
2023-11-03,561.42,568.58,554.26,561.36,49669005,561.42,568.58,554.26,561.36,49669005,561.42,568.58,554.26,561.36,49669005
2023-11-06,583.55,589.24,577.87,578.01,69694294,583.55,589.24,577.87,578.01,69694294,583.55,589.24,577.87,578.01,69694294
2023-11-07,578.99,584.81,573.18,579.01,58352350,578.99,584.81,573.18,579.01,58352350,578.99,584.81,573.18,579.01,58352350
2023-11-08,588.91,593.34,584.47,587.38,55627077,588.91,593.34,584.47,587.38,55627077,588.91,593.34,584.47,587.38,55627077
2023-11-09,612.77,620.55,604.98,611.88,56206532,612.77,620.55,604.98,611.88,56206532,612.77,620.55,604.98,611.88,56206532
2023-11-10,619.14,623.61,614.68,618.97,62986452,619.14,623.61,614.68,618.97,62986452,619.14,623.61,614.68,618.97,62986452
2023-11-13,602.07,610.13,594.00,601.65,72298382,602.07,610.13,594.00,601.65,72298382,602.07,610.13,594.00,601.65,72298382
2023-11-14,605.25,612.03,598.47,605.11,71895325,605.25,612.03,598.47,605.11,71895325,605.25,612.03,598.47,605.11,71895325
2023-11-15,607.47,615.56,599.38,606.88,60848459,607.47,615.56,599.38,606.88,60848459,607.47,615.56,599.38,606.88,60848459
2023-11-16,617.57,624.70,610.43,621.40,84911095,617.57,624.70,610.43,621.40,84911095,617.57,624.70,610.43,621.40,84911095
2023-11-17,628.50,637.92,619.09,626.59,59708994,628.50,637.92,619.09,626.59,59708994,628.50,637.92,619.09,626.59,59708994
2023-11-20,623.34,626.35,620.34,623.46,76456025,623.34,626.35,620.34,623.46,76456025,623.34,626.35,620.34,623.46,76456025
2023-11-21,634.32,642.56,626.08,630.94,47176030,634.32,642.56,626.08,630.94,47176030,634.32,642.56,626.08,630.94,47176030
2023-11-22,648.17,657.62,638.71,645.57,81731736,648.17,657.62,638.71,645.57,81731736,648.17,657.62,638.71,645.57,81731736
2023-11-23,649.77,658.43,641.11,649.72,58701990,649.77,658.43,641.11,649.72,58701990,649.77,658.43,641.11,649.72,58701990
2023-11-24,654.14,665.05,643.24,655.32,84979844,654.14,665.05,643.24,655.32,84979844,654.14,665.05,643.24,655.32,84979844
2023-11-27,651.60,654.54,648.66,649.35,50483916,651.60,654.54,648.66,649.35,50483916,651.60,654.54,648.66,649.35,50483916
2023-11-28,654.24,663.08,645.41,656.27,75801436,654.24,663.08,645.41,656.27,75801436,654.24,663.08,645.41,656.27,75801436
2023-11-29,638.40,645.33,631.47,639.59,59368998,638.40,645.33,631.47,639.59,59368998,638.40,645.33,631.47,639.59,59368998
2023-11-30,614.56,621.73,607.39,616.78,61318209,614.56,621.73,607.39,616.78,61318209,614.56,621.73,607.39,616.78,61318209
2023-12-01,615.79,622.62,608.97,617.26,80640653,615.79,622.62,608.97,617.26,80640653,615.79,622.62,608.97,617.26,80640653
2023-12-04,609.09,614.60,603.58,607.64,79592827,609.09,614.60,603.58,607.64,79592827,609.09,614.60,603.58,607.64,79592827
2023-12-05,593.60,599.58,587.61,591.85,78078621,593.60,599.58,587.61,591.85,78078621,593.60,599.58,587.61,591.85,78078621
2023-12-06,607.09,615.35,598.83,605.90,88322095,607.09,615.35,598.83,605.90,88322095,607.09,615.35,598.83,605.90,88322095
2023-12-07,594.18,605.23,583.14,593.58,79008004,594.18,605.23,583.14,593.58,79008004,594.18,605.23,583.14,593.58,79008004
2023-12-08,607.43,612.05,602.81,607.89,66244509,607.43,612.05,602.81,607.89,66244509,607.43,612.05,602.81,607.89,66244509
2023-12-11,614.25,621.91,606.59,613.68,86082700,614.25,621.91,606.59,613.68,86082700,614.25,621.91,606.59,613.68,86082700
2023-12-12,617.26,623.34,611.18,613.86,61457611,617.26,623.34,611.18,613.86,61457611,617.26,623.34,611.18,613.86,61457611
2023-12-13,636.58,645.34,627.81,632.72,68315554,636.58,645.34,627.81,632.72,68315554,636.58,645.34,627.81,632.72,68315554
2023-12-14,642.30,650.62,633.99,640.53,65363986,642.30,650.62,633.99,640.53,65363986,642.30,650.62,633.99,640.53,65363986
2023-12-15,642.95,651.81,634.09,639.91,70416163,642.95,651.81,634.09,639.91,70416163,642.95,651.81,634.09,639.91,70416163
2023-12-18,644.12,654.77,633.46,645.02,47244882,644.12,654.77,633.46,645.02,47244882,644.12,654.77,633.46,645.02,47244882
2023-12-19,648.75,652.85,644.65,649.99,90283889,648.75,652.85,644.65,649.99,90283889,648.75,652.85,644.65,649.99,90283889
2023-12-20,677.96,684.68,671.25,674.81,60763517,677.96,684.68,671.25,674.81,60763517,677.96,684.68,671.25,674.81,60763517
2023-12-21,658.90,668.90,648.90,661.79,69054606,658.90,668.90,648.90,661.79,69054606,658.90,668.90,648.90,661.79,69054606
2023-12-22,681.22,689.73,672.71,679.92,71127196,681.22,689.73,672.71,679.92,71127196,681.22,689.73,672.71,679.92,71127196
2023-12-25,675.57,683.00,668.14,678.98,64127101,675.57,683.00,668.14,678.98,64127101,675.57,683.00,668.14,678.98,64127101
2023-12-26,685.64,690.55,680.72,682.36,68589084,685.64,690.55,680.72,682.36,68589084,685.64,690.55,680.72,682.36,68589084
2023-12-27,683.18,693.06,673.30,682.90,73247116,683.18,693.06,673.30,682.90,73247116,683.18,693.06,673.30,682.90,73247116
2023-12-28,694.09,701.13,687.06,695.29,83165045,694.09,701.13,687.06,695.29,83165045,694.09,701.13,687.06,695.29,83165045
2023-12-29,700.58,705.76,695.41,697.32,77855557,700.58,705.76,695.41,697.32,77855557,700.58,705.76,695.41,697.32,77855557
